{"psd": [67.40888414608342, 76.77343016025988, 75.8562614587173, 73.33520523375893, 69.862816910092, 64.54944228563791, 63.67222626208503, 63.577460064373554, 63.693001377864384, 64.50877807756335, 64.68373185084695, 66.97671910101907, 77.50562084904732, 82.71666258560529, 76.50777473663726, 64.69915567024599, 64.53484361481293, 65.85911052448984, 79.02362268778907, 91.77277010470672, 91.14824574376867, 80.51136904609538, 81.74918918236915, 81.97581325128385, 79.77737753815394, 85.4155838448836, 90.27746649098434, 83.48649347768948, 70.61279746818202, 70.52916335624747, 69.8507679320676, 77.0083906285154, 86.88511797713652, 85.82848969083955, 78.86528899095387, 82.0989676203299, 81.04854446188432, 76.86410054430002, 80.26322475373951, 84.29808028261654, 78.23960257234427, 74.16150569921159, 74.27725776255646, 74.00471370854814, 74.11631339272733, 79.27068422220395, 80.63852209402766, 80.85531834903628, 78.88369315178812, 77.2811016928278, 77.32700009074435, 89.08888528576941, 93.01816021323563, 85.23178462322477, 74.87072900279772, 77.525858686999, 79.72386019724043, 82.48934338112437, 88.81234136153176, 87.26786659650026, 83.97823826551607, 83.24149487377538, 80.0448841774816, 79.23476170448393, 81.31887994972988, 83.54536795310756, 78.43104670298627, 77.90126902896952, 77.69334201352267, 77.59992182070752, 78.00224347138642, 80.56546691616094, 78.1886314727575, 72.97708976819945, 71.55331832062478, 71.55472568228645, 72.39932971143095, 72.89322034282154, 73.38158823844192, 73.17367844163812, 73.77210171961212, 72.3283487980215, 71.58668481177094, 72.27723117981874, 75.02378758177399, 74.07111339496291, 73.4660280583426, 74.81060179499154, 75.9522490660821, 75.9667223146364, 77.69567270681482, 78.80767939441851, 78.15248142540548, 78.03676535726305, 79.57125000290497, 80.96753514870173, 81.7170136598653, 82.30858241209796, 82.75990748628985, 84.22563751215115, 84.9573252200016, 84.43078726413498, 84.44325319442017, 84.23904232450812, 85.87667231898948, 86.33938556939965, 85.2536057520955, 84.6006005543214, 84.37718500775107, 83.8100899404312, 84.03151974582279, 83.7249640643875, 84.3674143262493, 84.8284839975839, 85.04350034054396, 84.32756472234699, 83.07284993814973, 80.49415023439012, 75.98943410108977, 71.11458371523216, 66.03752375531923, 60.53192854764761, 53.469053783666084, 44.08829999113326, 33.6692635816673, 25.35141750484523, 22.95537021989876, 21.81148536471261, 17.794261885911297], "f": [0.0, 0.78125, 1.5625, 2.34375, 3.125, 3.90625, 4.6875, 5.46875, 6.25, 7.03125, 7.8125, 8.59375, 9.375, 10.15625, 10.9375, 11.71875, 12.5, 13.28125, 14.0625, 14.84375, 15.625, 16.40625, 17.1875, 17.96875, 18.75, 19.53125, 20.3125, 21.09375, 21.875, 22.65625, 23.4375, 24.21875, 25.0, 25.78125, 26.5625, 27.34375, 28.125, 28.90625, 29.6875, 30.46875, 31.25, 32.03125, 32.8125, 33.59375, 34.375, 35.15625, 35.9375, 36.71875, 37.5, 38.28125, 39.0625, 39.84375, 40.625, 41.40625, 42.1875, 42.96875, 43.75, 44.53125, 45.3125, 46.09375, 46.875, 47.65625, 48.4375, 49.21875, 50.0, 50.78125, 51.5625, 52.34375, 53.125, 53.90625, 54.6875, 55.46875, 56.25, 57.03125, 57.8125, 58.59375, 59.375, 60.15625, 60.9375, 61.71875, 62.5, 63.28125, 64.0625, 64.84375, 65.625, 66.40625, 67.1875, 67.96875, 68.75, 69.53125, 70.3125, 71.09375, 71.875, 72.65625, 73.4375, 74.21875, 75.0, 75.78125, 76.5625, 77.34375, 78.125, 78.90625, 79.6875, 80.46875, 81.25, 82.03125, 82.8125, 83.59375, 84.375, 85.15625, 85.9375, 86.71875, 87.5, 88.28125, 89.0625, 89.84375, 90.625, 91.40625, 92.1875, 92.96875, 93.75, 94.53125, 95.3125, 96.09375, 96.875, 97.65625, 98.4375, 99.21875, 100.0]}