{"psd": [66.4642339277353, 75.25733713040214, 73.98409438588924, 71.82876728733392, 68.6033928355158, 64.23350588691105, 62.446489610543885, 63.12142521277948, 64.04427722743614, 66.40924658684425, 67.11157722692565, 66.1650637884974, 77.84018336407436, 83.64995296172886, 78.48743772873767, 65.80172953430294, 64.80653942431564, 66.60127571481571, 78.44857437041522, 91.38342563682747, 90.88466078005496, 80.14145856412206, 81.42157966663014, 81.70726812814868, 77.96133399753998, 86.2445065002192, 91.30126311765673, 84.62168378415102, 69.48298801175599, 69.37457801269895, 69.11817737577786, 76.11727762426374, 86.73500875491376, 85.96335837798878, 77.34494236118992, 80.46444428453307, 80.2507575675729, 76.12629652330385, 79.34803184453972, 83.65785708216379, 77.47403033069239, 72.37471076651536, 72.91583180349011, 73.01840060024799, 74.3498447974539, 79.66818740706002, 80.61457389212268, 79.90490952234232, 78.18894673674494, 76.059426319097, 76.11759540899322, 88.53041992167351, 92.93368832668116, 85.41482612003978, 72.8519491233025, 75.82930227210827, 79.1308396700652, 81.73883175667765, 88.88390757112751, 87.51216376180724, 78.78673727683022, 78.40106783064488, 78.32909203209903, 78.0946734601889, 79.38748185431997, 82.25243886362853, 77.04726664348696, 76.2796246652007, 75.97873255763793, 77.13104809469615, 78.04852159892249, 80.86712381038106, 79.00071421525826, 72.54996566298972, 71.75396027134613, 71.41676380254057, 72.58615181218195, 73.47198972006873, 74.7752268221394, 72.43816494447871, 71.25267975403057, 69.98062013909292, 70.416509748836, 71.38882834650146, 74.18363011747887, 73.37362678143347, 72.61268592973585, 71.8738319318333, 71.71185389610491, 73.0407313385736, 76.5121767204078, 78.46515083761906, 79.00960966275223, 78.66821365384874, 78.9381712796944, 80.53732289890966, 80.6698516527524, 81.15921503196529, 81.7104487460362, 82.7098282536725, 83.86966486222911, 84.8092468548048, 85.42020978246657, 85.38220576339788, 85.68848219988487, 86.70043694114186, 85.9183759167105, 85.50502856341213, 85.06215207018825, 84.59965991242001, 85.16129187263685, 85.8800820744755, 86.34973455056651, 86.5947109582447, 85.40159172155582, 84.75048776712015, 83.34163576986742, 80.96355520334397, 76.71067368745923, 71.96773891692615, 66.69397143082669, 60.32469026460957, 52.21145784929383, 45.066419097148, 34.98996047154823, 27.03094528572588, 22.58743625510512, 22.518969866436407, 17.850181074075653], "f": [0.0, 0.78125, 1.5625, 2.34375, 3.125, 3.90625, 4.6875, 5.46875, 6.25, 7.03125, 7.8125, 8.59375, 9.375, 10.15625, 10.9375, 11.71875, 12.5, 13.28125, 14.0625, 14.84375, 15.625, 16.40625, 17.1875, 17.96875, 18.75, 19.53125, 20.3125, 21.09375, 21.875, 22.65625, 23.4375, 24.21875, 25.0, 25.78125, 26.5625, 27.34375, 28.125, 28.90625, 29.6875, 30.46875, 31.25, 32.03125, 32.8125, 33.59375, 34.375, 35.15625, 35.9375, 36.71875, 37.5, 38.28125, 39.0625, 39.84375, 40.625, 41.40625, 42.1875, 42.96875, 43.75, 44.53125, 45.3125, 46.09375, 46.875, 47.65625, 48.4375, 49.21875, 50.0, 50.78125, 51.5625, 52.34375, 53.125, 53.90625, 54.6875, 55.46875, 56.25, 57.03125, 57.8125, 58.59375, 59.375, 60.15625, 60.9375, 61.71875, 62.5, 63.28125, 64.0625, 64.84375, 65.625, 66.40625, 67.1875, 67.96875, 68.75, 69.53125, 70.3125, 71.09375, 71.875, 72.65625, 73.4375, 74.21875, 75.0, 75.78125, 76.5625, 77.34375, 78.125, 78.90625, 79.6875, 80.46875, 81.25, 82.03125, 82.8125, 83.59375, 84.375, 85.15625, 85.9375, 86.71875, 87.5, 88.28125, 89.0625, 89.84375, 90.625, 91.40625, 92.1875, 92.96875, 93.75, 94.53125, 95.3125, 96.09375, 96.875, 97.65625, 98.4375, 99.21875, 100.0]}