{"psd": [79.96862909879592, 88.49701419188781, 86.03758496462527, 79.00774141209659, 72.44510718900516, 67.81170338290184, 65.80615150102184, 67.78051995685955, 69.84386081032153, 71.20949993105812, 71.76383696520917, 71.80950131407114, 71.8569716139008, 73.12706825973662, 74.19332621443344, 73.96820052591704, 71.6047051146781, 72.01549739485992, 70.62251823029236, 69.41588327998885, 69.82531070227839, 68.48267838884342, 68.81347190864894, 68.20766082580845, 69.07577537051135, 74.28780453047465, 76.75036433180532, 75.26200064018042, 81.51853682775564, 80.31376616055432, 74.0363999648748, 71.97977107859569, 71.73890249861597, 72.19563379375889, 77.35942409636088, 76.52182583783039, 71.60517365557732, 72.31912794066697, 73.41192276511842, 73.43147454046547, 73.6848716537929, 75.58651160082513, 81.8702480297007, 84.31100448032052, 78.7921560433975, 74.42580513275634, 74.49629201567467, 73.57070360637444, 73.49778634086229, 74.5802947607995, 80.68254868252194, 89.40417694352325, 90.40645344524327, 82.36580725866682, 76.0572341943597, 75.96157656043958, 76.6701437059053, 77.28846750929156, 76.55359456860243, 78.32980098338078, 83.86287990777453, 80.85268806935079, 75.1386427433252, 74.56293520492201, 74.834311655432, 74.97970113949452, 74.99116422559361, 75.77673587464496, 85.56492602658506, 89.05319417692891, 82.21264015247529, 76.78378416861285, 76.07556046754452, 76.11951251949195, 76.61402269431164, 77.59648002116477, 82.52855770056098, 90.28137844879316, 89.11520456884443, 79.92624954152765, 76.97547823533527, 76.6153941378696, 76.19091759345586, 76.90722925871052, 78.69217752999417, 86.31543243493782, 90.91874429460574, 86.12538685300585, 77.67868004572308, 76.71050124793665, 76.08806059926093, 75.48702612663534, 76.2094263367611, 77.874932856417, 84.81438533984642, 85.5694008548426, 79.24308278607833, 76.8755347500166, 76.81362147463142, 77.69491867911694, 78.68871554460678, 78.68442921207593, 79.71492738494702, 82.96482213113458, 80.74749863593473, 77.08208899261906, 76.5742910446987, 77.07310593270927, 77.22925325355868, 77.1988495888793, 77.06272179940632, 78.94245027290336, 80.73055751152287, 78.23675429926304, 75.98467469555497, 73.95237897199812, 71.3655118584146, 68.39997305299177, 64.48328462222425, 59.971168076246656, 55.8303648822028, 51.330727753468835, 41.88390977233815, 32.06822101319621, 24.773251740446774, 21.920369837444596, 21.725773063688962, 21.40040905827462, 16.751601913232715], "f": [0.0, 0.78125, 1.5625, 2.34375, 3.125, 3.90625, 4.6875, 5.46875, 6.25, 7.03125, 7.8125, 8.59375, 9.375, 10.15625, 10.9375, 11.71875, 12.5, 13.28125, 14.0625, 14.84375, 15.625, 16.40625, 17.1875, 17.96875, 18.75, 19.53125, 20.3125, 21.09375, 21.875, 22.65625, 23.4375, 24.21875, 25.0, 25.78125, 26.5625, 27.34375, 28.125, 28.90625, 29.6875, 30.46875, 31.25, 32.03125, 32.8125, 33.59375, 34.375, 35.15625, 35.9375, 36.71875, 37.5, 38.28125, 39.0625, 39.84375, 40.625, 41.40625, 42.1875, 42.96875, 43.75, 44.53125, 45.3125, 46.09375, 46.875, 47.65625, 48.4375, 49.21875, 50.0, 50.78125, 51.5625, 52.34375, 53.125, 53.90625, 54.6875, 55.46875, 56.25, 57.03125, 57.8125, 58.59375, 59.375, 60.15625, 60.9375, 61.71875, 62.5, 63.28125, 64.0625, 64.84375, 65.625, 66.40625, 67.1875, 67.96875, 68.75, 69.53125, 70.3125, 71.09375, 71.875, 72.65625, 73.4375, 74.21875, 75.0, 75.78125, 76.5625, 77.34375, 78.125, 78.90625, 79.6875, 80.46875, 81.25, 82.03125, 82.8125, 83.59375, 84.375, 85.15625, 85.9375, 86.71875, 87.5, 88.28125, 89.0625, 89.84375, 90.625, 91.40625, 92.1875, 92.96875, 93.75, 94.53125, 95.3125, 96.09375, 96.875, 97.65625, 98.4375, 99.21875, 100.0]}