{"psd": [64.42213543992078, 73.13473035958593, 72.30118448946571, 71.12324198051668, 69.04512405606627, 66.14744935826499, 66.99211312377568, 68.01703183408088, 65.65723532724138, 65.50742813303115, 66.56471064642906, 66.64168174036773, 79.64219561352135, 84.61953687207556, 78.01721039469894, 65.23307252589687, 65.32570214260471, 66.9919556408019, 77.12271003707208, 89.1582818025104, 88.20083726571328, 73.60779369706694, 72.89996962358815, 76.3069180145506, 76.29992655186315, 81.70461693149463, 85.93437027502914, 78.78530005604249, 67.06525436358449, 66.55943594318995, 67.63746639707796, 72.48268014419583, 78.18301245863503, 76.39924094500445, 71.15368404724451, 73.77603172332515, 74.0571465733132, 72.59050289649954, 75.83735111322015, 78.62910621190798, 71.66823991426631, 67.6334185248229, 69.74782152045725, 70.89685515796523, 71.35296640812473, 78.3736123229782, 77.71692205456887, 75.98390592220537, 74.7758070011974, 71.73455488394528, 73.01766341502476, 87.66262467501747, 90.95041379197298, 82.28084310531493, 71.1259741385497, 71.86583169208748, 71.43161993399718, 78.15990165836986, 85.78667118593118, 83.43895161515849, 75.96376266530775, 74.92927840153996, 75.83023138377524, 75.56411712803256, 78.02337310239794, 80.09257674715757, 73.84390845255143, 73.15512021621606, 73.31364963245866, 73.84190690452346, 76.34872651870263, 82.77718321924377, 79.48489842279751, 68.07057208880204, 65.99240881975261, 65.69591666960898, 65.30328063316608, 67.70441644460597, 69.10812404777612, 68.11953116513249, 69.38730793069863, 66.78450967860364, 64.92233359221427, 65.71350160649047, 69.8695931076244, 67.49261366096098, 65.12924095764363, 64.82231657209645, 64.1861442948235, 64.75315035674649, 70.4388413019861, 71.60616336454142, 65.29248804738188, 64.10576644945908, 64.35860560094676, 66.92995841224236, 70.42341777808764, 70.14410746161182, 67.13374181287891, 66.67085778931798, 66.92701575416108, 67.5655918806597, 69.36413382254693, 71.21090078070048, 70.08423939683026, 68.89924925566702, 69.04396649953793, 69.75836212634229, 69.7432643538109, 69.961689643149, 72.01732853142859, 69.11230548503848, 67.61129237270399, 66.92843621629778, 65.18726733135958, 63.531075690921206, 64.62398533967404, 63.227165505735066, 55.19427571134016, 50.42972375582263, 45.28491232030365, 39.21736213555248, 32.607042351958334, 26.624892238239614, 22.76731319712375, 21.06555227377076, 21.4168780491092, 21.506447797968168, 16.240318795336147], "f": [0.0, 0.78125, 1.5625, 2.34375, 3.125, 3.90625, 4.6875, 5.46875, 6.25, 7.03125, 7.8125, 8.59375, 9.375, 10.15625, 10.9375, 11.71875, 12.5, 13.28125, 14.0625, 14.84375, 15.625, 16.40625, 17.1875, 17.96875, 18.75, 19.53125, 20.3125, 21.09375, 21.875, 22.65625, 23.4375, 24.21875, 25.0, 25.78125, 26.5625, 27.34375, 28.125, 28.90625, 29.6875, 30.46875, 31.25, 32.03125, 32.8125, 33.59375, 34.375, 35.15625, 35.9375, 36.71875, 37.5, 38.28125, 39.0625, 39.84375, 40.625, 41.40625, 42.1875, 42.96875, 43.75, 44.53125, 45.3125, 46.09375, 46.875, 47.65625, 48.4375, 49.21875, 50.0, 50.78125, 51.5625, 52.34375, 53.125, 53.90625, 54.6875, 55.46875, 56.25, 57.03125, 57.8125, 58.59375, 59.375, 60.15625, 60.9375, 61.71875, 62.5, 63.28125, 64.0625, 64.84375, 65.625, 66.40625, 67.1875, 67.96875, 68.75, 69.53125, 70.3125, 71.09375, 71.875, 72.65625, 73.4375, 74.21875, 75.0, 75.78125, 76.5625, 77.34375, 78.125, 78.90625, 79.6875, 80.46875, 81.25, 82.03125, 82.8125, 83.59375, 84.375, 85.15625, 85.9375, 86.71875, 87.5, 88.28125, 89.0625, 89.84375, 90.625, 91.40625, 92.1875, 92.96875, 93.75, 94.53125, 95.3125, 96.09375, 96.875, 97.65625, 98.4375, 99.21875, 100.0]}