{"psd": [75.48845871554407, 84.71985863930568, 82.82179620181951, 77.63492892802171, 72.72620454115726, 67.58703103715209, 63.42591644174958, 63.21621889113156, 64.91579060201262, 66.96073360000494, 73.17524726524591, 73.91995782884972, 68.37035720153153, 65.94829051925977, 63.72203035614955, 64.8016001145215, 66.48971407278484, 66.60927696501739, 70.43466824321648, 74.53788353364793, 70.29540780412928, 67.66713229968369, 70.1960740153108, 73.3082932611407, 69.15900604315512, 67.25909852360145, 68.32004782123148, 69.78447653733645, 68.86236565963989, 70.66150907592649, 72.83395204438851, 70.91967126655652, 68.9204279793965, 68.57658108246721, 66.93487856358179, 66.09051392301284, 67.09822563009868, 77.70291012172807, 89.03184214453765, 87.91041338044174, 74.03617878501814, 70.29295714476898, 69.61509035100332, 69.39411184127906, 69.85931743616867, 74.45242186827765, 77.8615806792965, 73.28233185413535, 80.4431654786612, 83.88261946434511, 76.0222112027198, 72.34241820303103, 71.4706752732779, 70.81888850690214, 71.68017257128983, 71.39746606999995, 72.63223230418052, 77.09823773812302, 78.44475955350437, 77.90449518375814, 78.64957880557112, 75.3452573370727, 73.43445301921437, 71.84272314485928, 72.89986813258723, 73.7823060348258, 72.6805077303003, 72.72547467866015, 74.19612480000258, 74.59457814560464, 73.19371579646729, 71.47302434812237, 70.73260993015406, 73.08386527452156, 74.65567281771064, 83.65798797664854, 93.67168593451339, 91.60587700261186, 80.21340005563292, 74.3950901416679, 70.110628978814, 69.45145640901438, 72.66069694418258, 77.57583886860174, 73.34307275680624, 69.7315860801019, 71.47853971548012, 72.06055063749082, 71.92199940108975, 72.83689954913427, 72.19644523278055, 72.57386815976112, 74.48600562625286, 72.57773809943825, 73.40760048288887, 76.27119913575653, 78.89719975847024, 75.40087267146484, 72.4821358612604, 73.3068416460973, 73.80924539117783, 73.63179802978239, 74.20609642025843, 74.95638284243732, 74.99531288526349, 75.37264702420791, 75.67246981136478, 77.18151507689629, 77.48682456576906, 77.78102864549896, 77.53556114725082, 76.69705979087297, 76.16698904517602, 76.30507145351453, 76.59216281818073, 76.47958600870246, 73.03830462556648, 68.84584268176732, 65.39911393267185, 61.85458649817791, 56.16203324381101, 48.5408307436817, 41.416472951691816, 33.21336409484112, 25.55558650219937, 22.209922846299474, 21.230212738659926, 21.229725456478945, 16.529656939121796], "f": [0.0, 0.78125, 1.5625, 2.34375, 3.125, 3.90625, 4.6875, 5.46875, 6.25, 7.03125, 7.8125, 8.59375, 9.375, 10.15625, 10.9375, 11.71875, 12.5, 13.28125, 14.0625, 14.84375, 15.625, 16.40625, 17.1875, 17.96875, 18.75, 19.53125, 20.3125, 21.09375, 21.875, 22.65625, 23.4375, 24.21875, 25.0, 25.78125, 26.5625, 27.34375, 28.125, 28.90625, 29.6875, 30.46875, 31.25, 32.03125, 32.8125, 33.59375, 34.375, 35.15625, 35.9375, 36.71875, 37.5, 38.28125, 39.0625, 39.84375, 40.625, 41.40625, 42.1875, 42.96875, 43.75, 44.53125, 45.3125, 46.09375, 46.875, 47.65625, 48.4375, 49.21875, 50.0, 50.78125, 51.5625, 52.34375, 53.125, 53.90625, 54.6875, 55.46875, 56.25, 57.03125, 57.8125, 58.59375, 59.375, 60.15625, 60.9375, 61.71875, 62.5, 63.28125, 64.0625, 64.84375, 65.625, 66.40625, 67.1875, 67.96875, 68.75, 69.53125, 70.3125, 71.09375, 71.875, 72.65625, 73.4375, 74.21875, 75.0, 75.78125, 76.5625, 77.34375, 78.125, 78.90625, 79.6875, 80.46875, 81.25, 82.03125, 82.8125, 83.59375, 84.375, 85.15625, 85.9375, 86.71875, 87.5, 88.28125, 89.0625, 89.84375, 90.625, 91.40625, 92.1875, 92.96875, 93.75, 94.53125, 95.3125, 96.09375, 96.875, 97.65625, 98.4375, 99.21875, 100.0]}