{"psd": [75.96258587545164, 84.18331774495354, 82.45705157649519, 77.7407603592218, 72.51414965732033, 67.88893710241156, 63.64551880611231, 66.69315099990582, 68.96499360233774, 65.68059238198211, 67.9145912551874, 67.09740696656708, 66.60135635728038, 69.8818154745486, 68.49098810037754, 67.77810880072242, 71.24274518503371, 72.69385387155369, 70.89946521466034, 73.7478289800964, 72.4084033532637, 70.33207839939757, 68.6950667639764, 66.92924055311727, 65.74051110395212, 65.97271053369703, 67.12629574750144, 68.67664574765338, 69.3412602023774, 69.56540480216626, 70.91460836049797, 71.5930681435015, 70.5015015014283, 68.86156449788133, 68.41517424260857, 69.1374655427499, 70.50408530652578, 78.14516754588233, 89.29284295269719, 88.15054631783363, 73.636663114648, 69.550180080323, 69.97262028883169, 70.49092961091179, 71.29038508277502, 71.88474749687028, 70.62760210941201, 70.01879348751648, 78.96433122262675, 82.27592576306888, 74.50897128659301, 69.97387287176663, 69.5698843933629, 69.39760274820158, 69.88921171422854, 70.47853469302186, 70.73506031894274, 73.80781639786892, 74.39604768936115, 71.3891466137069, 70.78195827588006, 71.31043456350388, 70.89260280002614, 70.5709982264413, 70.27209319029373, 69.95468745576233, 69.86762015592356, 69.44188922091786, 68.93655865687387, 68.47534769314922, 68.17799602967551, 68.05012533531128, 67.67552555802803, 67.338997054863, 71.67081857995993, 83.74835594488164, 94.0790473630432, 91.97971242658609, 79.68700064042635, 72.2695413429145, 66.98270556773815, 66.59656191142999, 71.51329567448136, 77.19937658047577, 72.35580812932318, 65.8932570972151, 65.93410848977621, 65.76103170072352, 65.90457159871517, 65.86870633676168, 66.40667834926454, 66.40991690528597, 66.42865601298162, 66.47252909016709, 67.00258828531965, 75.59600454466198, 81.12784871815522, 75.36872416472329, 66.8211929955275, 66.93714364116389, 66.83729424516707, 67.2914276638149, 67.88690301185608, 67.92067377174433, 67.46690688363913, 67.92902185088155, 67.65986370038407, 67.35326742227446, 67.41691657396042, 67.83783391825517, 68.08444369325957, 68.01623358170312, 66.68577180305364, 66.17765163470376, 65.3691084275157, 66.55290540944011, 64.20638131842631, 57.885571007682096, 53.37720791578257, 48.634080885962796, 42.60823115214961, 36.19683893014561, 28.690102203117945, 23.123204005542956, 21.886026293404438, 21.36975290183039, 21.377610710170107, 21.586552824888294, 16.97009373588388], "f": [0.0, 0.78125, 1.5625, 2.34375, 3.125, 3.90625, 4.6875, 5.46875, 6.25, 7.03125, 7.8125, 8.59375, 9.375, 10.15625, 10.9375, 11.71875, 12.5, 13.28125, 14.0625, 14.84375, 15.625, 16.40625, 17.1875, 17.96875, 18.75, 19.53125, 20.3125, 21.09375, 21.875, 22.65625, 23.4375, 24.21875, 25.0, 25.78125, 26.5625, 27.34375, 28.125, 28.90625, 29.6875, 30.46875, 31.25, 32.03125, 32.8125, 33.59375, 34.375, 35.15625, 35.9375, 36.71875, 37.5, 38.28125, 39.0625, 39.84375, 40.625, 41.40625, 42.1875, 42.96875, 43.75, 44.53125, 45.3125, 46.09375, 46.875, 47.65625, 48.4375, 49.21875, 50.0, 50.78125, 51.5625, 52.34375, 53.125, 53.90625, 54.6875, 55.46875, 56.25, 57.03125, 57.8125, 58.59375, 59.375, 60.15625, 60.9375, 61.71875, 62.5, 63.28125, 64.0625, 64.84375, 65.625, 66.40625, 67.1875, 67.96875, 68.75, 69.53125, 70.3125, 71.09375, 71.875, 72.65625, 73.4375, 74.21875, 75.0, 75.78125, 76.5625, 77.34375, 78.125, 78.90625, 79.6875, 80.46875, 81.25, 82.03125, 82.8125, 83.59375, 84.375, 85.15625, 85.9375, 86.71875, 87.5, 88.28125, 89.0625, 89.84375, 90.625, 91.40625, 92.1875, 92.96875, 93.75, 94.53125, 95.3125, 96.09375, 96.875, 97.65625, 98.4375, 99.21875, 100.0]}