{"psd": [69.22322382753522, 78.3066094192944, 77.51051645905015, 74.45985597809572, 70.15251092975153, 66.04706465535986, 63.30005336864992, 63.81043442576184, 64.5614594241741, 64.93928993440885, 65.8131605348152, 66.52825727389082, 66.71636018453938, 69.46339123497489, 68.2099306955165, 65.04622411708246, 66.36114568796285, 66.15300769945736, 67.25657127477128, 67.88212832531588, 66.62765424857002, 66.26067361512264, 66.3797714787078, 67.98059366135689, 68.14996095155851, 68.55702268507306, 69.70666562556063, 67.93267966348009, 67.26272198774984, 67.32177352799005, 66.46483055716854, 65.69789685019869, 66.02235604777538, 66.25899473007078, 66.11716918301033, 66.79839547190988, 66.30962588979881, 68.65342912094094, 74.39493316546087, 72.9783723593337, 66.28760347893582, 65.64563387534056, 65.66635118744931, 65.72544017248657, 65.95321953296845, 66.93103726391618, 68.64038106865071, 70.50100043955288, 70.78213596066966, 69.76919585170222, 69.4311649885118, 69.3500736466105, 68.96489832876864, 67.72749810796581, 67.5807888942862, 68.45087193056722, 69.87590075510226, 81.64973929326376, 82.9834112327047, 72.96005333976144, 68.81102715217823, 68.78074248512691, 67.66073475658564, 68.208451508194, 69.79969642377284, 72.38617579502625, 71.27407610228876, 70.98180635353589, 68.91583148746409, 68.69242250713887, 68.74967067547423, 69.34504152185721, 69.1999979188226, 68.01808617344237, 70.99815237788401, 82.23164684215503, 92.60682807962334, 90.61485307181951, 75.58709463640463, 69.11113347382191, 66.08370224593044, 66.61883662789344, 70.50524912319248, 75.13774306474276, 70.81662828399843, 66.6103221131459, 66.24721771778212, 65.81944740834545, 65.7395967680915, 66.3971856283427, 66.04829179065862, 66.67707664294801, 66.7406715438768, 66.90286690473245, 67.65064599233848, 70.01384978243064, 74.2381489327403, 70.09630853266873, 66.42557790731489, 66.87058454658415, 66.58867158973263, 66.46817291996692, 67.42832650530985, 67.40431313518096, 67.36751925967002, 67.49370079098692, 66.66256574145456, 66.59181129818617, 67.25186498855722, 67.82538969633552, 67.47961649904775, 66.47516410919535, 67.53621826665074, 66.08706533648484, 70.39374976653068, 78.48544742800726, 75.5288270570722, 59.30374827968703, 53.62073375389094, 49.146512609232396, 42.94017582181428, 36.54370871374721, 29.01958423382414, 23.870063120098656, 21.888943628682675, 21.372382407439638, 21.06061467843272, 21.043537994555003, 16.552816922552356], "f": [0.0, 0.78125, 1.5625, 2.34375, 3.125, 3.90625, 4.6875, 5.46875, 6.25, 7.03125, 7.8125, 8.59375, 9.375, 10.15625, 10.9375, 11.71875, 12.5, 13.28125, 14.0625, 14.84375, 15.625, 16.40625, 17.1875, 17.96875, 18.75, 19.53125, 20.3125, 21.09375, 21.875, 22.65625, 23.4375, 24.21875, 25.0, 25.78125, 26.5625, 27.34375, 28.125, 28.90625, 29.6875, 30.46875, 31.25, 32.03125, 32.8125, 33.59375, 34.375, 35.15625, 35.9375, 36.71875, 37.5, 38.28125, 39.0625, 39.84375, 40.625, 41.40625, 42.1875, 42.96875, 43.75, 44.53125, 45.3125, 46.09375, 46.875, 47.65625, 48.4375, 49.21875, 50.0, 50.78125, 51.5625, 52.34375, 53.125, 53.90625, 54.6875, 55.46875, 56.25, 57.03125, 57.8125, 58.59375, 59.375, 60.15625, 60.9375, 61.71875, 62.5, 63.28125, 64.0625, 64.84375, 65.625, 66.40625, 67.1875, 67.96875, 68.75, 69.53125, 70.3125, 71.09375, 71.875, 72.65625, 73.4375, 74.21875, 75.0, 75.78125, 76.5625, 77.34375, 78.125, 78.90625, 79.6875, 80.46875, 81.25, 82.03125, 82.8125, 83.59375, 84.375, 85.15625, 85.9375, 86.71875, 87.5, 88.28125, 89.0625, 89.84375, 90.625, 91.40625, 92.1875, 92.96875, 93.75, 94.53125, 95.3125, 96.09375, 96.875, 97.65625, 98.4375, 99.21875, 100.0]}