{"psd": [69.38424128375955, 77.84494414998679, 76.90429030819618, 73.07361587969584, 69.60490152604275, 66.36985531438187, 64.13629548457969, 65.19823369732306, 69.22628073570573, 71.72012402958167, 85.91853582198956, 91.49273930474601, 86.46486058704645, 78.06730756703307, 79.11682249841186, 78.63192661732845, 80.83567065828117, 78.68713037883302, 74.00600808275874, 73.30615629538283, 74.0706965725899, 75.20807848706542, 77.10350990243546, 75.80916173108128, 75.4902235359127, 75.43242230017115, 75.55240520355491, 76.06159158618725, 76.41835890601502, 76.00930253483916, 75.57324274478214, 75.98376253118529, 79.17930748827321, 82.93481978914019, 79.60164829342112, 74.86187451078186, 74.5821814379267, 74.36579683854087, 75.83516077574272, 72.76512678400299, 71.51716302976546, 71.27030121929755, 71.15967154721568, 74.76183822776872, 77.96047130535607, 73.50339061774686, 70.09001314489174, 70.79031886061962, 71.34003391571923, 73.18282541793884, 73.04976254465457, 71.9618099345673, 73.97112754620929, 72.75966598065538, 75.03276362202143, 77.84747081538957, 74.94920969634097, 76.04464067054796, 78.82017987853553, 76.39440556148679, 75.44949398144131, 76.6960821991579, 75.05823008653869, 76.2206357020389, 75.63396068176817, 76.17528622354078, 78.36722558376921, 76.49607622881004, 75.11252840962578, 76.18432633675481, 77.4510132265159, 77.60099007213641, 76.69236097924168, 77.35615839652986, 77.37763261544322, 77.79215217746592, 78.22868009563082, 78.42700611841424, 76.89190385498019, 76.39690882066817, 76.20810188787873, 76.95725726356804, 79.83538466367749, 80.14705980834515, 75.9777971770887, 75.24495225683842, 75.41064448544441, 76.49711510180393, 76.6072118120192, 76.03844986175783, 76.70755514062508, 76.84623264822416, 75.87374662193267, 76.67710024621356, 76.59853524375238, 76.0699733224092, 75.6729494630338, 76.71242937469798, 77.4692868450257, 79.13306485564085, 78.65841188229905, 77.37617950105775, 77.46230616148289, 77.46142331567943, 78.24632168865361, 78.1642764740658, 78.79682903991763, 78.69784008785042, 78.42087545178518, 79.74885391120344, 80.93424634575454, 79.2139047484566, 78.25108431742193, 78.65035286259835, 78.17248056635134, 76.98249385842931, 75.43952728286881, 72.16115898123162, 68.97818646242175, 63.84022370774421, 58.786552967432456, 53.10974189168202, 45.30231661983813, 37.11630221733364, 27.929822839823753, 23.38655224715655, 21.73692491751666, 21.95242552042473, 17.55901298760902], "f": [0.0, 0.78125, 1.5625, 2.34375, 3.125, 3.90625, 4.6875, 5.46875, 6.25, 7.03125, 7.8125, 8.59375, 9.375, 10.15625, 10.9375, 11.71875, 12.5, 13.28125, 14.0625, 14.84375, 15.625, 16.40625, 17.1875, 17.96875, 18.75, 19.53125, 20.3125, 21.09375, 21.875, 22.65625, 23.4375, 24.21875, 25.0, 25.78125, 26.5625, 27.34375, 28.125, 28.90625, 29.6875, 30.46875, 31.25, 32.03125, 32.8125, 33.59375, 34.375, 35.15625, 35.9375, 36.71875, 37.5, 38.28125, 39.0625, 39.84375, 40.625, 41.40625, 42.1875, 42.96875, 43.75, 44.53125, 45.3125, 46.09375, 46.875, 47.65625, 48.4375, 49.21875, 50.0, 50.78125, 51.5625, 52.34375, 53.125, 53.90625, 54.6875, 55.46875, 56.25, 57.03125, 57.8125, 58.59375, 59.375, 60.15625, 60.9375, 61.71875, 62.5, 63.28125, 64.0625, 64.84375, 65.625, 66.40625, 67.1875, 67.96875, 68.75, 69.53125, 70.3125, 71.09375, 71.875, 72.65625, 73.4375, 74.21875, 75.0, 75.78125, 76.5625, 77.34375, 78.125, 78.90625, 79.6875, 80.46875, 81.25, 82.03125, 82.8125, 83.59375, 84.375, 85.15625, 85.9375, 86.71875, 87.5, 88.28125, 89.0625, 89.84375, 90.625, 91.40625, 92.1875, 92.96875, 93.75, 94.53125, 95.3125, 96.09375, 96.875, 97.65625, 98.4375, 99.21875, 100.0]}