{"psd": [67.16801629596655, 75.06010882369732, 72.72915672597456, 70.48091231232357, 67.74891056222052, 63.65438552208121, 64.17830134065323, 64.20412397735835, 63.86620559944413, 66.01623553276939, 66.99150622616862, 66.48300652727436, 79.90700566873464, 85.18260086764825, 78.95141278710726, 66.84572605355142, 67.41212008002732, 68.35461177800408, 76.9928211433327, 89.43527001685865, 88.80334116331241, 76.03141123130463, 75.97949073234402, 76.50986086714872, 75.70057906737487, 84.72123788787373, 89.30443613106918, 82.48923092846744, 69.35256627842683, 69.0787039846501, 70.47087137870636, 76.52297057266824, 86.05527428289066, 84.91870341581384, 74.58321680362319, 75.63944942553707, 75.6966958460492, 74.60112244028579, 79.6626226916914, 83.66798170285142, 76.90016324813313, 72.8597724212404, 73.54991594557849, 73.59768397713972, 73.74396387127338, 78.60172811825562, 78.15978203590021, 74.64896181276033, 74.94829672726473, 75.10849223912973, 75.47800769715403, 89.7533102306021, 93.70305182870773, 85.61397007193887, 72.89261831803263, 75.42015556461277, 75.39462247162994, 78.99190757465983, 85.97305090141235, 84.50020227219579, 78.06206145106303, 76.32452443707817, 77.30079782797868, 78.40512372357443, 81.59382413308002, 84.32816386747525, 78.12465762015124, 75.49059217799697, 75.35689873850271, 75.77805948072783, 75.91748188123863, 77.73506856220736, 75.26223281560772, 70.0936701866132, 68.77815762921077, 69.6147926660465, 69.75063073057085, 72.50539104719931, 73.99290732493593, 71.57593879148823, 70.70223632816062, 68.29186200424425, 68.44379932814337, 70.34815233536415, 73.46634188328635, 72.62361230082166, 70.99336083909469, 71.0802383014732, 71.27673756526917, 70.82000741583028, 72.04406583753479, 73.16774386937612, 74.2908534334952, 73.96550657101521, 75.47622106610837, 76.93436022810494, 78.66552002495699, 80.07434621682069, 79.39850344727323, 79.56268320299014, 79.59545258568723, 80.52075354640056, 81.40186735742498, 82.79789688930832, 83.47642312593993, 83.25578747148079, 81.77737196858423, 82.07231602869635, 81.22418264240909, 80.10848719269454, 80.80531469192685, 80.65090356763892, 81.27585288594204, 81.6577136817264, 80.68925922009511, 80.32181821786145, 78.51474057552049, 74.95005051740404, 70.95319687199512, 67.28742287890347, 62.290889185229304, 55.57909125327791, 48.03920955036532, 39.5099758224485, 30.69721681132635, 24.549761247468105, 22.396477179051786, 22.052849828365183, 16.67317591949391], "f": [0.0, 0.78125, 1.5625, 2.34375, 3.125, 3.90625, 4.6875, 5.46875, 6.25, 7.03125, 7.8125, 8.59375, 9.375, 10.15625, 10.9375, 11.71875, 12.5, 13.28125, 14.0625, 14.84375, 15.625, 16.40625, 17.1875, 17.96875, 18.75, 19.53125, 20.3125, 21.09375, 21.875, 22.65625, 23.4375, 24.21875, 25.0, 25.78125, 26.5625, 27.34375, 28.125, 28.90625, 29.6875, 30.46875, 31.25, 32.03125, 32.8125, 33.59375, 34.375, 35.15625, 35.9375, 36.71875, 37.5, 38.28125, 39.0625, 39.84375, 40.625, 41.40625, 42.1875, 42.96875, 43.75, 44.53125, 45.3125, 46.09375, 46.875, 47.65625, 48.4375, 49.21875, 50.0, 50.78125, 51.5625, 52.34375, 53.125, 53.90625, 54.6875, 55.46875, 56.25, 57.03125, 57.8125, 58.59375, 59.375, 60.15625, 60.9375, 61.71875, 62.5, 63.28125, 64.0625, 64.84375, 65.625, 66.40625, 67.1875, 67.96875, 68.75, 69.53125, 70.3125, 71.09375, 71.875, 72.65625, 73.4375, 74.21875, 75.0, 75.78125, 76.5625, 77.34375, 78.125, 78.90625, 79.6875, 80.46875, 81.25, 82.03125, 82.8125, 83.59375, 84.375, 85.15625, 85.9375, 86.71875, 87.5, 88.28125, 89.0625, 89.84375, 90.625, 91.40625, 92.1875, 92.96875, 93.75, 94.53125, 95.3125, 96.09375, 96.875, 97.65625, 98.4375, 99.21875, 100.0]}