{"psd": [69.28470161602111, 78.24231315969637, 76.33127296050118, 71.73310922015455, 67.19097390528084, 63.49966975293746, 63.09358449088235, 64.77091730947195, 65.93028862726854, 65.91218902767275, 67.57331809323884, 68.28396586359253, 67.98311743816741, 67.42863869123896, 67.86483401182308, 67.1566592755549, 66.33732432471976, 66.67015004444022, 66.04177319595412, 66.76109888088529, 66.78235443183638, 67.78599062790173, 68.80156713636, 69.01315598105714, 69.41878878626063, 70.27685394356803, 68.02844510587555, 67.08376948459298, 68.49240604043531, 69.01561304342175, 68.47769885456387, 67.60786150874478, 70.46181569634082, 74.31680655687084, 72.2524581298069, 68.63976756553667, 66.74933463295778, 66.59207148153341, 67.23720231359273, 66.4108547530037, 66.6206075917688, 67.07600651650827, 67.78206034343471, 67.5395734241051, 66.07998331841165, 65.7709275664976, 68.07002273905445, 68.9731880566728, 67.55021000937127, 67.76134947061561, 68.85648899438142, 69.00457265426456, 70.3043098569107, 68.40169430145843, 67.19608304755351, 67.86594502898646, 68.27621156967264, 68.44131959853576, 68.40692592718352, 67.90474633118178, 68.30826812607667, 69.6482335711042, 71.02719233747756, 70.2426786112469, 69.53087094229946, 70.29684196090196, 69.3218581681709, 68.41848262668131, 67.99810530189588, 67.84965376312182, 67.38317215577254, 66.69831834885753, 66.3174076239705, 66.09112860342252, 66.48162256491023, 66.23926241508563, 66.18959207968403, 66.47982681126956, 66.57807476211231, 66.28241966072387, 66.08071722101013, 66.22991948427618, 66.03805747460348, 65.80008360977278, 66.03373332067805, 65.92530672847003, 65.90507525752075, 66.0188455927005, 65.87471174487548, 64.85342709191085, 65.71900425452453, 66.11932712166178, 66.20558962183053, 66.29413130504591, 65.64829140398967, 65.63539511567654, 65.71780772309262, 65.97854346201015, 65.85313966219317, 67.60386607540003, 67.85316505547335, 66.9430481270259, 67.33946355359322, 67.11621687587795, 66.53848326760931, 67.07535115148829, 67.06861102008507, 67.51814944016571, 67.43773880171186, 66.04236017132604, 65.71757200379287, 65.10788087662024, 64.30573276711718, 64.17277137281901, 63.308343724523475, 60.91357261989452, 58.48281804890731, 55.02774929517219, 50.677620921717896, 46.51290343158568, 41.144292196573424, 35.00511491780748, 27.493719059568654, 22.655819499852832, 20.9348854750976, 21.12848407623234, 21.006220177733322, 20.822006660685055, 16.351336620929285], "f": [0.0, 0.78125, 1.5625, 2.34375, 3.125, 3.90625, 4.6875, 5.46875, 6.25, 7.03125, 7.8125, 8.59375, 9.375, 10.15625, 10.9375, 11.71875, 12.5, 13.28125, 14.0625, 14.84375, 15.625, 16.40625, 17.1875, 17.96875, 18.75, 19.53125, 20.3125, 21.09375, 21.875, 22.65625, 23.4375, 24.21875, 25.0, 25.78125, 26.5625, 27.34375, 28.125, 28.90625, 29.6875, 30.46875, 31.25, 32.03125, 32.8125, 33.59375, 34.375, 35.15625, 35.9375, 36.71875, 37.5, 38.28125, 39.0625, 39.84375, 40.625, 41.40625, 42.1875, 42.96875, 43.75, 44.53125, 45.3125, 46.09375, 46.875, 47.65625, 48.4375, 49.21875, 50.0, 50.78125, 51.5625, 52.34375, 53.125, 53.90625, 54.6875, 55.46875, 56.25, 57.03125, 57.8125, 58.59375, 59.375, 60.15625, 60.9375, 61.71875, 62.5, 63.28125, 64.0625, 64.84375, 65.625, 66.40625, 67.1875, 67.96875, 68.75, 69.53125, 70.3125, 71.09375, 71.875, 72.65625, 73.4375, 74.21875, 75.0, 75.78125, 76.5625, 77.34375, 78.125, 78.90625, 79.6875, 80.46875, 81.25, 82.03125, 82.8125, 83.59375, 84.375, 85.15625, 85.9375, 86.71875, 87.5, 88.28125, 89.0625, 89.84375, 90.625, 91.40625, 92.1875, 92.96875, 93.75, 94.53125, 95.3125, 96.09375, 96.875, 97.65625, 98.4375, 99.21875, 100.0]}