{"psd": [72.29578152467754, 81.26554487598698, 78.41594285882687, 74.11655150177948, 70.7794406628693, 67.06637779421638, 65.87160215793071, 66.36994740745378, 67.38699475979729, 66.26073981579252, 66.92821398862547, 69.39567427070303, 73.21511689056084, 76.39237717500383, 71.61152183627274, 70.30257633084246, 72.00806287814923, 77.34979854322289, 75.44834627342253, 72.56259668138308, 76.8151403146218, 79.53551186101352, 79.73144115145104, 78.88061838774205, 79.83033035778435, 81.63701862091243, 82.64701556350623, 81.76738054304948, 80.8790078527683, 82.11845221321988, 86.58983339518494, 83.48777354065666, 76.50114129818172, 76.67728085826006, 83.15946488075859, 82.8687180352351, 74.62431764005925, 72.86176104397339, 73.69666816868529, 73.81026133704779, 70.35004886723097, 69.27742167143398, 69.84798403972508, 73.37806634679916, 71.13833742967502, 68.60249889324095, 70.66048208893145, 73.41200885735856, 73.57795232942654, 70.71931055025567, 74.18270921407074, 84.31036017414579, 87.15325804970021, 80.74868225777026, 75.13818252641013, 74.11034735968394, 76.39865499193625, 73.95015762146454, 73.49982445024746, 71.57528842952372, 73.81854949137646, 75.06380203162246, 73.4870442818641, 71.64975837955085, 75.45626965310326, 77.66039626562406, 76.07518327257492, 79.3763249176584, 86.03927105870058, 89.53446504227418, 86.17462133231282, 80.84251771825242, 78.86670632354986, 79.9536063926514, 78.36409642284667, 75.05457786131413, 75.65990183765047, 80.71026956486128, 81.56387168587827, 75.98012962810729, 75.15800657052858, 78.31536190559723, 80.86723504311566, 80.2668791142048, 82.51604366292327, 85.89396882191386, 89.15847633612537, 88.47876834172428, 84.07292475692537, 80.83743252214018, 80.72807344423062, 80.33074550721813, 76.54421901680286, 74.99446767999581, 75.04228839761834, 75.6502617097104, 76.19497784098863, 76.99324863497255, 77.41237114933045, 80.63603759848483, 81.64738065668763, 81.93972001299, 84.0259154739911, 87.30476512065225, 87.66975743368677, 85.18941601984926, 83.38825125744196, 82.25933788927327, 81.68937932001576, 79.4050993028455, 77.74838642549598, 78.06803010129417, 79.39130775562772, 77.90948275029587, 75.19625423317854, 74.1574794581693, 72.5714790964542, 70.76977153016878, 67.51809447921181, 63.52264914784701, 58.99937216968081, 54.048592616906404, 46.44238556721212, 37.2705105162982, 27.323243206512625, 23.161114255754967, 22.15082330334303, 21.55345546861875, 16.24370606999321], "f": [0.0, 0.78125, 1.5625, 2.34375, 3.125, 3.90625, 4.6875, 5.46875, 6.25, 7.03125, 7.8125, 8.59375, 9.375, 10.15625, 10.9375, 11.71875, 12.5, 13.28125, 14.0625, 14.84375, 15.625, 16.40625, 17.1875, 17.96875, 18.75, 19.53125, 20.3125, 21.09375, 21.875, 22.65625, 23.4375, 24.21875, 25.0, 25.78125, 26.5625, 27.34375, 28.125, 28.90625, 29.6875, 30.46875, 31.25, 32.03125, 32.8125, 33.59375, 34.375, 35.15625, 35.9375, 36.71875, 37.5, 38.28125, 39.0625, 39.84375, 40.625, 41.40625, 42.1875, 42.96875, 43.75, 44.53125, 45.3125, 46.09375, 46.875, 47.65625, 48.4375, 49.21875, 50.0, 50.78125, 51.5625, 52.34375, 53.125, 53.90625, 54.6875, 55.46875, 56.25, 57.03125, 57.8125, 58.59375, 59.375, 60.15625, 60.9375, 61.71875, 62.5, 63.28125, 64.0625, 64.84375, 65.625, 66.40625, 67.1875, 67.96875, 68.75, 69.53125, 70.3125, 71.09375, 71.875, 72.65625, 73.4375, 74.21875, 75.0, 75.78125, 76.5625, 77.34375, 78.125, 78.90625, 79.6875, 80.46875, 81.25, 82.03125, 82.8125, 83.59375, 84.375, 85.15625, 85.9375, 86.71875, 87.5, 88.28125, 89.0625, 89.84375, 90.625, 91.40625, 92.1875, 92.96875, 93.75, 94.53125, 95.3125, 96.09375, 96.875, 97.65625, 98.4375, 99.21875, 100.0]}