{"psd": [64.88488875755039, 71.3989513708363, 66.94756457660614, 66.70309193513206, 64.91346835994186, 61.65480830810212, 61.296497643074005, 61.98871128594925, 62.16965754813566, 62.95958275857896, 64.77287731165157, 67.53308148117411, 83.7078236372254, 95.85698724043883, 95.4022277540421, 81.09393121763503, 67.66306201992228, 67.35088080907599, 69.4944870648328, 85.45289139171089, 93.64260671381642, 90.8040540022736, 80.29697702673258, 83.67143480731072, 85.1494388976571, 83.14964637714976, 88.55467396542024, 90.35272038705622, 81.14501189727626, 71.83010383713555, 72.24752793929362, 74.71897197315899, 75.69195059351871, 81.42867606069547, 85.34819656594537, 82.47444606871751, 85.1857088748192, 85.75935459950088, 83.3358578613745, 81.7317474644756, 84.1468704032898, 83.9897862999125, 77.93783424066733, 76.5288874703112, 76.54514253187592, 77.3309097095649, 85.17877609934627, 87.83315272234758, 84.34323435289011, 81.37644337351796, 80.88857439748745, 79.80821316485941, 79.33206967608382, 86.52408949328614, 91.87480364981661, 89.16738627416528, 80.9038243498213, 82.17470826705691, 83.15285938679459, 83.94886846091096, 87.81139788378653, 90.75705485452963, 87.04266404680428, 83.16063021334759, 82.49270700097141, 82.76163680700186, 83.67207189126538, 84.14556767181965, 84.666815051075, 82.07364032264628, 81.47533113214566, 80.74340795948319, 79.89588102525347, 77.96275832025138, 75.08548401102749, 74.47525600540263, 75.05537136444221, 75.53797961962849, 76.07686756134272, 76.82653344345577, 76.46972287913782, 75.13381388807719, 75.1866135223983, 75.70565603922363, 76.30693043159314, 77.26998870680468, 77.72056818759464, 78.18216464125868, 79.74808981723676, 82.48726373234638, 82.97267490959172, 83.42467000050561, 83.52823286040521, 84.13081273189596, 85.06555871744752, 85.70281389454478, 86.11311641642077, 86.43813314635223, 88.07515211825832, 89.84724293858756, 90.17314784357512, 90.07649420580181, 90.95377533360639, 91.21645811326607, 92.20014842242645, 92.28932577271281, 91.82592818982025, 91.6544698932702, 91.12427766741368, 90.63164361098829, 89.87226171695744, 89.88801672819909, 90.77102570185286, 90.81495963166348, 89.96962463573598, 88.21247447245197, 86.98139331391266, 84.20422918484041, 80.3583906215402, 75.84947704556896, 70.3478864413979, 64.27711796846268, 56.71206749196402, 48.450549364392785, 38.922573594444614, 28.69500634836109, 24.107190809024644, 23.63146787627722, 18.97901207039386], "f": [0.0, 0.78125, 1.5625, 2.34375, 3.125, 3.90625, 4.6875, 5.46875, 6.25, 7.03125, 7.8125, 8.59375, 9.375, 10.15625, 10.9375, 11.71875, 12.5, 13.28125, 14.0625, 14.84375, 15.625, 16.40625, 17.1875, 17.96875, 18.75, 19.53125, 20.3125, 21.09375, 21.875, 22.65625, 23.4375, 24.21875, 25.0, 25.78125, 26.5625, 27.34375, 28.125, 28.90625, 29.6875, 30.46875, 31.25, 32.03125, 32.8125, 33.59375, 34.375, 35.15625, 35.9375, 36.71875, 37.5, 38.28125, 39.0625, 39.84375, 40.625, 41.40625, 42.1875, 42.96875, 43.75, 44.53125, 45.3125, 46.09375, 46.875, 47.65625, 48.4375, 49.21875, 50.0, 50.78125, 51.5625, 52.34375, 53.125, 53.90625, 54.6875, 55.46875, 56.25, 57.03125, 57.8125, 58.59375, 59.375, 60.15625, 60.9375, 61.71875, 62.5, 63.28125, 64.0625, 64.84375, 65.625, 66.40625, 67.1875, 67.96875, 68.75, 69.53125, 70.3125, 71.09375, 71.875, 72.65625, 73.4375, 74.21875, 75.0, 75.78125, 76.5625, 77.34375, 78.125, 78.90625, 79.6875, 80.46875, 81.25, 82.03125, 82.8125, 83.59375, 84.375, 85.15625, 85.9375, 86.71875, 87.5, 88.28125, 89.0625, 89.84375, 90.625, 91.40625, 92.1875, 92.96875, 93.75, 94.53125, 95.3125, 96.09375, 96.875, 97.65625, 98.4375, 99.21875, 100.0]}