{"psd": [73.49817896107933, 81.90991730141697, 79.16766882366827, 74.11504819373445, 69.00020032132736, 64.36388465114365, 61.43908602488243, 61.67813572195803, 64.2688352413079, 65.84766610955212, 66.54154799388878, 66.62353036977406, 67.46165946310583, 66.8700075986056, 68.84876484260909, 77.78434922222436, 76.06587793241562, 65.77051031764935, 65.64021078448961, 67.32353265950968, 68.8152832301929, 70.68226821688255, 71.05428638922781, 71.18348762954575, 70.78036100193455, 72.0202208941677, 72.93259802827133, 73.11536457650833, 72.5380957645587, 71.3138301510049, 71.11469535413049, 70.60134563341202, 70.49612435903438, 69.42589692273049, 68.89250432079622, 69.03259866358641, 68.9520914564403, 67.7888798461879, 69.52187236174838, 67.96449703674499, 65.62445693230993, 65.41501184316442, 65.23716768566229, 65.04099677691114, 65.5695788480318, 65.12651685229694, 68.11915363809797, 69.89815088078171, 66.12683620530358, 65.08607723468954, 66.11691979676824, 69.49723593962726, 68.05695397273608, 66.57487023563138, 67.94143470016161, 68.4205178904753, 68.07990000566579, 67.93423659870273, 68.26721054714592, 66.77994951865719, 66.27307660825176, 67.35627590682671, 67.1612642964759, 68.79033343624216, 70.39066453134554, 68.22994905966131, 68.31861778499461, 68.97674334540201, 69.15005322430633, 73.16900948728966, 79.23481384304316, 75.56278032088485, 70.11001193075656, 68.64364340555356, 69.03737921624867, 69.67480675739334, 67.69782304107001, 66.35480201618851, 65.38758483147615, 65.47490685350854, 65.15026799370605, 65.33798824319602, 66.24921889652657, 66.95726843478784, 66.61537233650779, 65.89520428144935, 65.63039454200893, 66.71763180202188, 65.8025318663666, 64.59298207896016, 65.08167074049584, 65.42383178357349, 65.95738838229431, 66.83295861486883, 66.83756512991093, 65.50366120532013, 65.692276541479, 65.42166244706483, 64.84636660219994, 65.3082955596588, 65.4821406161422, 65.70527376068861, 65.32513983190375, 65.94675925688611, 65.49648717237115, 65.28682550569748, 65.84355978061105, 65.97018195010295, 66.65962676587574, 67.44302283397852, 67.01532015410903, 66.82054270471886, 65.69203442535064, 64.07619687242111, 62.5928003363604, 61.80522873867353, 59.32395715912908, 57.04858887733194, 51.94778760360555, 47.31392912438836, 40.79120769366439, 34.39302340543862, 27.43256461030488, 22.780197349591216, 21.777944966610114, 21.387774423740797, 21.027445465222378, 21.407132725683773, 17.01413035470685], "f": [0.0, 0.78125, 1.5625, 2.34375, 3.125, 3.90625, 4.6875, 5.46875, 6.25, 7.03125, 7.8125, 8.59375, 9.375, 10.15625, 10.9375, 11.71875, 12.5, 13.28125, 14.0625, 14.84375, 15.625, 16.40625, 17.1875, 17.96875, 18.75, 19.53125, 20.3125, 21.09375, 21.875, 22.65625, 23.4375, 24.21875, 25.0, 25.78125, 26.5625, 27.34375, 28.125, 28.90625, 29.6875, 30.46875, 31.25, 32.03125, 32.8125, 33.59375, 34.375, 35.15625, 35.9375, 36.71875, 37.5, 38.28125, 39.0625, 39.84375, 40.625, 41.40625, 42.1875, 42.96875, 43.75, 44.53125, 45.3125, 46.09375, 46.875, 47.65625, 48.4375, 49.21875, 50.0, 50.78125, 51.5625, 52.34375, 53.125, 53.90625, 54.6875, 55.46875, 56.25, 57.03125, 57.8125, 58.59375, 59.375, 60.15625, 60.9375, 61.71875, 62.5, 63.28125, 64.0625, 64.84375, 65.625, 66.40625, 67.1875, 67.96875, 68.75, 69.53125, 70.3125, 71.09375, 71.875, 72.65625, 73.4375, 74.21875, 75.0, 75.78125, 76.5625, 77.34375, 78.125, 78.90625, 79.6875, 80.46875, 81.25, 82.03125, 82.8125, 83.59375, 84.375, 85.15625, 85.9375, 86.71875, 87.5, 88.28125, 89.0625, 89.84375, 90.625, 91.40625, 92.1875, 92.96875, 93.75, 94.53125, 95.3125, 96.09375, 96.875, 97.65625, 98.4375, 99.21875, 100.0]}