{"psd": [73.61714415419551, 82.00924924803971, 81.17171654783638, 76.44866982813524, 71.90924569475402, 66.8163656162994, 63.15008758773641, 61.81717116111757, 63.02361319612187, 64.69721562065146, 66.75907157083441, 69.18479044658665, 82.62434382727429, 94.71870623872242, 94.34536964095167, 80.74858187857913, 70.0581274375617, 70.46418532084438, 70.32242490964751, 85.04674160072733, 93.59350325807787, 91.19794143544708, 79.668490673717, 80.41400930476208, 83.03207486330987, 82.08272305755811, 86.69350135337739, 89.77472053936825, 83.82023217036024, 73.2835545567015, 72.32608159522985, 75.07041185896513, 75.96376562166463, 78.89844126415665, 83.04466737032803, 79.76133156169806, 82.22231164490319, 83.84700968647303, 82.67533571040842, 80.02083264880704, 83.61490512936192, 85.37708682696112, 79.04944956785677, 76.45998162524067, 75.5184942877766, 77.4687832482321, 85.70908777963984, 88.85926010655993, 87.64508327897377, 83.33584919838275, 82.36555124332419, 80.89278741868785, 81.46539342007961, 85.95258244560667, 90.83485806274962, 89.17175078435478, 82.36212952840553, 82.71288180869247, 83.43116858681361, 85.06198377143535, 87.89158098805026, 90.42259540163215, 87.31161182220836, 83.21486444486803, 83.11343101142805, 82.79096208551701, 83.72721832364414, 84.54267200207349, 84.8249224696099, 83.2701427265064, 82.10627374594418, 81.15703863319351, 78.84660530352954, 77.78643835299293, 78.10041180750537, 78.42829874656744, 77.47271773021527, 78.25522811108547, 79.10232628085174, 78.47486057497427, 75.84384726371118, 75.40733415821192, 77.141189581801, 78.99405392701743, 80.90656198237397, 80.01267998592475, 80.02001608524685, 81.336547225902, 81.41377995520338, 83.6959587526539, 85.53252844906959, 86.26470542140994, 85.98884638135515, 86.8334316461187, 86.7965708825723, 87.94265616088572, 87.8005773573448, 88.4297464843637, 89.31294688634067, 90.65334444880291, 91.5725143875909, 91.17290083518371, 90.97484049900461, 91.14922908359405, 91.51783804350137, 91.91756103177072, 91.54097229137363, 91.84047971745457, 91.15676731146402, 90.60572080546075, 90.36221055738885, 90.25871077762679, 90.62762881323519, 90.2869478687734, 89.68019121002203, 88.689337568398, 86.03031615418953, 83.1341907554601, 78.83545095204843, 74.54379412771091, 69.41126195511862, 62.655775644251634, 54.7968177475921, 46.28625088923077, 36.16919501437374, 27.453441833240362, 24.355258619922033, 23.378732407686993, 18.60228313366125], "f": [0.0, 0.78125, 1.5625, 2.34375, 3.125, 3.90625, 4.6875, 5.46875, 6.25, 7.03125, 7.8125, 8.59375, 9.375, 10.15625, 10.9375, 11.71875, 12.5, 13.28125, 14.0625, 14.84375, 15.625, 16.40625, 17.1875, 17.96875, 18.75, 19.53125, 20.3125, 21.09375, 21.875, 22.65625, 23.4375, 24.21875, 25.0, 25.78125, 26.5625, 27.34375, 28.125, 28.90625, 29.6875, 30.46875, 31.25, 32.03125, 32.8125, 33.59375, 34.375, 35.15625, 35.9375, 36.71875, 37.5, 38.28125, 39.0625, 39.84375, 40.625, 41.40625, 42.1875, 42.96875, 43.75, 44.53125, 45.3125, 46.09375, 46.875, 47.65625, 48.4375, 49.21875, 50.0, 50.78125, 51.5625, 52.34375, 53.125, 53.90625, 54.6875, 55.46875, 56.25, 57.03125, 57.8125, 58.59375, 59.375, 60.15625, 60.9375, 61.71875, 62.5, 63.28125, 64.0625, 64.84375, 65.625, 66.40625, 67.1875, 67.96875, 68.75, 69.53125, 70.3125, 71.09375, 71.875, 72.65625, 73.4375, 74.21875, 75.0, 75.78125, 76.5625, 77.34375, 78.125, 78.90625, 79.6875, 80.46875, 81.25, 82.03125, 82.8125, 83.59375, 84.375, 85.15625, 85.9375, 86.71875, 87.5, 88.28125, 89.0625, 89.84375, 90.625, 91.40625, 92.1875, 92.96875, 93.75, 94.53125, 95.3125, 96.09375, 96.875, 97.65625, 98.4375, 99.21875, 100.0]}