{"psd": [78.70818287763707, 87.3719845217852, 85.66881680092605, 79.8817399683523, 73.39046118006762, 70.38051166224992, 71.23555375253295, 70.03165976714372, 70.21885798358116, 72.49193986865527, 75.3978837157581, 73.90457328269929, 77.8720147831853, 77.60601179325357, 71.94941492463414, 71.47900319634917, 71.92575076566075, 72.20898053897545, 77.90633865634825, 80.09715990451409, 79.32037423408846, 77.38300061189618, 74.62134295327463, 74.78917309652255, 76.17169790080064, 77.94438648814148, 76.56359793042466, 75.39875068185731, 75.06387179690398, 79.19965832027331, 86.02230634359549, 83.14325643903872, 74.34996716877173, 73.55264622142492, 72.61100915089004, 72.92065251478807, 78.44361576049951, 87.59291152793327, 87.32722361481044, 80.1630723169568, 77.88043816106635, 76.05830252004364, 73.13875078917229, 72.53911651779032, 73.6378804861573, 74.09743910009423, 72.36735140038937, 72.66199482184028, 73.4997846359168, 75.30099958248086, 78.47263283752002, 78.22329096494614, 75.56790339844908, 75.78162178638954, 76.04529695797078, 78.29293304833351, 83.68330644842305, 81.77465267222536, 78.40019037427767, 79.67682907702388, 82.1498806418211, 81.58187524439084, 78.77099681838072, 78.9125542448227, 77.74459950069046, 77.43728561271803, 77.90007667133851, 78.28722489419745, 78.88232609624414, 80.19085534395373, 81.41275951537926, 82.29051084088618, 81.55061478832783, 82.83403486584709, 97.53822393647482, 103.15851217564715, 97.06753682831398, 84.1519087223316, 83.9006000227327, 83.48358512337157, 84.33795625063905, 84.02556475679431, 84.34281279037646, 83.87474463083309, 83.79949541732759, 83.15727442310614, 83.91250710384881, 84.36443231370004, 85.69246036905886, 86.93360273560307, 87.57606744842735, 87.84653802642593, 87.78124455484792, 90.65759850235237, 92.8642996773519, 89.33385799211466, 88.11740223604954, 88.00220037544068, 88.69676305668719, 89.07854297038342, 89.77675597756226, 90.13813480284878, 89.96371937659889, 89.89957303477844, 89.72969892021668, 89.17421167183366, 88.53120425912935, 88.38690438939544, 88.68362333304817, 88.74062617622057, 89.55327906667404, 89.72224631662344, 89.09104991911299, 87.90019444197779, 85.73619166605158, 84.26987412600886, 81.33353794008161, 78.28650077154234, 74.44339889837687, 69.57738768620493, 64.28475793610053, 58.19353917799752, 49.991661939759766, 41.5051304501253, 31.959763383837473, 25.230133800224248, 22.904240986912463, 22.733748037554598, 17.379820914869853], "f": [0.0, 0.78125, 1.5625, 2.34375, 3.125, 3.90625, 4.6875, 5.46875, 6.25, 7.03125, 7.8125, 8.59375, 9.375, 10.15625, 10.9375, 11.71875, 12.5, 13.28125, 14.0625, 14.84375, 15.625, 16.40625, 17.1875, 17.96875, 18.75, 19.53125, 20.3125, 21.09375, 21.875, 22.65625, 23.4375, 24.21875, 25.0, 25.78125, 26.5625, 27.34375, 28.125, 28.90625, 29.6875, 30.46875, 31.25, 32.03125, 32.8125, 33.59375, 34.375, 35.15625, 35.9375, 36.71875, 37.5, 38.28125, 39.0625, 39.84375, 40.625, 41.40625, 42.1875, 42.96875, 43.75, 44.53125, 45.3125, 46.09375, 46.875, 47.65625, 48.4375, 49.21875, 50.0, 50.78125, 51.5625, 52.34375, 53.125, 53.90625, 54.6875, 55.46875, 56.25, 57.03125, 57.8125, 58.59375, 59.375, 60.15625, 60.9375, 61.71875, 62.5, 63.28125, 64.0625, 64.84375, 65.625, 66.40625, 67.1875, 67.96875, 68.75, 69.53125, 70.3125, 71.09375, 71.875, 72.65625, 73.4375, 74.21875, 75.0, 75.78125, 76.5625, 77.34375, 78.125, 78.90625, 79.6875, 80.46875, 81.25, 82.03125, 82.8125, 83.59375, 84.375, 85.15625, 85.9375, 86.71875, 87.5, 88.28125, 89.0625, 89.84375, 90.625, 91.40625, 92.1875, 92.96875, 93.75, 94.53125, 95.3125, 96.09375, 96.875, 97.65625, 98.4375, 99.21875, 100.0]}