{"psd": [73.60830085414035, 81.90970950749968, 80.37188605713952, 76.849659575931, 71.81362608093369, 67.41749016281302, 64.0318252085199, 63.97341778330917, 64.84062361143104, 66.39343244614862, 69.4337580957485, 69.10600069538555, 65.79698085124278, 66.68946353725478, 67.34404706465519, 65.51726794338259, 65.18427308083395, 65.72554593154098, 68.72487297788611, 71.53105117095993, 69.37359695810885, 67.94503609431932, 68.51325519954256, 68.09395583907431, 65.98575058923026, 66.52706972873212, 67.98259068182307, 69.36877026476056, 68.81612537507834, 67.91406555488679, 70.19214567728027, 69.71638146371768, 67.82753022497963, 66.81298441570068, 66.86697026902743, 67.4306297271919, 68.39647785525985, 77.42616686857343, 88.0227472211676, 86.88009087569144, 73.39311234206663, 69.32968689860341, 69.74096370310707, 69.43786284876978, 70.21443870385986, 71.42076929709282, 72.00924884720352, 71.47820679397364, 79.32777056858396, 82.59238089963702, 74.90648903138172, 71.4418055999499, 71.63699649437712, 72.03458580658767, 71.6690701379393, 71.01010877811775, 71.25491645379273, 76.07134135262076, 77.12184718966333, 73.59558001671718, 73.62756358687122, 72.36170741468216, 72.51562049244433, 72.39823647194838, 73.1337373041663, 72.58351255294923, 71.68626390063794, 70.84013492696344, 70.99620754678567, 71.97508213635749, 70.7783019388545, 70.68538831762763, 70.07680102380871, 69.80061052255454, 73.55824239262878, 83.99316549694204, 94.18381396699787, 92.14852489550373, 79.43658891472606, 72.33094982657641, 68.1434646290701, 68.52276372282984, 72.12581294103202, 76.98509359703948, 72.30299210185154, 67.583480070702, 67.41195208268368, 67.09807194839502, 67.00035180111823, 67.2018435511127, 67.28992531201928, 68.00744520669491, 68.4611833088714, 67.94852602122367, 67.73053429708007, 73.38365628645751, 78.16429558113127, 73.23842452054566, 67.62543105869747, 67.56362366252156, 67.98550476798997, 68.29141031785058, 68.6854136595361, 68.51331720930442, 68.12079848338028, 68.13357041269572, 68.28683104941602, 68.06595174586468, 68.78137116266552, 69.66361946903464, 70.50563872426848, 70.32675736536063, 68.9901228676016, 68.91049076868232, 67.58005216366317, 69.18951899325221, 67.35753662637904, 60.99002480691486, 55.56948007419039, 51.153067502253094, 45.77284068393594, 39.64376760982401, 31.606866375508353, 25.49619961669932, 22.98247307542889, 22.001201059341014, 21.587400766792484, 21.24810485874759, 16.659283443459938], "f": [0.0, 0.78125, 1.5625, 2.34375, 3.125, 3.90625, 4.6875, 5.46875, 6.25, 7.03125, 7.8125, 8.59375, 9.375, 10.15625, 10.9375, 11.71875, 12.5, 13.28125, 14.0625, 14.84375, 15.625, 16.40625, 17.1875, 17.96875, 18.75, 19.53125, 20.3125, 21.09375, 21.875, 22.65625, 23.4375, 24.21875, 25.0, 25.78125, 26.5625, 27.34375, 28.125, 28.90625, 29.6875, 30.46875, 31.25, 32.03125, 32.8125, 33.59375, 34.375, 35.15625, 35.9375, 36.71875, 37.5, 38.28125, 39.0625, 39.84375, 40.625, 41.40625, 42.1875, 42.96875, 43.75, 44.53125, 45.3125, 46.09375, 46.875, 47.65625, 48.4375, 49.21875, 50.0, 50.78125, 51.5625, 52.34375, 53.125, 53.90625, 54.6875, 55.46875, 56.25, 57.03125, 57.8125, 58.59375, 59.375, 60.15625, 60.9375, 61.71875, 62.5, 63.28125, 64.0625, 64.84375, 65.625, 66.40625, 67.1875, 67.96875, 68.75, 69.53125, 70.3125, 71.09375, 71.875, 72.65625, 73.4375, 74.21875, 75.0, 75.78125, 76.5625, 77.34375, 78.125, 78.90625, 79.6875, 80.46875, 81.25, 82.03125, 82.8125, 83.59375, 84.375, 85.15625, 85.9375, 86.71875, 87.5, 88.28125, 89.0625, 89.84375, 90.625, 91.40625, 92.1875, 92.96875, 93.75, 94.53125, 95.3125, 96.09375, 96.875, 97.65625, 98.4375, 99.21875, 100.0]}