{"psd": [68.45335719710837, 76.81038493198704, 76.55089503048808, 73.8303969781495, 70.04152401922256, 65.5190912152037, 62.81250420613878, 62.08155066278795, 63.15478596240751, 64.27812892214732, 65.72808763273558, 67.34270807790074, 64.59377383007018, 64.24632220680091, 63.682607354800915, 65.90425861293916, 66.177615176765, 62.13344415655317, 61.350232403077236, 64.46948762963741, 64.4549619938588, 62.67154621390398, 63.36427467786568, 65.77795401101645, 64.88662494029639, 65.06256392476774, 65.25092037758901, 65.08733365053351, 65.05912412717828, 65.24778906187316, 65.31649131760325, 64.75223794049766, 64.25791575289249, 64.36792960310295, 64.46661474559002, 64.53408587057027, 64.4815060943498, 67.12055146451037, 72.39640116533099, 70.81016854328831, 64.92239806715693, 65.38451715443611, 64.89634498133583, 63.76822229374493, 64.33689000182987, 65.19221009720147, 66.98166286340968, 68.78820242401316, 68.87148895445742, 68.88516737960532, 68.18883636475027, 68.08766891294485, 67.59594029782791, 67.0066236872245, 66.90798785089594, 67.2431763197876, 68.23902875387772, 75.26504604790989, 76.07721266692636, 69.49200988938942, 67.28800788306447, 67.52296075947642, 67.57079928814774, 67.71125103028729, 67.74662485192053, 68.34245314848653, 67.79232373365949, 66.85795680381526, 66.45506973080735, 66.05561147780728, 66.25356796473878, 66.56107172790405, 66.1446029074332, 66.90019314336003, 69.95760738815792, 82.40793902893284, 93.34022794828046, 91.43851416531959, 74.982013092416, 66.20790416386679, 64.5828936246336, 64.0872855559034, 67.4650370311653, 73.59573765206918, 69.16021767038106, 63.906414252209665, 64.43539950264001, 63.59690304887729, 63.338780302437065, 64.75554037801497, 64.48080090771468, 64.11003992629325, 64.30273369324493, 63.95741034620413, 64.14723937008898, 76.65974840429615, 82.42830137223444, 76.52812239690918, 64.78534859978015, 65.6713479265997, 65.02900108402339, 64.60946802587867, 65.2610915618437, 65.53456598592722, 65.21181484910494, 64.72642409365447, 63.69275230764955, 63.380646833603656, 63.738208094316164, 64.4860865464271, 64.92919117819237, 65.28350231017578, 66.36023813261652, 63.79311955931422, 67.60081650376728, 75.29949502339801, 72.3372890257099, 57.87184687675855, 52.54748843906167, 47.40788467858241, 42.173238813786355, 36.59091280085154, 29.752875147634473, 24.02795034842246, 21.521956948982588, 21.259208318989764, 21.76052177893535, 21.63715271269617, 15.9680633172328], "f": [0.0, 0.78125, 1.5625, 2.34375, 3.125, 3.90625, 4.6875, 5.46875, 6.25, 7.03125, 7.8125, 8.59375, 9.375, 10.15625, 10.9375, 11.71875, 12.5, 13.28125, 14.0625, 14.84375, 15.625, 16.40625, 17.1875, 17.96875, 18.75, 19.53125, 20.3125, 21.09375, 21.875, 22.65625, 23.4375, 24.21875, 25.0, 25.78125, 26.5625, 27.34375, 28.125, 28.90625, 29.6875, 30.46875, 31.25, 32.03125, 32.8125, 33.59375, 34.375, 35.15625, 35.9375, 36.71875, 37.5, 38.28125, 39.0625, 39.84375, 40.625, 41.40625, 42.1875, 42.96875, 43.75, 44.53125, 45.3125, 46.09375, 46.875, 47.65625, 48.4375, 49.21875, 50.0, 50.78125, 51.5625, 52.34375, 53.125, 53.90625, 54.6875, 55.46875, 56.25, 57.03125, 57.8125, 58.59375, 59.375, 60.15625, 60.9375, 61.71875, 62.5, 63.28125, 64.0625, 64.84375, 65.625, 66.40625, 67.1875, 67.96875, 68.75, 69.53125, 70.3125, 71.09375, 71.875, 72.65625, 73.4375, 74.21875, 75.0, 75.78125, 76.5625, 77.34375, 78.125, 78.90625, 79.6875, 80.46875, 81.25, 82.03125, 82.8125, 83.59375, 84.375, 85.15625, 85.9375, 86.71875, 87.5, 88.28125, 89.0625, 89.84375, 90.625, 91.40625, 92.1875, 92.96875, 93.75, 94.53125, 95.3125, 96.09375, 96.875, 97.65625, 98.4375, 99.21875, 100.0]}