{"psd": [76.75312334440463, 85.3416540547032, 84.29119213863552, 78.88004607281376, 72.33354588833043, 66.66062295578092, 63.874442396259006, 63.37878485600717, 62.7016988753919, 64.87255360942382, 64.8849357021755, 67.30021750776862, 83.4199861639088, 86.29405527470622, 77.21485726122172, 67.93752622695112, 66.97987342032243, 67.61235341845311, 81.69688851359636, 89.20308747931544, 84.75821223568431, 75.51074398313878, 76.77553700294877, 78.89494477550473, 79.78297391967564, 87.56443868274955, 87.5083938349116, 76.44024017826328, 72.93526237482754, 73.21613148515598, 73.33081672292339, 76.69480277902804, 78.26950245973073, 74.99403560772907, 77.94609256133553, 81.686426176016, 83.10841060197107, 80.04145933185514, 82.2483992909129, 80.00376020136743, 73.03104960431429, 72.15893218240585, 73.04545203325011, 72.46068866495419, 76.96543182629844, 78.22928503334245, 76.85151201634753, 78.09934521769162, 78.71050465138441, 76.95944563261371, 84.25420288959843, 89.79411723557786, 83.91788350035114, 76.40713460442403, 78.73970170829244, 78.87154419710433, 78.87836933818136, 84.72399764600902, 85.44139326938614, 82.36274442411349, 80.21420812782998, 76.71763434375414, 76.03984423019261, 83.1870498652981, 85.65403287590402, 76.58486984288758, 70.66014441504662, 71.38816091144176, 71.41494830803776, 71.21459486470167, 74.15388086076402, 71.96938904691025, 69.2336253207157, 68.15669616127336, 68.24722061977094, 68.40897962235847, 72.25574760285664, 72.10046384632336, 66.7507017368998, 67.05668457800974, 69.27925806811812, 68.00040621969413, 68.55048952249406, 69.82600213396483, 68.44207000757248, 67.742058742097, 67.18313627961281, 68.03061687845751, 68.90784216335791, 71.89842587347894, 71.89289724768405, 70.44422369915074, 70.49953852117135, 70.87767215185154, 71.79513564184398, 76.2135916274909, 78.77509083922835, 75.38847955251902, 73.65158414939458, 73.67421198026324, 74.20107173019927, 78.70890656551832, 81.09847051085823, 77.45069224405296, 75.20624221747892, 76.87424479871532, 76.77013583623457, 75.73949998224433, 75.23842640862853, 75.447746124983, 74.26481184669557, 73.71565966686374, 73.77312372032327, 72.44059095681192, 72.04220118908363, 71.1461764324513, 67.43638483695588, 63.908379016669016, 59.47214714575595, 55.471186201385095, 49.87686213149276, 43.1525915625719, 36.7818990423907, 30.095185800138175, 25.053116379536494, 22.65746350187868, 21.90215022674861, 21.498550437451776, 16.62703555026759], "f": [0.0, 0.78125, 1.5625, 2.34375, 3.125, 3.90625, 4.6875, 5.46875, 6.25, 7.03125, 7.8125, 8.59375, 9.375, 10.15625, 10.9375, 11.71875, 12.5, 13.28125, 14.0625, 14.84375, 15.625, 16.40625, 17.1875, 17.96875, 18.75, 19.53125, 20.3125, 21.09375, 21.875, 22.65625, 23.4375, 24.21875, 25.0, 25.78125, 26.5625, 27.34375, 28.125, 28.90625, 29.6875, 30.46875, 31.25, 32.03125, 32.8125, 33.59375, 34.375, 35.15625, 35.9375, 36.71875, 37.5, 38.28125, 39.0625, 39.84375, 40.625, 41.40625, 42.1875, 42.96875, 43.75, 44.53125, 45.3125, 46.09375, 46.875, 47.65625, 48.4375, 49.21875, 50.0, 50.78125, 51.5625, 52.34375, 53.125, 53.90625, 54.6875, 55.46875, 56.25, 57.03125, 57.8125, 58.59375, 59.375, 60.15625, 60.9375, 61.71875, 62.5, 63.28125, 64.0625, 64.84375, 65.625, 66.40625, 67.1875, 67.96875, 68.75, 69.53125, 70.3125, 71.09375, 71.875, 72.65625, 73.4375, 74.21875, 75.0, 75.78125, 76.5625, 77.34375, 78.125, 78.90625, 79.6875, 80.46875, 81.25, 82.03125, 82.8125, 83.59375, 84.375, 85.15625, 85.9375, 86.71875, 87.5, 88.28125, 89.0625, 89.84375, 90.625, 91.40625, 92.1875, 92.96875, 93.75, 94.53125, 95.3125, 96.09375, 96.875, 97.65625, 98.4375, 99.21875, 100.0]}