{"psd": [73.47459254524483, 82.50225032874313, 81.61438930288178, 77.52248005504603, 72.97229841735752, 68.25290255261065, 65.82545086728575, 64.42325114846302, 66.66611806729611, 68.0564896301646, 68.25893355159634, 69.31932891709936, 78.93019006623922, 82.0209643047859, 73.183824644925, 66.00697386188972, 67.22983028252065, 71.15919138838423, 78.92700460866155, 85.95154503706915, 81.86973948803913, 73.90104792740613, 76.61561064200542, 75.79100185426107, 74.95951641960546, 77.9526055087572, 77.93472904950342, 73.19841568849591, 73.18522929162036, 70.95653911567402, 69.98815897279252, 75.09161810654058, 76.93969547347542, 74.02558499770916, 76.06434431624612, 79.20392752249705, 78.31224960084215, 74.84832690658637, 77.4319962202886, 74.97898640939783, 68.83086622422157, 69.82141492417156, 71.59222436461233, 73.97081753966555, 78.21446984012591, 79.24431285589117, 76.24415488434094, 76.2184079026438, 74.96822901089811, 73.195035899075, 77.18136888311957, 82.08200650304114, 78.019907676348, 75.61382418540882, 77.34349821804082, 77.46755422692448, 77.66594807511825, 84.19442558821743, 84.72778863058325, 80.02965635128506, 77.26448109349526, 76.26617637096385, 75.68984425264651, 81.83893741464031, 84.27088007980976, 75.65170730330908, 70.24946630072617, 71.62885078695504, 70.89180790847925, 71.59778476977438, 75.16119753143498, 73.34494310587428, 71.71309602846792, 70.35457242733254, 69.65293259000215, 70.75338738416858, 72.57655637452896, 72.57551037353106, 71.43313403201194, 71.24517659317742, 70.89872463565901, 70.48286996124321, 69.82713044439686, 71.97019837270062, 69.33509701177617, 69.00969336460659, 70.45805378435469, 69.85099442070907, 69.42631137414773, 68.32379547663406, 68.49163049171435, 68.06301906162682, 68.8079548718082, 70.46022695685282, 70.68767575262362, 74.73766946636248, 76.85123159351204, 72.24304638054646, 69.33104678917385, 68.8193193025195, 70.1577186558076, 71.21846855092974, 73.40731046695312, 72.84674025790852, 74.03075929287945, 74.62716049919118, 73.77290117967617, 73.41554103671885, 73.69258177557167, 72.65207022140618, 70.16196651904599, 69.64134706392238, 70.696367880838, 70.94073010757873, 70.56991005982539, 69.4383226511595, 67.59486323442377, 64.75436838894399, 60.82213625875536, 55.49257678159411, 50.51646345335203, 44.33141070399046, 37.799575604505755, 29.310336763757597, 23.925262479150685, 21.570446481197987, 21.48134373125407, 21.34235439325556, 16.69579938525629], "f": [0.0, 0.78125, 1.5625, 2.34375, 3.125, 3.90625, 4.6875, 5.46875, 6.25, 7.03125, 7.8125, 8.59375, 9.375, 10.15625, 10.9375, 11.71875, 12.5, 13.28125, 14.0625, 14.84375, 15.625, 16.40625, 17.1875, 17.96875, 18.75, 19.53125, 20.3125, 21.09375, 21.875, 22.65625, 23.4375, 24.21875, 25.0, 25.78125, 26.5625, 27.34375, 28.125, 28.90625, 29.6875, 30.46875, 31.25, 32.03125, 32.8125, 33.59375, 34.375, 35.15625, 35.9375, 36.71875, 37.5, 38.28125, 39.0625, 39.84375, 40.625, 41.40625, 42.1875, 42.96875, 43.75, 44.53125, 45.3125, 46.09375, 46.875, 47.65625, 48.4375, 49.21875, 50.0, 50.78125, 51.5625, 52.34375, 53.125, 53.90625, 54.6875, 55.46875, 56.25, 57.03125, 57.8125, 58.59375, 59.375, 60.15625, 60.9375, 61.71875, 62.5, 63.28125, 64.0625, 64.84375, 65.625, 66.40625, 67.1875, 67.96875, 68.75, 69.53125, 70.3125, 71.09375, 71.875, 72.65625, 73.4375, 74.21875, 75.0, 75.78125, 76.5625, 77.34375, 78.125, 78.90625, 79.6875, 80.46875, 81.25, 82.03125, 82.8125, 83.59375, 84.375, 85.15625, 85.9375, 86.71875, 87.5, 88.28125, 89.0625, 89.84375, 90.625, 91.40625, 92.1875, 92.96875, 93.75, 94.53125, 95.3125, 96.09375, 96.875, 97.65625, 98.4375, 99.21875, 100.0]}