{"psd": [76.84122925982608, 85.73146138327814, 84.2822427844009, 79.02919106049735, 72.79111704298471, 67.25683419314524, 63.05748616597016, 61.18608314400544, 64.80981048302792, 68.06098241505615, 65.0783144292808, 63.04358994491552, 62.03476413370133, 63.12043156691846, 64.93692745844433, 65.30645311326676, 64.17319708309954, 61.38325508445114, 62.254718390968804, 62.68546449141788, 62.74551367333146, 62.07658848077551, 61.90101529570887, 62.48488286471256, 62.29555785789578, 61.247079874328456, 61.313112859224105, 61.32808639722007, 61.69155101119526, 61.95921706866655, 61.53747633782808, 61.26463233906, 62.366456983698555, 62.99899400109919, 60.951309096764476, 61.41425815596179, 61.538861295970634, 61.7528238534896, 62.821367735824694, 63.18124893760444, 61.645102796395705, 60.139959083876164, 60.52187763288455, 60.60768716674589, 60.776913105163416, 61.884706762948134, 62.02093618849594, 61.75979578078049, 61.94643196347172, 61.99424789564674, 61.786920857916236, 61.74089435315079, 61.49733202775923, 62.12006126123735, 62.037219122988446, 62.57732612955144, 62.97109279380489, 63.311729623095715, 63.19104207152516, 62.3349033033833, 62.46942648746899, 62.48132477709763, 62.713689850343464, 63.244060508079905, 63.14852429403628, 63.47281030532247, 64.00969791613183, 63.92468632827784, 63.14045160060406, 62.891328889357716, 62.916847491484305, 63.30925629850384, 63.59853716032866, 63.43937334501046, 63.164452636521844, 65.55802824592581, 70.81690389815657, 69.3778415950143, 62.7328950346417, 61.28519434926634, 61.27776795468013, 61.33682411150418, 62.00289336686052, 61.8116220433125, 62.615425620514536, 62.254936200536335, 62.07676196721468, 61.56470896477722, 61.21500196066162, 61.389501361677965, 62.04783933347269, 61.567298419108354, 61.9828962463245, 61.63635612252865, 61.329847357808596, 62.452482438997514, 64.82116465309117, 62.8731882538175, 61.443088784242605, 60.89325091776037, 61.59503476192236, 61.55892474672196, 61.22689616624005, 61.21090369113864, 60.69340558151246, 60.200222801468605, 60.096223238415966, 60.609936647701744, 60.10796801187054, 60.66557528381733, 60.3676934541894, 59.99297649732532, 59.45058882811664, 58.48104680781654, 57.470726928332574, 56.24822038898603, 53.74567988575799, 50.14821307347306, 45.99439824330127, 41.465086665264025, 36.09867196499793, 30.260363976696517, 24.521329918195924, 22.27397917532008, 21.380714395724034, 21.267920886023795, 21.437433466326887, 21.655206851617645, 16.494520645185005], "f": [0.0, 0.78125, 1.5625, 2.34375, 3.125, 3.90625, 4.6875, 5.46875, 6.25, 7.03125, 7.8125, 8.59375, 9.375, 10.15625, 10.9375, 11.71875, 12.5, 13.28125, 14.0625, 14.84375, 15.625, 16.40625, 17.1875, 17.96875, 18.75, 19.53125, 20.3125, 21.09375, 21.875, 22.65625, 23.4375, 24.21875, 25.0, 25.78125, 26.5625, 27.34375, 28.125, 28.90625, 29.6875, 30.46875, 31.25, 32.03125, 32.8125, 33.59375, 34.375, 35.15625, 35.9375, 36.71875, 37.5, 38.28125, 39.0625, 39.84375, 40.625, 41.40625, 42.1875, 42.96875, 43.75, 44.53125, 45.3125, 46.09375, 46.875, 47.65625, 48.4375, 49.21875, 50.0, 50.78125, 51.5625, 52.34375, 53.125, 53.90625, 54.6875, 55.46875, 56.25, 57.03125, 57.8125, 58.59375, 59.375, 60.15625, 60.9375, 61.71875, 62.5, 63.28125, 64.0625, 64.84375, 65.625, 66.40625, 67.1875, 67.96875, 68.75, 69.53125, 70.3125, 71.09375, 71.875, 72.65625, 73.4375, 74.21875, 75.0, 75.78125, 76.5625, 77.34375, 78.125, 78.90625, 79.6875, 80.46875, 81.25, 82.03125, 82.8125, 83.59375, 84.375, 85.15625, 85.9375, 86.71875, 87.5, 88.28125, 89.0625, 89.84375, 90.625, 91.40625, 92.1875, 92.96875, 93.75, 94.53125, 95.3125, 96.09375, 96.875, 97.65625, 98.4375, 99.21875, 100.0]}