{"psd": [64.47809442379095, 71.82614800290534, 70.7825431460227, 69.48896678344349, 67.78273442228478, 65.52271501185787, 65.30900771068582, 67.15632640229614, 68.6877482087301, 68.70439926712612, 68.99450134037495, 69.71995044797963, 78.43472904023373, 89.62802834659792, 88.9470931305311, 76.21546429997119, 74.08979891117126, 69.52456282551731, 71.2130944969412, 85.56569854402818, 94.80275258840226, 92.50387186525523, 82.71832114510936, 83.26587382397815, 84.56906328092224, 81.0759656458514, 87.66306870770063, 90.18090057471014, 82.61494028868356, 73.1799625835753, 71.50370919999966, 74.29306990462068, 75.92864980788829, 83.5665708296669, 88.79957766050975, 84.32990286299125, 83.07388984564474, 82.29548926235657, 80.33486653503475, 79.78620033565761, 81.55922039749123, 81.60071320865994, 77.67146051060723, 77.8856978977266, 77.10561301024323, 78.14331697407593, 86.44059630797219, 88.84969389082768, 86.49149233193442, 84.08544525912424, 82.61347056895077, 82.38345999532079, 81.97200005561932, 85.6420250996872, 92.66420786780142, 90.73218102148039, 81.27372372874773, 83.33019251452335, 83.36267385794307, 84.63752764558718, 87.25506388154541, 89.76181607773869, 86.70206290361917, 84.57508407433728, 83.6149343013276, 81.5647326097801, 84.26437695826189, 85.37763659257395, 83.55386190411346, 81.36821831977237, 81.06729716589832, 80.96008812999484, 80.48403112374957, 78.75246104688836, 76.84828693696572, 76.55447668291538, 77.81101077614507, 78.43561293308258, 79.20444596769563, 80.03340092928389, 78.7753117007768, 77.29662134982864, 78.77704837837088, 80.56906632207202, 81.50156717665112, 81.87873543867886, 81.88080687814085, 82.07241189490809, 82.30216542097241, 85.49905520208654, 86.91749270171803, 87.6757270615974, 88.33429504923197, 89.28934759862663, 89.40942575959794, 89.54673662950702, 90.45198357224032, 90.86238341376976, 92.46014730333242, 92.70270352669988, 92.69556481057327, 92.86353621380454, 93.73631653857592, 93.9324067714085, 93.34525647145072, 92.75819771734801, 92.40782903182495, 92.63861903718197, 92.44414671907144, 92.10466674672634, 92.9856309531267, 93.57850878536654, 93.70611226814401, 93.08583725895653, 91.7219376787412, 90.56578474040803, 88.10261403706778, 85.01721891974455, 81.703170871657, 77.67136764195548, 71.8288505073131, 65.3393976835441, 57.06641994978992, 48.58955764718908, 38.38496452689593, 29.334735869550283, 25.156732268082678, 23.839871917954497, 19.065109788452585], "f": [0.0, 0.78125, 1.5625, 2.34375, 3.125, 3.90625, 4.6875, 5.46875, 6.25, 7.03125, 7.8125, 8.59375, 9.375, 10.15625, 10.9375, 11.71875, 12.5, 13.28125, 14.0625, 14.84375, 15.625, 16.40625, 17.1875, 17.96875, 18.75, 19.53125, 20.3125, 21.09375, 21.875, 22.65625, 23.4375, 24.21875, 25.0, 25.78125, 26.5625, 27.34375, 28.125, 28.90625, 29.6875, 30.46875, 31.25, 32.03125, 32.8125, 33.59375, 34.375, 35.15625, 35.9375, 36.71875, 37.5, 38.28125, 39.0625, 39.84375, 40.625, 41.40625, 42.1875, 42.96875, 43.75, 44.53125, 45.3125, 46.09375, 46.875, 47.65625, 48.4375, 49.21875, 50.0, 50.78125, 51.5625, 52.34375, 53.125, 53.90625, 54.6875, 55.46875, 56.25, 57.03125, 57.8125, 58.59375, 59.375, 60.15625, 60.9375, 61.71875, 62.5, 63.28125, 64.0625, 64.84375, 65.625, 66.40625, 67.1875, 67.96875, 68.75, 69.53125, 70.3125, 71.09375, 71.875, 72.65625, 73.4375, 74.21875, 75.0, 75.78125, 76.5625, 77.34375, 78.125, 78.90625, 79.6875, 80.46875, 81.25, 82.03125, 82.8125, 83.59375, 84.375, 85.15625, 85.9375, 86.71875, 87.5, 88.28125, 89.0625, 89.84375, 90.625, 91.40625, 92.1875, 92.96875, 93.75, 94.53125, 95.3125, 96.09375, 96.875, 97.65625, 98.4375, 99.21875, 100.0]}