{"psd": [65.99368252281076, 74.19731089805413, 72.3320750185526, 70.27877738302132, 67.1411946027691, 62.46986624457194, 60.35477722619956, 60.8229168437958, 62.03775259665549, 64.21222520883362, 64.91341444898937, 65.63167559704075, 80.477616930619, 85.62717462579278, 79.13896853517, 65.51306308830247, 65.98319146157915, 66.88913439772679, 78.10836533147908, 90.58290463725102, 89.83167577721183, 75.63187591813987, 74.47599237826195, 77.75530460339763, 78.29349389492589, 85.56832756140695, 90.3629233275508, 83.29223998051889, 67.27758042646681, 66.19322760197764, 69.19891951878655, 74.64898436735194, 83.50633496360518, 82.06780239150402, 72.6497771258431, 74.42938170977553, 74.53998866914625, 73.90553177429227, 77.36638947162336, 80.78549845977042, 74.46869393653107, 70.01960346794189, 70.63025011265556, 71.76848763178566, 72.42015185540494, 78.94336846909812, 79.12782117470749, 75.84884319691857, 73.35512720176814, 72.40592514316747, 73.19313189429566, 89.15439094930775, 93.00400872396436, 84.99360456777322, 71.30528434858432, 71.3855614844453, 73.32885104506927, 80.45388023039017, 88.55346087436443, 86.99412325013357, 79.14270580710463, 76.69322944309687, 76.52778111465666, 78.0804301962409, 80.44361539279008, 82.79607493862454, 76.88552020698711, 75.65057137584871, 74.98159864912711, 75.15742737937433, 76.04522389550692, 80.85905706084378, 78.52502483663041, 71.29507738170709, 69.67601133343565, 68.97556002779747, 69.16160560461677, 71.85284835392207, 73.48077955479054, 71.56955719672301, 72.38963334054846, 69.03672162685844, 69.063267104578, 69.95465716628297, 74.60980630267606, 72.96619292297737, 69.56271253965969, 69.2018679778465, 69.4656705925238, 69.55850892231541, 70.90283439751893, 71.07956515748552, 70.77829839096111, 70.52061255776896, 71.5869774928213, 73.26009534599513, 75.660577990065, 74.61667809489776, 73.42049024505654, 73.02779245843615, 73.22315478162346, 72.40451579438715, 74.39039189911604, 76.57899938734607, 78.2068088276541, 76.2703797754215, 76.11607995057913, 75.27638059748926, 75.53640492023825, 76.16861734355523, 76.69144733688842, 75.74585835827233, 75.71395162576577, 76.11875532046678, 75.13790981837718, 73.97854154500706, 72.58984425795123, 71.01654844174168, 66.73985258338257, 60.48193860930322, 56.015769498926026, 49.75774363569282, 42.87305669071642, 34.665726391343135, 27.995255844481388, 23.445246304407796, 21.535318067564116, 21.74333674692903, 17.015305070999016], "f": [0.0, 0.78125, 1.5625, 2.34375, 3.125, 3.90625, 4.6875, 5.46875, 6.25, 7.03125, 7.8125, 8.59375, 9.375, 10.15625, 10.9375, 11.71875, 12.5, 13.28125, 14.0625, 14.84375, 15.625, 16.40625, 17.1875, 17.96875, 18.75, 19.53125, 20.3125, 21.09375, 21.875, 22.65625, 23.4375, 24.21875, 25.0, 25.78125, 26.5625, 27.34375, 28.125, 28.90625, 29.6875, 30.46875, 31.25, 32.03125, 32.8125, 33.59375, 34.375, 35.15625, 35.9375, 36.71875, 37.5, 38.28125, 39.0625, 39.84375, 40.625, 41.40625, 42.1875, 42.96875, 43.75, 44.53125, 45.3125, 46.09375, 46.875, 47.65625, 48.4375, 49.21875, 50.0, 50.78125, 51.5625, 52.34375, 53.125, 53.90625, 54.6875, 55.46875, 56.25, 57.03125, 57.8125, 58.59375, 59.375, 60.15625, 60.9375, 61.71875, 62.5, 63.28125, 64.0625, 64.84375, 65.625, 66.40625, 67.1875, 67.96875, 68.75, 69.53125, 70.3125, 71.09375, 71.875, 72.65625, 73.4375, 74.21875, 75.0, 75.78125, 76.5625, 77.34375, 78.125, 78.90625, 79.6875, 80.46875, 81.25, 82.03125, 82.8125, 83.59375, 84.375, 85.15625, 85.9375, 86.71875, 87.5, 88.28125, 89.0625, 89.84375, 90.625, 91.40625, 92.1875, 92.96875, 93.75, 94.53125, 95.3125, 96.09375, 96.875, 97.65625, 98.4375, 99.21875, 100.0]}