{"psd": [76.07201301650058, 84.61358212760445, 83.2917901057105, 78.10362839680857, 72.28341151961834, 68.62130420184573, 65.52386464983321, 63.81204997381447, 65.7459044199819, 69.71952998730438, 69.0766426455711, 67.51802730376802, 70.82465436951506, 74.57955331550792, 75.66064830848414, 71.46029564323345, 70.10787253131551, 72.23329601547358, 74.70263910937996, 80.27058623296497, 82.30748779132361, 82.57908748688978, 81.10967936185878, 80.729446082301, 79.16501945734147, 77.34884212033103, 79.17518438730261, 78.60145754599456, 74.71527796960147, 71.64161696481834, 70.81857303407433, 75.4695617010922, 76.54016291248679, 77.58254774419039, 82.22232996387079, 83.25351184056194, 84.48211227427215, 80.68582587709273, 77.54084784480308, 78.68477912296227, 81.65789738178012, 80.71852007671882, 76.96447269419325, 75.05375173513394, 74.69926561790543, 74.11868320925447, 76.32484299475728, 78.5752621023023, 79.43419198315082, 78.7884814536519, 77.89886746191046, 79.36192834862489, 80.2352056085944, 82.34406661085012, 83.86737814139032, 82.41658185925637, 80.70385708575222, 81.45778645499317, 82.38911809774271, 82.04205452866375, 82.29168887510171, 83.93569802737346, 82.47084049155852, 80.28388337709765, 76.48144716792117, 73.32370590712812, 76.14975478822117, 77.1446618855152, 77.99704904491988, 75.91062845297662, 75.3739275866953, 77.1892782028192, 76.82884107966971, 73.65694784162457, 74.54979792454589, 74.88209511268738, 73.57500034748206, 73.00847995585332, 73.52614321760927, 73.94786715941576, 73.54555209172594, 72.96969418843292, 72.54253571216229, 71.79631980513834, 72.00818082140498, 72.32706058341934, 72.75085142374826, 72.93393216068057, 72.4579964244801, 71.58445537071611, 71.68906275091554, 71.44408930213935, 71.45023346398871, 71.90972010249587, 72.81280972283002, 74.07305859107876, 75.16077170962657, 74.56568872878047, 75.20418140807715, 74.24510121317374, 74.67357653522627, 75.0150681506578, 75.41577630447966, 75.81642171140533, 77.02840535369458, 76.97605688177251, 75.76892883352309, 75.06269026487485, 75.15329249388233, 75.14771783255699, 75.71149677098147, 74.73799202308075, 74.8950711718204, 73.93418216223891, 71.98225868762597, 69.03172055829862, 66.2775765707564, 63.59960818054311, 59.489233386512325, 55.32133414946713, 50.709424203006456, 44.20423304367585, 37.892969820228004, 30.51919750574315, 25.56665621796352, 23.748856928046116, 22.326848089666935, 22.077525593222443, 17.08948312742658], "f": [0.0, 0.78125, 1.5625, 2.34375, 3.125, 3.90625, 4.6875, 5.46875, 6.25, 7.03125, 7.8125, 8.59375, 9.375, 10.15625, 10.9375, 11.71875, 12.5, 13.28125, 14.0625, 14.84375, 15.625, 16.40625, 17.1875, 17.96875, 18.75, 19.53125, 20.3125, 21.09375, 21.875, 22.65625, 23.4375, 24.21875, 25.0, 25.78125, 26.5625, 27.34375, 28.125, 28.90625, 29.6875, 30.46875, 31.25, 32.03125, 32.8125, 33.59375, 34.375, 35.15625, 35.9375, 36.71875, 37.5, 38.28125, 39.0625, 39.84375, 40.625, 41.40625, 42.1875, 42.96875, 43.75, 44.53125, 45.3125, 46.09375, 46.875, 47.65625, 48.4375, 49.21875, 50.0, 50.78125, 51.5625, 52.34375, 53.125, 53.90625, 54.6875, 55.46875, 56.25, 57.03125, 57.8125, 58.59375, 59.375, 60.15625, 60.9375, 61.71875, 62.5, 63.28125, 64.0625, 64.84375, 65.625, 66.40625, 67.1875, 67.96875, 68.75, 69.53125, 70.3125, 71.09375, 71.875, 72.65625, 73.4375, 74.21875, 75.0, 75.78125, 76.5625, 77.34375, 78.125, 78.90625, 79.6875, 80.46875, 81.25, 82.03125, 82.8125, 83.59375, 84.375, 85.15625, 85.9375, 86.71875, 87.5, 88.28125, 89.0625, 89.84375, 90.625, 91.40625, 92.1875, 92.96875, 93.75, 94.53125, 95.3125, 96.09375, 96.875, 97.65625, 98.4375, 99.21875, 100.0]}