{"psd": [77.08715129258161, 85.31556672600396, 83.84390433652837, 79.22579773514363, 72.59694842259726, 66.95212342684569, 62.71767311158955, 60.67374490570532, 60.760138216307155, 61.98571742058704, 64.14370430238164, 65.67926541709016, 67.29245302367401, 69.24674551159077, 67.81419688860387, 64.77731609304995, 62.574326209233874, 61.72373356563031, 66.47669342541793, 72.75799637496537, 69.51525071687271, 64.23418685080935, 64.84162291920968, 66.6866843645711, 67.447464021033, 74.05593907964874, 73.96721107794352, 67.42790782443498, 67.1925923916615, 65.9215191427887, 64.90213835406789, 65.90121578804474, 66.69261787812178, 65.66287845429717, 66.16538675504685, 66.48141949498488, 66.37591705080767, 67.07765177504764, 71.79022748404401, 69.32102579339937, 63.06784708085271, 62.227916822505655, 61.776847535480385, 62.20998309070414, 64.89703135175483, 65.53123116811643, 62.65885646946502, 62.999261611941066, 63.11455134613152, 62.10608823721039, 68.14846119358732, 73.15958780488535, 67.66759979925341, 63.255275738991735, 63.58809224137303, 64.35455341124606, 66.22365098863852, 73.01853113042421, 71.76558901245099, 65.75858388015962, 64.82575652614695, 65.05436836223706, 64.5125472480191, 74.4682009452991, 77.06953383479579, 68.36734650326542, 64.18697788329185, 64.69073051233677, 64.16710936651755, 63.70346753974967, 64.0716102672714, 62.92749864203034, 62.24953745983301, 62.26250500173322, 61.95241149078629, 62.62645986306011, 64.4823581208753, 64.35219458144954, 61.74692352064408, 62.45577414434224, 63.90753361613572, 62.33629259106409, 62.64236087176716, 64.30733139396041, 61.769085339554636, 61.09911546075112, 60.860917421668375, 61.19504903322087, 61.07132030333, 62.02970537000564, 62.52898100526275, 61.10669924939236, 61.652208873583795, 64.14290630567537, 61.61526570938392, 65.7120387039147, 69.3027537393216, 64.70679144661023, 61.398474076761616, 61.018549333643065, 61.5261007507124, 63.816722276730445, 65.46325516166229, 62.45193345310459, 61.95112780357442, 62.97147621557836, 63.30169267627358, 63.03858616481917, 63.75072958232587, 63.12783577540937, 61.698567650803184, 62.30651071278861, 63.612148025182755, 60.97640585818999, 59.471200472088924, 58.236245920416195, 54.805650877068956, 50.94060498775082, 47.03138608877961, 42.50496082343553, 36.702267802995934, 31.155073614127055, 25.60875878057725, 21.862604667037328, 21.167901432155976, 21.071836715219664, 20.95994786240931, 20.86334500968393, 16.192291604482087], "f": [0.0, 0.78125, 1.5625, 2.34375, 3.125, 3.90625, 4.6875, 5.46875, 6.25, 7.03125, 7.8125, 8.59375, 9.375, 10.15625, 10.9375, 11.71875, 12.5, 13.28125, 14.0625, 14.84375, 15.625, 16.40625, 17.1875, 17.96875, 18.75, 19.53125, 20.3125, 21.09375, 21.875, 22.65625, 23.4375, 24.21875, 25.0, 25.78125, 26.5625, 27.34375, 28.125, 28.90625, 29.6875, 30.46875, 31.25, 32.03125, 32.8125, 33.59375, 34.375, 35.15625, 35.9375, 36.71875, 37.5, 38.28125, 39.0625, 39.84375, 40.625, 41.40625, 42.1875, 42.96875, 43.75, 44.53125, 45.3125, 46.09375, 46.875, 47.65625, 48.4375, 49.21875, 50.0, 50.78125, 51.5625, 52.34375, 53.125, 53.90625, 54.6875, 55.46875, 56.25, 57.03125, 57.8125, 58.59375, 59.375, 60.15625, 60.9375, 61.71875, 62.5, 63.28125, 64.0625, 64.84375, 65.625, 66.40625, 67.1875, 67.96875, 68.75, 69.53125, 70.3125, 71.09375, 71.875, 72.65625, 73.4375, 74.21875, 75.0, 75.78125, 76.5625, 77.34375, 78.125, 78.90625, 79.6875, 80.46875, 81.25, 82.03125, 82.8125, 83.59375, 84.375, 85.15625, 85.9375, 86.71875, 87.5, 88.28125, 89.0625, 89.84375, 90.625, 91.40625, 92.1875, 92.96875, 93.75, 94.53125, 95.3125, 96.09375, 96.875, 97.65625, 98.4375, 99.21875, 100.0]}