{"psd": [73.8661305611401, 82.75351061528147, 80.95047680901523, 76.96158548267233, 71.83677277683442, 66.74802374886107, 63.19007631766773, 62.3274616781828, 62.596702686443905, 64.36817070574723, 66.87609522557078, 67.43002767053169, 67.06817441846542, 66.24581665862208, 66.48858381813692, 67.1146016299298, 65.02392731820999, 66.01717972866248, 69.2751557226848, 72.2303098084315, 69.77791678561198, 67.65385292606092, 68.02886067032509, 66.3919681938208, 65.22063187660422, 66.11660390859105, 66.75952219704845, 66.58520585321374, 66.15084712846064, 67.56049870771352, 68.02846557178941, 67.72520109738491, 67.40285946724296, 67.3526960234818, 67.14164134322533, 67.82843871182838, 68.54663266599245, 75.38165774369368, 84.00515598239406, 81.89764672357447, 72.00748648047102, 70.55248510168158, 70.74249039761659, 70.31894547829825, 70.82757828126275, 70.90513420099501, 70.92487491864622, 71.0559907309702, 80.88842566048278, 84.57081305953176, 77.45222557048535, 71.39343247155227, 71.12953172057657, 70.69894132710962, 69.72380710967387, 69.73409983388875, 70.68532080866977, 78.21044749101715, 79.28356333524133, 73.14072254114214, 71.84600118486463, 72.37785342723765, 71.80978460411686, 71.49925588285842, 71.91380784166847, 71.11081175378169, 71.23895572218498, 70.79165737856741, 70.36646127877583, 70.64122972595521, 71.23061803645194, 71.60391273292605, 69.93108834273534, 70.0902373672242, 73.7045057050693, 82.94524244054077, 93.02991653303245, 91.43103516547427, 79.75357266332497, 74.63452359887354, 71.47418291838599, 70.93555227308849, 72.28806904630427, 75.97315184530883, 72.09861278971823, 69.26259056709354, 69.61473961974963, 69.06891934698604, 69.49450852155177, 69.45158311896316, 69.80212443128404, 69.58850391217081, 69.58521192699344, 69.7325315531239, 69.33914068089697, 73.61319370295458, 78.18556104122334, 74.02919577726004, 68.78187544378152, 69.2581486487014, 68.75939995113673, 68.64153128945576, 68.43238143911333, 69.07127345576912, 68.83114398445753, 69.15536977640994, 68.78815508747553, 69.33169625436864, 68.89475584940149, 69.56440815574491, 70.30796659334354, 70.40869747446064, 68.4451500350297, 67.72687807959856, 68.83591417359244, 74.78922487365847, 71.67454029760327, 59.07018618630709, 54.986195986274566, 50.86444251389671, 44.860095221211324, 38.786803022522804, 31.16224731007599, 24.602786864683353, 22.16939929661242, 21.720990520034125, 21.68473934146014, 21.576663307775906, 16.382360223278532], "f": [0.0, 0.78125, 1.5625, 2.34375, 3.125, 3.90625, 4.6875, 5.46875, 6.25, 7.03125, 7.8125, 8.59375, 9.375, 10.15625, 10.9375, 11.71875, 12.5, 13.28125, 14.0625, 14.84375, 15.625, 16.40625, 17.1875, 17.96875, 18.75, 19.53125, 20.3125, 21.09375, 21.875, 22.65625, 23.4375, 24.21875, 25.0, 25.78125, 26.5625, 27.34375, 28.125, 28.90625, 29.6875, 30.46875, 31.25, 32.03125, 32.8125, 33.59375, 34.375, 35.15625, 35.9375, 36.71875, 37.5, 38.28125, 39.0625, 39.84375, 40.625, 41.40625, 42.1875, 42.96875, 43.75, 44.53125, 45.3125, 46.09375, 46.875, 47.65625, 48.4375, 49.21875, 50.0, 50.78125, 51.5625, 52.34375, 53.125, 53.90625, 54.6875, 55.46875, 56.25, 57.03125, 57.8125, 58.59375, 59.375, 60.15625, 60.9375, 61.71875, 62.5, 63.28125, 64.0625, 64.84375, 65.625, 66.40625, 67.1875, 67.96875, 68.75, 69.53125, 70.3125, 71.09375, 71.875, 72.65625, 73.4375, 74.21875, 75.0, 75.78125, 76.5625, 77.34375, 78.125, 78.90625, 79.6875, 80.46875, 81.25, 82.03125, 82.8125, 83.59375, 84.375, 85.15625, 85.9375, 86.71875, 87.5, 88.28125, 89.0625, 89.84375, 90.625, 91.40625, 92.1875, 92.96875, 93.75, 94.53125, 95.3125, 96.09375, 96.875, 97.65625, 98.4375, 99.21875, 100.0]}