{"psd": [73.1102851219403, 81.99963538174045, 79.01553757485274, 74.15136006721728, 69.57645958539013, 64.93129027640174, 63.26898082315218, 63.497437552432714, 66.40330348519834, 66.63377918090957, 66.41263955965766, 66.81116997091831, 68.59140353760439, 68.24105639442888, 70.78640574138987, 80.202414765116, 78.45397056632416, 66.38356545491332, 65.92226946239005, 68.22402218941782, 68.72440971506737, 70.66303407254705, 71.77460803663719, 72.27298168597147, 71.31375252689236, 72.16376438944164, 73.25252149657777, 73.3211927859563, 72.87957951890276, 71.834405924311, 72.38286108258785, 72.56344616692243, 71.16327185904436, 70.85199484538306, 69.88083024720369, 69.44318307193592, 68.86176445742717, 69.27810896248167, 70.09307461118826, 68.75539080690592, 66.42618681701349, 65.2929083630359, 66.33628135352726, 66.77814934590782, 66.27056710003333, 66.20210118386659, 66.98188609334758, 68.12250524114279, 67.3739160729103, 65.68057947292542, 65.46716726653702, 67.42527539712077, 67.16150041135279, 67.26530242297233, 68.31964006866811, 70.90109387162039, 70.71918062790326, 69.07487673943452, 68.50287327457733, 67.60265000500058, 67.21721647860019, 67.78989485472704, 69.51285094287755, 75.46618689585164, 74.02752886173111, 68.54082480462048, 69.40547054245103, 69.84600151939459, 70.8553609594235, 74.40166030944614, 78.10556718650092, 74.8994801829504, 70.94453228702078, 69.3434441046501, 69.33452535364064, 69.5833431025282, 68.88087424359287, 68.10318158089743, 67.527859558003, 67.72579763094852, 67.0972273781372, 67.77508090654936, 68.78392953838164, 67.80173350126246, 67.63665739866082, 67.60515501461902, 67.88835005339746, 69.99433405163762, 67.84383175610738, 67.25061517885591, 67.7299603358993, 67.58053607686912, 68.58735114121588, 68.41670920010417, 66.78407025974658, 70.08517642686671, 72.92972667415852, 68.82195945791544, 67.53753959621805, 68.01493872716279, 68.38379721608754, 68.35125435967032, 67.95091032653666, 67.24053212427475, 67.3159352814885, 68.14137502683552, 68.83214828665987, 68.48669917771208, 68.52379198654268, 68.29464970522037, 69.15606344649255, 69.49640612783155, 67.91229760307904, 67.3714989974536, 66.38406500952695, 64.87966310482655, 62.763467208753, 59.87902189347067, 54.71285603668428, 49.482719157390456, 44.11750461689507, 37.304454607550724, 29.63045130487568, 23.757648575922712, 21.874255294657324, 21.52806274204774, 21.238419097041465, 21.480195034342103, 16.984597511636874], "f": [0.0, 0.78125, 1.5625, 2.34375, 3.125, 3.90625, 4.6875, 5.46875, 6.25, 7.03125, 7.8125, 8.59375, 9.375, 10.15625, 10.9375, 11.71875, 12.5, 13.28125, 14.0625, 14.84375, 15.625, 16.40625, 17.1875, 17.96875, 18.75, 19.53125, 20.3125, 21.09375, 21.875, 22.65625, 23.4375, 24.21875, 25.0, 25.78125, 26.5625, 27.34375, 28.125, 28.90625, 29.6875, 30.46875, 31.25, 32.03125, 32.8125, 33.59375, 34.375, 35.15625, 35.9375, 36.71875, 37.5, 38.28125, 39.0625, 39.84375, 40.625, 41.40625, 42.1875, 42.96875, 43.75, 44.53125, 45.3125, 46.09375, 46.875, 47.65625, 48.4375, 49.21875, 50.0, 50.78125, 51.5625, 52.34375, 53.125, 53.90625, 54.6875, 55.46875, 56.25, 57.03125, 57.8125, 58.59375, 59.375, 60.15625, 60.9375, 61.71875, 62.5, 63.28125, 64.0625, 64.84375, 65.625, 66.40625, 67.1875, 67.96875, 68.75, 69.53125, 70.3125, 71.09375, 71.875, 72.65625, 73.4375, 74.21875, 75.0, 75.78125, 76.5625, 77.34375, 78.125, 78.90625, 79.6875, 80.46875, 81.25, 82.03125, 82.8125, 83.59375, 84.375, 85.15625, 85.9375, 86.71875, 87.5, 88.28125, 89.0625, 89.84375, 90.625, 91.40625, 92.1875, 92.96875, 93.75, 94.53125, 95.3125, 96.09375, 96.875, 97.65625, 98.4375, 99.21875, 100.0]}