{"psd": [71.94002853563595, 80.51867910240561, 79.1178694093975, 75.28173697009825, 71.82776016435139, 68.55535415292604, 67.22355586103211, 66.29236844122504, 66.7235079829875, 67.6891020443584, 69.49890610290741, 72.26002817314682, 72.88507462777196, 72.83303311195978, 74.94557807338259, 80.63318118328431, 85.69184192445587, 82.70194346938902, 76.98304139065249, 76.96263408568211, 75.46775923907381, 74.38008196021143, 74.71554236624176, 75.3566592060329, 77.59448615296112, 76.04811064196178, 74.11206841994611, 73.51306094793802, 74.9836869734093, 75.32068671824217, 76.03046913225386, 80.19231977033242, 85.02122704799748, 84.1958956172384, 80.38289370231314, 79.03508066276876, 77.3567064256878, 76.6455992650832, 78.49566498414646, 89.69427503479146, 95.22776066660619, 90.8235481738251, 77.28514640841776, 73.60646519184102, 73.49983535172672, 73.94283492950987, 74.54096738497982, 77.71444685392044, 81.57504715811739, 82.5439310480154, 80.88729094079258, 81.57001047441904, 79.15159766178363, 76.67863019390693, 77.07795621473299, 81.43257423202861, 85.32098502266334, 83.0465319299976, 79.70469934723556, 77.2075159949162, 77.5070968555376, 80.40483183092039, 86.09025570519093, 99.41628072530351, 104.29506504064797, 101.17394489164793, 90.13355363127533, 85.32673120444156, 83.33556094716681, 82.72351746401712, 82.2907683127255, 85.39585558823745, 89.59653371191435, 86.62438966874049, 81.77085425608588, 81.08200643130941, 82.82936389907086, 83.06631574934373, 84.01349985419239, 88.74432321474474, 91.90253901370205, 89.77436398029047, 87.18813793269064, 86.03482171984375, 85.83340134020916, 85.42049438463755, 86.23939625168697, 90.81818127104272, 93.25387661553542, 90.92586263800888, 86.09249217860184, 84.01139617697606, 84.35193188643822, 84.62390047231779, 85.34736157345907, 87.07678450404171, 89.43976876403882, 88.25379111307001, 87.34955812895336, 87.33741526589068, 87.74782577953854, 87.78496454595617, 88.28506545551738, 89.973588447304, 90.89962320000478, 89.18388929250347, 88.26375631599957, 86.97321596303811, 87.23225509456334, 87.35166100983662, 87.7075349685866, 88.19345003303054, 88.25335202714506, 88.02786831170259, 87.08427899232171, 84.68876194869381, 82.82998332766327, 79.54775072743304, 76.3657152899387, 72.10088347956267, 67.39492227601383, 61.0952660301173, 52.53850273069731, 43.10635722320572, 32.92658848027568, 25.925934214444144, 23.70446725084402, 22.9981722010738, 18.03408656280108], "f": [0.0, 0.78125, 1.5625, 2.34375, 3.125, 3.90625, 4.6875, 5.46875, 6.25, 7.03125, 7.8125, 8.59375, 9.375, 10.15625, 10.9375, 11.71875, 12.5, 13.28125, 14.0625, 14.84375, 15.625, 16.40625, 17.1875, 17.96875, 18.75, 19.53125, 20.3125, 21.09375, 21.875, 22.65625, 23.4375, 24.21875, 25.0, 25.78125, 26.5625, 27.34375, 28.125, 28.90625, 29.6875, 30.46875, 31.25, 32.03125, 32.8125, 33.59375, 34.375, 35.15625, 35.9375, 36.71875, 37.5, 38.28125, 39.0625, 39.84375, 40.625, 41.40625, 42.1875, 42.96875, 43.75, 44.53125, 45.3125, 46.09375, 46.875, 47.65625, 48.4375, 49.21875, 50.0, 50.78125, 51.5625, 52.34375, 53.125, 53.90625, 54.6875, 55.46875, 56.25, 57.03125, 57.8125, 58.59375, 59.375, 60.15625, 60.9375, 61.71875, 62.5, 63.28125, 64.0625, 64.84375, 65.625, 66.40625, 67.1875, 67.96875, 68.75, 69.53125, 70.3125, 71.09375, 71.875, 72.65625, 73.4375, 74.21875, 75.0, 75.78125, 76.5625, 77.34375, 78.125, 78.90625, 79.6875, 80.46875, 81.25, 82.03125, 82.8125, 83.59375, 84.375, 85.15625, 85.9375, 86.71875, 87.5, 88.28125, 89.0625, 89.84375, 90.625, 91.40625, 92.1875, 92.96875, 93.75, 94.53125, 95.3125, 96.09375, 96.875, 97.65625, 98.4375, 99.21875, 100.0]}