{"psd": [71.6111700333966, 80.34996096165324, 78.96903605585683, 74.55083434069758, 69.55722724550127, 65.78893182912668, 64.25046115040001, 63.937773240250394, 66.86217632424543, 68.43001474762646, 67.48642729150406, 67.7948125206248, 68.73681818296114, 72.18671141148816, 68.44823546348128, 66.60791644811914, 67.65849129605358, 72.28807311867057, 72.34523126022742, 78.86674681984198, 77.64838883359772, 70.39841635019255, 72.3747958244888, 72.95601598241649, 72.45688079381904, 71.0330655962228, 72.4426963955773, 71.49220218631405, 69.9128236984785, 68.4386625033529, 67.78960582210547, 70.61487202576828, 75.41110754682924, 73.76241817728834, 71.34902307784357, 73.11060422001022, 71.46383629560025, 68.30445295252916, 67.57723420845154, 67.03181624089308, 66.20320485557716, 66.59654826267777, 67.91392618646894, 70.9694410838427, 70.94216229390497, 70.52625887569681, 69.25163686733802, 67.38753939587988, 67.74630306276973, 68.65726785878175, 70.34258916478218, 77.98305851891654, 80.96514055032617, 74.41009506583035, 71.03201824890982, 71.05310594030473, 71.99709453472201, 75.10416339355876, 78.62040628571351, 76.90247194028933, 73.57883953424053, 73.8219941186602, 72.83553471622116, 71.59955773684155, 75.01479395451932, 76.96574295449535, 70.32251997464834, 69.921989658889, 69.07600803904919, 68.82707371474055, 71.18321937732836, 75.02536071269404, 72.05674745356023, 67.67279246750677, 68.19084693317055, 69.47759698941766, 70.08314524557531, 71.87327948747512, 73.1012608361039, 68.78857338434646, 68.43586080154074, 67.52664873800298, 67.09706693262493, 67.28610348205416, 71.02664495068497, 68.933195490692, 68.54012096835578, 68.1693546182443, 66.76482102858121, 66.01903101782429, 67.5614471273323, 68.98690042614847, 66.65421828486986, 65.4650477365094, 66.40422576332034, 68.14744941749865, 71.36082256476658, 74.63555714484393, 70.7229432056064, 67.56501428833192, 68.86519646526409, 70.32562395947879, 69.98885368212862, 72.4280590849486, 73.39959445478866, 70.50516364240228, 69.72921175620965, 71.04916476383171, 71.35524293006958, 70.55315121528179, 69.17997312410469, 68.01371557081193, 67.8551093796008, 66.24459402184476, 64.39416459439839, 63.4844414786571, 62.78480127107437, 60.62187094790927, 57.108179417121946, 52.72499685250682, 47.5104571014769, 40.57340401369597, 33.961349341880734, 27.19199187609417, 22.90847454646478, 21.185834098194626, 21.085703819630204, 21.48600677740861, 16.689944658430196], "f": [0.0, 0.78125, 1.5625, 2.34375, 3.125, 3.90625, 4.6875, 5.46875, 6.25, 7.03125, 7.8125, 8.59375, 9.375, 10.15625, 10.9375, 11.71875, 12.5, 13.28125, 14.0625, 14.84375, 15.625, 16.40625, 17.1875, 17.96875, 18.75, 19.53125, 20.3125, 21.09375, 21.875, 22.65625, 23.4375, 24.21875, 25.0, 25.78125, 26.5625, 27.34375, 28.125, 28.90625, 29.6875, 30.46875, 31.25, 32.03125, 32.8125, 33.59375, 34.375, 35.15625, 35.9375, 36.71875, 37.5, 38.28125, 39.0625, 39.84375, 40.625, 41.40625, 42.1875, 42.96875, 43.75, 44.53125, 45.3125, 46.09375, 46.875, 47.65625, 48.4375, 49.21875, 50.0, 50.78125, 51.5625, 52.34375, 53.125, 53.90625, 54.6875, 55.46875, 56.25, 57.03125, 57.8125, 58.59375, 59.375, 60.15625, 60.9375, 61.71875, 62.5, 63.28125, 64.0625, 64.84375, 65.625, 66.40625, 67.1875, 67.96875, 68.75, 69.53125, 70.3125, 71.09375, 71.875, 72.65625, 73.4375, 74.21875, 75.0, 75.78125, 76.5625, 77.34375, 78.125, 78.90625, 79.6875, 80.46875, 81.25, 82.03125, 82.8125, 83.59375, 84.375, 85.15625, 85.9375, 86.71875, 87.5, 88.28125, 89.0625, 89.84375, 90.625, 91.40625, 92.1875, 92.96875, 93.75, 94.53125, 95.3125, 96.09375, 96.875, 97.65625, 98.4375, 99.21875, 100.0]}