{"psd": [69.4277593730331, 77.70926206549376, 75.78664722253149, 72.81657382322955, 69.41295457255286, 64.36780928933268, 61.4049101498473, 61.5149601110849, 63.355515109085985, 63.701275758541165, 64.6608366840697, 67.92068618857036, 81.91841220369659, 94.13655260341406, 93.5219619884264, 79.32828137535614, 70.0851759066396, 70.76835735137371, 69.58756826664369, 85.50490764727051, 94.30234511143213, 91.48397867931331, 77.85160279175346, 78.55420618866991, 81.46426597868471, 80.62258185000127, 87.30802432167506, 89.54787846210714, 81.32131302780638, 71.07687857606409, 70.1336272813575, 73.7978644266177, 74.50972224987697, 86.27108385369006, 90.5891850239855, 83.98489942292571, 82.86314828497473, 83.88542178126839, 82.23854447660534, 79.35302725699796, 81.63361563302641, 82.36086743847183, 76.13263282815348, 74.63155297484214, 73.74072985481054, 76.01097933172088, 86.48401473537075, 88.9465080883279, 85.31610836079591, 83.66081733117113, 82.95349275591043, 80.67845297434944, 80.81824778308112, 86.6715787425588, 89.64444685412418, 86.2786645170053, 80.76534195103207, 81.51012114439172, 81.9753589363094, 83.0284373205784, 86.63740659333982, 89.83960549919789, 85.74553551697201, 82.60357130451071, 81.91473697005905, 81.81001492978584, 83.41486383122593, 84.34978329871909, 84.64509954008562, 82.7807983814819, 82.05601067225807, 80.88534496755584, 78.31497373236631, 76.73626441874846, 75.13183787525554, 75.52666207007013, 75.60770582429, 76.20662506013167, 77.17138561578692, 76.48314012993886, 74.00224750790358, 73.33024455995941, 74.60196318187543, 76.11953196635815, 76.7616314346592, 76.29715070679549, 76.05910240872221, 76.65786087922072, 79.59824265587501, 81.92999980469473, 82.39206795085477, 83.73707680150662, 84.91187856148947, 84.32820272131369, 84.49349699057612, 84.59566757002209, 84.6900556849838, 85.33796986662877, 87.12036677650148, 88.18040675529849, 88.73439882409635, 89.75240233004416, 90.49884818470639, 91.27702645083002, 92.20225882701457, 92.44967545945146, 91.18743872923349, 90.79936998935705, 90.12560896712014, 89.64108513696513, 89.57865225079884, 90.42843654454123, 91.13854402477571, 91.64880133476996, 90.33506810286076, 89.33620104811929, 86.80926519883394, 83.58347341974088, 79.36065591353848, 75.51436901094024, 69.95945019268929, 63.36120294731898, 55.61166817924893, 47.174240344432036, 37.77506534405142, 28.343427352327314, 24.47884927533206, 22.900698657475594, 18.11954172522961], "f": [0.0, 0.78125, 1.5625, 2.34375, 3.125, 3.90625, 4.6875, 5.46875, 6.25, 7.03125, 7.8125, 8.59375, 9.375, 10.15625, 10.9375, 11.71875, 12.5, 13.28125, 14.0625, 14.84375, 15.625, 16.40625, 17.1875, 17.96875, 18.75, 19.53125, 20.3125, 21.09375, 21.875, 22.65625, 23.4375, 24.21875, 25.0, 25.78125, 26.5625, 27.34375, 28.125, 28.90625, 29.6875, 30.46875, 31.25, 32.03125, 32.8125, 33.59375, 34.375, 35.15625, 35.9375, 36.71875, 37.5, 38.28125, 39.0625, 39.84375, 40.625, 41.40625, 42.1875, 42.96875, 43.75, 44.53125, 45.3125, 46.09375, 46.875, 47.65625, 48.4375, 49.21875, 50.0, 50.78125, 51.5625, 52.34375, 53.125, 53.90625, 54.6875, 55.46875, 56.25, 57.03125, 57.8125, 58.59375, 59.375, 60.15625, 60.9375, 61.71875, 62.5, 63.28125, 64.0625, 64.84375, 65.625, 66.40625, 67.1875, 67.96875, 68.75, 69.53125, 70.3125, 71.09375, 71.875, 72.65625, 73.4375, 74.21875, 75.0, 75.78125, 76.5625, 77.34375, 78.125, 78.90625, 79.6875, 80.46875, 81.25, 82.03125, 82.8125, 83.59375, 84.375, 85.15625, 85.9375, 86.71875, 87.5, 88.28125, 89.0625, 89.84375, 90.625, 91.40625, 92.1875, 92.96875, 93.75, 94.53125, 95.3125, 96.09375, 96.875, 97.65625, 98.4375, 99.21875, 100.0]}