{"psd": [76.21921786730087, 85.1343480902386, 83.82820216131508, 78.4202532685193, 71.43988401578142, 65.82666491825594, 63.38221430793273, 62.49003811546789, 62.072245362223526, 61.95072366397873, 63.618558754717014, 67.38043439845086, 80.95331128916254, 83.61119463071894, 74.45664324161483, 65.23265313714673, 67.93624949853391, 66.42259797228147, 79.14846395959455, 86.62817408240686, 82.12576728494491, 71.74639177789845, 73.66966912623748, 75.82071577423633, 78.95379661024468, 89.10368122682742, 88.77739360585505, 75.13837558944391, 66.90137308224502, 65.99502723056435, 67.60489762574397, 74.0850474560796, 76.46220872805115, 72.54756075516082, 72.24511278728973, 71.48928028161957, 72.336929415603, 74.7671046631227, 80.98355900013338, 77.85256393013442, 68.99862353298191, 68.5889218935801, 69.84820078436086, 70.64534713715608, 78.08848726371038, 79.13629823140366, 72.33333043580951, 71.79399327618975, 73.43463393400941, 73.4742769320854, 86.37834135709817, 91.85328555723017, 85.71746391706044, 70.21296090634875, 70.51855509013693, 72.97956053615206, 77.77938067437164, 85.56107741784888, 84.18398409092084, 76.23538854817278, 75.20445766898143, 74.45695047772783, 76.37027286891679, 83.21685041343976, 85.35808334911808, 77.19889974278989, 73.96734812461713, 74.53678951996982, 74.62254105140643, 72.43159378028864, 73.41756834873065, 71.72413941398217, 68.7447016961261, 67.86584746860514, 67.21361731236584, 68.19595448295524, 75.51280272133128, 75.23316736971844, 67.29713680833419, 66.48831736025177, 67.064567911315, 66.78772331527648, 68.49004067196, 70.58324837018819, 66.96259367324075, 65.40806011152551, 65.43774552842021, 65.49351383326356, 66.22938955463674, 69.48583554631303, 68.51577148705408, 65.52770213247524, 66.31774237258972, 69.44180687189727, 68.12434778645374, 74.57706673876531, 76.26056700168573, 68.88472982081791, 65.27778318137325, 64.67102098430607, 65.86452018671639, 74.36449197402142, 79.26147119029952, 73.85535428601712, 68.12957735225238, 68.61170284656524, 70.10180948868593, 69.82776997540785, 70.52341500088622, 69.42233779418125, 66.58349058882901, 67.11000360140045, 67.98513101684784, 67.58553412940903, 66.69763634421888, 64.94234567480655, 60.44786104164099, 56.20794060660958, 51.912869120370495, 47.2899529443908, 42.37637368890853, 37.411408592784234, 31.87362709831317, 23.521173131157486, 21.71121499652135, 21.320384336487376, 21.32603439900648, 21.38031440585187, 16.38726724769567], "f": [0.0, 0.78125, 1.5625, 2.34375, 3.125, 3.90625, 4.6875, 5.46875, 6.25, 7.03125, 7.8125, 8.59375, 9.375, 10.15625, 10.9375, 11.71875, 12.5, 13.28125, 14.0625, 14.84375, 15.625, 16.40625, 17.1875, 17.96875, 18.75, 19.53125, 20.3125, 21.09375, 21.875, 22.65625, 23.4375, 24.21875, 25.0, 25.78125, 26.5625, 27.34375, 28.125, 28.90625, 29.6875, 30.46875, 31.25, 32.03125, 32.8125, 33.59375, 34.375, 35.15625, 35.9375, 36.71875, 37.5, 38.28125, 39.0625, 39.84375, 40.625, 41.40625, 42.1875, 42.96875, 43.75, 44.53125, 45.3125, 46.09375, 46.875, 47.65625, 48.4375, 49.21875, 50.0, 50.78125, 51.5625, 52.34375, 53.125, 53.90625, 54.6875, 55.46875, 56.25, 57.03125, 57.8125, 58.59375, 59.375, 60.15625, 60.9375, 61.71875, 62.5, 63.28125, 64.0625, 64.84375, 65.625, 66.40625, 67.1875, 67.96875, 68.75, 69.53125, 70.3125, 71.09375, 71.875, 72.65625, 73.4375, 74.21875, 75.0, 75.78125, 76.5625, 77.34375, 78.125, 78.90625, 79.6875, 80.46875, 81.25, 82.03125, 82.8125, 83.59375, 84.375, 85.15625, 85.9375, 86.71875, 87.5, 88.28125, 89.0625, 89.84375, 90.625, 91.40625, 92.1875, 92.96875, 93.75, 94.53125, 95.3125, 96.09375, 96.875, 97.65625, 98.4375, 99.21875, 100.0]}