{"psd": [66.87307087155281, 75.3857807902091, 72.46181445404689, 69.21912660738087, 66.63079097727818, 61.66395151183997, 60.16355999382701, 61.02654647027926, 61.784125813027146, 62.38676737621213, 63.638957283896225, 66.92756876443563, 80.5140638747629, 93.31320852108588, 92.92147140634299, 78.96485025353824, 67.4709922741045, 66.67160138244813, 68.73732837321016, 84.30650901847383, 92.64217248179409, 89.31840438340498, 77.78111778368712, 79.06326164118745, 83.04135600428222, 81.75998018372917, 86.22519517354041, 90.09862954332704, 83.58303747379719, 70.87082207460726, 69.28265412287872, 72.81029082399746, 74.00845106973891, 82.05200029573028, 86.60743549118547, 80.24751018826095, 80.05705014473276, 81.33901096534885, 79.66994212069687, 77.24790222403739, 82.1404103492105, 83.81208344203489, 76.18158959225161, 74.16577583504574, 74.03553612659971, 75.02649041294806, 83.7927600736228, 86.9072475992707, 84.24080457904424, 82.58664151222307, 81.31758315018807, 79.11003798716978, 79.27428932964423, 86.7921303023231, 90.176212059363, 86.7755396782211, 80.64529875736767, 81.24863431346101, 80.69152308176969, 83.3276352115248, 88.62772326489943, 91.05924486448622, 86.05928797656622, 80.99171618077531, 81.05545636531984, 80.73981959276526, 82.476184860067, 83.39801049729505, 83.41838576993125, 80.49127207784993, 79.31169582363368, 77.55761245203132, 75.74179990214726, 74.91972202228332, 74.3842431304603, 74.28567238604244, 73.08257746515277, 73.60706175159375, 74.26640087397492, 74.67567224714945, 73.43099060952348, 72.61566514323371, 72.74864033764216, 73.27871753820692, 72.89056442857327, 74.19524692731, 77.09104107103443, 78.15067685054434, 78.61523090487906, 77.45058537185693, 77.68774165088921, 79.1517514239143, 80.1252794244668, 80.71510727745029, 83.23809469179076, 84.09836488160988, 84.05607744142952, 84.56317364313925, 86.16035158338397, 85.9510486662888, 85.84076637728126, 86.85466981692088, 87.39967235113552, 88.46942991436751, 88.67013474974245, 88.38139489734755, 87.71184107282322, 88.4722241391347, 87.77361528685543, 88.09283166223969, 88.05892739341763, 88.57197415346393, 88.6968084348789, 87.78152921053328, 87.65411036187153, 86.78173154768643, 84.86773961577146, 81.19908181864845, 77.07025882176029, 73.38441810442107, 68.39434798070769, 62.48784421667818, 55.753948978733725, 46.749462247769344, 36.312992476614355, 27.26057208294838, 23.472420631853936, 22.78879285875091, 17.483702346749382], "f": [0.0, 0.78125, 1.5625, 2.34375, 3.125, 3.90625, 4.6875, 5.46875, 6.25, 7.03125, 7.8125, 8.59375, 9.375, 10.15625, 10.9375, 11.71875, 12.5, 13.28125, 14.0625, 14.84375, 15.625, 16.40625, 17.1875, 17.96875, 18.75, 19.53125, 20.3125, 21.09375, 21.875, 22.65625, 23.4375, 24.21875, 25.0, 25.78125, 26.5625, 27.34375, 28.125, 28.90625, 29.6875, 30.46875, 31.25, 32.03125, 32.8125, 33.59375, 34.375, 35.15625, 35.9375, 36.71875, 37.5, 38.28125, 39.0625, 39.84375, 40.625, 41.40625, 42.1875, 42.96875, 43.75, 44.53125, 45.3125, 46.09375, 46.875, 47.65625, 48.4375, 49.21875, 50.0, 50.78125, 51.5625, 52.34375, 53.125, 53.90625, 54.6875, 55.46875, 56.25, 57.03125, 57.8125, 58.59375, 59.375, 60.15625, 60.9375, 61.71875, 62.5, 63.28125, 64.0625, 64.84375, 65.625, 66.40625, 67.1875, 67.96875, 68.75, 69.53125, 70.3125, 71.09375, 71.875, 72.65625, 73.4375, 74.21875, 75.0, 75.78125, 76.5625, 77.34375, 78.125, 78.90625, 79.6875, 80.46875, 81.25, 82.03125, 82.8125, 83.59375, 84.375, 85.15625, 85.9375, 86.71875, 87.5, 88.28125, 89.0625, 89.84375, 90.625, 91.40625, 92.1875, 92.96875, 93.75, 94.53125, 95.3125, 96.09375, 96.875, 97.65625, 98.4375, 99.21875, 100.0]}