{"psd": [68.75836208862954, 77.88772055897577, 76.63534161746671, 72.69959832000794, 68.92674153899087, 63.92074833104728, 62.58304939810313, 62.09815816562368, 61.08573002062542, 63.128195602537794, 65.04507239216991, 66.26463289904467, 67.63506958685193, 69.98761711812325, 67.31062925246667, 64.39749055364156, 64.28756930255847, 62.70200466913228, 63.40585525325024, 65.54657036415398, 64.52062990469499, 64.80921230271991, 65.35681474910525, 66.77115933235916, 65.86315026609996, 65.93854205634278, 65.42792055293096, 65.81711639411346, 65.81131051927169, 65.34132818083168, 65.00776444590117, 65.50081910113943, 69.14732245617586, 69.05474310165955, 70.7790424981548, 70.05684263425753, 65.14129137375394, 67.43016908465131, 73.92290549398462, 72.65027630426938, 67.15189093367368, 65.82323654378405, 64.6257206497087, 64.64324608803729, 65.99811704601339, 69.11018059513304, 71.18729268292111, 70.6753655776915, 70.55420623104641, 69.42949004257697, 69.1540062774318, 68.66751112910165, 68.7145089216832, 68.5316556086222, 68.09607002130154, 69.00806368736784, 71.36452155159526, 76.47859258679642, 76.5338630573191, 71.33424956443046, 69.05282277770455, 68.08171615331706, 67.60012649398791, 68.60206557789034, 68.89114989827631, 70.14686819707097, 70.92102029278306, 71.56594081277089, 73.64022976923695, 74.8695573529592, 72.06513044549256, 70.89543039756381, 70.42236516145869, 70.08672382670343, 72.00981632740131, 81.52697893616504, 91.5800767094288, 89.54177200995389, 75.88779971686712, 72.58016501977106, 72.80873337988075, 70.83012731172055, 70.63189575203938, 73.81890358979068, 71.04623373884822, 68.89199697538751, 69.19896960126265, 69.3664505138848, 69.67322578037616, 69.89569827478712, 70.12355852688808, 71.00536240802485, 71.49653644248515, 69.66412419165442, 69.14319109320314, 78.80002438627797, 84.4581713743615, 78.71465435692372, 69.29052316992025, 69.33653000016251, 68.78864245380163, 67.75269115009858, 68.02469571075919, 68.62879405417881, 67.40950792509868, 66.89834488485326, 67.20162932480198, 68.84902520968726, 67.47450162338806, 66.86117941258483, 66.16487326866432, 65.85736605501444, 66.34398319713978, 65.37092795519624, 69.16236840947201, 77.58711962386103, 74.32535818738249, 58.46862266250782, 53.385237837392125, 48.60584586315733, 43.079265980017034, 37.294034562095405, 30.72618074586273, 24.319717775960406, 21.74626349680161, 21.145321112797863, 20.844519520015638, 21.535570455856256, 16.621284713321323], "f": [0.0, 0.78125, 1.5625, 2.34375, 3.125, 3.90625, 4.6875, 5.46875, 6.25, 7.03125, 7.8125, 8.59375, 9.375, 10.15625, 10.9375, 11.71875, 12.5, 13.28125, 14.0625, 14.84375, 15.625, 16.40625, 17.1875, 17.96875, 18.75, 19.53125, 20.3125, 21.09375, 21.875, 22.65625, 23.4375, 24.21875, 25.0, 25.78125, 26.5625, 27.34375, 28.125, 28.90625, 29.6875, 30.46875, 31.25, 32.03125, 32.8125, 33.59375, 34.375, 35.15625, 35.9375, 36.71875, 37.5, 38.28125, 39.0625, 39.84375, 40.625, 41.40625, 42.1875, 42.96875, 43.75, 44.53125, 45.3125, 46.09375, 46.875, 47.65625, 48.4375, 49.21875, 50.0, 50.78125, 51.5625, 52.34375, 53.125, 53.90625, 54.6875, 55.46875, 56.25, 57.03125, 57.8125, 58.59375, 59.375, 60.15625, 60.9375, 61.71875, 62.5, 63.28125, 64.0625, 64.84375, 65.625, 66.40625, 67.1875, 67.96875, 68.75, 69.53125, 70.3125, 71.09375, 71.875, 72.65625, 73.4375, 74.21875, 75.0, 75.78125, 76.5625, 77.34375, 78.125, 78.90625, 79.6875, 80.46875, 81.25, 82.03125, 82.8125, 83.59375, 84.375, 85.15625, 85.9375, 86.71875, 87.5, 88.28125, 89.0625, 89.84375, 90.625, 91.40625, 92.1875, 92.96875, 93.75, 94.53125, 95.3125, 96.09375, 96.875, 97.65625, 98.4375, 99.21875, 100.0]}