{"psd": [73.15886958760106, 81.18955999617349, 79.66406738821053, 76.26194681277268, 71.87594318633231, 68.37496999272881, 65.034127188964, 66.53470093868475, 67.909868820158, 68.59431643020373, 68.98205556970433, 67.45269952136489, 67.27355290694905, 69.1756940880006, 68.32466010120345, 65.83661628043777, 66.11484210253079, 68.16157910555415, 70.82722265698739, 72.4729125271119, 69.96953333069496, 68.98535264370653, 70.54318434790078, 70.18406475396488, 67.44172932103496, 67.14278667416562, 68.14035182920561, 70.05626293474695, 69.5399573790172, 68.52038462709918, 70.24696100368955, 70.4921751172439, 68.64036075296283, 68.12594655905701, 68.67598049564475, 68.36025988564836, 69.5488494430757, 77.61828883629892, 88.41570324915735, 87.34314039372524, 74.31821651052401, 71.0005501692525, 69.97597286655625, 69.36781244375227, 69.92438589812109, 72.55563104629269, 72.47226973854242, 71.51599079851846, 79.9940647661544, 83.30396918948254, 76.0767172564082, 71.73302592500892, 71.41757958971104, 71.21651770657456, 71.65899232208358, 71.03291461644466, 71.3189447952065, 74.69330663316775, 75.56887660368207, 73.77012469428516, 73.34257739945625, 72.77751476801329, 72.66276704027374, 72.56224260650522, 72.02067600423854, 71.46606907823552, 70.39569381714824, 70.52348366321264, 71.19674464187963, 71.21516278313126, 70.09837531968518, 69.84148739550484, 70.14169211070305, 70.08217836411538, 73.51344084990833, 83.85289633008362, 93.86247984696972, 91.8211485329212, 79.66256535254948, 72.71917895025848, 67.95143116087584, 69.21938124910804, 72.56650869837962, 77.23518836039955, 73.0039279550061, 68.08043283753899, 67.920901550629, 67.52810280631518, 67.56371244906681, 68.35330508875799, 69.25354688479625, 69.77569084784226, 70.03037606481924, 69.08532782321655, 69.01307540901107, 73.60900994258243, 78.29304151366551, 73.75540365680011, 69.1716804847073, 69.61038355474835, 69.56285481969574, 69.52650266709068, 70.2835680936345, 69.89829670595537, 69.68628238470878, 70.22426039120771, 70.08221506529618, 69.91434932072977, 70.42456059138713, 70.84874219134632, 70.96554554697926, 71.0288725975283, 69.3553679724719, 69.63451743061358, 69.2900440131861, 71.97148873480756, 68.71436127033141, 61.001002688680906, 56.12514466136944, 51.575398983164064, 46.369642054821355, 40.69636692754227, 32.80459339672681, 25.70608844872209, 22.72511928705191, 21.863720065615425, 21.570633403103425, 21.627079844278406, 16.644740800731135], "f": [0.0, 0.78125, 1.5625, 2.34375, 3.125, 3.90625, 4.6875, 5.46875, 6.25, 7.03125, 7.8125, 8.59375, 9.375, 10.15625, 10.9375, 11.71875, 12.5, 13.28125, 14.0625, 14.84375, 15.625, 16.40625, 17.1875, 17.96875, 18.75, 19.53125, 20.3125, 21.09375, 21.875, 22.65625, 23.4375, 24.21875, 25.0, 25.78125, 26.5625, 27.34375, 28.125, 28.90625, 29.6875, 30.46875, 31.25, 32.03125, 32.8125, 33.59375, 34.375, 35.15625, 35.9375, 36.71875, 37.5, 38.28125, 39.0625, 39.84375, 40.625, 41.40625, 42.1875, 42.96875, 43.75, 44.53125, 45.3125, 46.09375, 46.875, 47.65625, 48.4375, 49.21875, 50.0, 50.78125, 51.5625, 52.34375, 53.125, 53.90625, 54.6875, 55.46875, 56.25, 57.03125, 57.8125, 58.59375, 59.375, 60.15625, 60.9375, 61.71875, 62.5, 63.28125, 64.0625, 64.84375, 65.625, 66.40625, 67.1875, 67.96875, 68.75, 69.53125, 70.3125, 71.09375, 71.875, 72.65625, 73.4375, 74.21875, 75.0, 75.78125, 76.5625, 77.34375, 78.125, 78.90625, 79.6875, 80.46875, 81.25, 82.03125, 82.8125, 83.59375, 84.375, 85.15625, 85.9375, 86.71875, 87.5, 88.28125, 89.0625, 89.84375, 90.625, 91.40625, 92.1875, 92.96875, 93.75, 94.53125, 95.3125, 96.09375, 96.875, 97.65625, 98.4375, 99.21875, 100.0]}