{"psd": [68.69219165401529, 77.02407882617318, 74.03471905062796, 70.03293571882908, 66.73221913443957, 64.96146753736662, 65.73693189330382, 67.26892121434405, 70.9640811104952, 78.21744920918262, 75.94083347073192, 71.90255643188797, 71.8011050959781, 70.87214078739117, 70.98108264740554, 75.89017607308483, 76.40153439749116, 74.49720528387722, 73.40818239300987, 72.18654594980985, 73.00080831219526, 74.44162876014614, 75.27199316306054, 75.88502086751633, 79.12514867822921, 83.0393332326311, 79.86374639720768, 77.10949125036105, 76.92894094833677, 75.81522349621896, 76.43612527805533, 78.83194668112307, 80.53300901457538, 82.32071052981787, 83.9328281046359, 83.75063030961194, 83.99220821185563, 81.07740418575874, 79.45790915909424, 78.16973411381299, 77.14701287143409, 76.59769455029529, 76.42823636681014, 77.5423081922316, 78.04816603809671, 79.88032315238969, 80.69729234643438, 79.61551408932914, 78.2067953585204, 78.035231993425, 77.25708242935782, 76.209292233734, 74.58996371836389, 74.15106225512264, 74.29010039740382, 73.27715222937454, 73.93490988813001, 74.47444490427037, 75.81585281591647, 76.11557182543551, 76.9562787884202, 78.15341524854254, 77.71671132425442, 75.21377110446733, 74.45640519473214, 74.86314484777368, 74.96679260812326, 75.61260021181744, 75.67290721902856, 74.79832980551126, 73.55396460776501, 72.5598609676502, 73.28959376124519, 73.54106318914424, 74.15994214659815, 74.0789449566949, 73.67051591881771, 73.50839782719595, 72.51776089093019, 72.86245957764717, 72.54037143156734, 73.17598167430582, 74.27776458987279, 74.02328146329302, 74.51790680019378, 74.24568605557045, 74.28123035303783, 74.43086384532398, 74.11887022333755, 73.26136338131545, 73.5497819403554, 72.98071633868473, 73.45845978070994, 73.81276399846371, 74.24226850357888, 75.38346465004253, 75.94588591570478, 75.83316764400463, 75.62533961129887, 74.74834067598078, 73.99204791029463, 73.65052856185854, 73.87818582795015, 73.96299712339724, 74.03617375807231, 74.25399946134044, 73.24725091537927, 73.76467520260353, 74.21746493727527, 73.60349180764524, 73.12607035110801, 73.27867414814644, 72.8668960050599, 71.61447827025815, 69.89815549729614, 68.64525263792912, 66.027492437049, 62.88540088092786, 59.29859988565936, 54.74009912341933, 49.247234220830094, 43.21935960712409, 36.23549075203299, 28.159121093197527, 23.19759635257001, 21.60097168650582, 21.36560793335654, 20.972435866708402, 16.97731453697534], "f": [0.0, 0.78125, 1.5625, 2.34375, 3.125, 3.90625, 4.6875, 5.46875, 6.25, 7.03125, 7.8125, 8.59375, 9.375, 10.15625, 10.9375, 11.71875, 12.5, 13.28125, 14.0625, 14.84375, 15.625, 16.40625, 17.1875, 17.96875, 18.75, 19.53125, 20.3125, 21.09375, 21.875, 22.65625, 23.4375, 24.21875, 25.0, 25.78125, 26.5625, 27.34375, 28.125, 28.90625, 29.6875, 30.46875, 31.25, 32.03125, 32.8125, 33.59375, 34.375, 35.15625, 35.9375, 36.71875, 37.5, 38.28125, 39.0625, 39.84375, 40.625, 41.40625, 42.1875, 42.96875, 43.75, 44.53125, 45.3125, 46.09375, 46.875, 47.65625, 48.4375, 49.21875, 50.0, 50.78125, 51.5625, 52.34375, 53.125, 53.90625, 54.6875, 55.46875, 56.25, 57.03125, 57.8125, 58.59375, 59.375, 60.15625, 60.9375, 61.71875, 62.5, 63.28125, 64.0625, 64.84375, 65.625, 66.40625, 67.1875, 67.96875, 68.75, 69.53125, 70.3125, 71.09375, 71.875, 72.65625, 73.4375, 74.21875, 75.0, 75.78125, 76.5625, 77.34375, 78.125, 78.90625, 79.6875, 80.46875, 81.25, 82.03125, 82.8125, 83.59375, 84.375, 85.15625, 85.9375, 86.71875, 87.5, 88.28125, 89.0625, 89.84375, 90.625, 91.40625, 92.1875, 92.96875, 93.75, 94.53125, 95.3125, 96.09375, 96.875, 97.65625, 98.4375, 99.21875, 100.0]}