{"psd": [72.66619136820216, 80.70205498300503, 80.43490890995001, 78.16871967946354, 75.5989856567036, 74.75436776758609, 74.09363494826859, 74.85648564851827, 72.33099139067144, 73.873417924918, 75.99784812902992, 74.32894087820716, 74.93875390590632, 81.39650317912476, 85.22148535760817, 90.61419668735384, 87.895578967953, 75.98804082281247, 74.34099257581235, 76.056984038781, 79.29502122885715, 82.80017202830196, 85.43254215331915, 83.72950486098723, 82.64371075263647, 82.46122974237144, 83.42016999955192, 83.21466199184934, 83.36696287087986, 83.56112661762708, 82.07429376254852, 82.47822328475756, 81.75534086249377, 80.02992991970481, 79.85927830894651, 80.41646482490253, 81.0753696201626, 82.29615468874165, 85.03274763725622, 85.4705167268262, 85.7801078901391, 86.35477837538106, 88.17969325590613, 89.20310991520977, 88.45805582750954, 88.5603488701633, 89.06835059431864, 89.31141930804904, 89.77424845888449, 91.3138861963198, 92.084734979296, 91.88120580033723, 91.31985603801739, 89.89602274259286, 88.70675040291596, 88.63879496918977, 87.42110955410999, 86.23850305517642, 85.32859762524066, 85.21426458188844, 85.51212803512414, 87.95385607429408, 88.5126929323112, 88.18391420761513, 87.32355246779407, 85.70514170597662, 85.99241016806653, 88.45035302749947, 90.83947850962046, 89.40415863844268, 86.80692818852538, 84.79665795857075, 83.30994097454123, 82.76309947160401, 83.51294054420936, 83.55499422509155, 83.97435387246368, 83.09502631174593, 81.77334232454132, 80.70026513617344, 80.3075203951657, 80.04059618090763, 80.79720674195039, 81.1897613774547, 81.52992490757003, 81.6163335855994, 81.33846587541177, 80.07153365528062, 79.90684956606958, 78.92998916003832, 79.07192097335005, 79.17739415448033, 79.27257797928735, 78.2426506317211, 78.12362933171335, 78.36329003812557, 78.2757825569041, 78.90593663757302, 79.2238697628133, 79.81092795860897, 79.13729567855765, 78.9945718255113, 78.41801688591958, 78.58156596373927, 78.50455347892368, 78.57408262677222, 78.1807866252534, 78.45753151617092, 78.78548475193455, 78.98272363385641, 80.54087637277888, 80.46821295625583, 79.99724603860372, 77.63596995152244, 76.21355356698237, 74.4169323300711, 70.37897895211417, 67.23379120760563, 63.18919403660886, 57.7606133690817, 52.83089895574541, 46.33483209261232, 39.71795208552934, 31.959968353907634, 24.710334837439557, 22.125185742806988, 21.190746827568276, 21.526053402063845, 16.63807687040197], "f": [0.0, 0.78125, 1.5625, 2.34375, 3.125, 3.90625, 4.6875, 5.46875, 6.25, 7.03125, 7.8125, 8.59375, 9.375, 10.15625, 10.9375, 11.71875, 12.5, 13.28125, 14.0625, 14.84375, 15.625, 16.40625, 17.1875, 17.96875, 18.75, 19.53125, 20.3125, 21.09375, 21.875, 22.65625, 23.4375, 24.21875, 25.0, 25.78125, 26.5625, 27.34375, 28.125, 28.90625, 29.6875, 30.46875, 31.25, 32.03125, 32.8125, 33.59375, 34.375, 35.15625, 35.9375, 36.71875, 37.5, 38.28125, 39.0625, 39.84375, 40.625, 41.40625, 42.1875, 42.96875, 43.75, 44.53125, 45.3125, 46.09375, 46.875, 47.65625, 48.4375, 49.21875, 50.0, 50.78125, 51.5625, 52.34375, 53.125, 53.90625, 54.6875, 55.46875, 56.25, 57.03125, 57.8125, 58.59375, 59.375, 60.15625, 60.9375, 61.71875, 62.5, 63.28125, 64.0625, 64.84375, 65.625, 66.40625, 67.1875, 67.96875, 68.75, 69.53125, 70.3125, 71.09375, 71.875, 72.65625, 73.4375, 74.21875, 75.0, 75.78125, 76.5625, 77.34375, 78.125, 78.90625, 79.6875, 80.46875, 81.25, 82.03125, 82.8125, 83.59375, 84.375, 85.15625, 85.9375, 86.71875, 87.5, 88.28125, 89.0625, 89.84375, 90.625, 91.40625, 92.1875, 92.96875, 93.75, 94.53125, 95.3125, 96.09375, 96.875, 97.65625, 98.4375, 99.21875, 100.0]}