{"psd": [68.51167776199362, 76.9139426093054, 75.02413962556284, 71.31956383280814, 67.9461880802584, 63.90311463118492, 65.57207154588193, 72.77307485226716, 73.02098240969731, 69.4552873744904, 71.65747274471957, 76.09537991376816, 78.22736974647206, 74.99890619428317, 71.54820547212313, 70.65883493993582, 72.49997804302213, 73.08519780863475, 72.9392726848871, 75.13264374925825, 75.52999022496302, 75.19443798229588, 73.43809872982885, 82.22276959591349, 88.46471423628134, 82.39805303726942, 75.2896701764597, 74.95641131195868, 77.9651444896278, 78.52967557492124, 76.80313464127563, 77.420040249503, 77.87963947026863, 75.9409423529206, 73.52777720561168, 73.38871828688553, 76.74398194139224, 78.50492118026716, 80.22077258397783, 79.5614757684565, 76.76124941614515, 75.21076591036581, 76.06402681288176, 82.66326892300069, 83.5113093779993, 80.49567568707693, 80.38918807819014, 80.89766603973153, 82.37941881335921, 83.1087641198907, 81.85804676283261, 81.3222118163501, 80.7939464509961, 80.7181049553061, 80.52851797958446, 81.07389096428739, 80.90950271274087, 80.74863581928696, 80.63310928109291, 79.59210595670746, 82.52065151798676, 82.67200513120356, 81.16092612795154, 80.66909205462223, 79.7478775200641, 78.00867013007094, 78.58990972989562, 81.2470583962647, 81.8882626495778, 80.53485561294048, 78.66063157425513, 79.08024338053518, 80.32483094085552, 80.4585781563849, 79.24540825926371, 78.9400751099026, 79.41376714684034, 79.78073712518756, 78.59934304647486, 78.94994392105575, 78.99233098858191, 77.12746620467482, 76.61745696522692, 77.90367030037311, 78.40144255875194, 77.47082349944881, 76.07589389109583, 76.6616845436705, 76.82470029425761, 76.72927184246434, 76.75562618984715, 76.83321112534544, 78.34215815920922, 79.45506159348041, 78.77745080365324, 76.92613208327492, 75.3245361132447, 75.14090509224084, 74.50286785423073, 75.28225988737809, 75.80969391101114, 76.18171126196843, 76.63331168792367, 76.53306962832998, 76.80540780178971, 77.16801527758855, 77.04646407971633, 77.17009227223633, 76.75794314984175, 76.50513149801027, 76.07537920849518, 75.24929928183327, 75.06220638219096, 73.82577504308465, 72.73437080166194, 72.0737803255505, 70.42854485272278, 68.29778304443543, 64.03560122418232, 58.29107024444138, 53.11764619134899, 46.015699477500846, 38.302917911191656, 30.106969293550478, 24.05269730565912, 22.155973701533902, 21.737383723254617, 21.569304193831744, 16.975037547278767], "f": [0.0, 0.78125, 1.5625, 2.34375, 3.125, 3.90625, 4.6875, 5.46875, 6.25, 7.03125, 7.8125, 8.59375, 9.375, 10.15625, 10.9375, 11.71875, 12.5, 13.28125, 14.0625, 14.84375, 15.625, 16.40625, 17.1875, 17.96875, 18.75, 19.53125, 20.3125, 21.09375, 21.875, 22.65625, 23.4375, 24.21875, 25.0, 25.78125, 26.5625, 27.34375, 28.125, 28.90625, 29.6875, 30.46875, 31.25, 32.03125, 32.8125, 33.59375, 34.375, 35.15625, 35.9375, 36.71875, 37.5, 38.28125, 39.0625, 39.84375, 40.625, 41.40625, 42.1875, 42.96875, 43.75, 44.53125, 45.3125, 46.09375, 46.875, 47.65625, 48.4375, 49.21875, 50.0, 50.78125, 51.5625, 52.34375, 53.125, 53.90625, 54.6875, 55.46875, 56.25, 57.03125, 57.8125, 58.59375, 59.375, 60.15625, 60.9375, 61.71875, 62.5, 63.28125, 64.0625, 64.84375, 65.625, 66.40625, 67.1875, 67.96875, 68.75, 69.53125, 70.3125, 71.09375, 71.875, 72.65625, 73.4375, 74.21875, 75.0, 75.78125, 76.5625, 77.34375, 78.125, 78.90625, 79.6875, 80.46875, 81.25, 82.03125, 82.8125, 83.59375, 84.375, 85.15625, 85.9375, 86.71875, 87.5, 88.28125, 89.0625, 89.84375, 90.625, 91.40625, 92.1875, 92.96875, 93.75, 94.53125, 95.3125, 96.09375, 96.875, 97.65625, 98.4375, 99.21875, 100.0]}