{"psd": [73.49717979614505, 82.95876881589898, 81.92239949205438, 77.71019733756144, 72.24322204753379, 67.3343552824935, 67.37051205923845, 70.41935751746414, 72.47200250745072, 75.0030588686825, 79.36398076565142, 81.91895163861497, 81.78286992783808, 82.35291390041542, 82.01077803533755, 80.99986818312078, 80.42939105559097, 82.12721269800417, 82.34671443268226, 81.27030407040002, 80.10716523707914, 80.93676510592815, 81.18086685520525, 80.51389269256308, 79.94154682873445, 80.78077048125623, 81.43466018461878, 81.70422679505407, 82.19279121778897, 83.93773378480378, 83.74699247349513, 82.09600976870618, 82.36243058197367, 82.91190989196775, 82.72415262703659, 82.0758003539889, 81.77616112766097, 81.99724178341867, 81.56858277042053, 81.23110179123222, 80.76230798606753, 80.64530900039243, 81.3136446349124, 81.99067250414514, 82.43835801017808, 81.24719884774015, 81.32393686898322, 81.17410714774563, 80.6246028535517, 80.20168714982937, 80.61210035286025, 80.4276621382965, 83.9149211372953, 87.06270159971305, 83.43602047265564, 80.35789270581775, 80.6594392709676, 80.65078226943496, 80.49832123581139, 80.38644062884345, 80.29849565836757, 81.80796402098505, 81.41687077088265, 80.27299185268156, 80.30630908294127, 80.32918971962874, 80.16447666994445, 80.32533305512462, 80.16766379783934, 80.30330920602881, 80.61868167385032, 80.71507559825749, 79.69346620623253, 79.63763518860165, 78.84391792127929, 78.9140148266216, 79.44757494639695, 78.74057728310959, 78.77947811116147, 82.32768629990403, 81.91558541899963, 77.34285617899042, 76.79810971301949, 76.89694202350856, 76.64022761235631, 76.62787775383818, 76.45639409708909, 77.22785569645413, 79.15384627752084, 78.2710510587673, 76.23693538016296, 75.579228936701, 75.56788396744895, 75.83354319138326, 75.89274182123994, 75.75458835022407, 76.58528120447383, 78.29708612203088, 76.36883500053445, 75.50750642358337, 75.7720458626184, 76.11387184708228, 76.10924850794608, 76.14497927685659, 76.01119706041578, 75.8797340403017, 76.02279055395927, 75.41694057633818, 74.43212903733955, 74.06416473433836, 74.48417984768179, 74.48403323833506, 73.43260687260114, 72.75799918628881, 72.44772288322962, 71.61844409993294, 68.00736252555882, 64.96101388694983, 60.55908905310641, 55.49749706438374, 49.55349823937799, 43.1323053792621, 35.961121265614395, 28.349786732458128, 23.589757487603475, 21.619511643554766, 21.191217273747213, 21.286706462911965, 16.45757539291639], "f": [0.0, 0.78125, 1.5625, 2.34375, 3.125, 3.90625, 4.6875, 5.46875, 6.25, 7.03125, 7.8125, 8.59375, 9.375, 10.15625, 10.9375, 11.71875, 12.5, 13.28125, 14.0625, 14.84375, 15.625, 16.40625, 17.1875, 17.96875, 18.75, 19.53125, 20.3125, 21.09375, 21.875, 22.65625, 23.4375, 24.21875, 25.0, 25.78125, 26.5625, 27.34375, 28.125, 28.90625, 29.6875, 30.46875, 31.25, 32.03125, 32.8125, 33.59375, 34.375, 35.15625, 35.9375, 36.71875, 37.5, 38.28125, 39.0625, 39.84375, 40.625, 41.40625, 42.1875, 42.96875, 43.75, 44.53125, 45.3125, 46.09375, 46.875, 47.65625, 48.4375, 49.21875, 50.0, 50.78125, 51.5625, 52.34375, 53.125, 53.90625, 54.6875, 55.46875, 56.25, 57.03125, 57.8125, 58.59375, 59.375, 60.15625, 60.9375, 61.71875, 62.5, 63.28125, 64.0625, 64.84375, 65.625, 66.40625, 67.1875, 67.96875, 68.75, 69.53125, 70.3125, 71.09375, 71.875, 72.65625, 73.4375, 74.21875, 75.0, 75.78125, 76.5625, 77.34375, 78.125, 78.90625, 79.6875, 80.46875, 81.25, 82.03125, 82.8125, 83.59375, 84.375, 85.15625, 85.9375, 86.71875, 87.5, 88.28125, 89.0625, 89.84375, 90.625, 91.40625, 92.1875, 92.96875, 93.75, 94.53125, 95.3125, 96.09375, 96.875, 97.65625, 98.4375, 99.21875, 100.0]}