{"psd": [75.53511799271197, 84.07713502548184, 82.77183374287638, 77.13097578741088, 72.00450938007243, 66.54647138593154, 62.57877257747041, 61.64655326609922, 61.24584356819872, 61.46102939589927, 63.83045243171861, 65.79614711530157, 64.27283180455478, 63.57650610200181, 65.77626958475253, 66.2036429396135, 63.51721414377959, 63.719830184545394, 63.3021617777607, 63.211159794808395, 64.49304032978448, 66.4704638098857, 67.64413511830129, 67.14219867973034, 67.08526649235093, 68.01568527406044, 69.33624195677459, 69.28437727236508, 68.82837287799907, 70.0046659993384, 69.28821467265044, 68.50633704870069, 68.25614898111672, 67.02474765730139, 66.27145477859652, 66.92971931835417, 68.30466891391286, 68.04374670587954, 65.22843274696993, 65.48381735667685, 64.98115560594894, 64.20386905879325, 64.39426103486755, 65.25440031165499, 66.78390671783211, 64.6223243713087, 64.55737628653905, 64.6878597526016, 64.73091102977419, 63.748582230937686, 64.77850574049651, 65.56738211703309, 65.8908102728121, 65.83152638956966, 65.55684408148657, 65.77177563820409, 65.81654960531185, 66.4688970088716, 71.28545331811418, 72.08347541765983, 66.66903637607041, 65.41798492387646, 65.17216211676927, 66.49316701333235, 66.07137032387395, 66.97547110289855, 68.33182252686308, 66.3355921706941, 65.17881011906962, 64.97605807518372, 64.87606708742874, 64.93807886334922, 65.75475410501969, 66.06549707324609, 65.23691351435994, 65.29580045874765, 65.73559406249618, 65.9049005670665, 67.38184857253631, 68.63047606515042, 66.73576136881387, 66.01702442337361, 66.5012554650379, 68.17263297043466, 67.04180095696069, 66.80517824754445, 66.41532296443765, 66.33377602791415, 67.4438739713787, 67.82162940353545, 67.0938453818769, 66.63927728528998, 67.39404312187624, 67.33851728722018, 66.91250497697436, 66.40914531762265, 66.40031369070309, 65.26017478756, 65.2924355050648, 65.80297254546625, 65.15030000102458, 64.07248508353291, 63.12803715318889, 62.7581150815137, 63.28482597164056, 62.70995486473355, 62.991443908288986, 63.276788381372555, 62.587726236314786, 62.65397670656236, 62.71982663151355, 61.31599042615059, 59.85194753390828, 58.847952348566864, 57.82756139311948, 56.59364424137176, 53.881882222770365, 50.79591270605456, 46.884124883321014, 42.49110566526034, 36.56214043593604, 30.33461027751983, 24.611831536738073, 21.678090180855204, 21.22736053816655, 21.626076782653946, 21.32568661215008, 20.963370892008243, 15.69829585440344], "f": [0.0, 0.78125, 1.5625, 2.34375, 3.125, 3.90625, 4.6875, 5.46875, 6.25, 7.03125, 7.8125, 8.59375, 9.375, 10.15625, 10.9375, 11.71875, 12.5, 13.28125, 14.0625, 14.84375, 15.625, 16.40625, 17.1875, 17.96875, 18.75, 19.53125, 20.3125, 21.09375, 21.875, 22.65625, 23.4375, 24.21875, 25.0, 25.78125, 26.5625, 27.34375, 28.125, 28.90625, 29.6875, 30.46875, 31.25, 32.03125, 32.8125, 33.59375, 34.375, 35.15625, 35.9375, 36.71875, 37.5, 38.28125, 39.0625, 39.84375, 40.625, 41.40625, 42.1875, 42.96875, 43.75, 44.53125, 45.3125, 46.09375, 46.875, 47.65625, 48.4375, 49.21875, 50.0, 50.78125, 51.5625, 52.34375, 53.125, 53.90625, 54.6875, 55.46875, 56.25, 57.03125, 57.8125, 58.59375, 59.375, 60.15625, 60.9375, 61.71875, 62.5, 63.28125, 64.0625, 64.84375, 65.625, 66.40625, 67.1875, 67.96875, 68.75, 69.53125, 70.3125, 71.09375, 71.875, 72.65625, 73.4375, 74.21875, 75.0, 75.78125, 76.5625, 77.34375, 78.125, 78.90625, 79.6875, 80.46875, 81.25, 82.03125, 82.8125, 83.59375, 84.375, 85.15625, 85.9375, 86.71875, 87.5, 88.28125, 89.0625, 89.84375, 90.625, 91.40625, 92.1875, 92.96875, 93.75, 94.53125, 95.3125, 96.09375, 96.875, 97.65625, 98.4375, 99.21875, 100.0]}