{"psd": [71.03232988622742, 79.8434151616341, 78.79449443064742, 75.58541772161331, 71.18939507602198, 66.71372594426215, 64.62681543590415, 64.56464305529516, 65.06358867846967, 67.64972551438895, 69.03075970969618, 71.82716734308929, 77.70874957611996, 88.55845222292174, 87.43086878189192, 73.51292154771183, 68.19511650401311, 68.27129041026349, 70.74896802212241, 85.52005042980204, 94.07023596850922, 91.15252098665066, 82.60830237654898, 83.54613484884709, 84.41734223150038, 79.87944177135526, 83.61657278649864, 88.92439317570557, 84.19340564497212, 73.61958352467963, 72.14716593001828, 74.42853405594512, 75.72022071009019, 82.90092374070774, 87.54981992780502, 85.54727959659056, 87.5693165326665, 84.62838104452149, 79.5263265903236, 77.31400872378649, 81.62103196578846, 82.88642753114516, 78.01762644930696, 76.24953786717187, 75.66252631116996, 76.95644131267167, 85.13878495868863, 87.75034979088517, 83.68533210401424, 82.48385612555872, 83.04648310549679, 83.8935900296196, 83.5051614791877, 86.99205842427624, 88.87234775713075, 86.75382003841479, 83.16769383049882, 83.74328633918664, 85.93637344006213, 86.48217604774277, 88.87663720476426, 90.87852028719911, 86.3939163230721, 80.24476748203988, 77.01960087879742, 75.73304130534049, 82.01495714379391, 84.43261138079778, 82.9190327870014, 78.9351402817382, 77.09690461784308, 75.79399856503062, 75.32859208790177, 76.27864941926924, 78.30352909666003, 78.6700844800646, 78.69031648565601, 80.17720791237105, 79.73338712612558, 78.81323164355135, 78.56152020020613, 79.22535488459084, 79.88037550603082, 79.38758301638372, 80.11839008687404, 80.9494704048479, 82.42605924372515, 83.01757756082326, 82.6947878937082, 82.29341177565908, 83.25849565111233, 84.3195884102556, 86.19991507970852, 87.34601842842696, 88.14733562873599, 87.80265700870991, 88.1446959331687, 88.55204888527865, 89.21050784460024, 89.97085333256794, 90.64740194829221, 91.39198515720898, 91.5625540352835, 92.71361087067427, 92.16053560554569, 90.95535144684342, 89.58847147127733, 89.22740795071255, 89.23505377358754, 89.77158095544921, 90.09330235184392, 90.76811398796309, 91.09454706694083, 90.74552767041627, 89.7979965162551, 89.16774326232647, 86.839386223555, 82.486353542835, 79.64425061965089, 76.25970445985027, 71.46234006384718, 64.65704612821797, 56.55414932738949, 47.502072661835456, 37.65945706977743, 28.527567581508812, 24.91907118447933, 23.242282414127327, 19.28547698024452], "f": [0.0, 0.78125, 1.5625, 2.34375, 3.125, 3.90625, 4.6875, 5.46875, 6.25, 7.03125, 7.8125, 8.59375, 9.375, 10.15625, 10.9375, 11.71875, 12.5, 13.28125, 14.0625, 14.84375, 15.625, 16.40625, 17.1875, 17.96875, 18.75, 19.53125, 20.3125, 21.09375, 21.875, 22.65625, 23.4375, 24.21875, 25.0, 25.78125, 26.5625, 27.34375, 28.125, 28.90625, 29.6875, 30.46875, 31.25, 32.03125, 32.8125, 33.59375, 34.375, 35.15625, 35.9375, 36.71875, 37.5, 38.28125, 39.0625, 39.84375, 40.625, 41.40625, 42.1875, 42.96875, 43.75, 44.53125, 45.3125, 46.09375, 46.875, 47.65625, 48.4375, 49.21875, 50.0, 50.78125, 51.5625, 52.34375, 53.125, 53.90625, 54.6875, 55.46875, 56.25, 57.03125, 57.8125, 58.59375, 59.375, 60.15625, 60.9375, 61.71875, 62.5, 63.28125, 64.0625, 64.84375, 65.625, 66.40625, 67.1875, 67.96875, 68.75, 69.53125, 70.3125, 71.09375, 71.875, 72.65625, 73.4375, 74.21875, 75.0, 75.78125, 76.5625, 77.34375, 78.125, 78.90625, 79.6875, 80.46875, 81.25, 82.03125, 82.8125, 83.59375, 84.375, 85.15625, 85.9375, 86.71875, 87.5, 88.28125, 89.0625, 89.84375, 90.625, 91.40625, 92.1875, 92.96875, 93.75, 94.53125, 95.3125, 96.09375, 96.875, 97.65625, 98.4375, 99.21875, 100.0]}