{"psd": [70.87509580201213, 79.30610141394132, 76.8461220995887, 72.85672635838326, 69.47619454398989, 65.49207377356024, 62.20534678218342, 64.48612525916278, 67.49708280748413, 68.06692058759309, 66.66443961593603, 67.21668429615546, 67.4020571853105, 68.91830916781484, 66.7042484642711, 67.43304909568084, 69.00849466149938, 69.79751719850785, 70.06263590044013, 72.60960896476459, 68.89123516129214, 68.50331210723328, 70.15921332196824, 69.20241847947793, 66.73921528875627, 69.05992097228759, 72.57661675815035, 69.30643646274956, 67.24294910835637, 68.41453228766036, 68.69676019188644, 69.76411804575797, 70.15260876333792, 71.24336003797674, 77.38063086868794, 78.66945404198204, 74.01363527951244, 78.10468244404088, 88.04999728095589, 86.73495078689345, 74.49743846803872, 73.37459574780313, 74.25416480230649, 75.21918287560585, 74.1230087767762, 72.50848852485373, 74.85466936989697, 74.07642261251912, 79.93803173129872, 82.98157063883374, 76.01202985834296, 74.65528415174145, 74.79659733868914, 73.17449127642229, 73.21301964787034, 73.50119876884156, 73.07182918743634, 81.77669822449295, 82.80483087199016, 74.44657989993058, 72.52042080183762, 72.02243003070313, 71.59841745218047, 71.07286526945961, 70.76707343647193, 71.26672478023431, 71.73751695557036, 71.54651954487596, 71.46254312704528, 71.16209428015303, 70.41544822437423, 69.83705698121376, 69.4268592733122, 69.55883133782342, 72.77104631446181, 82.41444953988116, 92.83716260361004, 90.54266074751, 78.65180851533441, 72.60913942032435, 68.01080400333741, 68.3104973812267, 70.79239920058396, 75.25027022227336, 71.02099911552705, 67.58712998043553, 67.15875395360776, 66.9400716660827, 67.16092667579869, 67.59375081917193, 67.85364773950857, 68.33231598496624, 67.64853589500669, 67.41937338623421, 67.34843133689931, 74.8045631460196, 80.34057204190714, 75.52279771266477, 68.01720478338412, 68.22047552780815, 68.00666911722602, 68.24532657831975, 67.94291864036578, 68.10341599666762, 68.42786468769373, 68.26164667115414, 68.44888724244126, 67.93777956577571, 67.90690094363231, 68.3278790798184, 68.62818727932371, 69.32803520718713, 66.3768744873842, 66.08188290310846, 67.8235388551981, 73.44079833437576, 70.15607914906832, 57.971977217249574, 53.09153040856955, 48.91713879402742, 43.0086543234265, 36.48244852423396, 29.023439019217427, 24.044099882883, 21.529061940026217, 21.509848207156494, 20.47652017105115, 20.73499164820283, 16.341938139589615], "f": [0.0, 0.78125, 1.5625, 2.34375, 3.125, 3.90625, 4.6875, 5.46875, 6.25, 7.03125, 7.8125, 8.59375, 9.375, 10.15625, 10.9375, 11.71875, 12.5, 13.28125, 14.0625, 14.84375, 15.625, 16.40625, 17.1875, 17.96875, 18.75, 19.53125, 20.3125, 21.09375, 21.875, 22.65625, 23.4375, 24.21875, 25.0, 25.78125, 26.5625, 27.34375, 28.125, 28.90625, 29.6875, 30.46875, 31.25, 32.03125, 32.8125, 33.59375, 34.375, 35.15625, 35.9375, 36.71875, 37.5, 38.28125, 39.0625, 39.84375, 40.625, 41.40625, 42.1875, 42.96875, 43.75, 44.53125, 45.3125, 46.09375, 46.875, 47.65625, 48.4375, 49.21875, 50.0, 50.78125, 51.5625, 52.34375, 53.125, 53.90625, 54.6875, 55.46875, 56.25, 57.03125, 57.8125, 58.59375, 59.375, 60.15625, 60.9375, 61.71875, 62.5, 63.28125, 64.0625, 64.84375, 65.625, 66.40625, 67.1875, 67.96875, 68.75, 69.53125, 70.3125, 71.09375, 71.875, 72.65625, 73.4375, 74.21875, 75.0, 75.78125, 76.5625, 77.34375, 78.125, 78.90625, 79.6875, 80.46875, 81.25, 82.03125, 82.8125, 83.59375, 84.375, 85.15625, 85.9375, 86.71875, 87.5, 88.28125, 89.0625, 89.84375, 90.625, 91.40625, 92.1875, 92.96875, 93.75, 94.53125, 95.3125, 96.09375, 96.875, 97.65625, 98.4375, 99.21875, 100.0]}