{"psd": [72.50633401758085, 81.08321146406908, 79.5835363275599, 74.68462954676737, 69.43808415172862, 64.48566351648621, 65.96062678622901, 67.65991371355727, 64.73495467471008, 66.10811432649156, 71.5908982526843, 70.92192613280088, 73.70854927780674, 78.30933834267785, 73.62957528954362, 77.73154335433142, 75.96075366339623, 67.93570251907164, 72.22835480956184, 84.52689281193985, 83.97060924026071, 72.1008998323365, 72.02200008330216, 74.6090629033655, 74.95544595549687, 73.39118778665542, 73.85756702976845, 72.34420719175449, 70.58390468072767, 68.85404347443978, 70.10412850479045, 75.36255312050113, 84.80444402125187, 83.72753748948433, 74.20193149097133, 73.05345713084819, 73.17241316163047, 71.82089945758034, 75.22771665163249, 79.10037767785124, 73.14856874713527, 69.77763396405828, 70.26107650205246, 70.24755889885233, 69.57060775078423, 74.63140249094492, 74.23056706127745, 72.59975010072853, 73.42157525474965, 72.54730431436586, 70.63118885038229, 81.59537172574966, 85.62082261293344, 78.06309812095274, 71.83077108771226, 72.41792418206872, 72.65157816369916, 74.68970785283196, 80.88750995094327, 79.4493993985058, 75.67132090351022, 77.24661986984881, 76.39658772112234, 74.48382880827793, 77.21449375690764, 79.69214060400441, 75.567858942548, 74.77561090793367, 74.30530055954979, 73.98618615484384, 73.87209603409457, 78.12243142497265, 76.13175587378664, 71.12652142818095, 72.05935317214121, 73.18239965700592, 72.4008933594891, 73.44127156552426, 74.32303775389167, 71.60888719839393, 72.86297771000706, 72.43537300567198, 72.22161782073024, 72.03386544992016, 74.1879141643913, 72.24660422951898, 69.99612735710332, 70.79872738563834, 72.30931298279185, 72.73889364509708, 72.05502706705803, 72.32396016280224, 71.19491294897523, 69.60934406599381, 68.03693935668478, 68.24059780166975, 70.27395548089636, 74.39525328291707, 72.11549593747982, 69.62161516171277, 70.15670913264832, 69.34992668667309, 67.50662155104723, 68.2953987863623, 70.04487215322439, 68.68548151700264, 67.85984307214034, 69.15209098416584, 69.39332614525631, 69.25449811424743, 67.56445335082006, 66.4399273847273, 66.51076920602497, 65.32862965145267, 64.4932354656736, 62.74105600360802, 61.37184055395102, 58.874291219575625, 53.46553340663757, 49.10496835466784, 43.818649769202665, 38.08766349236067, 31.53139791358738, 25.64242849397838, 21.99355625687803, 21.025022102978564, 20.907116017519208, 20.98686891652914, 16.100936265603995], "f": [0.0, 0.78125, 1.5625, 2.34375, 3.125, 3.90625, 4.6875, 5.46875, 6.25, 7.03125, 7.8125, 8.59375, 9.375, 10.15625, 10.9375, 11.71875, 12.5, 13.28125, 14.0625, 14.84375, 15.625, 16.40625, 17.1875, 17.96875, 18.75, 19.53125, 20.3125, 21.09375, 21.875, 22.65625, 23.4375, 24.21875, 25.0, 25.78125, 26.5625, 27.34375, 28.125, 28.90625, 29.6875, 30.46875, 31.25, 32.03125, 32.8125, 33.59375, 34.375, 35.15625, 35.9375, 36.71875, 37.5, 38.28125, 39.0625, 39.84375, 40.625, 41.40625, 42.1875, 42.96875, 43.75, 44.53125, 45.3125, 46.09375, 46.875, 47.65625, 48.4375, 49.21875, 50.0, 50.78125, 51.5625, 52.34375, 53.125, 53.90625, 54.6875, 55.46875, 56.25, 57.03125, 57.8125, 58.59375, 59.375, 60.15625, 60.9375, 61.71875, 62.5, 63.28125, 64.0625, 64.84375, 65.625, 66.40625, 67.1875, 67.96875, 68.75, 69.53125, 70.3125, 71.09375, 71.875, 72.65625, 73.4375, 74.21875, 75.0, 75.78125, 76.5625, 77.34375, 78.125, 78.90625, 79.6875, 80.46875, 81.25, 82.03125, 82.8125, 83.59375, 84.375, 85.15625, 85.9375, 86.71875, 87.5, 88.28125, 89.0625, 89.84375, 90.625, 91.40625, 92.1875, 92.96875, 93.75, 94.53125, 95.3125, 96.09375, 96.875, 97.65625, 98.4375, 99.21875, 100.0]}