{"psd": [76.00134768088692, 85.02948658077005, 84.0583629838155, 78.39818361153709, 71.65225520208993, 65.72135050381534, 62.82871503584106, 62.068045366977735, 61.911189395192324, 61.65671293774389, 63.82032343701009, 66.94790875219283, 77.96874500075981, 80.46611135112158, 71.69187381346232, 64.28406259981429, 66.62987927390476, 65.3506157593695, 78.9262927283089, 86.3323661306738, 81.97424785922496, 72.29149005415633, 74.31091049874111, 76.10676387895687, 80.13406650130204, 90.7111174094266, 90.39691206510918, 77.01549551448267, 68.37036492254812, 67.71348088089833, 69.14564448319629, 73.96610603433088, 75.76202451973133, 72.68972453656937, 72.31827253275858, 72.14310849199863, 72.78176477980226, 74.66820986972564, 80.21484720645282, 77.54776659570521, 69.63852764957028, 69.22774817498367, 69.86794612660256, 71.1401613086046, 78.1009428682564, 79.28776689017751, 72.01633852632058, 71.4593528771503, 73.1469424439972, 72.67331631843786, 85.87401194751912, 91.47844683219178, 85.4723690875154, 69.37277995841357, 69.73821810467071, 72.40590654591264, 77.93378251111979, 86.41374269423383, 85.04052127469365, 76.63241917675461, 74.917719655079, 73.83013518381794, 76.69147915850935, 83.42354755977887, 85.63725505012442, 77.32634461038346, 74.53055835567139, 74.62714002467783, 73.87497288253003, 72.11697683591268, 72.35362526500623, 70.88897795066438, 69.48101099436147, 68.08348700147351, 67.5386562155092, 68.42528320993895, 75.63252512128791, 75.43735250077168, 67.64045975168625, 66.50177075182918, 66.55750916738978, 65.97840987143204, 69.08005329723082, 71.10549892790873, 66.69899599197623, 64.56486049971406, 64.44814076190252, 64.70540559082785, 65.54577887145842, 69.39351465206067, 68.61886110015357, 65.49517720797992, 66.78844994578769, 69.79431709375277, 67.74721310285952, 76.68561367829754, 77.93676108810917, 69.56020207060007, 64.62813795349075, 64.97231478515873, 65.58799754218781, 74.44954947638769, 79.37514785402549, 73.66068926239276, 67.20344789149495, 68.59359297405771, 69.49968602689923, 69.77767137685095, 72.22024982209773, 71.59770912078729, 68.16561854098242, 68.17899547036498, 68.79659562145908, 67.54022264582042, 66.0650267779901, 65.38237302254394, 61.765188432675075, 56.11606321298072, 51.47195545026469, 46.589913595998134, 41.79071829923258, 38.81645656883739, 32.45334421346636, 23.787987741512147, 21.737838682617884, 21.71909548010458, 21.51148039575897, 21.394057870773278, 16.900645631623426], "f": [0.0, 0.78125, 1.5625, 2.34375, 3.125, 3.90625, 4.6875, 5.46875, 6.25, 7.03125, 7.8125, 8.59375, 9.375, 10.15625, 10.9375, 11.71875, 12.5, 13.28125, 14.0625, 14.84375, 15.625, 16.40625, 17.1875, 17.96875, 18.75, 19.53125, 20.3125, 21.09375, 21.875, 22.65625, 23.4375, 24.21875, 25.0, 25.78125, 26.5625, 27.34375, 28.125, 28.90625, 29.6875, 30.46875, 31.25, 32.03125, 32.8125, 33.59375, 34.375, 35.15625, 35.9375, 36.71875, 37.5, 38.28125, 39.0625, 39.84375, 40.625, 41.40625, 42.1875, 42.96875, 43.75, 44.53125, 45.3125, 46.09375, 46.875, 47.65625, 48.4375, 49.21875, 50.0, 50.78125, 51.5625, 52.34375, 53.125, 53.90625, 54.6875, 55.46875, 56.25, 57.03125, 57.8125, 58.59375, 59.375, 60.15625, 60.9375, 61.71875, 62.5, 63.28125, 64.0625, 64.84375, 65.625, 66.40625, 67.1875, 67.96875, 68.75, 69.53125, 70.3125, 71.09375, 71.875, 72.65625, 73.4375, 74.21875, 75.0, 75.78125, 76.5625, 77.34375, 78.125, 78.90625, 79.6875, 80.46875, 81.25, 82.03125, 82.8125, 83.59375, 84.375, 85.15625, 85.9375, 86.71875, 87.5, 88.28125, 89.0625, 89.84375, 90.625, 91.40625, 92.1875, 92.96875, 93.75, 94.53125, 95.3125, 96.09375, 96.875, 97.65625, 98.4375, 99.21875, 100.0]}