{"psd": [70.51973480530177, 79.3121309518963, 77.89646559943998, 75.02230267742932, 70.19380511440575, 65.49833863310403, 62.4742141002333, 61.0867174047048, 66.0236912452471, 69.55616202643553, 67.51846463015285, 67.6323951001147, 67.09020415231424, 69.03265003835268, 72.16700735713547, 73.01823511517601, 73.7061950901037, 74.74845018547187, 74.86668652955841, 74.88028917008197, 73.63263660821518, 71.90474307798684, 74.46886305755379, 76.81522691270773, 74.49514149158875, 74.86392390555038, 77.78899645183793, 76.63411557426645, 76.99521463948994, 74.4913421831828, 81.10771149737927, 83.80059555426521, 76.92824578994116, 71.82073305987048, 71.26674221796308, 72.19156823729207, 73.57210369508105, 73.89605500769507, 75.88043545050238, 76.1502120713783, 71.27354393046835, 71.33547656547785, 74.20310632966674, 74.22424058031015, 74.74844414118883, 73.19048402177464, 73.67536561497954, 74.64535812213438, 74.87802904606139, 79.69600877222034, 78.6860920429024, 78.95318119816395, 79.80473981723028, 81.87755198419404, 84.46771017382972, 83.08901686467465, 82.97485177005456, 81.63980973610337, 82.73925625174513, 78.62808679679256, 78.81811214800283, 83.41810758192432, 82.98193890545961, 77.74324130791022, 77.1995403676004, 78.4175577398912, 78.89943634589702, 78.96394170669173, 75.9021515192973, 77.69330916775503, 79.03368648559547, 77.708812516669, 77.9413677980041, 77.7044746777604, 76.63817649533969, 78.23522846643009, 78.5757004567183, 78.79971749106338, 77.10100038258831, 76.4138457220329, 76.06821394290903, 75.66485755790919, 72.51059077473013, 72.39022544540238, 74.34203044928447, 74.67007358935439, 75.69423150120583, 74.37207800066476, 72.31653818166947, 73.73932568097567, 73.66390034674575, 72.10714960337795, 71.92293004988262, 72.40156388882893, 71.92265813431419, 73.4238640834769, 74.31486815417503, 73.94467157345827, 73.85650707931948, 73.86906055699477, 74.63620918872341, 74.62683362667987, 75.34793059985785, 76.22447085948212, 75.51291602350622, 74.88493544376611, 74.49187102761954, 75.29502336051276, 76.61539691363194, 76.8971445039771, 78.06532312524332, 78.7117550041063, 76.07002420186306, 75.38682298806636, 74.19541128956295, 74.2708144363645, 74.00750279900262, 68.58230054404194, 64.22728771766535, 59.073624401260304, 54.721078815701965, 48.31024967339458, 39.84208546780536, 32.094267429828115, 24.81092380099414, 22.264587616308873, 21.819583898897914, 21.331912136904705, 16.961333370426154], "f": [0.0, 0.78125, 1.5625, 2.34375, 3.125, 3.90625, 4.6875, 5.46875, 6.25, 7.03125, 7.8125, 8.59375, 9.375, 10.15625, 10.9375, 11.71875, 12.5, 13.28125, 14.0625, 14.84375, 15.625, 16.40625, 17.1875, 17.96875, 18.75, 19.53125, 20.3125, 21.09375, 21.875, 22.65625, 23.4375, 24.21875, 25.0, 25.78125, 26.5625, 27.34375, 28.125, 28.90625, 29.6875, 30.46875, 31.25, 32.03125, 32.8125, 33.59375, 34.375, 35.15625, 35.9375, 36.71875, 37.5, 38.28125, 39.0625, 39.84375, 40.625, 41.40625, 42.1875, 42.96875, 43.75, 44.53125, 45.3125, 46.09375, 46.875, 47.65625, 48.4375, 49.21875, 50.0, 50.78125, 51.5625, 52.34375, 53.125, 53.90625, 54.6875, 55.46875, 56.25, 57.03125, 57.8125, 58.59375, 59.375, 60.15625, 60.9375, 61.71875, 62.5, 63.28125, 64.0625, 64.84375, 65.625, 66.40625, 67.1875, 67.96875, 68.75, 69.53125, 70.3125, 71.09375, 71.875, 72.65625, 73.4375, 74.21875, 75.0, 75.78125, 76.5625, 77.34375, 78.125, 78.90625, 79.6875, 80.46875, 81.25, 82.03125, 82.8125, 83.59375, 84.375, 85.15625, 85.9375, 86.71875, 87.5, 88.28125, 89.0625, 89.84375, 90.625, 91.40625, 92.1875, 92.96875, 93.75, 94.53125, 95.3125, 96.09375, 96.875, 97.65625, 98.4375, 99.21875, 100.0]}