{"psd": [70.07312374428167, 77.17159604791287, 73.98968417202067, 70.11560353747343, 67.67981319253357, 63.85694071675863, 62.59500680818214, 62.93367088822976, 65.55225820925246, 66.20786764142123, 66.02529366924186, 67.89173624764301, 78.10724753671265, 88.80767023480931, 88.00752677827728, 74.53861384246446, 69.30345758665295, 70.11192330526157, 70.4242709467406, 85.93571000479814, 94.85075789349844, 92.58981000835233, 82.82581685432379, 82.80649880854929, 83.22109861505253, 81.10233107737045, 88.24173694750776, 89.99591705315667, 80.792608196447, 75.40450830685324, 73.95793719273216, 75.89050189698958, 77.49000523471614, 83.80334945141198, 87.79666179058034, 85.02258461132989, 86.28446695830915, 85.23307362301242, 82.20646583696455, 80.52161481413972, 82.88251813886056, 80.95206386858301, 78.45314676227278, 76.73841454779787, 76.94420849327615, 78.32914690669098, 85.47454457817716, 87.21901894962188, 84.3435781302476, 83.25616890009712, 82.44083381620098, 82.687423925426, 85.0929862302662, 89.05009585762528, 91.95446189188527, 89.53122283862561, 85.50819173778278, 85.60261636888757, 87.2233274799923, 87.67318018070989, 89.5198827625468, 89.93680318636132, 86.32707867146345, 83.23033831181176, 81.72196817008316, 81.5261015347191, 84.10136785248405, 85.50495161716609, 84.5705297760023, 82.46686156486197, 82.59559330896474, 81.14524013425878, 81.20817021158358, 80.9143120576337, 81.41036610483779, 81.37279459872445, 82.07002936114364, 82.74708131012984, 82.28668052270798, 81.24186327896646, 81.12430433574752, 81.34402520157543, 82.59265846485994, 83.55887123617174, 84.64940000567906, 84.97792124330576, 85.91175249319745, 86.14432117615259, 87.60698473411651, 88.73013752176266, 90.08319029726273, 90.69674685509725, 90.17361470938631, 90.89485606234729, 91.45960935101752, 91.74283074188808, 92.33055070416458, 92.33431487056878, 93.66576728151237, 93.62547838389281, 94.7053214666347, 94.90964335896257, 94.90359243767445, 94.68481036615417, 94.31353943816987, 94.59098404688058, 94.18404330232988, 94.10826711223906, 93.94956143975206, 93.5798503172113, 93.09946058725076, 93.33846998888838, 93.0739474808608, 93.1721775621698, 92.1026180087232, 90.4706613354069, 88.26544997654403, 84.99711884262678, 81.05493941090897, 76.43178448253084, 70.37234166312248, 64.49097059561214, 56.71840484367502, 48.00204369048782, 38.55094927338922, 29.29979669705753, 25.494324873525866, 23.807844329644112, 19.75215167073721], "f": [0.0, 0.78125, 1.5625, 2.34375, 3.125, 3.90625, 4.6875, 5.46875, 6.25, 7.03125, 7.8125, 8.59375, 9.375, 10.15625, 10.9375, 11.71875, 12.5, 13.28125, 14.0625, 14.84375, 15.625, 16.40625, 17.1875, 17.96875, 18.75, 19.53125, 20.3125, 21.09375, 21.875, 22.65625, 23.4375, 24.21875, 25.0, 25.78125, 26.5625, 27.34375, 28.125, 28.90625, 29.6875, 30.46875, 31.25, 32.03125, 32.8125, 33.59375, 34.375, 35.15625, 35.9375, 36.71875, 37.5, 38.28125, 39.0625, 39.84375, 40.625, 41.40625, 42.1875, 42.96875, 43.75, 44.53125, 45.3125, 46.09375, 46.875, 47.65625, 48.4375, 49.21875, 50.0, 50.78125, 51.5625, 52.34375, 53.125, 53.90625, 54.6875, 55.46875, 56.25, 57.03125, 57.8125, 58.59375, 59.375, 60.15625, 60.9375, 61.71875, 62.5, 63.28125, 64.0625, 64.84375, 65.625, 66.40625, 67.1875, 67.96875, 68.75, 69.53125, 70.3125, 71.09375, 71.875, 72.65625, 73.4375, 74.21875, 75.0, 75.78125, 76.5625, 77.34375, 78.125, 78.90625, 79.6875, 80.46875, 81.25, 82.03125, 82.8125, 83.59375, 84.375, 85.15625, 85.9375, 86.71875, 87.5, 88.28125, 89.0625, 89.84375, 90.625, 91.40625, 92.1875, 92.96875, 93.75, 94.53125, 95.3125, 96.09375, 96.875, 97.65625, 98.4375, 99.21875, 100.0]}