{"psd": [66.95789563397389, 75.21301049644437, 74.46813761083055, 72.20249137308278, 68.24225813113975, 64.21250930300423, 62.59961211533916, 62.425800261322976, 63.279112268099134, 65.79430345998438, 66.56712573828817, 65.05780737453502, 78.31378835376623, 83.96344937401844, 78.17181205854085, 66.03728957188578, 64.6520468840737, 66.20251775670431, 78.89824298622632, 91.58476648585422, 91.17456289378461, 80.96753650734983, 81.36646646159039, 81.33326162545742, 79.47758849292549, 86.6420942161316, 91.42066675475752, 84.85923844989942, 71.65204522392597, 71.47475528766259, 70.4377679548302, 77.10924723276766, 86.83205765269379, 85.8311541452596, 78.24976038931935, 81.54960936711744, 81.5369058821642, 77.45618003026165, 79.94971291541223, 84.14878735773429, 77.7913508453194, 71.1553526780983, 72.28623421351129, 71.96615090941586, 73.37402298112058, 78.88035420951267, 79.21061260325831, 79.90217125471676, 78.0657630864122, 76.18627652421823, 75.53426803775443, 89.65052517705061, 94.04167553461257, 86.51811883497919, 72.61089602423807, 74.90130665434344, 77.6812966003058, 81.68091448734215, 88.5082025838205, 86.91952460829596, 78.4045593378042, 77.39420978334613, 78.12255306158002, 77.48727838680016, 79.45406209787349, 82.60285625756606, 76.71330740454381, 74.37177168077686, 74.44334740669936, 76.69231916498288, 77.47933705787653, 80.23639671925685, 77.91193543156228, 71.62385352041434, 70.5041594713557, 69.4668488117452, 69.57256255583818, 71.05673866588735, 72.56988174278149, 70.75112627510967, 70.64761233568996, 69.76042485450859, 69.49910615783634, 70.52529059708823, 73.4237314376764, 72.25720321779242, 70.24775483820193, 70.30246152957486, 70.1805230259271, 71.472015921268, 73.23348453625113, 74.91881753295208, 74.93512204017597, 74.59552953785256, 76.36212158889214, 77.56684484786611, 78.64780487516467, 77.76705592248773, 78.36179998223723, 80.51553184326737, 80.48729651021544, 81.16776150772753, 80.78961445852849, 80.28076691045874, 81.36626443356016, 82.75585232344483, 81.21104441351417, 80.78207693999475, 80.74865689527553, 80.8298366706999, 80.38530434285724, 79.85859215526665, 79.29242397041882, 80.34117670822774, 79.68980637856232, 78.97737650951447, 77.46254254639203, 75.29830854351817, 71.06857655635841, 65.92624311248731, 60.18157568423891, 54.24523763769982, 47.960936461797374, 38.88537342107101, 29.88553623084846, 23.78406796409775, 22.235253228611494, 21.46215746131508, 16.81488464065952], "f": [0.0, 0.78125, 1.5625, 2.34375, 3.125, 3.90625, 4.6875, 5.46875, 6.25, 7.03125, 7.8125, 8.59375, 9.375, 10.15625, 10.9375, 11.71875, 12.5, 13.28125, 14.0625, 14.84375, 15.625, 16.40625, 17.1875, 17.96875, 18.75, 19.53125, 20.3125, 21.09375, 21.875, 22.65625, 23.4375, 24.21875, 25.0, 25.78125, 26.5625, 27.34375, 28.125, 28.90625, 29.6875, 30.46875, 31.25, 32.03125, 32.8125, 33.59375, 34.375, 35.15625, 35.9375, 36.71875, 37.5, 38.28125, 39.0625, 39.84375, 40.625, 41.40625, 42.1875, 42.96875, 43.75, 44.53125, 45.3125, 46.09375, 46.875, 47.65625, 48.4375, 49.21875, 50.0, 50.78125, 51.5625, 52.34375, 53.125, 53.90625, 54.6875, 55.46875, 56.25, 57.03125, 57.8125, 58.59375, 59.375, 60.15625, 60.9375, 61.71875, 62.5, 63.28125, 64.0625, 64.84375, 65.625, 66.40625, 67.1875, 67.96875, 68.75, 69.53125, 70.3125, 71.09375, 71.875, 72.65625, 73.4375, 74.21875, 75.0, 75.78125, 76.5625, 77.34375, 78.125, 78.90625, 79.6875, 80.46875, 81.25, 82.03125, 82.8125, 83.59375, 84.375, 85.15625, 85.9375, 86.71875, 87.5, 88.28125, 89.0625, 89.84375, 90.625, 91.40625, 92.1875, 92.96875, 93.75, 94.53125, 95.3125, 96.09375, 96.875, 97.65625, 98.4375, 99.21875, 100.0]}