{"psd": [67.98301487763806, 77.04907856847521, 76.35580936343598, 73.40441554050047, 69.95004802390847, 65.8788103212276, 62.87967014048515, 63.06296913594402, 65.70879720690105, 66.15535974947487, 66.84798986200906, 67.26304182381465, 68.22190788252797, 72.54123443624354, 71.294584792613, 65.7435357061602, 66.29003117774135, 65.70188661968582, 66.94989640167252, 68.68328512559572, 67.2387911426095, 66.6392456539829, 66.7101141958492, 68.37480300681318, 68.03209152796792, 66.68257917388367, 65.85212533606781, 66.46694429470416, 66.85933251340623, 66.82473506693947, 66.16798436701485, 66.35033007903682, 66.26710197784763, 66.97153583164838, 67.33241422990123, 67.75663919810917, 67.03156823992822, 68.27344200651292, 71.51008816954405, 69.67090488515937, 66.4503815599255, 65.91727359690844, 66.46450306475711, 65.9716855281046, 65.35830460501953, 66.8675506217756, 68.48529854727948, 70.729377370998, 70.85743128567773, 69.60844367114487, 68.68668948968418, 67.93626485733724, 67.75376848914965, 68.0114657231043, 67.58002437753598, 67.97541021340916, 69.96795295250212, 80.4986110921031, 81.47490564014994, 71.56014906831943, 68.5262973365808, 67.57014580258723, 67.35680734522562, 67.88060531434039, 68.74829962391813, 70.50471401408295, 69.58398452514771, 69.2734740639281, 68.31462165645449, 68.39610292877482, 68.15051815110193, 68.86782265702291, 68.91882876015053, 68.062031527511, 70.79242925982986, 82.16178564727186, 92.3681368954625, 90.64058418285627, 75.7588684503107, 67.63120255416085, 66.17285606839535, 65.34520752113312, 69.45457402523844, 75.11968249760011, 70.87931983273234, 65.43219646549778, 65.54152379121943, 65.25622819768111, 64.93558674661242, 65.55856599344067, 65.57398955919035, 65.37947538072933, 65.71364929311072, 65.48439926097744, 66.80795787735346, 70.01129181569186, 74.6322297226712, 70.05231111439964, 66.1012693561259, 66.65009719153392, 65.95086489821821, 66.00429441669421, 65.72379099178195, 65.96769519194977, 65.61209505098543, 66.02516548382867, 66.14081226094962, 66.19845335212393, 66.6189386129506, 66.99620541308234, 66.32713639018714, 65.53742723526786, 66.71906397361198, 65.20729664784307, 70.79559315789885, 78.92704400321252, 75.8282052098808, 58.6035482412107, 52.3438279360483, 49.01704035198206, 42.66616728439217, 36.345480728762475, 29.130254927130093, 23.50946461611518, 21.4050276819439, 21.263805821033692, 21.18561907593117, 21.02145314787114, 17.260582426789664], "f": [0.0, 0.78125, 1.5625, 2.34375, 3.125, 3.90625, 4.6875, 5.46875, 6.25, 7.03125, 7.8125, 8.59375, 9.375, 10.15625, 10.9375, 11.71875, 12.5, 13.28125, 14.0625, 14.84375, 15.625, 16.40625, 17.1875, 17.96875, 18.75, 19.53125, 20.3125, 21.09375, 21.875, 22.65625, 23.4375, 24.21875, 25.0, 25.78125, 26.5625, 27.34375, 28.125, 28.90625, 29.6875, 30.46875, 31.25, 32.03125, 32.8125, 33.59375, 34.375, 35.15625, 35.9375, 36.71875, 37.5, 38.28125, 39.0625, 39.84375, 40.625, 41.40625, 42.1875, 42.96875, 43.75, 44.53125, 45.3125, 46.09375, 46.875, 47.65625, 48.4375, 49.21875, 50.0, 50.78125, 51.5625, 52.34375, 53.125, 53.90625, 54.6875, 55.46875, 56.25, 57.03125, 57.8125, 58.59375, 59.375, 60.15625, 60.9375, 61.71875, 62.5, 63.28125, 64.0625, 64.84375, 65.625, 66.40625, 67.1875, 67.96875, 68.75, 69.53125, 70.3125, 71.09375, 71.875, 72.65625, 73.4375, 74.21875, 75.0, 75.78125, 76.5625, 77.34375, 78.125, 78.90625, 79.6875, 80.46875, 81.25, 82.03125, 82.8125, 83.59375, 84.375, 85.15625, 85.9375, 86.71875, 87.5, 88.28125, 89.0625, 89.84375, 90.625, 91.40625, 92.1875, 92.96875, 93.75, 94.53125, 95.3125, 96.09375, 96.875, 97.65625, 98.4375, 99.21875, 100.0]}