{"psd": [69.9148533239582, 77.42244122387602, 75.63314290547667, 71.92153246809322, 68.36709809311432, 64.2301901038089, 62.931976724354925, 62.87763856030914, 65.42574717425538, 65.6802918778793, 67.06083967354907, 68.9710770182821, 77.05046579015439, 88.27160488069916, 87.4276176304472, 73.89925110292049, 68.55041693006235, 68.66356308210078, 69.91349917309427, 86.24540974739703, 95.84891458332997, 93.56040768536656, 83.09647910946723, 82.92289733680116, 84.52283178337163, 82.29304031581266, 86.94470375155686, 88.53559859491705, 79.38500386986435, 73.40812575460134, 72.37428668006423, 75.08368665651399, 76.72814415932527, 82.87982084422673, 87.56981298841472, 85.46346562023996, 87.51977705889239, 86.42084443317417, 82.27447496535493, 81.56789802752718, 83.98665057312289, 81.32531059979875, 77.31773091933546, 76.2998444664523, 76.01240912320756, 77.73679310833101, 85.16342515659213, 87.76911692378545, 85.50831495033154, 84.52598097583785, 83.00228297415579, 82.84020617158667, 84.03721362548401, 88.5558388959532, 93.18729378681049, 90.6976375358383, 84.83046421611179, 83.90510358783926, 85.5567356829539, 86.9868376987403, 89.89570452418668, 90.76426074561692, 86.50922631540176, 81.24083416215946, 79.53517223944465, 78.10841880256211, 80.81132887223166, 83.05330185387108, 83.50272375336297, 80.28960697926937, 80.20481227787829, 78.73615647840805, 78.35236481981555, 78.71890898127843, 79.05429822412106, 78.85640636015339, 78.79735420307965, 79.17661134723518, 78.33781057269356, 77.80740255235146, 77.71388468303796, 77.75815989595385, 78.09348893497801, 79.35740971247606, 80.34007561110406, 80.62528611280122, 80.60570138698161, 81.09265952325998, 83.37983807690924, 85.50722788490184, 87.45057239433977, 87.61778988488588, 87.5730936360182, 87.80547522805308, 88.68680828004881, 88.94305637996442, 89.34464391923393, 90.10044839158203, 91.21284275345425, 91.3036680446347, 91.8163376852576, 92.67237794179195, 92.93714346796116, 92.8180691564757, 93.1225405844809, 92.8959074679169, 92.82397468343724, 92.58437115965688, 92.98881573623254, 92.22979624049096, 91.91776321044298, 92.20527150415765, 92.59580352518503, 92.20251647238652, 91.30145636601426, 89.88892876619643, 87.45094857393015, 84.83890818143448, 81.40250872089952, 76.83493073216064, 71.15298842561421, 64.38934225210032, 56.44714374472025, 47.329734498318565, 37.98252757321951, 29.123215313080316, 24.593958308642474, 23.925453952214447, 19.165259497333672], "f": [0.0, 0.78125, 1.5625, 2.34375, 3.125, 3.90625, 4.6875, 5.46875, 6.25, 7.03125, 7.8125, 8.59375, 9.375, 10.15625, 10.9375, 11.71875, 12.5, 13.28125, 14.0625, 14.84375, 15.625, 16.40625, 17.1875, 17.96875, 18.75, 19.53125, 20.3125, 21.09375, 21.875, 22.65625, 23.4375, 24.21875, 25.0, 25.78125, 26.5625, 27.34375, 28.125, 28.90625, 29.6875, 30.46875, 31.25, 32.03125, 32.8125, 33.59375, 34.375, 35.15625, 35.9375, 36.71875, 37.5, 38.28125, 39.0625, 39.84375, 40.625, 41.40625, 42.1875, 42.96875, 43.75, 44.53125, 45.3125, 46.09375, 46.875, 47.65625, 48.4375, 49.21875, 50.0, 50.78125, 51.5625, 52.34375, 53.125, 53.90625, 54.6875, 55.46875, 56.25, 57.03125, 57.8125, 58.59375, 59.375, 60.15625, 60.9375, 61.71875, 62.5, 63.28125, 64.0625, 64.84375, 65.625, 66.40625, 67.1875, 67.96875, 68.75, 69.53125, 70.3125, 71.09375, 71.875, 72.65625, 73.4375, 74.21875, 75.0, 75.78125, 76.5625, 77.34375, 78.125, 78.90625, 79.6875, 80.46875, 81.25, 82.03125, 82.8125, 83.59375, 84.375, 85.15625, 85.9375, 86.71875, 87.5, 88.28125, 89.0625, 89.84375, 90.625, 91.40625, 92.1875, 92.96875, 93.75, 94.53125, 95.3125, 96.09375, 96.875, 97.65625, 98.4375, 99.21875, 100.0]}