{"psd": [69.14772724232857, 77.3575495924359, 76.40044178017317, 73.52840115239093, 69.39862805567586, 64.95100205783072, 61.99598004253798, 62.44162860940105, 63.309361535545236, 65.06179240968204, 65.99531706712118, 66.10756769771574, 66.23412692195929, 68.90400774215838, 68.01407597470185, 65.40134427089211, 66.45156443608809, 64.87631091350393, 66.0188193870803, 67.28336580530468, 66.46047863995663, 65.90803541345568, 65.78537586698266, 66.72481500886911, 66.74730518846299, 66.82233862729028, 67.37859048105635, 67.27350668901114, 66.54144446926985, 65.98787992837083, 65.77739856974267, 65.45072456356752, 65.00615519040733, 65.80834390993779, 65.65236993484885, 66.44571538243143, 66.6004947398144, 67.74661326435941, 71.76469682177225, 70.42092805062117, 65.8999235354379, 65.32390093491006, 65.52264472980839, 65.57594823423233, 65.56632567151128, 66.36318025286047, 67.78630109911192, 69.15508750828533, 69.28608348014211, 69.22080912521461, 68.50713803208768, 68.33794530467146, 68.83042802133062, 67.64037343381113, 67.04185442546044, 67.65175258600605, 70.05425564457056, 80.56900712584452, 81.56574045546475, 71.70899095369704, 68.24099395229572, 68.35603582301519, 68.31614838958367, 68.62341670640532, 69.547208684619, 70.98281130091496, 69.7450625334095, 69.43145799229227, 68.0741568747863, 67.95244543933983, 68.21805923168236, 68.92110409408633, 68.3554675781246, 67.58307238180731, 70.76486926818576, 82.21651744886569, 92.58805681626723, 90.567325765023, 75.67754499537432, 67.71270927729525, 65.63295373653118, 65.70438086198396, 69.68804559413111, 75.26308307188661, 70.7610854179026, 66.43157870679856, 66.05884158021253, 65.82130055760956, 65.22501477027387, 66.20709869324288, 65.81760528125375, 66.51519827894094, 66.75867405228688, 67.10580981447399, 67.78922321040957, 70.4362754751429, 74.55930543936452, 70.6515848936843, 67.90294964562842, 67.87400548042358, 68.152262795416, 68.07904510936396, 68.5777542117984, 69.2412544658035, 68.98625826389511, 68.51481451357716, 68.08857113347995, 67.93752110884279, 67.41114233098807, 67.89781381906036, 67.63145198168242, 66.76914229594047, 67.56436829763076, 65.09495562081962, 71.46813121459984, 79.79784791762613, 76.74581355773573, 59.123304880474905, 53.58838352373871, 49.58661626356963, 42.970780224391696, 36.57167417449135, 28.99468336251145, 23.42710110667706, 21.786241171933703, 21.221636457717242, 21.321965697901533, 21.13787812419715, 16.35150352950842], "f": [0.0, 0.78125, 1.5625, 2.34375, 3.125, 3.90625, 4.6875, 5.46875, 6.25, 7.03125, 7.8125, 8.59375, 9.375, 10.15625, 10.9375, 11.71875, 12.5, 13.28125, 14.0625, 14.84375, 15.625, 16.40625, 17.1875, 17.96875, 18.75, 19.53125, 20.3125, 21.09375, 21.875, 22.65625, 23.4375, 24.21875, 25.0, 25.78125, 26.5625, 27.34375, 28.125, 28.90625, 29.6875, 30.46875, 31.25, 32.03125, 32.8125, 33.59375, 34.375, 35.15625, 35.9375, 36.71875, 37.5, 38.28125, 39.0625, 39.84375, 40.625, 41.40625, 42.1875, 42.96875, 43.75, 44.53125, 45.3125, 46.09375, 46.875, 47.65625, 48.4375, 49.21875, 50.0, 50.78125, 51.5625, 52.34375, 53.125, 53.90625, 54.6875, 55.46875, 56.25, 57.03125, 57.8125, 58.59375, 59.375, 60.15625, 60.9375, 61.71875, 62.5, 63.28125, 64.0625, 64.84375, 65.625, 66.40625, 67.1875, 67.96875, 68.75, 69.53125, 70.3125, 71.09375, 71.875, 72.65625, 73.4375, 74.21875, 75.0, 75.78125, 76.5625, 77.34375, 78.125, 78.90625, 79.6875, 80.46875, 81.25, 82.03125, 82.8125, 83.59375, 84.375, 85.15625, 85.9375, 86.71875, 87.5, 88.28125, 89.0625, 89.84375, 90.625, 91.40625, 92.1875, 92.96875, 93.75, 94.53125, 95.3125, 96.09375, 96.875, 97.65625, 98.4375, 99.21875, 100.0]}