{"psd": [65.17830011727642, 72.10767929121002, 70.95679875682933, 69.49399055058885, 66.97947752738838, 63.413473070940384, 62.19604649152085, 65.30464390277905, 66.74341246293359, 66.77312858942292, 66.53048337791346, 69.0716016283782, 78.10572409046492, 89.77219252232403, 89.3245389554391, 77.36498397632528, 73.9636672179575, 68.57437899902601, 69.75067230986949, 85.32757664457996, 94.6453401944699, 92.40937302706733, 82.18691181690104, 83.18605138018214, 84.48670098067782, 80.78673055295502, 87.75298968121716, 91.42128362466823, 85.09163394179417, 73.31334090472131, 70.64896951723824, 74.45741509303555, 76.44441325909519, 83.74186748119202, 88.78411495238905, 84.32505349293542, 83.31155965147545, 82.72315563798436, 81.02694449330568, 80.22765176130267, 81.22222531479757, 81.34283838836058, 77.48222425518959, 78.37385704345034, 77.76765418618066, 78.96906646077932, 86.81813904902509, 89.14180677619406, 86.33621670141692, 83.53477590440114, 81.9751362049688, 81.09840624336621, 82.66792212398317, 85.44859018297323, 92.10324900754975, 90.16703611616391, 80.93981057698417, 82.67411604804762, 82.70277723816665, 83.98032173872751, 87.31719943986455, 89.73076077998252, 86.56852962930444, 82.1121554791483, 80.6314720835894, 80.98046583609386, 83.6610237678992, 85.19930646656849, 83.88665611506897, 81.14615296226131, 80.76426999999822, 80.22780520629007, 79.8346158040883, 78.97601418587952, 77.4102026949945, 76.45679477704246, 76.1122574328106, 77.34589925219186, 77.69634400599992, 78.90486876820842, 78.068239024406, 75.95733616599492, 78.09817446120861, 79.76808865108539, 80.6545128307398, 81.08635164432754, 81.65264495847731, 81.2634284263093, 82.20131982565569, 84.66703966648119, 85.9916061248843, 87.3260950384113, 88.01432324475942, 88.3998577471346, 88.6276678447144, 89.11213394396677, 89.50318050950503, 90.72353386744183, 91.79549744412456, 92.45544525484961, 92.87106103947237, 93.92313671482319, 93.92790863073238, 93.88666520301626, 93.34926775343462, 93.2561392212595, 92.81989263681902, 93.03274711598368, 92.63999883328792, 92.3244323348425, 92.47110604022706, 93.28950365557402, 93.02733743089696, 92.93640271985834, 92.17131185129335, 90.70249055969452, 88.35613087185487, 85.1067133540643, 81.83807997239506, 77.96041122953397, 72.35076947367507, 65.53126753882322, 57.87050786378487, 48.78744981057531, 38.65373815793751, 29.86755262294979, 25.256444875537923, 23.563709559129276, 19.552722842911884], "f": [0.0, 0.78125, 1.5625, 2.34375, 3.125, 3.90625, 4.6875, 5.46875, 6.25, 7.03125, 7.8125, 8.59375, 9.375, 10.15625, 10.9375, 11.71875, 12.5, 13.28125, 14.0625, 14.84375, 15.625, 16.40625, 17.1875, 17.96875, 18.75, 19.53125, 20.3125, 21.09375, 21.875, 22.65625, 23.4375, 24.21875, 25.0, 25.78125, 26.5625, 27.34375, 28.125, 28.90625, 29.6875, 30.46875, 31.25, 32.03125, 32.8125, 33.59375, 34.375, 35.15625, 35.9375, 36.71875, 37.5, 38.28125, 39.0625, 39.84375, 40.625, 41.40625, 42.1875, 42.96875, 43.75, 44.53125, 45.3125, 46.09375, 46.875, 47.65625, 48.4375, 49.21875, 50.0, 50.78125, 51.5625, 52.34375, 53.125, 53.90625, 54.6875, 55.46875, 56.25, 57.03125, 57.8125, 58.59375, 59.375, 60.15625, 60.9375, 61.71875, 62.5, 63.28125, 64.0625, 64.84375, 65.625, 66.40625, 67.1875, 67.96875, 68.75, 69.53125, 70.3125, 71.09375, 71.875, 72.65625, 73.4375, 74.21875, 75.0, 75.78125, 76.5625, 77.34375, 78.125, 78.90625, 79.6875, 80.46875, 81.25, 82.03125, 82.8125, 83.59375, 84.375, 85.15625, 85.9375, 86.71875, 87.5, 88.28125, 89.0625, 89.84375, 90.625, 91.40625, 92.1875, 92.96875, 93.75, 94.53125, 95.3125, 96.09375, 96.875, 97.65625, 98.4375, 99.21875, 100.0]}