{"psd": [75.62329343393783, 84.18584717897608, 83.05019598897877, 78.47456871504315, 72.18271580281242, 66.19301058895172, 62.31935770562974, 61.948667682790244, 62.13250186452255, 63.527363291080604, 64.81507836039582, 68.4331942753528, 82.24968032823128, 94.97141002821948, 94.92130626367609, 81.07231399411218, 68.86584231268363, 68.53285990023993, 69.97951022572462, 85.61685882757914, 93.90276910409922, 90.72592321847644, 77.3850695411511, 76.98333170776225, 79.97290414676081, 80.75908695195366, 88.02136372638493, 90.18198041875279, 82.2558799000072, 72.62415856528202, 71.93294906059003, 74.68333296569557, 75.63015381237254, 78.23746065158434, 81.97167876881217, 78.79650204058103, 80.97478326003161, 83.03789619319295, 81.95611672164979, 79.74200329889246, 83.79780096568234, 84.74586025764992, 76.78741278606384, 73.85209162021391, 73.41713069177736, 76.86349542562324, 85.78929113317015, 87.7992539621224, 84.0813929553972, 80.38413823388643, 79.76009559026576, 79.14340428139117, 80.91337530847291, 87.96703879023939, 91.61802517869775, 88.14355328473667, 80.09684695694577, 80.34223241624349, 80.55459660130941, 83.48692134819997, 87.58978008175029, 88.60343186765625, 84.110417038815, 80.51679358292945, 79.81031082688199, 79.70979709256765, 81.82473460512281, 83.90360222727804, 83.70914851076306, 79.87963289787672, 79.12084727883911, 77.81531338862851, 77.62644183041849, 77.55890709284706, 75.46061372325, 73.16275198028946, 71.52660341929322, 72.59769933062276, 73.68466362219667, 72.39591991050709, 70.8505770976484, 70.98220328264374, 72.03243069082448, 72.82719144002488, 73.19994919440535, 72.53100715730098, 73.46828928813287, 74.69490693414981, 76.3796223248905, 76.28631800725995, 76.51264239564532, 76.47510354650377, 77.259436376188, 79.46489557714767, 79.70526489816109, 80.59414973707361, 80.29773125699201, 79.99457771696953, 81.3687429652336, 82.93162453614448, 83.07634389329434, 83.4430914634832, 83.76444170395041, 84.45582858045626, 85.51049876631251, 85.94241931463128, 86.48058779325464, 86.75592817223367, 85.25382654008487, 83.73786945308726, 81.39679919195274, 81.69334389990948, 82.49388355712262, 82.72130795092903, 82.40571319071879, 81.27908829459933, 79.07293883138217, 75.41660861232403, 71.41628444174987, 67.47355917668554, 62.83134600844217, 56.19984026141191, 48.923517866790576, 40.74303683990963, 31.269194927786465, 24.49134754830179, 22.331751437511915, 22.124428379103232, 16.956789535916027], "f": [0.0, 0.78125, 1.5625, 2.34375, 3.125, 3.90625, 4.6875, 5.46875, 6.25, 7.03125, 7.8125, 8.59375, 9.375, 10.15625, 10.9375, 11.71875, 12.5, 13.28125, 14.0625, 14.84375, 15.625, 16.40625, 17.1875, 17.96875, 18.75, 19.53125, 20.3125, 21.09375, 21.875, 22.65625, 23.4375, 24.21875, 25.0, 25.78125, 26.5625, 27.34375, 28.125, 28.90625, 29.6875, 30.46875, 31.25, 32.03125, 32.8125, 33.59375, 34.375, 35.15625, 35.9375, 36.71875, 37.5, 38.28125, 39.0625, 39.84375, 40.625, 41.40625, 42.1875, 42.96875, 43.75, 44.53125, 45.3125, 46.09375, 46.875, 47.65625, 48.4375, 49.21875, 50.0, 50.78125, 51.5625, 52.34375, 53.125, 53.90625, 54.6875, 55.46875, 56.25, 57.03125, 57.8125, 58.59375, 59.375, 60.15625, 60.9375, 61.71875, 62.5, 63.28125, 64.0625, 64.84375, 65.625, 66.40625, 67.1875, 67.96875, 68.75, 69.53125, 70.3125, 71.09375, 71.875, 72.65625, 73.4375, 74.21875, 75.0, 75.78125, 76.5625, 77.34375, 78.125, 78.90625, 79.6875, 80.46875, 81.25, 82.03125, 82.8125, 83.59375, 84.375, 85.15625, 85.9375, 86.71875, 87.5, 88.28125, 89.0625, 89.84375, 90.625, 91.40625, 92.1875, 92.96875, 93.75, 94.53125, 95.3125, 96.09375, 96.875, 97.65625, 98.4375, 99.21875, 100.0]}