{"psd": [70.51016922459611, 78.5210782451649, 77.13890679693014, 74.39700271289324, 70.66768546509896, 66.01516663452807, 62.52435280646491, 62.95324366390126, 67.12629112056257, 68.22539909044684, 65.85482623463136, 68.1521982515956, 82.56132670086453, 94.7651833578825, 94.55851596282189, 80.90263744878229, 69.36932731140315, 67.38992675854702, 68.02596718234565, 84.61885264858105, 93.01996766691195, 90.0112593678977, 77.54372508585492, 77.89538940967705, 80.94249761269248, 81.07996442265528, 86.71678710765, 89.44813123010317, 82.0040363192743, 71.12652756791276, 71.16706181145992, 73.71685599978095, 74.37700832823485, 85.91889689078569, 90.36937915511501, 83.72474552295478, 81.79450346469389, 82.9427394564967, 81.04448960737513, 77.58861922063373, 81.41264485801287, 82.87623993638924, 76.17694723874689, 74.68167712397724, 74.08914344746977, 75.38727724052963, 86.89169470518166, 89.55847713754517, 85.40221669425449, 82.32078166623734, 81.53139162557775, 79.54135872719269, 78.5868145025305, 85.18673855480324, 89.94863463947789, 86.67313008397596, 79.17317681899834, 79.5116207857498, 80.65823946079831, 82.58244229046295, 86.96014111407314, 90.39408655217255, 85.55309392747176, 80.44840328514704, 79.23463667063133, 78.7175551967645, 80.65778060078179, 82.5958151049921, 83.34581831173128, 79.36988637206122, 77.90952086946103, 77.21534766173356, 75.2948926288326, 73.81048197154946, 73.28571312654603, 73.29410709926046, 72.62665763167531, 72.71962937337722, 73.21883506974406, 72.65051232766909, 71.30764488580382, 70.70020128973442, 70.53123833906264, 71.82254285936759, 72.79138849817804, 72.40188980743888, 71.86580787011579, 72.46394843809934, 74.82398194444252, 75.91449526839023, 76.11108097600554, 77.59224717487088, 78.18031718709827, 78.48316733928417, 78.85255442686727, 79.56412680144156, 79.71368402803196, 79.71416273765557, 80.82114140625436, 82.28153637989769, 83.26596786262087, 84.26930023422328, 85.14446664206993, 84.53845375972806, 84.96053389691599, 85.39125611810854, 85.82192180541352, 85.82827985327674, 85.2282683348554, 84.55637320452436, 84.1533635261496, 84.89529514878095, 85.59335623291715, 86.30439741467814, 85.86539075723975, 84.84000979978545, 83.16142592057423, 79.71793073312644, 75.99812944485797, 71.53716670949643, 66.22671996337895, 59.35755894138214, 52.10228583317809, 43.454733530902594, 34.40904087185935, 26.283559001985914, 22.47395397625968, 21.885578206240783, 16.644392398330957], "f": [0.0, 0.78125, 1.5625, 2.34375, 3.125, 3.90625, 4.6875, 5.46875, 6.25, 7.03125, 7.8125, 8.59375, 9.375, 10.15625, 10.9375, 11.71875, 12.5, 13.28125, 14.0625, 14.84375, 15.625, 16.40625, 17.1875, 17.96875, 18.75, 19.53125, 20.3125, 21.09375, 21.875, 22.65625, 23.4375, 24.21875, 25.0, 25.78125, 26.5625, 27.34375, 28.125, 28.90625, 29.6875, 30.46875, 31.25, 32.03125, 32.8125, 33.59375, 34.375, 35.15625, 35.9375, 36.71875, 37.5, 38.28125, 39.0625, 39.84375, 40.625, 41.40625, 42.1875, 42.96875, 43.75, 44.53125, 45.3125, 46.09375, 46.875, 47.65625, 48.4375, 49.21875, 50.0, 50.78125, 51.5625, 52.34375, 53.125, 53.90625, 54.6875, 55.46875, 56.25, 57.03125, 57.8125, 58.59375, 59.375, 60.15625, 60.9375, 61.71875, 62.5, 63.28125, 64.0625, 64.84375, 65.625, 66.40625, 67.1875, 67.96875, 68.75, 69.53125, 70.3125, 71.09375, 71.875, 72.65625, 73.4375, 74.21875, 75.0, 75.78125, 76.5625, 77.34375, 78.125, 78.90625, 79.6875, 80.46875, 81.25, 82.03125, 82.8125, 83.59375, 84.375, 85.15625, 85.9375, 86.71875, 87.5, 88.28125, 89.0625, 89.84375, 90.625, 91.40625, 92.1875, 92.96875, 93.75, 94.53125, 95.3125, 96.09375, 96.875, 97.65625, 98.4375, 99.21875, 100.0]}