{"psd": [68.2192065903486, 76.83712840921109, 74.25152696276899, 71.25300696367115, 69.49582105393802, 67.60726235898926, 65.03305300270115, 66.94321356022952, 67.69089865718911, 66.40613860790305, 67.36128396004258, 66.85841150327056, 68.84402225551405, 69.85410367034379, 67.26762156369497, 73.11482416622655, 71.85422840145922, 66.78158364646286, 67.7257958396791, 70.88639013244668, 67.75947157352897, 67.61225183040706, 68.06566850514771, 66.29447407887025, 65.47377238630004, 68.50053420759122, 68.6971691230742, 65.41763825820854, 65.35105369830065, 65.4448509766611, 65.60187431532958, 66.91027915050199, 66.3387926304824, 66.37939232613635, 66.19360296748474, 66.88061380267267, 68.63718453256136, 76.93938504978763, 86.23875452491917, 84.98942205238153, 72.68657965863576, 73.48178440336726, 73.91482981245936, 69.39114582643063, 68.1319850483869, 68.27226071509801, 69.88492889366717, 70.23179317597035, 70.70287399999765, 71.40763537771151, 74.31154709569459, 75.24975896128151, 72.9152592053214, 71.26734813555112, 71.42384237780713, 72.71356601794422, 72.37794609476148, 82.07064250639363, 83.0489152450437, 74.82299578143044, 73.07782854804744, 73.38978112170379, 73.12004549001752, 72.69312254662688, 72.77373653517304, 71.76209481860523, 70.22201726195833, 69.44621803729565, 69.0774520116744, 69.98868586627835, 69.64959248238642, 70.23541145329298, 69.48944597096373, 68.90641983657139, 72.86821429170406, 83.27167399690744, 93.68486585811306, 91.75351679374938, 78.36180245783707, 70.83222459174146, 66.97490313171328, 67.22548235432288, 71.00507703145509, 75.63050902538193, 72.16232677143464, 68.20961863373243, 65.99614244500425, 66.28991867572417, 66.58935201376048, 66.74833503203065, 67.40267808633851, 68.16912696968228, 70.34104448144839, 69.39747140604032, 67.65044733142916, 72.62927080878832, 77.32955155525163, 72.83175799910305, 67.57424238667694, 67.59356246506472, 67.42468123712396, 68.1218933383055, 68.77924347716863, 68.25081694504348, 68.23962715945994, 68.92944924645012, 69.20614392667271, 69.24377085984987, 67.98311490583782, 68.11750162249473, 69.07704980805451, 70.7841626480144, 69.63136728589548, 67.85732481307151, 66.61775393630168, 72.41695147729375, 69.18587523992284, 58.01148212853187, 53.97486941354738, 49.55710774818958, 43.68656237123417, 37.42758603049952, 29.615286555551606, 23.57111894362761, 21.583989736407116, 21.2562953920677, 21.399344328880666, 21.151810434750548, 15.789311263965718], "f": [0.0, 0.78125, 1.5625, 2.34375, 3.125, 3.90625, 4.6875, 5.46875, 6.25, 7.03125, 7.8125, 8.59375, 9.375, 10.15625, 10.9375, 11.71875, 12.5, 13.28125, 14.0625, 14.84375, 15.625, 16.40625, 17.1875, 17.96875, 18.75, 19.53125, 20.3125, 21.09375, 21.875, 22.65625, 23.4375, 24.21875, 25.0, 25.78125, 26.5625, 27.34375, 28.125, 28.90625, 29.6875, 30.46875, 31.25, 32.03125, 32.8125, 33.59375, 34.375, 35.15625, 35.9375, 36.71875, 37.5, 38.28125, 39.0625, 39.84375, 40.625, 41.40625, 42.1875, 42.96875, 43.75, 44.53125, 45.3125, 46.09375, 46.875, 47.65625, 48.4375, 49.21875, 50.0, 50.78125, 51.5625, 52.34375, 53.125, 53.90625, 54.6875, 55.46875, 56.25, 57.03125, 57.8125, 58.59375, 59.375, 60.15625, 60.9375, 61.71875, 62.5, 63.28125, 64.0625, 64.84375, 65.625, 66.40625, 67.1875, 67.96875, 68.75, 69.53125, 70.3125, 71.09375, 71.875, 72.65625, 73.4375, 74.21875, 75.0, 75.78125, 76.5625, 77.34375, 78.125, 78.90625, 79.6875, 80.46875, 81.25, 82.03125, 82.8125, 83.59375, 84.375, 85.15625, 85.9375, 86.71875, 87.5, 88.28125, 89.0625, 89.84375, 90.625, 91.40625, 92.1875, 92.96875, 93.75, 94.53125, 95.3125, 96.09375, 96.875, 97.65625, 98.4375, 99.21875, 100.0]}