{"psd": [71.53192369560942, 80.23521163933952, 78.71023420348094, 74.81845136718351, 71.09771629665153, 67.38715065372422, 66.93435523089298, 67.89643967962941, 66.61708315046214, 67.5156101756176, 69.85420078139056, 70.5347648026795, 78.11502446736411, 88.99582651024353, 87.93506677581676, 74.11830792373439, 69.31525712311351, 68.7508443055417, 69.9930387358707, 85.51725333327093, 94.31217147559174, 91.61014531561021, 81.02553304472188, 83.2696013965859, 84.8938498885888, 82.02600976295707, 85.26720527535305, 89.182068054327, 83.46566481467526, 72.9847158668428, 71.66852100863314, 74.43396191748174, 75.00789657684695, 83.76298762924841, 88.47977938247911, 86.21820432331614, 87.81302434235826, 86.6037453983781, 81.58812056389884, 78.21569511707347, 82.60567287955519, 83.74434847605445, 78.72442522912277, 76.98576994544227, 75.92287789946603, 76.7145483763061, 84.60229031361769, 86.85544873076856, 84.93797284133444, 84.49797726768466, 84.21000259912685, 84.28376664753345, 83.30322417194924, 86.30298817454822, 89.83645713649932, 87.82302312323665, 84.44513491671435, 84.81624290337841, 87.01843701104988, 87.16789722559133, 88.69418855761816, 90.13786179896348, 86.30651717334645, 81.10927599763762, 77.39229453101456, 75.71045671972107, 80.89648884797595, 82.71848229082204, 81.5162788532516, 77.0419479413324, 76.85573763586297, 76.17996052562788, 75.65863773248803, 77.27425804222777, 77.80617640241172, 77.75077468624603, 76.42435517871127, 78.87748098886914, 79.26203412160255, 77.13322989373104, 75.5668816810078, 76.53522658680102, 77.32971639292496, 77.86639611969515, 79.29863513000177, 79.64133369598082, 79.4890104674849, 80.16593571870942, 80.39653182061537, 80.98788850423132, 82.60450991624339, 83.70593754316005, 84.78116437561384, 86.48356000067847, 87.60941057653766, 87.84000184107016, 87.59943499144698, 87.71221483997098, 88.18303103201279, 88.82610355375492, 89.74554597631729, 91.07547690419702, 90.97272703970754, 91.54815705078164, 91.7632649761905, 90.88706278482366, 90.25753049189788, 90.11274518586646, 90.22554736679814, 90.4027658582426, 90.24854065158425, 91.45572566793876, 91.42008995108604, 90.87404366378212, 89.81563672909951, 89.3435713889477, 87.79795299590111, 84.98079175274097, 81.439894907281, 76.91172383937851, 71.25246266088394, 64.93812225845146, 57.584935360590606, 48.994281411789444, 39.10149661123745, 29.629428025801783, 24.688474573135277, 23.50044896942521, 19.314252699328446], "f": [0.0, 0.78125, 1.5625, 2.34375, 3.125, 3.90625, 4.6875, 5.46875, 6.25, 7.03125, 7.8125, 8.59375, 9.375, 10.15625, 10.9375, 11.71875, 12.5, 13.28125, 14.0625, 14.84375, 15.625, 16.40625, 17.1875, 17.96875, 18.75, 19.53125, 20.3125, 21.09375, 21.875, 22.65625, 23.4375, 24.21875, 25.0, 25.78125, 26.5625, 27.34375, 28.125, 28.90625, 29.6875, 30.46875, 31.25, 32.03125, 32.8125, 33.59375, 34.375, 35.15625, 35.9375, 36.71875, 37.5, 38.28125, 39.0625, 39.84375, 40.625, 41.40625, 42.1875, 42.96875, 43.75, 44.53125, 45.3125, 46.09375, 46.875, 47.65625, 48.4375, 49.21875, 50.0, 50.78125, 51.5625, 52.34375, 53.125, 53.90625, 54.6875, 55.46875, 56.25, 57.03125, 57.8125, 58.59375, 59.375, 60.15625, 60.9375, 61.71875, 62.5, 63.28125, 64.0625, 64.84375, 65.625, 66.40625, 67.1875, 67.96875, 68.75, 69.53125, 70.3125, 71.09375, 71.875, 72.65625, 73.4375, 74.21875, 75.0, 75.78125, 76.5625, 77.34375, 78.125, 78.90625, 79.6875, 80.46875, 81.25, 82.03125, 82.8125, 83.59375, 84.375, 85.15625, 85.9375, 86.71875, 87.5, 88.28125, 89.0625, 89.84375, 90.625, 91.40625, 92.1875, 92.96875, 93.75, 94.53125, 95.3125, 96.09375, 96.875, 97.65625, 98.4375, 99.21875, 100.0]}