{"psd": [72.39087682048212, 81.28711169432121, 79.27002349668379, 74.99575792923714, 70.59204072001228, 64.89259680875234, 62.36175114936766, 63.14443484735289, 64.13654314353148, 65.86457621191241, 66.91028860612735, 69.08825458625742, 81.49744336236638, 93.85005635955535, 93.69355352268028, 80.33897619752723, 72.51777396426927, 69.13572970311726, 70.91917326998394, 83.82681183565725, 92.92080354158352, 90.23764817916305, 79.69699188716012, 80.45745982696349, 82.7407630518747, 81.11583333254839, 85.34807318547278, 88.73383622444648, 82.53231327753569, 72.42514772956736, 72.29143809378185, 74.95934368961147, 75.88595865776941, 79.66020323948369, 84.64108200428288, 80.08328514577565, 81.79359620304635, 82.42666758222657, 80.97642688481038, 80.14963322694067, 82.24574599317768, 83.93398453594665, 77.6712058426074, 76.71994184878626, 75.94901714887578, 76.77601540461578, 84.19640952537819, 88.61042909208919, 86.6259335879557, 82.46219480847734, 82.10874069306522, 80.77999847546322, 80.37475563559642, 84.82103914712977, 90.51399887156798, 88.43478849946163, 81.28764244292812, 82.1070568523762, 82.64767170243758, 84.14257615168766, 88.94223515088079, 90.57351147707104, 86.61032254157611, 83.00103055357555, 81.58111562351174, 81.50325968265257, 83.51702711192036, 84.82874033502154, 84.11038112866959, 82.45525446649127, 81.34083471053134, 79.29624915477204, 77.03863927438894, 76.20840928542664, 76.35830894756475, 77.03298769636491, 76.29654882403119, 77.42857558449523, 78.81095411260785, 78.38459787848888, 76.31826429361115, 75.31541938715787, 76.3798299055567, 76.85973655897155, 77.73616377302805, 79.42725135716489, 80.72944787631522, 81.28531891274328, 82.02767129934855, 82.17957961933834, 82.60160300998868, 84.12179284396748, 84.91220069353707, 86.0904503358192, 86.93961398403827, 86.76171150219581, 87.1273457294885, 87.6605152632512, 89.03285109014334, 89.93433988271255, 89.7155324804268, 90.1528158559401, 91.44555971928156, 91.98594985267157, 91.48828407370338, 91.39287270424958, 90.7686755506414, 90.21720290560143, 89.42486913054573, 89.44643256296202, 90.06213286095209, 90.64667586164228, 90.92364697439672, 90.26927649583664, 88.9324312234263, 87.00468849459078, 85.53030912092461, 82.02431909680425, 78.50891179103323, 74.59890395488584, 69.82527535457007, 62.580430510049794, 55.049139106170124, 45.19644221643333, 35.46609918657985, 27.244711584612592, 24.243656759540016, 22.675653028712222, 18.964332341277554], "f": [0.0, 0.78125, 1.5625, 2.34375, 3.125, 3.90625, 4.6875, 5.46875, 6.25, 7.03125, 7.8125, 8.59375, 9.375, 10.15625, 10.9375, 11.71875, 12.5, 13.28125, 14.0625, 14.84375, 15.625, 16.40625, 17.1875, 17.96875, 18.75, 19.53125, 20.3125, 21.09375, 21.875, 22.65625, 23.4375, 24.21875, 25.0, 25.78125, 26.5625, 27.34375, 28.125, 28.90625, 29.6875, 30.46875, 31.25, 32.03125, 32.8125, 33.59375, 34.375, 35.15625, 35.9375, 36.71875, 37.5, 38.28125, 39.0625, 39.84375, 40.625, 41.40625, 42.1875, 42.96875, 43.75, 44.53125, 45.3125, 46.09375, 46.875, 47.65625, 48.4375, 49.21875, 50.0, 50.78125, 51.5625, 52.34375, 53.125, 53.90625, 54.6875, 55.46875, 56.25, 57.03125, 57.8125, 58.59375, 59.375, 60.15625, 60.9375, 61.71875, 62.5, 63.28125, 64.0625, 64.84375, 65.625, 66.40625, 67.1875, 67.96875, 68.75, 69.53125, 70.3125, 71.09375, 71.875, 72.65625, 73.4375, 74.21875, 75.0, 75.78125, 76.5625, 77.34375, 78.125, 78.90625, 79.6875, 80.46875, 81.25, 82.03125, 82.8125, 83.59375, 84.375, 85.15625, 85.9375, 86.71875, 87.5, 88.28125, 89.0625, 89.84375, 90.625, 91.40625, 92.1875, 92.96875, 93.75, 94.53125, 95.3125, 96.09375, 96.875, 97.65625, 98.4375, 99.21875, 100.0]}