{"psd": [69.67116040744888, 78.78389970461699, 77.920873036107, 74.9355903223944, 70.41050838651473, 65.62818953167947, 62.59375919083696, 62.508288055438, 63.44258211060098, 64.13776741511582, 65.83777637669166, 67.21910099776662, 67.59680212532417, 71.09992426756733, 68.25373619803241, 64.1125262594555, 65.23564759918322, 63.3749216154027, 64.98157767320184, 66.89240693663301, 65.30493128452565, 65.11934268454675, 65.1678925900369, 66.57535351665757, 66.08499911648424, 65.6460231744865, 65.19073520365079, 65.1442707661761, 65.22546237334134, 65.00921699560107, 64.78683208997461, 65.25686908067983, 66.96331084476999, 67.56239069000364, 67.84497952857036, 67.2940934917733, 65.57780725808945, 67.51971342192651, 73.23570490016918, 71.73361856725211, 65.63448628273156, 65.98602533664933, 66.42117980604223, 65.78565028672688, 66.0297238427057, 68.05779331504192, 69.09189547378362, 69.28024344475789, 69.89462949519448, 69.58228952744224, 68.75459687312004, 68.46488219761086, 68.91464201195289, 68.83215210485625, 67.6309091724485, 67.87142223754097, 69.86889573224273, 74.99673216442258, 75.61252794551069, 70.18861510774214, 68.44590243831976, 68.33268010317893, 68.37883278634327, 68.63743067105, 68.75911332818701, 70.62746023111924, 70.00364172873935, 69.44939271362043, 70.55967615274704, 70.27734023368824, 68.91656346762028, 68.18596055211161, 68.3315105327073, 68.00035997786854, 70.9697933143465, 82.00530937963848, 92.6035800670677, 90.5415578695642, 75.05837707836947, 69.8246636279539, 68.36672680355362, 67.1599095751381, 68.79369276566422, 73.32713503226321, 69.46809597203895, 66.26595018734412, 66.42845769582624, 66.1381909182349, 66.63879847767399, 67.49959140998739, 68.2991756119903, 67.8133376445092, 67.4317387118228, 67.20479919949761, 66.989761950871, 78.24774070101998, 84.29588120459903, 78.51403518798477, 67.20687937164834, 67.34752171141453, 66.64464178401836, 66.81843893444137, 66.87471364881762, 67.27937243532318, 67.11145961168513, 67.48241513222126, 66.96982402094778, 66.65726143786209, 66.32811267206732, 66.22250344112236, 66.37300739700868, 66.19819872305416, 66.8578807880772, 65.64351326314109, 69.5278786126033, 77.89752361567638, 75.00273126736167, 58.871683900077414, 53.13427225655733, 48.26841150416702, 42.73943774576356, 36.76031081151835, 30.232461146931936, 24.909661159173897, 22.16325892122438, 21.596316456696094, 21.604476831293695, 21.649844329771856, 16.399007251548888], "f": [0.0, 0.78125, 1.5625, 2.34375, 3.125, 3.90625, 4.6875, 5.46875, 6.25, 7.03125, 7.8125, 8.59375, 9.375, 10.15625, 10.9375, 11.71875, 12.5, 13.28125, 14.0625, 14.84375, 15.625, 16.40625, 17.1875, 17.96875, 18.75, 19.53125, 20.3125, 21.09375, 21.875, 22.65625, 23.4375, 24.21875, 25.0, 25.78125, 26.5625, 27.34375, 28.125, 28.90625, 29.6875, 30.46875, 31.25, 32.03125, 32.8125, 33.59375, 34.375, 35.15625, 35.9375, 36.71875, 37.5, 38.28125, 39.0625, 39.84375, 40.625, 41.40625, 42.1875, 42.96875, 43.75, 44.53125, 45.3125, 46.09375, 46.875, 47.65625, 48.4375, 49.21875, 50.0, 50.78125, 51.5625, 52.34375, 53.125, 53.90625, 54.6875, 55.46875, 56.25, 57.03125, 57.8125, 58.59375, 59.375, 60.15625, 60.9375, 61.71875, 62.5, 63.28125, 64.0625, 64.84375, 65.625, 66.40625, 67.1875, 67.96875, 68.75, 69.53125, 70.3125, 71.09375, 71.875, 72.65625, 73.4375, 74.21875, 75.0, 75.78125, 76.5625, 77.34375, 78.125, 78.90625, 79.6875, 80.46875, 81.25, 82.03125, 82.8125, 83.59375, 84.375, 85.15625, 85.9375, 86.71875, 87.5, 88.28125, 89.0625, 89.84375, 90.625, 91.40625, 92.1875, 92.96875, 93.75, 94.53125, 95.3125, 96.09375, 96.875, 97.65625, 98.4375, 99.21875, 100.0]}