{"psd": [76.43997139996318, 84.84029107852292, 83.39335687104747, 79.51193613428052, 73.80575794480416, 67.73766066245001, 64.3805551620272, 63.52753784525575, 62.70422716750038, 63.90202599166577, 65.36326337429719, 67.30361189837647, 76.39470443226493, 87.62350239733664, 86.8639733234596, 74.89926212235314, 70.74112008761833, 72.03937849888965, 73.32428238682314, 84.29915543091906, 93.26053076655865, 90.84213805582948, 81.82896561985247, 82.3645610111544, 82.91732947389863, 81.25303201029494, 86.57396738330787, 88.5141756173396, 79.67737906829691, 74.6995985904028, 74.38321491052085, 76.51896835611785, 76.6897481783498, 84.39864469270638, 88.73900140502695, 85.31162398598067, 85.4747476774685, 84.2221689826759, 81.77768794392833, 81.80143490726175, 86.359140743039, 85.20752314540141, 79.49729913702876, 76.81684854054983, 76.31013234668484, 77.07328745810935, 84.60858897036508, 86.75795613279868, 83.96760364978488, 83.15026451148199, 84.09846960606563, 84.57155051753219, 84.6090468959364, 87.43109147110363, 92.08164715649826, 89.40181183346934, 84.77132658714342, 85.38134925629487, 86.91030765779912, 87.05344560424676, 89.32073157092199, 89.91241402173958, 86.0363240875318, 81.18153620135692, 78.40816132246657, 77.49271222729534, 80.30943020481196, 82.57245271846087, 82.51221686435724, 79.59097336304754, 79.34840072066561, 78.38269353312556, 77.0829493893706, 77.41743564387845, 77.62133873688367, 77.12411015262802, 77.36002393826362, 78.78567870223537, 78.12207761310856, 77.35263024192082, 78.58487070731238, 77.96855020761583, 78.2189633916189, 78.18829428563777, 80.09242592780579, 81.53136805937089, 82.67604809152375, 82.59224024112696, 81.71606204638047, 81.8530850635783, 83.6875162384011, 85.12840739750104, 86.37600804996454, 86.804548818082, 87.60098291937625, 88.60460673625235, 88.38899257330523, 88.62145956914031, 88.63188567404922, 89.76394791584309, 90.45603957662621, 91.39565490754883, 91.99846218780507, 92.31052570694631, 92.89716504166574, 91.37176052077761, 90.19758502489375, 89.9462347616573, 89.6445364004305, 89.44640980672446, 89.37165124086013, 88.56168534569049, 89.43671445253861, 88.66986356329869, 87.63129839094361, 86.17983614741286, 83.73991144393769, 80.70521069792677, 76.69838801851002, 72.56578999099145, 67.59750972945953, 61.19572133359284, 52.67641864022386, 43.45811602211866, 34.049378211292726, 26.286513276349538, 23.75052909693048, 22.147809416544018, 17.43479774454656], "f": [0.0, 0.78125, 1.5625, 2.34375, 3.125, 3.90625, 4.6875, 5.46875, 6.25, 7.03125, 7.8125, 8.59375, 9.375, 10.15625, 10.9375, 11.71875, 12.5, 13.28125, 14.0625, 14.84375, 15.625, 16.40625, 17.1875, 17.96875, 18.75, 19.53125, 20.3125, 21.09375, 21.875, 22.65625, 23.4375, 24.21875, 25.0, 25.78125, 26.5625, 27.34375, 28.125, 28.90625, 29.6875, 30.46875, 31.25, 32.03125, 32.8125, 33.59375, 34.375, 35.15625, 35.9375, 36.71875, 37.5, 38.28125, 39.0625, 39.84375, 40.625, 41.40625, 42.1875, 42.96875, 43.75, 44.53125, 45.3125, 46.09375, 46.875, 47.65625, 48.4375, 49.21875, 50.0, 50.78125, 51.5625, 52.34375, 53.125, 53.90625, 54.6875, 55.46875, 56.25, 57.03125, 57.8125, 58.59375, 59.375, 60.15625, 60.9375, 61.71875, 62.5, 63.28125, 64.0625, 64.84375, 65.625, 66.40625, 67.1875, 67.96875, 68.75, 69.53125, 70.3125, 71.09375, 71.875, 72.65625, 73.4375, 74.21875, 75.0, 75.78125, 76.5625, 77.34375, 78.125, 78.90625, 79.6875, 80.46875, 81.25, 82.03125, 82.8125, 83.59375, 84.375, 85.15625, 85.9375, 86.71875, 87.5, 88.28125, 89.0625, 89.84375, 90.625, 91.40625, 92.1875, 92.96875, 93.75, 94.53125, 95.3125, 96.09375, 96.875, 97.65625, 98.4375, 99.21875, 100.0]}