{"psd": [68.97075158308404, 77.97419058950751, 75.13115003009098, 71.11437397410035, 67.84144547544446, 64.83829172423634, 65.59812961883947, 67.85182064986967, 68.33227587168136, 73.79672871627479, 75.25906405040985, 70.24362922570043, 70.03441999564082, 69.63210646022054, 69.41371061587725, 70.19840610050792, 69.82577627102361, 69.85252462534409, 71.22154475105154, 71.92157200597123, 72.91919077239224, 75.79723701484062, 76.47428927257144, 79.04786341289152, 78.94957878913954, 79.97681103345683, 79.41340280978493, 79.23740176106921, 79.19214668718162, 80.84514228431537, 81.40899723556248, 81.63190964086952, 81.04856179787278, 81.07275694287162, 81.36024514244829, 81.77153003635837, 81.9048779575528, 82.52314069119315, 82.55180396461098, 82.58561712676931, 82.4451619958013, 82.33936501375011, 82.25203608617855, 82.30348713586837, 81.48086235949415, 80.57109674811899, 80.0080287841451, 79.52632517032066, 78.83414190030051, 78.36518652087953, 79.00192301196961, 79.49412252281861, 80.46949880168759, 79.22922487543842, 79.44096465040059, 80.51293824697251, 80.32707641768178, 80.07866647480526, 80.65510635730246, 81.29435072430462, 81.79971366983727, 81.38095911690084, 81.72496173141484, 82.29507744743958, 81.96798091228125, 82.3268488450838, 81.77984250270151, 81.8236978209908, 81.80489130259804, 82.06276648058667, 82.0244868615991, 82.37751759829305, 82.37923280296918, 82.392983926284, 82.45509482671761, 82.42067272721408, 84.12777919843315, 84.2006344450975, 83.22018597840773, 82.85159597018432, 82.24277960635081, 81.87812901706748, 81.44087213681784, 81.11728268443593, 81.62334624897827, 81.35773505411096, 81.42225666897873, 81.81716161226291, 81.33576030644497, 81.1871404317577, 81.41871355110547, 82.15820207815652, 82.6746869476961, 82.36212903566573, 82.61775930761736, 82.91700945915363, 83.2970552157671, 83.61285964914873, 83.4911187089523, 83.16245876968395, 83.62670782461718, 83.39904020814281, 83.23528388909997, 82.74803585329707, 82.56603958339855, 82.3377692647436, 82.08467347335791, 81.6521680206789, 81.34428121166138, 81.01635448386511, 80.4058489864978, 80.22761712467624, 79.67908711744998, 79.39311060301647, 77.73560547878498, 76.2032400819651, 73.33658194764453, 69.88296235310973, 65.72455744529684, 61.79856172591663, 56.55170184644662, 49.483306017567855, 41.356981465149296, 32.93183409774521, 24.874048483310016, 22.364632693829364, 21.473606107144832, 21.418771823104613, 16.896248333212586], "f": [0.0, 0.78125, 1.5625, 2.34375, 3.125, 3.90625, 4.6875, 5.46875, 6.25, 7.03125, 7.8125, 8.59375, 9.375, 10.15625, 10.9375, 11.71875, 12.5, 13.28125, 14.0625, 14.84375, 15.625, 16.40625, 17.1875, 17.96875, 18.75, 19.53125, 20.3125, 21.09375, 21.875, 22.65625, 23.4375, 24.21875, 25.0, 25.78125, 26.5625, 27.34375, 28.125, 28.90625, 29.6875, 30.46875, 31.25, 32.03125, 32.8125, 33.59375, 34.375, 35.15625, 35.9375, 36.71875, 37.5, 38.28125, 39.0625, 39.84375, 40.625, 41.40625, 42.1875, 42.96875, 43.75, 44.53125, 45.3125, 46.09375, 46.875, 47.65625, 48.4375, 49.21875, 50.0, 50.78125, 51.5625, 52.34375, 53.125, 53.90625, 54.6875, 55.46875, 56.25, 57.03125, 57.8125, 58.59375, 59.375, 60.15625, 60.9375, 61.71875, 62.5, 63.28125, 64.0625, 64.84375, 65.625, 66.40625, 67.1875, 67.96875, 68.75, 69.53125, 70.3125, 71.09375, 71.875, 72.65625, 73.4375, 74.21875, 75.0, 75.78125, 76.5625, 77.34375, 78.125, 78.90625, 79.6875, 80.46875, 81.25, 82.03125, 82.8125, 83.59375, 84.375, 85.15625, 85.9375, 86.71875, 87.5, 88.28125, 89.0625, 89.84375, 90.625, 91.40625, 92.1875, 92.96875, 93.75, 94.53125, 95.3125, 96.09375, 96.875, 97.65625, 98.4375, 99.21875, 100.0]}