{"psd": [82.01396960090861, 90.47421624990561, 85.45630638516963, 77.04486856472927, 71.7760466511925, 67.50962076814824, 68.17309071618524, 70.42806414606024, 76.58684337129674, 86.62526490678357, 93.15277978875199, 93.23592081999601, 94.0730757541175, 86.04349757569544, 83.02804803713207, 79.45674630801449, 81.75178808133019, 83.68952250902228, 79.75750814997488, 86.73457523619237, 93.32897794391752, 89.61465761991485, 84.46206512257385, 84.42937841897898, 84.36075696298724, 84.81611100672212, 84.91820123742588, 86.62111279210751, 86.74164295947702, 91.14976144848376, 97.32975103943829, 94.99025516511337, 91.76348261094918, 89.8947921688416, 89.2879329076021, 90.02117891326367, 90.31106578259651, 91.1377416891143, 92.31269839036904, 96.72531013781389, 101.49150923701484, 99.49909392617089, 95.75245335373427, 94.00403928292234, 94.29825860907427, 91.08249900363084, 90.73707556411009, 93.45712164955849, 93.20704428063722, 94.94560808160983, 97.95544571457935, 96.51686049282047, 93.20466698426176, 92.68137660708365, 91.69097708803821, 92.32810645660977, 92.05568644623865, 90.62250543268918, 91.05590250109911, 91.13342544928298, 91.60048144893449, 91.12484795402435, 90.59476178504912, 89.85592499128373, 89.48309838737877, 86.26001334783786, 87.03057969977097, 87.72447610028121, 87.7286944185092, 87.87552890360266, 88.04068466496291, 89.212712028464, 90.23335071691243, 90.40015719871613, 90.43398994629881, 89.76138599734483, 89.3863901315232, 89.73288119339664, 89.35130891170999, 89.93690964070915, 90.7654784527625, 91.15321333105513, 91.28027223749757, 91.71083740803077, 91.74756563431735, 91.89027945587233, 91.85260254450598, 92.43451435146042, 93.29680538260929, 93.30898786316767, 93.28432118601165, 93.47629739412068, 93.26465177673944, 92.82326471418543, 93.56094581145777, 92.6521993110618, 92.5496492541483, 92.33559173916498, 92.20302681047455, 91.29919170008607, 91.05982747868288, 90.42255196538358, 89.82455289484543, 89.66315100185761, 89.66753499129385, 88.68264440033998, 87.8012990393475, 88.21462362687211, 88.00608871817772, 87.7557258833191, 87.48246281701468, 87.51152728731972, 84.87853223329834, 84.4920018331279, 82.89057511763737, 81.46565358059982, 79.98515517735837, 77.18893606402843, 73.54166551403169, 68.5963178653411, 63.36826159826836, 56.83567387250436, 49.087587187186145, 39.835768621453454, 30.536586794725086, 25.207765071783356, 23.66013534910012, 23.028864409730836, 18.344727788106365], "f": [0.0, 0.78125, 1.5625, 2.34375, 3.125, 3.90625, 4.6875, 5.46875, 6.25, 7.03125, 7.8125, 8.59375, 9.375, 10.15625, 10.9375, 11.71875, 12.5, 13.28125, 14.0625, 14.84375, 15.625, 16.40625, 17.1875, 17.96875, 18.75, 19.53125, 20.3125, 21.09375, 21.875, 22.65625, 23.4375, 24.21875, 25.0, 25.78125, 26.5625, 27.34375, 28.125, 28.90625, 29.6875, 30.46875, 31.25, 32.03125, 32.8125, 33.59375, 34.375, 35.15625, 35.9375, 36.71875, 37.5, 38.28125, 39.0625, 39.84375, 40.625, 41.40625, 42.1875, 42.96875, 43.75, 44.53125, 45.3125, 46.09375, 46.875, 47.65625, 48.4375, 49.21875, 50.0, 50.78125, 51.5625, 52.34375, 53.125, 53.90625, 54.6875, 55.46875, 56.25, 57.03125, 57.8125, 58.59375, 59.375, 60.15625, 60.9375, 61.71875, 62.5, 63.28125, 64.0625, 64.84375, 65.625, 66.40625, 67.1875, 67.96875, 68.75, 69.53125, 70.3125, 71.09375, 71.875, 72.65625, 73.4375, 74.21875, 75.0, 75.78125, 76.5625, 77.34375, 78.125, 78.90625, 79.6875, 80.46875, 81.25, 82.03125, 82.8125, 83.59375, 84.375, 85.15625, 85.9375, 86.71875, 87.5, 88.28125, 89.0625, 89.84375, 90.625, 91.40625, 92.1875, 92.96875, 93.75, 94.53125, 95.3125, 96.09375, 96.875, 97.65625, 98.4375, 99.21875, 100.0]}