{"psd": [72.36996391857869, 81.10787757553103, 79.40882170008216, 75.22098849067555, 71.11830032219463, 66.76184507526858, 62.92440280038926, 64.5302358139892, 65.41970412901101, 67.23800707226783, 66.70417764208901, 65.76225509382398, 66.63989922501004, 68.09078551676816, 66.63868717969392, 64.81450760648887, 65.4041765375968, 67.63479064259815, 70.91613940926196, 73.08615406056379, 70.51281105342744, 69.18771780749546, 69.93980491303961, 70.46673566909121, 67.65511801364713, 67.38695941660714, 67.56747142815907, 68.8239355657059, 69.0381274093565, 67.40418630828242, 67.46245604471143, 67.22583509198782, 66.1613644777601, 66.1439374142063, 66.30425088037603, 66.3738315892809, 68.87272985273852, 78.65338579014482, 89.76839970521426, 88.68307021030576, 74.3531912289495, 70.04275426204015, 69.39798639083988, 68.9183224391196, 69.65257513153385, 72.39145652026613, 73.88170634247028, 72.26761998036268, 81.01735323240179, 84.1416123198108, 76.38340996520088, 70.02739659255654, 69.41686362785447, 69.62528077526188, 69.35181275698832, 69.98863825965041, 69.88279993339576, 73.42194104655985, 74.10350454915726, 69.46163408896402, 69.31389072528327, 69.33753089511296, 69.48261778175132, 70.11804169816126, 69.5379831188088, 68.58472240357425, 68.06339197035948, 68.13633118570881, 68.90889231873321, 69.69759581218193, 68.49467333184899, 68.53220461064193, 68.45325342022404, 68.59828101476771, 70.88582038046995, 83.06175521234964, 93.22165111787851, 91.36599948992114, 78.58648716885268, 71.98248454938324, 66.67955457058808, 67.70003321672104, 71.8152449922726, 76.94690454026598, 72.25441841143235, 66.69358011966108, 66.23087110970224, 66.21250702606442, 66.70594700072887, 68.14363261611304, 68.79915309135895, 69.34274979465286, 70.00190800117161, 68.6077490391074, 68.24835712473478, 71.37458766896364, 75.06170458223416, 71.53852235711486, 68.68177652808865, 68.7271053398295, 68.81305042495272, 68.70260868388458, 68.89033348007669, 69.7364179339308, 68.58651890425693, 68.67371809227845, 68.57481140249813, 68.5171675507847, 68.54903929571796, 69.47581774848656, 70.22896261494675, 70.38212739781908, 67.9335292805404, 67.90421814838172, 69.01382480450904, 71.73837421691806, 68.56422134874728, 58.985465228304086, 54.019266746621504, 49.60220855286739, 44.3871987044044, 38.069955810745036, 30.47966662203747, 24.504058185990623, 21.939197116283033, 21.116476555838904, 21.504473086228288, 21.514537597658403, 16.11904220672438], "f": [0.0, 0.78125, 1.5625, 2.34375, 3.125, 3.90625, 4.6875, 5.46875, 6.25, 7.03125, 7.8125, 8.59375, 9.375, 10.15625, 10.9375, 11.71875, 12.5, 13.28125, 14.0625, 14.84375, 15.625, 16.40625, 17.1875, 17.96875, 18.75, 19.53125, 20.3125, 21.09375, 21.875, 22.65625, 23.4375, 24.21875, 25.0, 25.78125, 26.5625, 27.34375, 28.125, 28.90625, 29.6875, 30.46875, 31.25, 32.03125, 32.8125, 33.59375, 34.375, 35.15625, 35.9375, 36.71875, 37.5, 38.28125, 39.0625, 39.84375, 40.625, 41.40625, 42.1875, 42.96875, 43.75, 44.53125, 45.3125, 46.09375, 46.875, 47.65625, 48.4375, 49.21875, 50.0, 50.78125, 51.5625, 52.34375, 53.125, 53.90625, 54.6875, 55.46875, 56.25, 57.03125, 57.8125, 58.59375, 59.375, 60.15625, 60.9375, 61.71875, 62.5, 63.28125, 64.0625, 64.84375, 65.625, 66.40625, 67.1875, 67.96875, 68.75, 69.53125, 70.3125, 71.09375, 71.875, 72.65625, 73.4375, 74.21875, 75.0, 75.78125, 76.5625, 77.34375, 78.125, 78.90625, 79.6875, 80.46875, 81.25, 82.03125, 82.8125, 83.59375, 84.375, 85.15625, 85.9375, 86.71875, 87.5, 88.28125, 89.0625, 89.84375, 90.625, 91.40625, 92.1875, 92.96875, 93.75, 94.53125, 95.3125, 96.09375, 96.875, 97.65625, 98.4375, 99.21875, 100.0]}