{"psd": [75.14905899775115, 83.24283271890685, 82.13651196595737, 77.61542604619561, 72.27434983271489, 66.44854249221342, 64.10864714310998, 63.62128241069968, 63.35560545043943, 64.78456589526995, 66.38091270522695, 72.59138462615984, 77.45335175115545, 88.89068669567234, 88.37251773216879, 76.20461432392736, 71.12051548047941, 70.90697299510343, 72.11048895254385, 84.59252960599892, 93.60235736027894, 91.13004234262462, 82.24833049969584, 83.49836425790582, 84.63446096509065, 82.71177039222705, 88.05589340624127, 89.79787628603952, 80.7365087539366, 75.54044474084446, 74.66944036924501, 76.31616978995703, 76.75436553822175, 83.54228324452231, 88.09006137253624, 85.38108322286664, 85.17431880551244, 83.81397056616704, 82.01575688895178, 82.03184322966797, 86.70948539039745, 85.16452888125298, 79.06912129043585, 77.30176291397053, 76.78708906059403, 78.44217154588024, 84.73276486562462, 86.61872220532018, 83.41217794142005, 82.69103780882176, 83.82058754035415, 84.73621049795784, 84.59595894049593, 87.89987312916253, 92.72715291291802, 89.79130445015221, 83.31573445434563, 85.48516374445757, 86.71100949491085, 87.37325883538733, 89.35015363755636, 90.08196898966051, 86.53787540812945, 82.25621113015778, 78.66790999022396, 77.22068811096105, 81.64753807452023, 83.81825861580707, 83.28469095283596, 80.55516397647601, 79.41171042782055, 77.23520801421367, 77.33352357905973, 79.11043962172975, 78.72520143046128, 78.51000980758381, 79.01155704564812, 80.17434867364858, 79.45912073219726, 79.19919391262975, 79.20371492677995, 79.7125473346193, 79.36700945394695, 80.39978273506728, 82.4769796139938, 84.62039178016886, 85.27106092394877, 84.52996697668098, 83.76636925266726, 84.57229851392691, 86.28148157570467, 88.40526839306756, 89.39892762523776, 89.53214413529268, 89.85836019765257, 90.39938423684, 91.06862024430191, 90.6905926988947, 91.20675422408735, 91.91327900941049, 92.39768641346359, 92.99733523325253, 94.14501594348386, 94.13131721869279, 93.49653559937462, 92.84211620885016, 91.77280125707611, 91.71630167023466, 91.69809541770013, 91.64639890286416, 91.81874087148148, 91.24876382593989, 90.504043868147, 90.44366214439589, 89.41110396408041, 87.14594562751722, 85.47986389645858, 82.93926529676173, 79.44939506236511, 74.97818556968421, 69.86032727877502, 62.83581555949735, 54.629062140036766, 45.92981093987625, 36.35461325073073, 27.82116252586237, 24.313721048938657, 23.640748708670568, 18.89666218000688], "f": [0.0, 0.78125, 1.5625, 2.34375, 3.125, 3.90625, 4.6875, 5.46875, 6.25, 7.03125, 7.8125, 8.59375, 9.375, 10.15625, 10.9375, 11.71875, 12.5, 13.28125, 14.0625, 14.84375, 15.625, 16.40625, 17.1875, 17.96875, 18.75, 19.53125, 20.3125, 21.09375, 21.875, 22.65625, 23.4375, 24.21875, 25.0, 25.78125, 26.5625, 27.34375, 28.125, 28.90625, 29.6875, 30.46875, 31.25, 32.03125, 32.8125, 33.59375, 34.375, 35.15625, 35.9375, 36.71875, 37.5, 38.28125, 39.0625, 39.84375, 40.625, 41.40625, 42.1875, 42.96875, 43.75, 44.53125, 45.3125, 46.09375, 46.875, 47.65625, 48.4375, 49.21875, 50.0, 50.78125, 51.5625, 52.34375, 53.125, 53.90625, 54.6875, 55.46875, 56.25, 57.03125, 57.8125, 58.59375, 59.375, 60.15625, 60.9375, 61.71875, 62.5, 63.28125, 64.0625, 64.84375, 65.625, 66.40625, 67.1875, 67.96875, 68.75, 69.53125, 70.3125, 71.09375, 71.875, 72.65625, 73.4375, 74.21875, 75.0, 75.78125, 76.5625, 77.34375, 78.125, 78.90625, 79.6875, 80.46875, 81.25, 82.03125, 82.8125, 83.59375, 84.375, 85.15625, 85.9375, 86.71875, 87.5, 88.28125, 89.0625, 89.84375, 90.625, 91.40625, 92.1875, 92.96875, 93.75, 94.53125, 95.3125, 96.09375, 96.875, 97.65625, 98.4375, 99.21875, 100.0]}