{"psd": [78.07354647115022, 86.95005381098271, 85.93620164039316, 81.57383853215869, 76.2044348121977, 71.8170947871494, 69.25945625164078, 68.62855433731298, 67.85030263719113, 66.79205295904961, 66.93540774247165, 66.75697166833403, 66.13519112935835, 66.64005045532632, 66.93534945536814, 67.71059137882325, 66.69692415352189, 63.90897622598356, 63.85658954252896, 63.70165894765662, 63.44680550186724, 63.52023354561484, 62.76131696604037, 62.95450369220138, 62.518250817126344, 61.97684541586096, 62.38656526616889, 61.557213971413205, 61.99170770037892, 61.48810812562829, 61.58330024403659, 62.034186287425655, 63.53601484849457, 65.80577559811002, 65.63329994787009, 66.50182773831871, 66.03104916923974, 65.83325045554646, 68.78409484882235, 67.33330937860671, 63.35805375101576, 62.20632806770243, 62.040081524281085, 61.931315886305136, 60.904017033351764, 60.97250225329179, 62.14668925698994, 62.53732205593116, 63.25753066233424, 63.00683165452483, 62.478409570793985, 62.00330773294729, 61.81625764041896, 61.64810988236728, 62.62361657784056, 63.0888936460926, 63.85707086503011, 66.6258463509335, 66.89734648726579, 62.841578913760046, 62.476727594722064, 63.18567171730194, 63.12274207352438, 62.897145356758664, 63.683208030699454, 64.91549680798246, 65.89745931582904, 64.78196776841621, 64.03951889875843, 63.65892576320225, 63.42781494974475, 63.31567944076504, 63.813344405014476, 63.551833559459354, 63.8688964284616, 69.73314426546176, 78.18156407099686, 76.35652192342161, 65.281141025481, 61.90296773136606, 61.49621946446678, 62.16750902100972, 62.69741051175724, 62.621989919490986, 62.934606968663715, 62.974409977785655, 62.19874218130123, 61.91973439245448, 61.9348104855277, 61.64763070368015, 61.61900115038691, 62.30650135482735, 62.806263549956675, 62.71141819966999, 62.24801817513124, 65.93021617714449, 70.97498094831165, 66.15332191573769, 61.27268776855245, 61.168026216219545, 62.12933301396474, 62.55443025276858, 62.778117709914156, 62.16053246669955, 61.15824046036582, 61.057658276635664, 60.958953126358935, 61.082617155615935, 60.93817877690047, 60.507622255238374, 60.164511481789695, 59.96969981803921, 60.0737504237598, 60.325175781457865, 58.63532179583933, 60.789621911829805, 57.855527847608855, 50.38840706495091, 46.75018584727922, 42.86650477802421, 37.410897505732656, 31.441322795703485, 25.53076799485801, 22.267915366284036, 20.90818109881282, 21.428674030392017, 21.335879283937693, 20.621117050494643, 15.671116221978858], "f": [0.0, 0.78125, 1.5625, 2.34375, 3.125, 3.90625, 4.6875, 5.46875, 6.25, 7.03125, 7.8125, 8.59375, 9.375, 10.15625, 10.9375, 11.71875, 12.5, 13.28125, 14.0625, 14.84375, 15.625, 16.40625, 17.1875, 17.96875, 18.75, 19.53125, 20.3125, 21.09375, 21.875, 22.65625, 23.4375, 24.21875, 25.0, 25.78125, 26.5625, 27.34375, 28.125, 28.90625, 29.6875, 30.46875, 31.25, 32.03125, 32.8125, 33.59375, 34.375, 35.15625, 35.9375, 36.71875, 37.5, 38.28125, 39.0625, 39.84375, 40.625, 41.40625, 42.1875, 42.96875, 43.75, 44.53125, 45.3125, 46.09375, 46.875, 47.65625, 48.4375, 49.21875, 50.0, 50.78125, 51.5625, 52.34375, 53.125, 53.90625, 54.6875, 55.46875, 56.25, 57.03125, 57.8125, 58.59375, 59.375, 60.15625, 60.9375, 61.71875, 62.5, 63.28125, 64.0625, 64.84375, 65.625, 66.40625, 67.1875, 67.96875, 68.75, 69.53125, 70.3125, 71.09375, 71.875, 72.65625, 73.4375, 74.21875, 75.0, 75.78125, 76.5625, 77.34375, 78.125, 78.90625, 79.6875, 80.46875, 81.25, 82.03125, 82.8125, 83.59375, 84.375, 85.15625, 85.9375, 86.71875, 87.5, 88.28125, 89.0625, 89.84375, 90.625, 91.40625, 92.1875, 92.96875, 93.75, 94.53125, 95.3125, 96.09375, 96.875, 97.65625, 98.4375, 99.21875, 100.0]}