{"psd": [75.80304324519724, 84.94534430654247, 83.55068691068504, 78.5675034532491, 72.50314556626495, 67.7423268661573, 64.58745606950393, 63.580083980407096, 63.01696272152421, 66.87571562851859, 71.84681926813064, 70.72459046970107, 80.74182899974147, 83.90360637348894, 76.61872655068255, 76.52856512700455, 75.39953820972048, 68.54631014892094, 81.39347019327636, 90.71879927211296, 88.35325347963797, 77.2442369496294, 73.55309852547455, 75.53699442456875, 77.98551691647154, 88.6998037218273, 89.43807957482665, 79.8237251850885, 73.81193699598933, 71.5765252148836, 72.5768046455046, 77.12514533875722, 82.96297235318141, 81.07589740025293, 73.70191904451718, 74.35667088571573, 75.22701198197905, 77.36059602995414, 85.64758408343894, 86.10862235007534, 77.69279262636519, 74.50031438092971, 73.61145342298238, 72.62119619939158, 81.4186951822798, 82.60138710530711, 75.91917332058256, 73.03744612455345, 74.340562203382, 74.48485010675951, 81.29387593328295, 88.78260793772873, 90.31652120862765, 81.37786673335064, 74.4908460972344, 74.92708560543852, 79.42222865115734, 87.19593667553356, 87.61128865766904, 82.69907326104176, 76.84502611207786, 77.1342875403097, 78.53366136127099, 84.17213562190258, 85.86481889234204, 83.02215803514622, 74.89396349162978, 72.48849405225423, 72.45031648255906, 73.53113839518896, 77.54390590082973, 81.07376435044876, 77.58537011797918, 71.66888336951307, 71.48691587541815, 73.26358155263611, 77.24600575771129, 77.88160135913972, 75.45927485545845, 70.90696998132388, 71.50076386136608, 70.80071987485384, 73.12183236736418, 75.74971652271294, 78.30233713889717, 75.08947061363016, 72.131035183233, 71.60605597370002, 71.38525182418726, 73.81695701293658, 75.40313031638864, 75.30594170070094, 74.29064484055962, 75.18205300519881, 74.43990943319852, 78.03387729960342, 80.57480787076, 79.04727281580713, 76.31300654783462, 76.28294166102438, 77.75659250978242, 80.33629891740914, 82.27153065895598, 81.41485224681821, 80.51976935398054, 79.01859732618962, 77.71693892691172, 78.04827713319338, 78.8205596724272, 78.18731510301815, 78.1689341666829, 77.71071361063542, 77.65839442011715, 77.09338685965429, 77.20425599997996, 74.55504779259672, 73.25973770512208, 71.82965337633215, 67.60182021003169, 62.233175940395526, 57.040793581756446, 50.927833085103615, 43.88289926833072, 34.99293873284651, 27.932057691925504, 23.398324335651015, 22.681144534935484, 22.51127827882825, 17.8445152631095], "f": [0.0, 0.78125, 1.5625, 2.34375, 3.125, 3.90625, 4.6875, 5.46875, 6.25, 7.03125, 7.8125, 8.59375, 9.375, 10.15625, 10.9375, 11.71875, 12.5, 13.28125, 14.0625, 14.84375, 15.625, 16.40625, 17.1875, 17.96875, 18.75, 19.53125, 20.3125, 21.09375, 21.875, 22.65625, 23.4375, 24.21875, 25.0, 25.78125, 26.5625, 27.34375, 28.125, 28.90625, 29.6875, 30.46875, 31.25, 32.03125, 32.8125, 33.59375, 34.375, 35.15625, 35.9375, 36.71875, 37.5, 38.28125, 39.0625, 39.84375, 40.625, 41.40625, 42.1875, 42.96875, 43.75, 44.53125, 45.3125, 46.09375, 46.875, 47.65625, 48.4375, 49.21875, 50.0, 50.78125, 51.5625, 52.34375, 53.125, 53.90625, 54.6875, 55.46875, 56.25, 57.03125, 57.8125, 58.59375, 59.375, 60.15625, 60.9375, 61.71875, 62.5, 63.28125, 64.0625, 64.84375, 65.625, 66.40625, 67.1875, 67.96875, 68.75, 69.53125, 70.3125, 71.09375, 71.875, 72.65625, 73.4375, 74.21875, 75.0, 75.78125, 76.5625, 77.34375, 78.125, 78.90625, 79.6875, 80.46875, 81.25, 82.03125, 82.8125, 83.59375, 84.375, 85.15625, 85.9375, 86.71875, 87.5, 88.28125, 89.0625, 89.84375, 90.625, 91.40625, 92.1875, 92.96875, 93.75, 94.53125, 95.3125, 96.09375, 96.875, 97.65625, 98.4375, 99.21875, 100.0]}