{"psd": [76.04309847962374, 84.73797291983644, 83.56375373873081, 78.49779636761636, 72.26958664484238, 66.18952701807301, 62.8403632714647, 61.94566429450494, 62.05262321750328, 63.829663112502644, 64.71283906525235, 67.94634684815139, 82.39390606748859, 94.93049730562304, 94.6841319046065, 81.07399536820992, 68.20398966132908, 67.01709769030575, 69.08646818923803, 85.63323478249143, 93.4607490770542, 90.37864009815294, 77.41027666367026, 77.16237795261718, 80.16857636764897, 80.82796789978184, 87.86295346423515, 90.18660416789955, 82.44813104313187, 72.0986677635293, 71.39855923617408, 74.29930210745685, 74.76751212320767, 77.98090074716468, 81.75271885933827, 78.47366316111139, 81.1015265678966, 82.7939047189744, 81.45712255533455, 78.85012183034178, 83.65784976950638, 84.4094523788711, 76.43384375388305, 73.96276024387939, 73.09271309884139, 75.74601971340765, 85.88735268207938, 87.7185470269835, 83.68221400481787, 79.00332555293058, 79.28902486406456, 78.1498373182958, 79.19784174432321, 88.0236205127143, 91.36313371927166, 87.5727451087763, 77.71287870049557, 78.89494203849563, 79.25206715143322, 83.2650149768829, 87.77804216639484, 88.98541389545076, 84.0266813096454, 79.57040809274551, 78.52296611510552, 77.17936228237194, 80.73340904591744, 83.01590611119012, 82.65423685910216, 78.04698373040046, 76.74265186281556, 75.5845106865288, 75.51267391105776, 76.30538597579898, 74.19750585866643, 71.57120538688885, 69.8995519034317, 70.71405346029785, 71.44584131783, 71.24164994940779, 70.41687317215585, 70.47994289486891, 70.23618931341792, 71.30065419070283, 71.12724994909622, 71.40088807360823, 72.25494969490019, 72.87678504051419, 74.90787114294405, 74.33151490787839, 73.64388474224712, 73.87555932569133, 74.50902801721817, 77.20070166356166, 77.79550128124424, 78.88784848750778, 78.52269864220452, 77.84366893435335, 79.12505029980906, 81.00438152641571, 81.40425408976428, 80.86644349069397, 82.18314816675375, 82.06544133178708, 83.22482925141138, 83.42394193261647, 85.3595973409427, 85.46005287359907, 82.81795682719536, 81.49333940221753, 79.76975647873734, 79.629846963259, 80.5254218443899, 81.30936914010559, 79.61693003765079, 78.68524878660723, 76.43210395552376, 72.63066032872642, 68.62310931144604, 64.34669800798123, 59.75655106947096, 53.820766149902255, 46.63735907694465, 38.902557757283354, 29.632839663262715, 23.49870732569148, 21.8800644457399, 21.92204672855764, 16.798309778773746], "f": [0.0, 0.78125, 1.5625, 2.34375, 3.125, 3.90625, 4.6875, 5.46875, 6.25, 7.03125, 7.8125, 8.59375, 9.375, 10.15625, 10.9375, 11.71875, 12.5, 13.28125, 14.0625, 14.84375, 15.625, 16.40625, 17.1875, 17.96875, 18.75, 19.53125, 20.3125, 21.09375, 21.875, 22.65625, 23.4375, 24.21875, 25.0, 25.78125, 26.5625, 27.34375, 28.125, 28.90625, 29.6875, 30.46875, 31.25, 32.03125, 32.8125, 33.59375, 34.375, 35.15625, 35.9375, 36.71875, 37.5, 38.28125, 39.0625, 39.84375, 40.625, 41.40625, 42.1875, 42.96875, 43.75, 44.53125, 45.3125, 46.09375, 46.875, 47.65625, 48.4375, 49.21875, 50.0, 50.78125, 51.5625, 52.34375, 53.125, 53.90625, 54.6875, 55.46875, 56.25, 57.03125, 57.8125, 58.59375, 59.375, 60.15625, 60.9375, 61.71875, 62.5, 63.28125, 64.0625, 64.84375, 65.625, 66.40625, 67.1875, 67.96875, 68.75, 69.53125, 70.3125, 71.09375, 71.875, 72.65625, 73.4375, 74.21875, 75.0, 75.78125, 76.5625, 77.34375, 78.125, 78.90625, 79.6875, 80.46875, 81.25, 82.03125, 82.8125, 83.59375, 84.375, 85.15625, 85.9375, 86.71875, 87.5, 88.28125, 89.0625, 89.84375, 90.625, 91.40625, 92.1875, 92.96875, 93.75, 94.53125, 95.3125, 96.09375, 96.875, 97.65625, 98.4375, 99.21875, 100.0]}