{"psd": [73.42643275420029, 81.98787492362288, 80.41637998873938, 76.03170625682168, 70.93441825027381, 65.4520442234308, 62.62809064173532, 61.789462443840435, 62.34233142576252, 63.18036135389999, 65.66506160842681, 68.81666743905599, 81.55344980250278, 93.81545478164276, 93.5992154864264, 80.20388987810037, 69.44015654587075, 68.53903677795213, 69.97209170948963, 84.88522085618249, 93.10090334000009, 90.51449896390494, 79.7950831093188, 79.71006162333852, 81.73791193549079, 80.8633078455715, 85.91966759185352, 89.17015833065476, 83.0383537529439, 72.6291740846624, 71.79316482926788, 74.28530413715623, 75.09221632362413, 78.50057714241117, 82.6043449515163, 78.94928039059722, 80.8407540696274, 82.26275834156225, 80.98925444629674, 78.91746850114491, 82.21270747139286, 83.77460910957146, 77.21302895340989, 75.43192140821515, 74.87978522050679, 76.72081745820782, 84.08879622680494, 87.49635558928334, 86.1408403080199, 81.90679196096256, 81.9529126604558, 80.28606349440352, 80.91719119295034, 85.28831962386519, 90.000651427347, 87.83076171913605, 80.72686229162272, 81.54325810460564, 82.55019617154593, 85.44550732090914, 89.13299256669112, 90.7736556007684, 86.72568252148933, 81.72323046078675, 81.66432633300269, 80.77243570817186, 82.54081259024633, 83.35466693569447, 82.83501070303379, 81.48842000969681, 80.60903669540895, 78.4372971561036, 76.7735657710886, 76.29594387020789, 75.33420512857198, 75.12621081821437, 73.89371461473094, 75.14561964783555, 76.59780603282, 75.72855493948923, 72.92500124713752, 72.14345277516829, 73.80494993078047, 74.6596326848083, 76.73974637410564, 77.65236913111298, 78.17071274074391, 78.38469853769821, 80.04161109078638, 80.79311137196228, 81.72038936218792, 83.02863765481119, 83.91275467037897, 84.52045467516467, 85.42003433347965, 84.90771526605744, 85.22279526790615, 85.76831640441466, 87.88755115969931, 88.04060416362998, 87.98046298283423, 89.25995216939805, 89.691303125057, 90.9536592078816, 91.44542535606575, 90.4663396268942, 89.84251463903753, 89.25845819224848, 87.76344940772506, 87.60129468029824, 87.26748759596654, 88.09245659757892, 88.59430587073743, 88.26277475389327, 86.72721718464948, 85.44176765557906, 83.321907766348, 80.05173752004276, 76.3981244052315, 72.77545302301738, 67.38593433895579, 60.511145242605274, 53.207957359811104, 44.340095712978396, 33.59882848275022, 25.988723161710897, 23.372549496437248, 22.840272253212728, 17.636163323681153], "f": [0.0, 0.78125, 1.5625, 2.34375, 3.125, 3.90625, 4.6875, 5.46875, 6.25, 7.03125, 7.8125, 8.59375, 9.375, 10.15625, 10.9375, 11.71875, 12.5, 13.28125, 14.0625, 14.84375, 15.625, 16.40625, 17.1875, 17.96875, 18.75, 19.53125, 20.3125, 21.09375, 21.875, 22.65625, 23.4375, 24.21875, 25.0, 25.78125, 26.5625, 27.34375, 28.125, 28.90625, 29.6875, 30.46875, 31.25, 32.03125, 32.8125, 33.59375, 34.375, 35.15625, 35.9375, 36.71875, 37.5, 38.28125, 39.0625, 39.84375, 40.625, 41.40625, 42.1875, 42.96875, 43.75, 44.53125, 45.3125, 46.09375, 46.875, 47.65625, 48.4375, 49.21875, 50.0, 50.78125, 51.5625, 52.34375, 53.125, 53.90625, 54.6875, 55.46875, 56.25, 57.03125, 57.8125, 58.59375, 59.375, 60.15625, 60.9375, 61.71875, 62.5, 63.28125, 64.0625, 64.84375, 65.625, 66.40625, 67.1875, 67.96875, 68.75, 69.53125, 70.3125, 71.09375, 71.875, 72.65625, 73.4375, 74.21875, 75.0, 75.78125, 76.5625, 77.34375, 78.125, 78.90625, 79.6875, 80.46875, 81.25, 82.03125, 82.8125, 83.59375, 84.375, 85.15625, 85.9375, 86.71875, 87.5, 88.28125, 89.0625, 89.84375, 90.625, 91.40625, 92.1875, 92.96875, 93.75, 94.53125, 95.3125, 96.09375, 96.875, 97.65625, 98.4375, 99.21875, 100.0]}