{"psd": [75.18257229865773, 83.58591569301515, 78.80021125441817, 72.05272730745429, 67.83741756075099, 64.33220904744053, 66.65925095318616, 68.84600738231579, 76.6580500809435, 79.39170422168218, 77.31626628102123, 75.11910861916965, 80.71909089379476, 87.08823266626248, 82.08768419338062, 79.39068319935441, 77.71274395299507, 79.12804763464655, 78.26004086113538, 79.08325396677074, 80.35175983278167, 80.16910259031165, 80.5600603423028, 83.75263196780524, 82.50383638243774, 81.24939293166187, 80.541315903238, 80.18691364140028, 79.4180834286593, 79.46425270628693, 80.21006516761517, 79.47357772929824, 78.42327176458505, 81.07156326520725, 79.57629429597038, 77.93222635253534, 81.57145130531472, 81.77957796038777, 80.50323633605268, 80.57994546071684, 79.9987097116403, 79.90658764788223, 80.37597058455987, 82.17429770088148, 83.78991078166825, 84.49971676054078, 82.38963762480117, 80.14471065333257, 79.29176454591145, 81.92763857589286, 84.99947657938138, 85.46252364189425, 83.96683515629562, 85.05842547864478, 86.13242642888551, 85.96629595503296, 85.98812634567076, 86.17621288731823, 83.88207086770387, 82.97945271323263, 83.37515712245234, 83.38625302592672, 83.46845266234075, 83.18942370783823, 82.1725598250014, 84.23834886630148, 84.34341451934944, 83.38184393700169, 84.2747594562526, 87.2903115477362, 87.01672419915623, 84.01782598644745, 83.30071325972467, 84.52426844580339, 85.55943479076149, 85.26929726713186, 83.66992919754333, 82.2831775085578, 81.53893280292016, 84.35162429806329, 86.72345640450102, 86.44333956018784, 86.23119317440913, 86.98517015884767, 87.31412263390499, 86.11468290464289, 84.9833698984557, 83.82173938728842, 82.92050839373846, 81.18046390434915, 79.850493055077, 80.09210723718351, 80.4094903905777, 79.17597309589351, 79.5693241917978, 79.25789570353768, 79.15034104571956, 79.30005701079213, 79.5408766243341, 79.26843654151972, 79.32927358576538, 79.43390623518431, 78.82091660385905, 79.15550143081592, 79.37249461585695, 79.97574885502222, 79.45456692724571, 79.24527696684012, 79.5354816315195, 79.90092696402515, 79.62743692407548, 79.42929201872974, 77.95846731128889, 76.86415078502026, 75.35901748462777, 74.78643154909683, 73.75013968387216, 70.56266557326109, 65.67679115888916, 60.34004204356407, 54.84448622635565, 47.4337599093242, 39.74173255490523, 30.690966084754415, 24.489200867962072, 21.502676463394735, 21.3193042845135, 21.038720604528656, 16.551298849508598], "f": [0.0, 0.78125, 1.5625, 2.34375, 3.125, 3.90625, 4.6875, 5.46875, 6.25, 7.03125, 7.8125, 8.59375, 9.375, 10.15625, 10.9375, 11.71875, 12.5, 13.28125, 14.0625, 14.84375, 15.625, 16.40625, 17.1875, 17.96875, 18.75, 19.53125, 20.3125, 21.09375, 21.875, 22.65625, 23.4375, 24.21875, 25.0, 25.78125, 26.5625, 27.34375, 28.125, 28.90625, 29.6875, 30.46875, 31.25, 32.03125, 32.8125, 33.59375, 34.375, 35.15625, 35.9375, 36.71875, 37.5, 38.28125, 39.0625, 39.84375, 40.625, 41.40625, 42.1875, 42.96875, 43.75, 44.53125, 45.3125, 46.09375, 46.875, 47.65625, 48.4375, 49.21875, 50.0, 50.78125, 51.5625, 52.34375, 53.125, 53.90625, 54.6875, 55.46875, 56.25, 57.03125, 57.8125, 58.59375, 59.375, 60.15625, 60.9375, 61.71875, 62.5, 63.28125, 64.0625, 64.84375, 65.625, 66.40625, 67.1875, 67.96875, 68.75, 69.53125, 70.3125, 71.09375, 71.875, 72.65625, 73.4375, 74.21875, 75.0, 75.78125, 76.5625, 77.34375, 78.125, 78.90625, 79.6875, 80.46875, 81.25, 82.03125, 82.8125, 83.59375, 84.375, 85.15625, 85.9375, 86.71875, 87.5, 88.28125, 89.0625, 89.84375, 90.625, 91.40625, 92.1875, 92.96875, 93.75, 94.53125, 95.3125, 96.09375, 96.875, 97.65625, 98.4375, 99.21875, 100.0]}