{"psd": [62.15102796419177, 71.50887278756942, 70.28233229005001, 68.12576930090076, 64.52802910797664, 60.61304627174557, 56.79610133319421, 53.803433594709176, 52.52088929458907, 53.769910307747224, 54.3888404265482, 51.606623301911576, 50.809654549271556, 55.20474414974171, 56.080937621262265, 55.75974055741745, 58.07696730701209, 61.821151229734895, 61.39780368648679, 64.62475546121024, 61.72265597272241, 57.47307072705332, 57.56933711250522, 57.62824080005803, 57.63854706666521, 58.72744626310095, 59.102794167697326, 59.64258914454685, 62.86384483233373, 65.53929819069161, 62.56190105457457, 62.25059572393906, 62.45938462913407, 62.426297732615836, 62.92136223065003, 62.22631752524183, 62.5775446982631, 63.66955699776468, 66.99655338895323, 66.30918269632652, 64.95493250478454, 64.08235677026593, 63.22934356095964, 61.97649136469753, 62.18928444316355, 61.734277774881406, 62.45637856151937, 62.914337637873096, 64.81496644796837, 64.12247961850602, 63.626088577583616, 64.96195496368905, 64.83450624870491, 62.68732889257678, 63.55395288092449, 63.907540867167505, 64.76708384334243, 69.44042601532105, 70.68147483357183, 67.42884079165623, 66.0495928091758, 66.55794657962203, 66.65888313827435, 68.92473624845118, 70.36992314312076, 67.02265377192818, 66.74146382342144, 67.65395817172742, 68.4428165412494, 68.55256209810722, 67.4816313939324, 68.27064371394276, 69.09786977822878, 70.8544179788307, 70.29219945394327, 69.19670297998417, 73.35397862494041, 75.23185253871769, 70.3638046323091, 68.95577761316731, 67.9698621757273, 68.21090256145725, 68.4421398626962, 68.43734145009998, 67.51938168767715, 68.17648691628054, 69.58235000705427, 68.6560485279069, 68.21230919646726, 68.20137197987579, 68.2423666364047, 68.35037558254528, 67.85150768290049, 67.93021537052643, 67.97764433414973, 70.00752461593882, 72.0256083162029, 69.82605241987592, 69.34459817233605, 68.59422662146196, 67.79483003316892, 67.69171087867564, 67.93424249542626, 68.60510579421283, 67.80414153094004, 67.78351222921873, 67.46876203701522, 67.74240433459711, 67.71211168747429, 67.23448571443983, 67.1718208957372, 66.86022365454863, 66.04349564107422, 65.53317097333009, 65.82996760114271, 68.5515859879514, 64.86888598968706, 58.13189517342891, 54.7883974505595, 49.27670285156883, 45.004576592854534, 38.45128096889515, 31.112067095271783, 25.123634358951232, 22.304663279926515, 21.743653985398854, 21.897391807563487, 22.596936860032926, 17.898896218716768], "f": [0.0, 0.78125, 1.5625, 2.34375, 3.125, 3.90625, 4.6875, 5.46875, 6.25, 7.03125, 7.8125, 8.59375, 9.375, 10.15625, 10.9375, 11.71875, 12.5, 13.28125, 14.0625, 14.84375, 15.625, 16.40625, 17.1875, 17.96875, 18.75, 19.53125, 20.3125, 21.09375, 21.875, 22.65625, 23.4375, 24.21875, 25.0, 25.78125, 26.5625, 27.34375, 28.125, 28.90625, 29.6875, 30.46875, 31.25, 32.03125, 32.8125, 33.59375, 34.375, 35.15625, 35.9375, 36.71875, 37.5, 38.28125, 39.0625, 39.84375, 40.625, 41.40625, 42.1875, 42.96875, 43.75, 44.53125, 45.3125, 46.09375, 46.875, 47.65625, 48.4375, 49.21875, 50.0, 50.78125, 51.5625, 52.34375, 53.125, 53.90625, 54.6875, 55.46875, 56.25, 57.03125, 57.8125, 58.59375, 59.375, 60.15625, 60.9375, 61.71875, 62.5, 63.28125, 64.0625, 64.84375, 65.625, 66.40625, 67.1875, 67.96875, 68.75, 69.53125, 70.3125, 71.09375, 71.875, 72.65625, 73.4375, 74.21875, 75.0, 75.78125, 76.5625, 77.34375, 78.125, 78.90625, 79.6875, 80.46875, 81.25, 82.03125, 82.8125, 83.59375, 84.375, 85.15625, 85.9375, 86.71875, 87.5, 88.28125, 89.0625, 89.84375, 90.625, 91.40625, 92.1875, 92.96875, 93.75, 94.53125, 95.3125, 96.09375, 96.875, 97.65625, 98.4375, 99.21875, 100.0]}