{"psd": [64.21564469490318, 73.32968968841239, 71.24659549636378, 66.13825736081304, 59.612244925924294, 54.462573687982136, 50.510129315113126, 48.81349910012644, 48.478363783675135, 50.47246936507782, 50.47397368693738, 50.71786056050709, 51.65733792768635, 55.37824467551053, 55.589540833630906, 53.02662808426799, 53.252678741871875, 53.30963900198432, 55.023853136730956, 56.15595303475743, 54.416116117650205, 54.31262447595031, 53.987617368899095, 52.69276162057953, 53.78988533002204, 54.32937445021387, 54.77546459240414, 56.0250970879547, 56.489518707893744, 57.61035557003093, 59.60327837348128, 58.79740453064373, 57.5020587655967, 56.248891188838584, 55.364266537799345, 56.622697473205214, 58.82703115527698, 59.96909695204057, 58.98668603383829, 58.5803239576411, 58.59200276252302, 58.956508537405995, 57.95814594920367, 59.25285483219738, 59.30182281393275, 59.49761502178991, 60.75976363454295, 59.56577085650469, 59.7997976805228, 60.07709879649798, 59.63283688707637, 61.32924693109052, 60.429612297973165, 59.618865534581325, 60.514867570110496, 60.99861015608341, 60.7524310212985, 67.45349260197844, 68.64650698181477, 62.92543311794933, 64.75422055069728, 74.52975311899345, 75.38104666140904, 67.43169389670331, 63.94068668630852, 62.400880371508904, 62.56337480038725, 62.200518604344836, 61.455549737919, 61.12029251891151, 61.57879946985406, 62.512262347822485, 63.34219694506504, 61.92712356955218, 62.77081217730349, 67.41506625912231, 71.4311325025608, 72.25788711099688, 64.70970022631892, 60.81226974031188, 61.025384968144124, 62.52922797850825, 63.07876716129457, 63.33461063219527, 61.66427059747598, 60.86245953166546, 60.44858126315613, 60.40978429160366, 60.11025539654344, 61.023769005380295, 61.848261169711165, 62.05206298205192, 62.22327574284342, 63.020554758730924, 60.64643927800981, 60.012511828960896, 63.004218817076, 60.00903986745512, 58.97459252978399, 58.93269056382615, 58.311198765015675, 57.613250495250924, 57.07772386898011, 56.78838848280711, 56.34222454367024, 55.606062772855445, 56.067716231122546, 55.87344851196256, 55.978809872444685, 55.83258100786988, 55.30402845103956, 55.10091174405649, 55.2505784358715, 54.61282172957371, 57.37303313530964, 65.26981017022365, 62.507354196179826, 48.280884181828874, 42.28437054598486, 38.42311472363104, 33.38744827194696, 27.318008839082726, 24.003566652395612, 22.584771533526666, 22.164336171904573, 21.5579431503078, 21.55670571738424, 22.16258464834236, 17.878522085052968], "f": [0.0, 0.78125, 1.5625, 2.34375, 3.125, 3.90625, 4.6875, 5.46875, 6.25, 7.03125, 7.8125, 8.59375, 9.375, 10.15625, 10.9375, 11.71875, 12.5, 13.28125, 14.0625, 14.84375, 15.625, 16.40625, 17.1875, 17.96875, 18.75, 19.53125, 20.3125, 21.09375, 21.875, 22.65625, 23.4375, 24.21875, 25.0, 25.78125, 26.5625, 27.34375, 28.125, 28.90625, 29.6875, 30.46875, 31.25, 32.03125, 32.8125, 33.59375, 34.375, 35.15625, 35.9375, 36.71875, 37.5, 38.28125, 39.0625, 39.84375, 40.625, 41.40625, 42.1875, 42.96875, 43.75, 44.53125, 45.3125, 46.09375, 46.875, 47.65625, 48.4375, 49.21875, 50.0, 50.78125, 51.5625, 52.34375, 53.125, 53.90625, 54.6875, 55.46875, 56.25, 57.03125, 57.8125, 58.59375, 59.375, 60.15625, 60.9375, 61.71875, 62.5, 63.28125, 64.0625, 64.84375, 65.625, 66.40625, 67.1875, 67.96875, 68.75, 69.53125, 70.3125, 71.09375, 71.875, 72.65625, 73.4375, 74.21875, 75.0, 75.78125, 76.5625, 77.34375, 78.125, 78.90625, 79.6875, 80.46875, 81.25, 82.03125, 82.8125, 83.59375, 84.375, 85.15625, 85.9375, 86.71875, 87.5, 88.28125, 89.0625, 89.84375, 90.625, 91.40625, 92.1875, 92.96875, 93.75, 94.53125, 95.3125, 96.09375, 96.875, 97.65625, 98.4375, 99.21875, 100.0]}