{"psd": [71.6277483390997, 80.09625274334513, 78.72629691458762, 74.8711447588707, 69.67035765229103, 64.18367675145903, 59.36130643715344, 55.005231152413984, 52.121170328957774, 52.39734633144815, 55.45982464656014, 56.19227551489344, 54.39886487097364, 56.28792537193065, 55.66222094111555, 54.94750160740466, 54.75525487895035, 56.63826225298657, 58.067580382916915, 59.62641739190096, 58.30061146279557, 57.59992842649149, 57.45900197797245, 57.55868398223506, 57.969757746823525, 58.709884826112784, 58.746824007628334, 58.34452214015103, 58.38253701231582, 58.80295270358214, 58.159244830534604, 59.336929315228005, 61.27572713495792, 62.875478252693895, 61.502926771552296, 59.902729902709105, 59.08926412638159, 60.06679261537044, 61.59788978431738, 59.747647982160174, 56.559224235055595, 56.89534416980523, 57.97154144975308, 58.2322815633637, 60.45298260656108, 61.21769855155334, 60.9795102214131, 60.53262668491173, 61.36633927874413, 61.01834532622553, 60.59631162104532, 59.39911825898528, 59.61913130266177, 60.01928033106367, 60.71260616298658, 63.02920842560955, 64.87384249106962, 63.74161066876365, 63.62751463436843, 62.31564192638747, 62.45230715395343, 63.84757756358678, 65.02428398835598, 64.70127814399, 65.1224690653042, 65.8446875938771, 66.75929678296681, 66.43506700461883, 65.43188505226841, 64.22343768263647, 64.07950578125457, 63.30943139685229, 62.966953690948664, 63.4998280502387, 63.72988336658356, 66.18571876586991, 72.47608916869707, 76.70932654542541, 70.37386839592222, 64.00371356783988, 62.82438557664942, 61.656586914590285, 61.26410654560685, 61.49849482377748, 60.42088336732766, 59.82165940697759, 59.391936378357784, 60.1579384100439, 61.34049446958648, 62.26034593037895, 62.503499311683456, 61.366901817070946, 61.4792214767795, 61.36430302854784, 60.62003790420714, 65.09683673028887, 71.48841085502032, 67.02578327396915, 59.40473449987847, 59.78932565322464, 59.74472833471471, 58.91347686027529, 58.090310016253085, 58.147234735747936, 58.979884594218134, 59.9920137284909, 59.290062403862606, 57.88412266736855, 57.64521959324214, 56.699462425350184, 57.31068425615702, 57.24551292841391, 56.131266084634234, 54.752220617795686, 54.407618746072046, 56.29300510536688, 54.94832756567319, 49.040401283264785, 44.201962744051364, 39.5739059965452, 32.982417560259435, 27.31626638887647, 23.783406772389245, 22.47595685535049, 21.989708414195608, 21.919612495625472, 22.37523038833373, 21.67922811923965, 16.912912995547625], "f": [0.0, 0.78125, 1.5625, 2.34375, 3.125, 3.90625, 4.6875, 5.46875, 6.25, 7.03125, 7.8125, 8.59375, 9.375, 10.15625, 10.9375, 11.71875, 12.5, 13.28125, 14.0625, 14.84375, 15.625, 16.40625, 17.1875, 17.96875, 18.75, 19.53125, 20.3125, 21.09375, 21.875, 22.65625, 23.4375, 24.21875, 25.0, 25.78125, 26.5625, 27.34375, 28.125, 28.90625, 29.6875, 30.46875, 31.25, 32.03125, 32.8125, 33.59375, 34.375, 35.15625, 35.9375, 36.71875, 37.5, 38.28125, 39.0625, 39.84375, 40.625, 41.40625, 42.1875, 42.96875, 43.75, 44.53125, 45.3125, 46.09375, 46.875, 47.65625, 48.4375, 49.21875, 50.0, 50.78125, 51.5625, 52.34375, 53.125, 53.90625, 54.6875, 55.46875, 56.25, 57.03125, 57.8125, 58.59375, 59.375, 60.15625, 60.9375, 61.71875, 62.5, 63.28125, 64.0625, 64.84375, 65.625, 66.40625, 67.1875, 67.96875, 68.75, 69.53125, 70.3125, 71.09375, 71.875, 72.65625, 73.4375, 74.21875, 75.0, 75.78125, 76.5625, 77.34375, 78.125, 78.90625, 79.6875, 80.46875, 81.25, 82.03125, 82.8125, 83.59375, 84.375, 85.15625, 85.9375, 86.71875, 87.5, 88.28125, 89.0625, 89.84375, 90.625, 91.40625, 92.1875, 92.96875, 93.75, 94.53125, 95.3125, 96.09375, 96.875, 97.65625, 98.4375, 99.21875, 100.0]}