{"psd": [68.9563812986554, 78.24568539836903, 76.23667038532284, 71.9088856843158, 67.07960168637949, 62.66711039771293, 58.04854480533277, 53.78441455008072, 49.937865941002286, 48.59924001799672, 49.27418805131363, 48.32542654099537, 47.89129143745783, 48.04178619689941, 49.257817559151405, 50.057164613236374, 50.448477531972145, 50.93093289495771, 51.015595158409425, 53.42045609234145, 53.30959395374667, 54.21707445142629, 56.08876145853163, 58.81362941957677, 57.71236957804838, 55.62226178707312, 56.2890220277717, 56.25484331504214, 57.730966853644496, 58.254005563061035, 58.91620527488981, 59.649458452579374, 61.20591682051004, 63.38793305559969, 61.03250133533676, 59.00200388274691, 58.891816853390615, 60.42651180940693, 66.23801208776598, 65.47254102916703, 61.08903057055972, 61.5831968348005, 61.08669104426069, 59.822493961652725, 60.015835240525945, 59.254674284732275, 58.992496463640975, 60.231831454457925, 60.86253250603509, 60.81429114957817, 60.6382909441506, 61.43868703107708, 61.317831867064925, 60.03738853920212, 59.80364037567475, 60.57312288425976, 60.46830082920512, 61.4852653193666, 62.18405219198342, 60.7834982021334, 60.83229062751273, 62.54979572059855, 63.6974644421261, 63.428513272970136, 61.683434330798136, 61.098354316639174, 60.919565724211836, 58.92404936963874, 58.797303477042895, 58.834254383279756, 58.936008269100085, 58.82349163281235, 58.36761363732515, 58.32041580174703, 58.7688410942401, 58.911469241049765, 62.286517009104195, 63.716500418983514, 58.87453844506168, 56.935887859443426, 56.246697003722346, 56.647095432336215, 56.66682222909233, 56.20227487224656, 55.81445014842399, 56.41468467177653, 56.50277760241832, 56.67347369591718, 56.9719033687591, 56.14168638399391, 56.562238023208934, 57.07888028006722, 57.2804465309493, 57.53970594195776, 57.544706458388006, 63.19083283696728, 67.74912526999763, 61.76941855247292, 57.91663696445308, 59.956955849925, 58.542220399693214, 58.10271268451693, 58.446501285487145, 58.870270748118514, 60.02491990893255, 59.46064736570173, 58.15307386885443, 57.846527854546565, 58.54835903174563, 57.50099166881108, 56.81088896349637, 56.55461831505612, 55.64709581363335, 54.700458156451255, 58.12004344537944, 65.52967388219182, 61.953773009657496, 46.71559743033783, 41.87665468689499, 37.12304669836737, 31.467176386510975, 26.096892670833288, 23.07964837777859, 22.088890359810062, 21.79884859566236, 22.13767468817027, 22.41946453739592, 22.25572859181672, 17.605676644975055], "f": [0.0, 0.78125, 1.5625, 2.34375, 3.125, 3.90625, 4.6875, 5.46875, 6.25, 7.03125, 7.8125, 8.59375, 9.375, 10.15625, 10.9375, 11.71875, 12.5, 13.28125, 14.0625, 14.84375, 15.625, 16.40625, 17.1875, 17.96875, 18.75, 19.53125, 20.3125, 21.09375, 21.875, 22.65625, 23.4375, 24.21875, 25.0, 25.78125, 26.5625, 27.34375, 28.125, 28.90625, 29.6875, 30.46875, 31.25, 32.03125, 32.8125, 33.59375, 34.375, 35.15625, 35.9375, 36.71875, 37.5, 38.28125, 39.0625, 39.84375, 40.625, 41.40625, 42.1875, 42.96875, 43.75, 44.53125, 45.3125, 46.09375, 46.875, 47.65625, 48.4375, 49.21875, 50.0, 50.78125, 51.5625, 52.34375, 53.125, 53.90625, 54.6875, 55.46875, 56.25, 57.03125, 57.8125, 58.59375, 59.375, 60.15625, 60.9375, 61.71875, 62.5, 63.28125, 64.0625, 64.84375, 65.625, 66.40625, 67.1875, 67.96875, 68.75, 69.53125, 70.3125, 71.09375, 71.875, 72.65625, 73.4375, 74.21875, 75.0, 75.78125, 76.5625, 77.34375, 78.125, 78.90625, 79.6875, 80.46875, 81.25, 82.03125, 82.8125, 83.59375, 84.375, 85.15625, 85.9375, 86.71875, 87.5, 88.28125, 89.0625, 89.84375, 90.625, 91.40625, 92.1875, 92.96875, 93.75, 94.53125, 95.3125, 96.09375, 96.875, 97.65625, 98.4375, 99.21875, 100.0]}