{"psd": [65.93179410106097, 74.47228914602736, 72.57460801984234, 68.5797016817624, 62.727923757547536, 57.45352518263327, 52.763814043736154, 50.38810674059877, 50.82516013175863, 52.33015434132866, 52.58129603142991, 51.45327505009129, 49.22141640186018, 51.19340450409449, 62.87500784503215, 68.83147972280939, 63.88634687929393, 52.21713016383943, 55.13524766007903, 58.46933116080194, 61.23661595671507, 59.971500240908775, 58.3837477513631, 57.0702288057338, 55.86662066238254, 57.43048283391434, 57.45177198154199, 57.95262925091052, 57.09941732257808, 58.60909785158662, 63.30970643121, 61.85232938055614, 61.404362739436955, 64.62333272941642, 60.91793654428233, 59.03268310123721, 58.94465396769326, 60.06381357200062, 63.01676527818218, 62.00524924759173, 60.079901561197076, 59.50130734922353, 59.76954171157979, 58.39794004013381, 57.83709095380415, 58.477207418524145, 58.50463556392931, 58.92350236084374, 60.65045960964072, 63.08692679113655, 65.21759745462374, 65.42279701985011, 62.83778011999811, 62.534004454036506, 65.55945305168615, 66.01747333131837, 67.58781095505567, 64.1034563470827, 63.60691164112537, 64.67631807320286, 67.38366547057487, 67.7448590285514, 66.0838014894887, 64.65329056034578, 64.2078336880816, 63.69810832247116, 62.872752786416875, 62.2046920101493, 61.971555318095284, 64.04176972303065, 67.06238874784117, 66.51300278588403, 64.16794766071102, 63.23706221777496, 64.56415018653817, 65.50850807070665, 71.0424948270189, 73.96945630925713, 66.92622435105255, 64.43517622427323, 65.63448339158262, 65.6261237750814, 64.34294487177544, 63.742912436376606, 63.81715666732342, 63.64234793993156, 63.18178383350656, 63.36641061048827, 64.00242397056721, 64.84456178426116, 66.00938155514766, 65.59355673295899, 65.99527399249072, 66.25326236824344, 66.18947088007579, 67.275372386941, 70.07202455374325, 67.04155736710868, 66.05393785465071, 66.170554132341, 67.59807656337685, 68.19979791883851, 67.43758277760948, 66.9524075136811, 67.18095466009265, 67.1623826127495, 66.68432556335384, 65.14786554179403, 65.68496243593383, 66.15761114699431, 67.25861306042832, 68.19493091040562, 66.81327144846038, 65.18984736542654, 64.07092787826554, 63.60836490180333, 60.43805072994279, 55.92830559410218, 52.443861916582684, 47.85169187683724, 41.92179372425245, 35.792506579541545, 29.391638694433688, 24.381874496298618, 22.438236907626965, 22.46778976107383, 22.13683123381005, 22.20904194269189, 18.033439669865903], "f": [0.0, 0.78125, 1.5625, 2.34375, 3.125, 3.90625, 4.6875, 5.46875, 6.25, 7.03125, 7.8125, 8.59375, 9.375, 10.15625, 10.9375, 11.71875, 12.5, 13.28125, 14.0625, 14.84375, 15.625, 16.40625, 17.1875, 17.96875, 18.75, 19.53125, 20.3125, 21.09375, 21.875, 22.65625, 23.4375, 24.21875, 25.0, 25.78125, 26.5625, 27.34375, 28.125, 28.90625, 29.6875, 30.46875, 31.25, 32.03125, 32.8125, 33.59375, 34.375, 35.15625, 35.9375, 36.71875, 37.5, 38.28125, 39.0625, 39.84375, 40.625, 41.40625, 42.1875, 42.96875, 43.75, 44.53125, 45.3125, 46.09375, 46.875, 47.65625, 48.4375, 49.21875, 50.0, 50.78125, 51.5625, 52.34375, 53.125, 53.90625, 54.6875, 55.46875, 56.25, 57.03125, 57.8125, 58.59375, 59.375, 60.15625, 60.9375, 61.71875, 62.5, 63.28125, 64.0625, 64.84375, 65.625, 66.40625, 67.1875, 67.96875, 68.75, 69.53125, 70.3125, 71.09375, 71.875, 72.65625, 73.4375, 74.21875, 75.0, 75.78125, 76.5625, 77.34375, 78.125, 78.90625, 79.6875, 80.46875, 81.25, 82.03125, 82.8125, 83.59375, 84.375, 85.15625, 85.9375, 86.71875, 87.5, 88.28125, 89.0625, 89.84375, 90.625, 91.40625, 92.1875, 92.96875, 93.75, 94.53125, 95.3125, 96.09375, 96.875, 97.65625, 98.4375, 99.21875, 100.0]}