{"psd": [67.34050672576161, 77.08529229365672, 77.15256282913872, 73.71129745862632, 67.88253935251696, 61.53424491959693, 55.92327209552563, 52.5424002321474, 50.91836684137695, 49.883732171042, 51.17527548577465, 50.0369953557746, 49.90165142680417, 53.013370314170025, 54.030003364296334, 52.06919180642118, 52.29588463642648, 52.97586024865494, 56.28350106990598, 59.377707620833995, 58.07274467243111, 57.5701006071609, 58.15058647692946, 60.06043530491204, 55.71151494931179, 54.18044864598262, 55.704562997623974, 55.709394075016064, 55.35359939363548, 55.95606934771101, 56.862839028077126, 56.63811550532513, 54.85525334515724, 54.084688641060154, 55.343658883529, 55.12092343477087, 55.91636165983496, 57.13727586076634, 64.15761970566018, 63.33042232988546, 57.221240976125586, 56.936553595819525, 56.582427700680256, 56.32244764483581, 56.55289286852447, 57.219222199930904, 57.65044782986032, 58.3702894718469, 62.95421041323456, 65.64326850847672, 60.52649267860386, 59.1067743340662, 58.95555854968687, 58.24973366763353, 58.104868000278785, 58.094114116466464, 58.46163925546853, 65.5816704878425, 66.56913136260063, 60.36546008329573, 60.332678570174934, 60.652594455392276, 60.294238609034736, 60.634576094254406, 60.828984952997764, 61.04499272612833, 61.92443494486163, 61.49116179956883, 61.17493742771941, 60.66996925101401, 60.329245113287385, 59.5733168820191, 59.31906878012345, 59.31961879548484, 62.59826214390807, 73.69977093780003, 83.80886978118191, 81.87819828738651, 69.45413901662454, 63.40815170779042, 59.52919553259042, 59.83688984578727, 62.88557469371786, 66.42893239529748, 62.42710847336987, 60.12462040679602, 60.02082651507244, 58.9448625444443, 58.44697784345472, 58.97784290635443, 58.81612769906614, 58.791238101355326, 58.868739583333095, 58.9789546167109, 58.86055922214095, 59.622133041907404, 62.529717847543004, 59.51371173619606, 58.305968372030435, 57.73606042309317, 57.94836474275535, 58.14504708456097, 58.274640183365854, 57.9557925941943, 57.60431650692755, 57.93922810956025, 57.614928456956534, 57.58602229274456, 57.870436450550585, 57.61971343941497, 57.02367436576024, 56.78978669297737, 56.57684125583164, 56.22056620488776, 55.63484868271202, 59.51325168286399, 56.663446887462925, 48.85363823183852, 44.83655327932507, 39.792001961632515, 35.26771347164485, 29.773329899250154, 24.677449818351608, 22.450045899250235, 22.21651289233666, 22.224069415949298, 22.032110128859735, 22.459622203801366, 17.228655228420774], "f": [0.0, 0.78125, 1.5625, 2.34375, 3.125, 3.90625, 4.6875, 5.46875, 6.25, 7.03125, 7.8125, 8.59375, 9.375, 10.15625, 10.9375, 11.71875, 12.5, 13.28125, 14.0625, 14.84375, 15.625, 16.40625, 17.1875, 17.96875, 18.75, 19.53125, 20.3125, 21.09375, 21.875, 22.65625, 23.4375, 24.21875, 25.0, 25.78125, 26.5625, 27.34375, 28.125, 28.90625, 29.6875, 30.46875, 31.25, 32.03125, 32.8125, 33.59375, 34.375, 35.15625, 35.9375, 36.71875, 37.5, 38.28125, 39.0625, 39.84375, 40.625, 41.40625, 42.1875, 42.96875, 43.75, 44.53125, 45.3125, 46.09375, 46.875, 47.65625, 48.4375, 49.21875, 50.0, 50.78125, 51.5625, 52.34375, 53.125, 53.90625, 54.6875, 55.46875, 56.25, 57.03125, 57.8125, 58.59375, 59.375, 60.15625, 60.9375, 61.71875, 62.5, 63.28125, 64.0625, 64.84375, 65.625, 66.40625, 67.1875, 67.96875, 68.75, 69.53125, 70.3125, 71.09375, 71.875, 72.65625, 73.4375, 74.21875, 75.0, 75.78125, 76.5625, 77.34375, 78.125, 78.90625, 79.6875, 80.46875, 81.25, 82.03125, 82.8125, 83.59375, 84.375, 85.15625, 85.9375, 86.71875, 87.5, 88.28125, 89.0625, 89.84375, 90.625, 91.40625, 92.1875, 92.96875, 93.75, 94.53125, 95.3125, 96.09375, 96.875, 97.65625, 98.4375, 99.21875, 100.0]}