{"psd": [63.93828700970093, 73.31805023805082, 71.63410469244882, 68.2261274932023, 63.93407345826917, 58.54514990210465, 55.083297893092045, 51.76400900824113, 50.8915792552701, 51.67178134230312, 51.525568786906746, 50.81458090441057, 52.6892282979602, 53.91899003459038, 51.98742906127282, 53.476370818722295, 52.30788721311946, 51.2744658290325, 52.63529187989057, 55.0864622924788, 54.79805875547217, 55.914721413791916, 56.164819167734436, 56.469651967576425, 56.16385929387874, 58.81527062918808, 58.09614171327675, 57.33061732066944, 57.304504523786555, 56.67263172545766, 57.18578357305985, 57.75431920259416, 60.65169104315374, 64.28694621271698, 61.38620317259893, 60.37614515616579, 60.978110390413704, 60.4204093280454, 62.96507115217756, 61.82148576993934, 60.64991129948497, 62.73948834372692, 64.32558936181884, 63.64947044383963, 64.5512412638699, 63.71140549791402, 64.92285081053008, 63.61361001983978, 63.826048444490254, 62.52041725227124, 62.723268272057176, 63.627241025750074, 63.1246425506541, 63.335289497061744, 65.4756614585987, 65.3042391106767, 64.93249236905787, 65.13895036635171, 63.74014635779977, 63.163627888646225, 62.72535405017344, 64.30550778793267, 63.134252890168945, 61.46599219869556, 61.01859060139289, 61.34412226550849, 61.75909502178292, 62.3072429548261, 60.46349201611914, 60.58821377453288, 61.119281909923146, 62.424594405171725, 62.65672612407931, 61.5021673384307, 61.99285205453432, 61.99388911742509, 69.22519525143952, 72.00488297428825, 64.30836104712688, 60.10066271512936, 60.40828327843905, 60.47433278837512, 60.163338260757, 59.29506420697749, 59.250865592899736, 58.96001569615534, 58.03737641442062, 58.656271435943026, 58.93733163115536, 59.693930873584804, 59.76597754786486, 59.96591534723957, 61.13830485220297, 61.90847583699082, 60.530893851809054, 64.37943666892018, 68.92149650642006, 63.77726871456098, 59.14104204149663, 58.49300547541233, 58.627216543496566, 59.904087541066815, 60.02419126390291, 59.01909909350876, 58.41187139118062, 58.38628961774167, 57.767185856603405, 55.39250733041516, 53.92506404712775, 54.02991619177571, 53.19477207559373, 52.97131426799537, 52.436341697539305, 51.57143384957389, 53.786611676645286, 60.29365026302408, 56.894837831890364, 41.99157968981622, 37.576921504145076, 32.87616811535528, 28.489004882276948, 24.8066452029586, 22.82400135717085, 22.08945861559526, 22.45905165651613, 22.385264242218707, 22.136790891902457, 21.961498572723674, 17.1390956498456], "f": [0.0, 0.78125, 1.5625, 2.34375, 3.125, 3.90625, 4.6875, 5.46875, 6.25, 7.03125, 7.8125, 8.59375, 9.375, 10.15625, 10.9375, 11.71875, 12.5, 13.28125, 14.0625, 14.84375, 15.625, 16.40625, 17.1875, 17.96875, 18.75, 19.53125, 20.3125, 21.09375, 21.875, 22.65625, 23.4375, 24.21875, 25.0, 25.78125, 26.5625, 27.34375, 28.125, 28.90625, 29.6875, 30.46875, 31.25, 32.03125, 32.8125, 33.59375, 34.375, 35.15625, 35.9375, 36.71875, 37.5, 38.28125, 39.0625, 39.84375, 40.625, 41.40625, 42.1875, 42.96875, 43.75, 44.53125, 45.3125, 46.09375, 46.875, 47.65625, 48.4375, 49.21875, 50.0, 50.78125, 51.5625, 52.34375, 53.125, 53.90625, 54.6875, 55.46875, 56.25, 57.03125, 57.8125, 58.59375, 59.375, 60.15625, 60.9375, 61.71875, 62.5, 63.28125, 64.0625, 64.84375, 65.625, 66.40625, 67.1875, 67.96875, 68.75, 69.53125, 70.3125, 71.09375, 71.875, 72.65625, 73.4375, 74.21875, 75.0, 75.78125, 76.5625, 77.34375, 78.125, 78.90625, 79.6875, 80.46875, 81.25, 82.03125, 82.8125, 83.59375, 84.375, 85.15625, 85.9375, 86.71875, 87.5, 88.28125, 89.0625, 89.84375, 90.625, 91.40625, 92.1875, 92.96875, 93.75, 94.53125, 95.3125, 96.09375, 96.875, 97.65625, 98.4375, 99.21875, 100.0]}