{"psd": [67.08137427619897, 76.07768961928666, 75.62916366212546, 71.99263053580196, 66.67243681619411, 61.29111115448626, 55.73625204530666, 51.70359263353235, 50.415826925482406, 52.46597305304323, 51.02251609207322, 50.278671712766865, 51.71536331054399, 57.93507268446183, 57.16103311295056, 53.76865193370736, 54.144675831196025, 54.984150702811135, 56.64795072183693, 59.06017495451367, 56.59589946130317, 54.990140800458576, 55.60993790204808, 57.1567372046507, 58.49961076314334, 60.97026461298489, 62.16196119548875, 60.62438933778409, 58.49696462564666, 59.273986299981026, 59.545875282941374, 59.2172987065895, 61.188267081287606, 61.71652435734704, 62.63429252140291, 62.298312047410434, 61.2262282478126, 59.62266150220759, 59.782454592402445, 58.79925444134653, 58.4633249148944, 58.63521031500392, 59.685364469890125, 61.27103974343704, 61.83270998165136, 60.8491323324633, 60.66738150457928, 60.80320328660038, 61.46169422413452, 61.225696839091185, 61.26089831108236, 61.44028092215506, 61.7559322199742, 62.99562037563072, 64.23584753602582, 63.53371049105793, 62.789946724113584, 63.308100743317326, 63.09778608959789, 63.49431200537233, 62.89760729995049, 63.58909051710793, 64.03006080882582, 64.34397519882917, 65.38822754404633, 66.04382026877828, 64.68701884637339, 63.7618231444508, 63.31678115358241, 63.93098368208476, 63.856695646304466, 64.27618054338218, 64.22149036190234, 64.11874938503937, 65.53520979497465, 67.16100631090211, 67.72053878122786, 66.68852961782088, 64.93215609816703, 63.92219633012523, 62.30652279183506, 62.76593977690918, 62.751668441025934, 62.43248602514291, 62.0720732306543, 62.75401698769752, 64.67122007689099, 64.66252711275064, 64.20014365280879, 63.20992186466735, 62.778416868171206, 62.21724919939219, 62.32520737541358, 62.65967734076903, 62.965821801985825, 63.830505685261265, 63.347032136657084, 63.427358546857384, 63.40791918269508, 62.928912612158136, 62.989520347297784, 62.8503652699985, 63.19432118396591, 62.126701197730796, 61.96846194869805, 62.49334126920999, 63.2957632225207, 63.452360767284055, 63.43198778117031, 62.27212545575367, 61.20140339042855, 60.29367153450743, 58.825736328305325, 57.87255758779284, 56.87680174917531, 55.36664605950168, 53.122864973616444, 50.31386192185758, 47.09380323705133, 43.01069078352338, 37.14461853892121, 30.224526480855918, 25.08899785550657, 22.71393576695361, 22.11737485614676, 22.11804480267603, 21.947159239873088, 21.760830136678532, 16.983442355489725], "f": [0.0, 0.78125, 1.5625, 2.34375, 3.125, 3.90625, 4.6875, 5.46875, 6.25, 7.03125, 7.8125, 8.59375, 9.375, 10.15625, 10.9375, 11.71875, 12.5, 13.28125, 14.0625, 14.84375, 15.625, 16.40625, 17.1875, 17.96875, 18.75, 19.53125, 20.3125, 21.09375, 21.875, 22.65625, 23.4375, 24.21875, 25.0, 25.78125, 26.5625, 27.34375, 28.125, 28.90625, 29.6875, 30.46875, 31.25, 32.03125, 32.8125, 33.59375, 34.375, 35.15625, 35.9375, 36.71875, 37.5, 38.28125, 39.0625, 39.84375, 40.625, 41.40625, 42.1875, 42.96875, 43.75, 44.53125, 45.3125, 46.09375, 46.875, 47.65625, 48.4375, 49.21875, 50.0, 50.78125, 51.5625, 52.34375, 53.125, 53.90625, 54.6875, 55.46875, 56.25, 57.03125, 57.8125, 58.59375, 59.375, 60.15625, 60.9375, 61.71875, 62.5, 63.28125, 64.0625, 64.84375, 65.625, 66.40625, 67.1875, 67.96875, 68.75, 69.53125, 70.3125, 71.09375, 71.875, 72.65625, 73.4375, 74.21875, 75.0, 75.78125, 76.5625, 77.34375, 78.125, 78.90625, 79.6875, 80.46875, 81.25, 82.03125, 82.8125, 83.59375, 84.375, 85.15625, 85.9375, 86.71875, 87.5, 88.28125, 89.0625, 89.84375, 90.625, 91.40625, 92.1875, 92.96875, 93.75, 94.53125, 95.3125, 96.09375, 96.875, 97.65625, 98.4375, 99.21875, 100.0]}