{"psd": [62.076614231729195, 70.98965738495573, 71.87441778084862, 70.63004946388835, 66.63614058388832, 61.79844900506473, 56.67990549023983, 52.64458289667908, 49.5475825328983, 48.399831181179415, 49.08015988884912, 49.34995936006545, 52.747027935437096, 54.047813682511986, 49.943169738434754, 50.894574530084775, 51.383678048232476, 51.16115637423903, 51.90930144996396, 54.52989652177435, 53.558319421836984, 53.22729315943418, 53.31602211581077, 55.7518632783411, 57.300316876872046, 55.54049422713034, 55.83851593048682, 56.47662493111079, 57.244774491860404, 56.93337417558858, 56.09568302991832, 55.95733297511888, 55.46045264954658, 54.872115903623026, 54.83266537486895, 55.09323579858045, 54.02276972938995, 55.27970706757257, 57.68691738362769, 55.87651339682295, 55.0263506127139, 55.3226039789913, 54.692332184508516, 55.6131785334877, 56.812568253450124, 57.525425333503236, 57.3872183934128, 56.149199431777994, 56.93360514780324, 55.4092329033531, 56.643486410992985, 56.30702419121207, 55.64163698204388, 56.01898248423772, 56.290421103767656, 55.43968509783339, 56.334486883207724, 60.36415408590523, 62.10227296458106, 59.996038355119765, 60.39384999010154, 62.73796499550234, 63.241199283926676, 62.219537072582455, 60.94297599933613, 60.48299687398527, 60.335446482033355, 60.36916331745755, 61.36523416536151, 61.18693542978428, 61.50928429225488, 60.93178726804173, 60.570450392751326, 61.3340797117916, 64.85712850211613, 71.20929807918175, 69.5358666195346, 62.132779509823315, 59.27582333228691, 57.26933179503132, 57.8132826869293, 57.118958332749095, 56.34867723233419, 55.427974208796364, 54.797742006340414, 53.44854156058241, 54.21570712573286, 53.67003630901376, 52.68188097671622, 52.357685929908186, 51.46275975761053, 51.61673346928878, 52.69946549622531, 53.048178741580955, 52.47305441228687, 52.9630986408896, 53.81526019112323, 53.566246300287226, 53.430943728478184, 53.78395245957943, 54.119025359579275, 54.42873854911679, 54.72156762716906, 53.52263673631371, 53.76246908950418, 54.37279683584602, 54.14767876816838, 53.98536541400765, 52.57538624300969, 52.18767736353023, 51.51724470874267, 52.26503057432062, 52.47173246093348, 51.16552745003933, 49.71121465117661, 51.58340859852736, 48.68640466941318, 43.04177592029664, 39.033023039905466, 34.23252607625793, 29.820021524893285, 25.15571488192789, 23.201475287796576, 22.23683347633127, 22.442763709881483, 21.86445074948557, 21.970421978047654, 21.930371814581, 16.727052566918363], "f": [0.0, 0.78125, 1.5625, 2.34375, 3.125, 3.90625, 4.6875, 5.46875, 6.25, 7.03125, 7.8125, 8.59375, 9.375, 10.15625, 10.9375, 11.71875, 12.5, 13.28125, 14.0625, 14.84375, 15.625, 16.40625, 17.1875, 17.96875, 18.75, 19.53125, 20.3125, 21.09375, 21.875, 22.65625, 23.4375, 24.21875, 25.0, 25.78125, 26.5625, 27.34375, 28.125, 28.90625, 29.6875, 30.46875, 31.25, 32.03125, 32.8125, 33.59375, 34.375, 35.15625, 35.9375, 36.71875, 37.5, 38.28125, 39.0625, 39.84375, 40.625, 41.40625, 42.1875, 42.96875, 43.75, 44.53125, 45.3125, 46.09375, 46.875, 47.65625, 48.4375, 49.21875, 50.0, 50.78125, 51.5625, 52.34375, 53.125, 53.90625, 54.6875, 55.46875, 56.25, 57.03125, 57.8125, 58.59375, 59.375, 60.15625, 60.9375, 61.71875, 62.5, 63.28125, 64.0625, 64.84375, 65.625, 66.40625, 67.1875, 67.96875, 68.75, 69.53125, 70.3125, 71.09375, 71.875, 72.65625, 73.4375, 74.21875, 75.0, 75.78125, 76.5625, 77.34375, 78.125, 78.90625, 79.6875, 80.46875, 81.25, 82.03125, 82.8125, 83.59375, 84.375, 85.15625, 85.9375, 86.71875, 87.5, 88.28125, 89.0625, 89.84375, 90.625, 91.40625, 92.1875, 92.96875, 93.75, 94.53125, 95.3125, 96.09375, 96.875, 97.65625, 98.4375, 99.21875, 100.0]}