{"psd": [63.72224589736007, 72.75061329470822, 67.78949977498112, 61.693647392468655, 57.86443765432338, 54.901967322076, 52.25451973963969, 49.285009134437495, 46.929457409113766, 48.04335251853626, 48.34491668765379, 47.960395406709054, 47.18209650862824, 51.36400601416532, 51.73175202208665, 51.92882230712133, 52.212472593749894, 51.4711710820114, 56.40952751688475, 59.10221749277649, 58.45017988639601, 60.48439304161913, 61.794925221893465, 57.86414158419939, 57.81780209522459, 60.013395997776435, 61.17967543636113, 63.584293957814815, 63.08197128919093, 60.213434034755224, 59.47767721362271, 58.85270748451678, 59.138326432677005, 59.743469988878246, 59.931035943680804, 61.59607917004437, 66.39444638279733, 67.40385259280151, 63.30730982247428, 59.61028878329017, 57.83460515065787, 57.92920054174627, 57.191676295396704, 58.367624882533704, 60.14878167587722, 63.4139385718092, 66.09607218121715, 63.09207686710551, 58.91142668232053, 57.38846063681151, 57.49924307182426, 59.27984719881535, 60.42207764312651, 63.96715706034807, 70.71308895165971, 71.91016342641464, 68.23119177275785, 63.7966418555946, 62.239388596043845, 60.5097898766259, 61.42215377219316, 62.0834824986065, 63.14182998747587, 65.18038239111715, 69.12982051627755, 70.31743179008946, 66.71377970953922, 62.86000356610535, 60.166396515388605, 60.60921297270269, 61.4336628708799, 63.12493983131149, 64.92884630489782, 66.92770380642045, 67.35412477763713, 66.05913747635998, 65.70748909784794, 64.59008626283659, 61.83312171186547, 61.07410496525377, 61.463322349600304, 67.40044814242887, 70.17508973632845, 68.0494757696956, 64.27773864766267, 61.34241839336689, 60.03034634655787, 60.08938090479774, 60.162923336691605, 60.88980783690972, 70.53105684452842, 73.38906247854229, 67.08692267199729, 61.48574973376441, 60.89256028843545, 60.95096521766392, 60.261787417146635, 60.54105947051777, 61.07813115354148, 63.29106793108735, 67.03367345894642, 64.99341239973278, 63.49062468159117, 63.33202997748759, 62.25955949152122, 62.89962686846611, 62.79923992642772, 62.533118620896595, 68.79755205931784, 71.94445380220314, 66.65924171366777, 60.50747770051242, 59.23117714098642, 57.2979381840224, 55.3524867985925, 54.683258616157914, 52.81463216030281, 50.167815059182004, 49.94116445114605, 46.531631848028276, 37.28362568806758, 30.775302592854175, 25.22791280797852, 22.6701731506675, 22.388868667041272, 22.246316154842777, 22.109174799590857, 22.211375367799718, 17.612649691313923], "f": [0.0, 0.78125, 1.5625, 2.34375, 3.125, 3.90625, 4.6875, 5.46875, 6.25, 7.03125, 7.8125, 8.59375, 9.375, 10.15625, 10.9375, 11.71875, 12.5, 13.28125, 14.0625, 14.84375, 15.625, 16.40625, 17.1875, 17.96875, 18.75, 19.53125, 20.3125, 21.09375, 21.875, 22.65625, 23.4375, 24.21875, 25.0, 25.78125, 26.5625, 27.34375, 28.125, 28.90625, 29.6875, 30.46875, 31.25, 32.03125, 32.8125, 33.59375, 34.375, 35.15625, 35.9375, 36.71875, 37.5, 38.28125, 39.0625, 39.84375, 40.625, 41.40625, 42.1875, 42.96875, 43.75, 44.53125, 45.3125, 46.09375, 46.875, 47.65625, 48.4375, 49.21875, 50.0, 50.78125, 51.5625, 52.34375, 53.125, 53.90625, 54.6875, 55.46875, 56.25, 57.03125, 57.8125, 58.59375, 59.375, 60.15625, 60.9375, 61.71875, 62.5, 63.28125, 64.0625, 64.84375, 65.625, 66.40625, 67.1875, 67.96875, 68.75, 69.53125, 70.3125, 71.09375, 71.875, 72.65625, 73.4375, 74.21875, 75.0, 75.78125, 76.5625, 77.34375, 78.125, 78.90625, 79.6875, 80.46875, 81.25, 82.03125, 82.8125, 83.59375, 84.375, 85.15625, 85.9375, 86.71875, 87.5, 88.28125, 89.0625, 89.84375, 90.625, 91.40625, 92.1875, 92.96875, 93.75, 94.53125, 95.3125, 96.09375, 96.875, 97.65625, 98.4375, 99.21875, 100.0]}