{"psd": [68.84815901818851, 77.57605920325689, 76.39758908213966, 72.27853865330155, 66.84284993086555, 61.804303559436235, 56.41469302298766, 52.36797240217011, 50.23406914935178, 50.18994530561575, 49.02847811594829, 49.146099243046464, 49.168955690084914, 50.56182421637278, 53.67560155799979, 54.21133903698476, 52.653922186639846, 51.25800310746144, 53.03141940386611, 54.374607660663955, 53.28520416321955, 52.957578798678796, 53.619838769513244, 52.42803152943032, 52.84368863530599, 53.956914789466126, 54.151194547567066, 54.660273739742834, 54.8287744045329, 55.420346926274355, 54.958690712113025, 55.321565765654356, 56.66284880136161, 56.78091266243491, 55.082112579763916, 57.36222475778784, 58.36792464538594, 59.15996149524589, 58.69560710834804, 56.92230647360924, 56.41053677524191, 55.6906025984829, 56.519276042560364, 59.36948845577174, 61.27317535748111, 60.6101210257394, 58.91620058029563, 58.16482072801281, 58.5110843418214, 58.02429997242793, 57.67735265163286, 59.619206282701214, 60.377104756909844, 60.92640831221434, 60.46364250912927, 59.842725636946, 59.26141939146517, 63.08145795594037, 64.71854867415347, 62.242608758444874, 63.91969839992899, 68.52994093269174, 69.63175061289307, 66.42677172204645, 64.67558137010037, 62.36284096860494, 61.94471306193138, 61.98733435463392, 62.34903987727808, 63.281561676635974, 62.418915543014904, 61.91339302360816, 62.33951023303544, 63.19512671814713, 65.74692763417674, 70.5189667126788, 75.35097378078301, 74.01011326563393, 66.17286098979886, 60.954445913957414, 60.733652651859174, 60.77547949254643, 61.56491424489896, 60.85407832011945, 60.071385088782975, 59.6446110725244, 59.03913165414928, 58.6681697355972, 59.48225795348458, 59.982011519060435, 60.26881132251944, 60.162195949609476, 59.13533933383451, 57.75018933372239, 57.72462871132816, 58.85245605788833, 61.650018256081864, 59.38863971550348, 58.242478600579695, 57.81184647359365, 57.076290272317955, 56.417436454427786, 55.77936435561008, 55.72290611879323, 55.87468675679072, 55.742651188287134, 55.07734346948943, 54.92175848062159, 55.50266189043819, 54.8897082329343, 54.891931588520684, 54.695472321789495, 54.37961050356394, 53.279284620710136, 52.849544049164706, 52.75464423061603, 50.04966346957257, 45.507455234843746, 41.88933340141293, 37.714084254252874, 32.84335048933722, 27.473561721011084, 23.6320794653162, 22.366560202278084, 22.410913623196457, 22.47078403937245, 22.170831138952526, 21.938438372817444, 17.534441213060674], "f": [0.0, 0.78125, 1.5625, 2.34375, 3.125, 3.90625, 4.6875, 5.46875, 6.25, 7.03125, 7.8125, 8.59375, 9.375, 10.15625, 10.9375, 11.71875, 12.5, 13.28125, 14.0625, 14.84375, 15.625, 16.40625, 17.1875, 17.96875, 18.75, 19.53125, 20.3125, 21.09375, 21.875, 22.65625, 23.4375, 24.21875, 25.0, 25.78125, 26.5625, 27.34375, 28.125, 28.90625, 29.6875, 30.46875, 31.25, 32.03125, 32.8125, 33.59375, 34.375, 35.15625, 35.9375, 36.71875, 37.5, 38.28125, 39.0625, 39.84375, 40.625, 41.40625, 42.1875, 42.96875, 43.75, 44.53125, 45.3125, 46.09375, 46.875, 47.65625, 48.4375, 49.21875, 50.0, 50.78125, 51.5625, 52.34375, 53.125, 53.90625, 54.6875, 55.46875, 56.25, 57.03125, 57.8125, 58.59375, 59.375, 60.15625, 60.9375, 61.71875, 62.5, 63.28125, 64.0625, 64.84375, 65.625, 66.40625, 67.1875, 67.96875, 68.75, 69.53125, 70.3125, 71.09375, 71.875, 72.65625, 73.4375, 74.21875, 75.0, 75.78125, 76.5625, 77.34375, 78.125, 78.90625, 79.6875, 80.46875, 81.25, 82.03125, 82.8125, 83.59375, 84.375, 85.15625, 85.9375, 86.71875, 87.5, 88.28125, 89.0625, 89.84375, 90.625, 91.40625, 92.1875, 92.96875, 93.75, 94.53125, 95.3125, 96.09375, 96.875, 97.65625, 98.4375, 99.21875, 100.0]}