{"psd": [70.81464821910318, 78.9843327966028, 77.22324733712506, 73.51122820035451, 68.28460998800912, 62.98830445970246, 57.64811058816451, 54.94836560799814, 53.47601258510839, 51.76861277028637, 54.96318616220596, 55.49655237126126, 53.12239516708195, 53.66294949206585, 53.80718641193389, 54.59860636957403, 54.34675102153036, 54.91726216598151, 57.282466308154454, 58.97685848120026, 58.04735509439776, 58.65472191923196, 57.3542278453109, 56.170241197163655, 57.918672000380326, 58.59543104296395, 60.61096780570779, 61.44513892783648, 59.06198966789959, 58.50703602802752, 58.09572996873865, 58.63570778564199, 61.49026621647019, 62.700767278164165, 59.98950443688571, 59.14064429435481, 58.489918300498395, 57.83376396344835, 58.20922391746558, 56.899962037574305, 55.98619297768806, 56.081443117552354, 57.74190275692927, 59.81232060316011, 60.78136564977897, 60.5841176150968, 60.16221630870922, 59.33742405230751, 59.56124413367049, 60.19846774737492, 60.6333742219509, 60.75571622967083, 61.06974084532382, 61.13641909870445, 61.66985581352443, 61.29419126481524, 61.99708914734315, 64.46807169455752, 64.18635541039271, 62.30684728615947, 62.55921720144794, 63.27096339725932, 63.75477037885264, 63.43214452416846, 63.688197402072966, 63.77636970708508, 64.75988987500293, 65.16620971972303, 64.87145443892501, 64.49845796934129, 63.69442588461929, 62.93475134814, 62.98426185188681, 63.748288780104616, 64.27574598398874, 67.75305106328618, 69.84127945939532, 70.50201773023117, 66.35063009910928, 64.56332798107246, 64.20030186994512, 62.694716124805545, 61.94311887089317, 61.773818171064576, 61.309945114964705, 61.5447489857474, 62.18116905910623, 62.6547262138327, 62.90449823958756, 62.55324222203859, 63.02348242508935, 64.43252637429839, 63.62160070857934, 61.659569387309276, 60.63257677069537, 64.18888060613412, 67.52009423329636, 62.77862435910974, 61.06356694464344, 61.21202582487271, 61.152093889759065, 61.28936672142096, 60.98146760604973, 60.476656846742884, 60.26220677683752, 60.66525566055507, 60.34599877813828, 59.657668484288415, 58.98594436135602, 58.84061220696584, 59.28034224539475, 58.795137362564624, 58.09761919878139, 57.60705998051506, 57.85261439527944, 62.01074475951295, 58.55932247708025, 49.758248850033404, 46.07770686711661, 41.43831487846139, 35.76347781813241, 30.40347277057199, 25.005836550235358, 22.824526957365624, 22.475307082960704, 21.808309449844128, 22.333799283029478, 21.982260600004004, 16.844439020539916], "f": [0.0, 0.78125, 1.5625, 2.34375, 3.125, 3.90625, 4.6875, 5.46875, 6.25, 7.03125, 7.8125, 8.59375, 9.375, 10.15625, 10.9375, 11.71875, 12.5, 13.28125, 14.0625, 14.84375, 15.625, 16.40625, 17.1875, 17.96875, 18.75, 19.53125, 20.3125, 21.09375, 21.875, 22.65625, 23.4375, 24.21875, 25.0, 25.78125, 26.5625, 27.34375, 28.125, 28.90625, 29.6875, 30.46875, 31.25, 32.03125, 32.8125, 33.59375, 34.375, 35.15625, 35.9375, 36.71875, 37.5, 38.28125, 39.0625, 39.84375, 40.625, 41.40625, 42.1875, 42.96875, 43.75, 44.53125, 45.3125, 46.09375, 46.875, 47.65625, 48.4375, 49.21875, 50.0, 50.78125, 51.5625, 52.34375, 53.125, 53.90625, 54.6875, 55.46875, 56.25, 57.03125, 57.8125, 58.59375, 59.375, 60.15625, 60.9375, 61.71875, 62.5, 63.28125, 64.0625, 64.84375, 65.625, 66.40625, 67.1875, 67.96875, 68.75, 69.53125, 70.3125, 71.09375, 71.875, 72.65625, 73.4375, 74.21875, 75.0, 75.78125, 76.5625, 77.34375, 78.125, 78.90625, 79.6875, 80.46875, 81.25, 82.03125, 82.8125, 83.59375, 84.375, 85.15625, 85.9375, 86.71875, 87.5, 88.28125, 89.0625, 89.84375, 90.625, 91.40625, 92.1875, 92.96875, 93.75, 94.53125, 95.3125, 96.09375, 96.875, 97.65625, 98.4375, 99.21875, 100.0]}