{"psd": [69.00947008691658, 77.44006641418417, 76.7947895418368, 73.23202579725763, 67.24680824209977, 60.98833093532135, 55.62647575160823, 52.08436051461541, 50.614318964630854, 49.99116602216448, 52.385520159964265, 52.33128665484929, 50.433679643255864, 49.78436995843913, 51.8975522589292, 53.44702480851307, 52.36911256519069, 51.96144891331356, 52.62079690810674, 55.03312980692093, 54.529488342023875, 53.50600756204838, 54.613747211665554, 55.17389333246862, 54.773613409756024, 57.783261034163786, 56.587502287939245, 55.75282031863698, 54.66819594343377, 55.753515675251634, 56.568500709905685, 56.25304702454444, 55.025178402611175, 55.724206524772654, 55.99993709617911, 56.199876150368375, 57.19183612876005, 58.15854186678372, 59.87275230334938, 58.302690317233676, 57.20996652825842, 57.71618040205971, 57.77107044613104, 58.60955018096756, 60.13546175168719, 59.503684083201456, 58.943517113095176, 59.1054037386263, 60.456981856471764, 59.787330737144174, 60.00224846864755, 61.44592150798151, 61.75784091455951, 60.10797923585229, 59.54534732348822, 60.26086246344502, 61.30349256744397, 62.974251537058315, 64.58800751458051, 64.28957496416916, 62.04574013852884, 62.08619287897187, 65.61982732890448, 65.4240943436528, 64.33645710882422, 63.255130265353586, 64.0275585761744, 63.796708999018286, 63.88507013076169, 62.262472659663885, 60.94134085443013, 61.31867642378741, 61.49004214764365, 62.03425303431817, 64.49530312697152, 74.055148583985, 84.39653804095931, 82.45622774639855, 67.42071834007487, 60.910828173368245, 60.24903463772057, 60.83383149813828, 61.17378623609212, 63.221926265054584, 62.24021509117178, 61.528376955644156, 62.068219210431444, 62.34388772934449, 61.82663128836387, 60.913394442261726, 60.20050178342422, 60.05357814580276, 59.43417469387609, 58.89217878386158, 58.33923732749457, 61.57893650462527, 65.57113244679161, 61.76612443573768, 58.89882716595116, 59.00985624136557, 59.02319840363028, 58.48629452804253, 58.23446630527233, 58.01736572493924, 58.31076283962077, 58.81823882330308, 58.96842154587282, 58.43035491856064, 57.94883241100541, 57.95987754223034, 57.772503914799486, 57.62537586488769, 57.581606459001364, 57.44666872998242, 56.53925166380138, 58.60074144230999, 55.75955632260036, 49.42726582584902, 45.338555034749106, 41.41989086539869, 35.634413441961115, 29.500784187715073, 24.630170044721936, 22.03652234352436, 21.93345999716607, 21.878562208302398, 22.138494632026685, 22.35315777334656, 18.25860326252621], "f": [0.0, 0.78125, 1.5625, 2.34375, 3.125, 3.90625, 4.6875, 5.46875, 6.25, 7.03125, 7.8125, 8.59375, 9.375, 10.15625, 10.9375, 11.71875, 12.5, 13.28125, 14.0625, 14.84375, 15.625, 16.40625, 17.1875, 17.96875, 18.75, 19.53125, 20.3125, 21.09375, 21.875, 22.65625, 23.4375, 24.21875, 25.0, 25.78125, 26.5625, 27.34375, 28.125, 28.90625, 29.6875, 30.46875, 31.25, 32.03125, 32.8125, 33.59375, 34.375, 35.15625, 35.9375, 36.71875, 37.5, 38.28125, 39.0625, 39.84375, 40.625, 41.40625, 42.1875, 42.96875, 43.75, 44.53125, 45.3125, 46.09375, 46.875, 47.65625, 48.4375, 49.21875, 50.0, 50.78125, 51.5625, 52.34375, 53.125, 53.90625, 54.6875, 55.46875, 56.25, 57.03125, 57.8125, 58.59375, 59.375, 60.15625, 60.9375, 61.71875, 62.5, 63.28125, 64.0625, 64.84375, 65.625, 66.40625, 67.1875, 67.96875, 68.75, 69.53125, 70.3125, 71.09375, 71.875, 72.65625, 73.4375, 74.21875, 75.0, 75.78125, 76.5625, 77.34375, 78.125, 78.90625, 79.6875, 80.46875, 81.25, 82.03125, 82.8125, 83.59375, 84.375, 85.15625, 85.9375, 86.71875, 87.5, 88.28125, 89.0625, 89.84375, 90.625, 91.40625, 92.1875, 92.96875, 93.75, 94.53125, 95.3125, 96.09375, 96.875, 97.65625, 98.4375, 99.21875, 100.0]}