{"psd": [65.0687089754361, 74.6791527711806, 74.03163316018902, 70.70943417836871, 67.18969294132071, 62.887092719288034, 58.81379605186556, 54.528793990265136, 51.438516607960025, 51.88006933936984, 51.51139661654152, 51.28681954816323, 54.909014195033265, 55.57051145672908, 54.28804290529065, 54.80955312181408, 53.206606079070795, 52.31723900230283, 53.94519008752159, 56.79266597066931, 56.8854384774151, 58.13059994722896, 59.131585815854486, 58.56205116700977, 57.74501395488393, 61.0290454642497, 60.58928981809977, 60.55069585629737, 60.666559946353146, 60.022512854223535, 59.32432316732662, 58.99788758010081, 62.38367575748401, 65.95437186857596, 62.91040729800769, 62.13829692716034, 61.97211901383993, 61.99840687618419, 63.02967941857719, 61.71945611757705, 62.809856318341005, 64.6408972420701, 67.1940297515311, 65.67059144134339, 67.96338594861004, 67.25617387429085, 68.57883764073611, 67.78765708351885, 67.6194899246594, 66.53560032381588, 66.35336431334096, 66.20574175848235, 67.09152811660273, 67.63094122640479, 70.87418572797374, 71.54373239304317, 70.37118210958882, 70.56821814908395, 68.14786943101491, 67.03074707774101, 66.03710487544834, 65.93323535054519, 65.84387535708662, 65.5522968558564, 65.09128684667974, 65.90291873993752, 65.67718559025907, 66.44610438859026, 65.30684383115809, 64.33808175457342, 64.5868969530154, 64.24740655538419, 65.02945087660865, 66.06797664169274, 65.57264800867044, 65.39825640901823, 71.11595327750267, 73.90629804405873, 67.32500785190038, 63.3531075317347, 63.067021425190845, 62.99959539019308, 62.395021953919084, 62.50331113642186, 62.73420777337598, 62.091549314751305, 61.59507773234415, 61.41153799677683, 61.709689402398254, 62.31981865288975, 62.23315205494447, 61.837030271478014, 62.18558911335102, 62.7887189859937, 61.942869181655055, 65.98043465857853, 70.08217174360867, 64.80254488855279, 61.28880764195779, 61.20418279140347, 61.57190146069786, 61.5735320807519, 61.57111380162153, 60.352471966048554, 59.55465751595482, 59.83522272409053, 59.04860391838935, 57.685776696456614, 57.342119920405466, 57.51316786121243, 56.45175021754885, 55.949555140570325, 55.72094647863217, 55.18925385537706, 56.31066957490659, 62.28008337507367, 58.642919713177804, 46.103123611400456, 41.78047665242778, 37.54175085786862, 31.998576546247605, 27.079904423234467, 23.365427962202556, 21.981468777950155, 22.3723010677297, 22.444383218146058, 21.963502603243576, 21.971940512659188, 17.660070685155237], "f": [0.0, 0.78125, 1.5625, 2.34375, 3.125, 3.90625, 4.6875, 5.46875, 6.25, 7.03125, 7.8125, 8.59375, 9.375, 10.15625, 10.9375, 11.71875, 12.5, 13.28125, 14.0625, 14.84375, 15.625, 16.40625, 17.1875, 17.96875, 18.75, 19.53125, 20.3125, 21.09375, 21.875, 22.65625, 23.4375, 24.21875, 25.0, 25.78125, 26.5625, 27.34375, 28.125, 28.90625, 29.6875, 30.46875, 31.25, 32.03125, 32.8125, 33.59375, 34.375, 35.15625, 35.9375, 36.71875, 37.5, 38.28125, 39.0625, 39.84375, 40.625, 41.40625, 42.1875, 42.96875, 43.75, 44.53125, 45.3125, 46.09375, 46.875, 47.65625, 48.4375, 49.21875, 50.0, 50.78125, 51.5625, 52.34375, 53.125, 53.90625, 54.6875, 55.46875, 56.25, 57.03125, 57.8125, 58.59375, 59.375, 60.15625, 60.9375, 61.71875, 62.5, 63.28125, 64.0625, 64.84375, 65.625, 66.40625, 67.1875, 67.96875, 68.75, 69.53125, 70.3125, 71.09375, 71.875, 72.65625, 73.4375, 74.21875, 75.0, 75.78125, 76.5625, 77.34375, 78.125, 78.90625, 79.6875, 80.46875, 81.25, 82.03125, 82.8125, 83.59375, 84.375, 85.15625, 85.9375, 86.71875, 87.5, 88.28125, 89.0625, 89.84375, 90.625, 91.40625, 92.1875, 92.96875, 93.75, 94.53125, 95.3125, 96.09375, 96.875, 97.65625, 98.4375, 99.21875, 100.0]}