{"psd": [68.26299769003536, 78.12402747218508, 77.42276623924678, 73.60776205068198, 67.92985089216285, 61.72646554288745, 56.2747184613924, 52.751581251687355, 50.886079232879354, 51.33203904285709, 52.86874713982644, 52.78326395013441, 52.368381152052265, 54.55191173150251, 54.944842841397694, 54.947753964076114, 54.30225574831908, 55.75984710253687, 58.35896900403684, 62.99924947369013, 59.99950568281676, 55.5003045021237, 55.80415348268835, 55.72954115701852, 55.34553818691893, 57.25117291416244, 58.5872058210567, 57.35003215822729, 59.44051792156601, 60.341296755229045, 58.94440754920747, 58.082160589130574, 56.99466642728305, 57.31838451895767, 57.34361900950504, 57.799285024903774, 58.05429318844415, 60.038249932752635, 62.661119604428144, 61.68984278935268, 59.89403128592315, 59.585985238551835, 60.15496203943271, 60.689207505073746, 60.66483197102184, 61.020726770573326, 60.221796822124425, 63.25146783969995, 69.43726303360654, 69.55950391225694, 63.17512574661228, 61.83470590950041, 61.94730558702975, 61.204162771041844, 60.97515807428387, 61.959315108798506, 64.23687692524277, 68.59008242873034, 69.98391696351034, 67.8181145734156, 65.7268778670745, 64.31646675664769, 63.42038194794918, 62.75882655109642, 64.15499414069339, 65.94238348516613, 68.1244299954202, 67.47666064329904, 65.73533935939786, 64.5406399719654, 64.29348320167578, 64.56127761565102, 64.58042240105544, 65.19673520129604, 66.59039484737715, 74.74783549996596, 85.02731621993487, 83.12646223848127, 68.51928769068762, 64.02210969177857, 62.935192172781825, 62.884236049167484, 63.2054821216546, 63.93857223145682, 63.091730261761256, 62.34368919254722, 62.906275672800184, 63.06478244714387, 62.73202354972453, 62.34162273387688, 62.098062596889065, 61.68715884272122, 61.50016186573461, 61.27305833980771, 61.07504142201258, 62.75011958560608, 66.05772613267133, 62.58899135567133, 60.1760255659834, 60.85226606874342, 61.18516379628275, 60.74246317493848, 60.546469532631065, 60.25325483729128, 60.24486027175645, 60.19119643523698, 59.916054779895056, 59.90102758009537, 59.957789842640885, 60.11605237244831, 59.4490200775337, 59.61212494253937, 59.34982848467156, 58.673607111149416, 58.127331260422665, 60.12624797952658, 57.41635626484093, 50.854723295117864, 47.21770065671016, 42.596188542772786, 37.88889495676156, 32.19937195636275, 26.543944578695566, 22.812149936473073, 22.286544766230154, 22.038643157568522, 22.585203245561157, 22.372212861638996, 16.863587835985438], "f": [0.0, 0.78125, 1.5625, 2.34375, 3.125, 3.90625, 4.6875, 5.46875, 6.25, 7.03125, 7.8125, 8.59375, 9.375, 10.15625, 10.9375, 11.71875, 12.5, 13.28125, 14.0625, 14.84375, 15.625, 16.40625, 17.1875, 17.96875, 18.75, 19.53125, 20.3125, 21.09375, 21.875, 22.65625, 23.4375, 24.21875, 25.0, 25.78125, 26.5625, 27.34375, 28.125, 28.90625, 29.6875, 30.46875, 31.25, 32.03125, 32.8125, 33.59375, 34.375, 35.15625, 35.9375, 36.71875, 37.5, 38.28125, 39.0625, 39.84375, 40.625, 41.40625, 42.1875, 42.96875, 43.75, 44.53125, 45.3125, 46.09375, 46.875, 47.65625, 48.4375, 49.21875, 50.0, 50.78125, 51.5625, 52.34375, 53.125, 53.90625, 54.6875, 55.46875, 56.25, 57.03125, 57.8125, 58.59375, 59.375, 60.15625, 60.9375, 61.71875, 62.5, 63.28125, 64.0625, 64.84375, 65.625, 66.40625, 67.1875, 67.96875, 68.75, 69.53125, 70.3125, 71.09375, 71.875, 72.65625, 73.4375, 74.21875, 75.0, 75.78125, 76.5625, 77.34375, 78.125, 78.90625, 79.6875, 80.46875, 81.25, 82.03125, 82.8125, 83.59375, 84.375, 85.15625, 85.9375, 86.71875, 87.5, 88.28125, 89.0625, 89.84375, 90.625, 91.40625, 92.1875, 92.96875, 93.75, 94.53125, 95.3125, 96.09375, 96.875, 97.65625, 98.4375, 99.21875, 100.0]}