{"psd": [65.16012556522963, 74.53277135485959, 74.270952986579, 70.82807921293781, 66.4396373715637, 61.21006385637365, 56.66382760413475, 52.64273800414256, 50.65656760505981, 52.45968267629378, 51.343854886520354, 50.76314975858232, 53.862079273507604, 56.908798835528046, 58.72976727651182, 57.46533525901335, 56.15365274561246, 54.555918841042576, 56.43866336881427, 58.252872655918885, 58.90698731849846, 55.20322820446615, 54.78890951223278, 54.40631528007149, 55.946288167691506, 59.14678376805932, 59.04540609149674, 56.32442910812537, 55.264159127037864, 55.34198665274332, 55.016081270030305, 54.617363305542696, 55.71418271327646, 56.869176280123305, 55.92062189501458, 57.59903699715548, 59.533415939710935, 60.0525647991401, 63.399571189584364, 62.695296492565205, 60.12757856648584, 59.707592767094226, 58.498879252303766, 58.25844229118101, 58.9311817722313, 61.46480860568352, 62.90469604571025, 63.71943900505293, 64.04931064126491, 65.71055787410728, 65.54518054098457, 66.51580132607143, 67.7725352061861, 66.7958523065722, 66.01599915173112, 65.79883674084094, 64.87582694730082, 66.65510787989069, 66.81643331805779, 63.019286287781675, 61.38179530773747, 62.05615058473186, 61.91912323615645, 62.2974280509504, 62.96274487430363, 62.30565862978702, 61.0078327391912, 60.111628125833036, 60.319571884239565, 60.72230406473649, 61.40003127826542, 62.02777169550743, 61.907136558140905, 61.72012297130843, 62.9861532570728, 64.19611489985958, 62.466771182241416, 61.68956212983329, 61.595714142069056, 61.740825385365056, 62.21115272725996, 62.57096583276677, 62.40019755377186, 61.3755973482272, 61.62440607176756, 61.55435092308934, 61.2273613348355, 60.12071363917197, 60.22042564655406, 60.94750656311322, 60.173596191046656, 59.31288737178873, 58.727238147335086, 58.92240605300969, 58.16197611831106, 58.12120746151949, 58.25661204109537, 57.29405567593017, 57.42639218414493, 57.97612590990262, 57.469765686864314, 56.43342606746817, 56.266576257141445, 56.61224583954074, 57.76189495995023, 57.8914610073208, 57.81889217841885, 57.74945310092277, 58.330944249249, 58.56105245029114, 58.37247802220955, 57.90052722814273, 58.39766350183312, 57.69072362165644, 57.6345753400149, 60.287250795083445, 56.96955417797264, 51.38554616261181, 46.72311874838039, 41.77858181203281, 36.92154598201451, 30.96890928070357, 25.836995701230233, 22.992989051243256, 22.327588108630053, 21.87354304091364, 21.708493671862886, 21.94792122580349, 17.465886213905314], "f": [0.0, 0.78125, 1.5625, 2.34375, 3.125, 3.90625, 4.6875, 5.46875, 6.25, 7.03125, 7.8125, 8.59375, 9.375, 10.15625, 10.9375, 11.71875, 12.5, 13.28125, 14.0625, 14.84375, 15.625, 16.40625, 17.1875, 17.96875, 18.75, 19.53125, 20.3125, 21.09375, 21.875, 22.65625, 23.4375, 24.21875, 25.0, 25.78125, 26.5625, 27.34375, 28.125, 28.90625, 29.6875, 30.46875, 31.25, 32.03125, 32.8125, 33.59375, 34.375, 35.15625, 35.9375, 36.71875, 37.5, 38.28125, 39.0625, 39.84375, 40.625, 41.40625, 42.1875, 42.96875, 43.75, 44.53125, 45.3125, 46.09375, 46.875, 47.65625, 48.4375, 49.21875, 50.0, 50.78125, 51.5625, 52.34375, 53.125, 53.90625, 54.6875, 55.46875, 56.25, 57.03125, 57.8125, 58.59375, 59.375, 60.15625, 60.9375, 61.71875, 62.5, 63.28125, 64.0625, 64.84375, 65.625, 66.40625, 67.1875, 67.96875, 68.75, 69.53125, 70.3125, 71.09375, 71.875, 72.65625, 73.4375, 74.21875, 75.0, 75.78125, 76.5625, 77.34375, 78.125, 78.90625, 79.6875, 80.46875, 81.25, 82.03125, 82.8125, 83.59375, 84.375, 85.15625, 85.9375, 86.71875, 87.5, 88.28125, 89.0625, 89.84375, 90.625, 91.40625, 92.1875, 92.96875, 93.75, 94.53125, 95.3125, 96.09375, 96.875, 97.65625, 98.4375, 99.21875, 100.0]}