{"psd": [63.613481621952474, 71.84975294444146, 68.25142603044894, 60.618983198005, 54.722824362887515, 51.25952731949096, 48.60796290205759, 49.69850502569989, 53.165048647764834, 56.288709681010985, 60.80537680272098, 56.63789647631867, 54.384881171030486, 57.19553082918908, 56.84501553461628, 55.15232800269836, 55.740098948734925, 56.749871257906655, 54.69243668540902, 55.49323870341459, 54.775497412472546, 53.011335616490484, 52.414701164360125, 51.6050796267063, 56.611647754261526, 60.403938958377, 57.39923432540925, 55.76498675458364, 56.49015117626209, 56.483930107066975, 56.636698011401606, 57.31284772767263, 57.72213707677683, 56.38455451508158, 55.74528690967989, 56.88111850986714, 59.29767355247827, 59.95619148957907, 59.92471274884559, 58.81808329898988, 58.285200432776975, 58.51205282254757, 59.48591806334769, 60.60874739386591, 60.85882192186615, 61.026640663835245, 61.42181191209664, 61.48598585897767, 62.51643552091383, 63.094292652783594, 63.0844179833813, 64.5702875080201, 62.718975928193075, 62.52771216714747, 63.87335890809644, 63.990690721162686, 63.5085514105528, 66.19001539856733, 67.25856752356945, 63.96429335835372, 65.97095862457412, 75.90318231102478, 76.14289011590574, 67.8608499587909, 66.26771795857415, 64.10239926387146, 63.848020618320184, 63.64863932063712, 62.14089636766548, 61.382184086579734, 61.91320545287713, 61.45829757468357, 61.588480150384356, 61.83110052820232, 63.72221691978897, 68.3116790717533, 71.72360858294441, 70.39987200738321, 63.67509775172495, 61.1413874167231, 61.13537750150556, 60.34179716452378, 59.425481033629275, 59.82656535508856, 58.96770973772796, 59.77924782272467, 59.35188191228833, 59.56762548133801, 59.83288810042967, 60.47242379904758, 60.451461654397356, 59.82377998812859, 59.93408887118835, 60.2140720355077, 59.96435604231189, 59.69909424000961, 61.803867357253495, 59.13714175466079, 58.12408984619889, 58.59915879584867, 58.529220842802296, 59.0361029198704, 59.66037168514734, 58.65156523273398, 58.6370627424298, 59.29867911783977, 58.93531839305595, 59.536996582410126, 59.961299311422856, 60.699034204863416, 60.80300837348219, 59.81586009640339, 59.28931046352971, 57.719796542436455, 57.139917707303134, 58.68810675374377, 55.46110367688006, 49.97865414877977, 46.60359734765069, 42.24475341487815, 37.190615637943516, 30.817776545685685, 25.653333675689233, 22.94663286608024, 22.35518430452885, 22.020679096322876, 22.090967981026953, 21.960145084326193, 16.983783170519896], "f": [0.0, 0.78125, 1.5625, 2.34375, 3.125, 3.90625, 4.6875, 5.46875, 6.25, 7.03125, 7.8125, 8.59375, 9.375, 10.15625, 10.9375, 11.71875, 12.5, 13.28125, 14.0625, 14.84375, 15.625, 16.40625, 17.1875, 17.96875, 18.75, 19.53125, 20.3125, 21.09375, 21.875, 22.65625, 23.4375, 24.21875, 25.0, 25.78125, 26.5625, 27.34375, 28.125, 28.90625, 29.6875, 30.46875, 31.25, 32.03125, 32.8125, 33.59375, 34.375, 35.15625, 35.9375, 36.71875, 37.5, 38.28125, 39.0625, 39.84375, 40.625, 41.40625, 42.1875, 42.96875, 43.75, 44.53125, 45.3125, 46.09375, 46.875, 47.65625, 48.4375, 49.21875, 50.0, 50.78125, 51.5625, 52.34375, 53.125, 53.90625, 54.6875, 55.46875, 56.25, 57.03125, 57.8125, 58.59375, 59.375, 60.15625, 60.9375, 61.71875, 62.5, 63.28125, 64.0625, 64.84375, 65.625, 66.40625, 67.1875, 67.96875, 68.75, 69.53125, 70.3125, 71.09375, 71.875, 72.65625, 73.4375, 74.21875, 75.0, 75.78125, 76.5625, 77.34375, 78.125, 78.90625, 79.6875, 80.46875, 81.25, 82.03125, 82.8125, 83.59375, 84.375, 85.15625, 85.9375, 86.71875, 87.5, 88.28125, 89.0625, 89.84375, 90.625, 91.40625, 92.1875, 92.96875, 93.75, 94.53125, 95.3125, 96.09375, 96.875, 97.65625, 98.4375, 99.21875, 100.0]}