{"psd": [68.24688287371262, 76.91422509621538, 75.04399842262973, 71.09074422115476, 66.4627961771495, 61.306675819093755, 56.266832117281794, 51.978296416061355, 49.51234262740256, 49.09122110695141, 50.420172012292724, 51.39863953545323, 52.92165897915061, 51.61483472293719, 52.661337840542934, 53.04899955516804, 53.653050979698975, 52.164598363329844, 53.24071686134612, 56.588982281059856, 54.952776907534556, 54.04688182274753, 55.395701322523905, 56.56722649772508, 59.408253715698216, 57.0159758845796, 55.763167841747865, 56.42172831368434, 57.01213486324319, 57.00097040948058, 57.40190971598427, 56.83515933943432, 56.6541495021698, 56.71565592535633, 56.87656314742377, 58.529446935034635, 60.07553218035942, 59.22820858649822, 60.00036852649632, 60.38257471586684, 60.145900414667864, 59.813916362231396, 60.78542654238936, 61.41804791467882, 61.47645676532388, 61.72664769994861, 61.99874650627017, 63.507894386379135, 65.86152871419804, 64.69014019013517, 63.16889554345073, 62.36655496717595, 63.310791982986615, 63.26585304283749, 64.49007474270572, 63.98516093548746, 64.20666039244674, 64.9893600553871, 65.4882237162249, 64.45539779949313, 65.66686382905728, 66.48976140059092, 67.27655831472073, 67.58420524833711, 66.50826528137029, 65.42022267611144, 64.44374166247383, 63.7680985602823, 64.2906782567692, 64.69735214558094, 64.78334166677332, 65.01477307802378, 64.37205105684211, 64.1628567278306, 64.67764410079654, 66.31061654196313, 65.49365805451731, 63.65916623092577, 62.14286254519256, 61.97012252022127, 61.82071831997596, 61.69923537930358, 61.77786357161388, 61.02607046318223, 60.623218443479026, 60.95362209113183, 61.39583282907181, 61.27379677156705, 61.1989173378129, 61.3107440222073, 60.857538430701645, 60.61367653378885, 61.15110749162053, 60.95861646314971, 60.714074228604886, 62.272941891797096, 61.75385741422112, 60.92355304049778, 61.14085302474865, 59.53374309668643, 59.801607782523774, 60.044932214408334, 59.69326664759286, 60.58075150583424, 60.68403288091146, 59.983268308615756, 59.22107080614679, 58.96195016275556, 58.815228185019855, 58.062734706402814, 57.71780979065812, 57.38417135330995, 57.78799439617258, 57.388105428557296, 56.334646147748174, 54.85873997200038, 53.77314414902435, 51.129309042227206, 46.766184820153384, 41.518418915943954, 36.42138743950562, 29.94990933139784, 24.818112100822262, 22.8394489237754, 22.39457442138373, 22.418942412136403, 22.082317356871172, 22.108810915670432, 16.758579220298014], "f": [0.0, 0.78125, 1.5625, 2.34375, 3.125, 3.90625, 4.6875, 5.46875, 6.25, 7.03125, 7.8125, 8.59375, 9.375, 10.15625, 10.9375, 11.71875, 12.5, 13.28125, 14.0625, 14.84375, 15.625, 16.40625, 17.1875, 17.96875, 18.75, 19.53125, 20.3125, 21.09375, 21.875, 22.65625, 23.4375, 24.21875, 25.0, 25.78125, 26.5625, 27.34375, 28.125, 28.90625, 29.6875, 30.46875, 31.25, 32.03125, 32.8125, 33.59375, 34.375, 35.15625, 35.9375, 36.71875, 37.5, 38.28125, 39.0625, 39.84375, 40.625, 41.40625, 42.1875, 42.96875, 43.75, 44.53125, 45.3125, 46.09375, 46.875, 47.65625, 48.4375, 49.21875, 50.0, 50.78125, 51.5625, 52.34375, 53.125, 53.90625, 54.6875, 55.46875, 56.25, 57.03125, 57.8125, 58.59375, 59.375, 60.15625, 60.9375, 61.71875, 62.5, 63.28125, 64.0625, 64.84375, 65.625, 66.40625, 67.1875, 67.96875, 68.75, 69.53125, 70.3125, 71.09375, 71.875, 72.65625, 73.4375, 74.21875, 75.0, 75.78125, 76.5625, 77.34375, 78.125, 78.90625, 79.6875, 80.46875, 81.25, 82.03125, 82.8125, 83.59375, 84.375, 85.15625, 85.9375, 86.71875, 87.5, 88.28125, 89.0625, 89.84375, 90.625, 91.40625, 92.1875, 92.96875, 93.75, 94.53125, 95.3125, 96.09375, 96.875, 97.65625, 98.4375, 99.21875, 100.0]}