{"psd": [71.41401077870992, 80.57007651899475, 79.35933602922063, 75.61742196433883, 70.20770981307241, 64.99561804227605, 59.826688440374355, 55.415140249039645, 53.221543802187846, 53.556920717816475, 56.03475472634993, 56.30806706058099, 51.85870928603481, 53.48196501102868, 54.14484954028771, 53.835497058501616, 53.14505965117797, 54.9098783407686, 56.38083972757225, 57.819970574352, 57.23002009396864, 56.91090010865075, 57.60950961993616, 57.28795315379588, 57.196922506606384, 57.584882077971706, 58.21344598757854, 57.690559345208115, 57.78726183906984, 57.879494966284, 57.28573510225685, 58.34404015601624, 61.29402503205235, 63.277714361723696, 60.61173393220941, 59.06132733746054, 59.38692421796069, 59.76332857718485, 61.02990031184582, 59.50168251756289, 56.543393341913905, 57.19404099603512, 57.93527406116121, 58.970474878649256, 60.59302940879884, 61.31198597401284, 61.066136442570375, 60.83109626962795, 60.50490849800252, 59.58085116157919, 59.98912268246579, 60.04232372512212, 60.16789668296824, 60.73203186610354, 61.3036861329098, 63.6505911031893, 65.40404941316606, 63.647524825648205, 62.962576403895625, 62.67100958841172, 63.42857196088741, 64.67463538193249, 65.42143259312142, 64.89354942832831, 64.13601741561163, 65.14488225900213, 65.91585083762911, 66.20298702097952, 65.39174923035287, 63.996609886177524, 63.49395170367853, 63.746617127375615, 62.744403456515336, 63.37476123948706, 63.975359035388905, 65.45240537639971, 74.11097225975355, 78.56393549826485, 71.96855173393287, 64.19759562499371, 62.619447805572655, 61.77523619128106, 61.99677248390904, 63.668513171451806, 63.26755218295915, 61.441083918942724, 60.68965933699779, 61.73481860726441, 62.3451986025176, 63.176324087391755, 63.2319303295499, 62.5567798322536, 62.19434022443512, 62.393171393820026, 62.931648595942924, 65.0247369052366, 69.53524354003139, 65.85916467730951, 60.85087873634589, 61.34569757342519, 61.4229803355392, 61.62028366901558, 60.86792588156019, 59.55879702925187, 60.3608871861698, 60.97765709234266, 59.934432995849185, 59.15830715261046, 58.50823948718731, 58.42259916054837, 57.40689043849295, 57.65731644946656, 56.28988110429242, 55.53670937711651, 55.42958106553868, 56.41785651255588, 54.569460219482735, 48.1230370394772, 43.69924620868069, 38.7526807414209, 33.31600576547206, 27.342605200475433, 23.758834181090094, 22.540637627095187, 22.426010643270207, 22.256727491242508, 22.19079004191784, 21.92353515591377, 16.49365621063136], "f": [0.0, 0.78125, 1.5625, 2.34375, 3.125, 3.90625, 4.6875, 5.46875, 6.25, 7.03125, 7.8125, 8.59375, 9.375, 10.15625, 10.9375, 11.71875, 12.5, 13.28125, 14.0625, 14.84375, 15.625, 16.40625, 17.1875, 17.96875, 18.75, 19.53125, 20.3125, 21.09375, 21.875, 22.65625, 23.4375, 24.21875, 25.0, 25.78125, 26.5625, 27.34375, 28.125, 28.90625, 29.6875, 30.46875, 31.25, 32.03125, 32.8125, 33.59375, 34.375, 35.15625, 35.9375, 36.71875, 37.5, 38.28125, 39.0625, 39.84375, 40.625, 41.40625, 42.1875, 42.96875, 43.75, 44.53125, 45.3125, 46.09375, 46.875, 47.65625, 48.4375, 49.21875, 50.0, 50.78125, 51.5625, 52.34375, 53.125, 53.90625, 54.6875, 55.46875, 56.25, 57.03125, 57.8125, 58.59375, 59.375, 60.15625, 60.9375, 61.71875, 62.5, 63.28125, 64.0625, 64.84375, 65.625, 66.40625, 67.1875, 67.96875, 68.75, 69.53125, 70.3125, 71.09375, 71.875, 72.65625, 73.4375, 74.21875, 75.0, 75.78125, 76.5625, 77.34375, 78.125, 78.90625, 79.6875, 80.46875, 81.25, 82.03125, 82.8125, 83.59375, 84.375, 85.15625, 85.9375, 86.71875, 87.5, 88.28125, 89.0625, 89.84375, 90.625, 91.40625, 92.1875, 92.96875, 93.75, 94.53125, 95.3125, 96.09375, 96.875, 97.65625, 98.4375, 99.21875, 100.0]}