{"psd": [60.14508723418464, 70.21632444603054, 70.89022867938252, 69.80862082049968, 66.35659938989424, 61.128886376020894, 56.18353577656108, 51.790050081855625, 47.93228653297177, 47.294141214849255, 47.73627175554736, 46.71473804175375, 46.14662834230268, 46.64970837359023, 47.893309500201966, 49.09608796524872, 49.466957989443145, 49.19732305632785, 50.930284623582054, 54.48666516140057, 53.04916571327066, 53.03120099584967, 54.04709790078239, 55.62581594608416, 56.53593087308248, 57.93195800265151, 59.37488921439896, 60.60263655102298, 60.39389193384481, 60.26399472313066, 59.255313566508775, 58.61649938011233, 58.48689716461852, 57.42805462459201, 56.49189899117584, 56.48844188619133, 56.023834751758656, 58.55904583261126, 62.36709228138257, 59.48050759001152, 56.37481584447791, 56.03737947600627, 55.37367952459857, 55.755864854451936, 55.88696390736503, 57.64768867525448, 57.48312315011254, 56.57653418836338, 57.578452937689455, 56.02275535875917, 55.984757417454105, 55.12093499654952, 55.56349188981221, 56.287116076335735, 56.501075094870565, 55.84730638260612, 56.81105158577441, 63.07553704646401, 64.15059320559907, 59.5092268663032, 60.2117637235883, 63.4342413857535, 64.91024822395198, 64.32983337009715, 62.23594794883268, 60.24158616299536, 59.81242754286288, 60.048574154724754, 60.84503123787168, 60.847183925981255, 60.70999366209888, 60.35165758232071, 59.82645326407862, 59.59982640954781, 64.50898473981957, 71.3431558058015, 69.43959451751857, 61.43830386149922, 57.53175152245334, 55.96030267575577, 55.35183735686453, 54.85465967564146, 54.65105174768519, 53.56311763203122, 53.27066982194282, 52.777578658206224, 54.42976784981201, 53.740629878894936, 51.62152427009176, 51.52459508661763, 50.925066637284246, 51.381000789811665, 51.868345100673245, 51.96244099335174, 51.70461931764787, 52.264078726804755, 53.68521445652693, 53.63918326887932, 54.41652259751638, 54.806488377638765, 55.31322061944364, 55.72288626017216, 55.7476007807191, 54.91097976248059, 55.199730775329165, 56.00840687484215, 55.669280057278826, 55.78238900479003, 54.26367887098769, 52.74097283450465, 51.36386017133185, 51.23801077863257, 51.88493721326229, 51.69138423417878, 51.41038117658606, 54.16284044209907, 50.871367831933085, 42.994829700387236, 39.35405658825355, 35.23216132105341, 30.558226407050192, 26.12357125075125, 23.618345693569857, 22.316644749464118, 22.079881260993716, 22.227620568176075, 22.027593893035107, 21.706326549725187, 16.485790165784906], "f": [0.0, 0.78125, 1.5625, 2.34375, 3.125, 3.90625, 4.6875, 5.46875, 6.25, 7.03125, 7.8125, 8.59375, 9.375, 10.15625, 10.9375, 11.71875, 12.5, 13.28125, 14.0625, 14.84375, 15.625, 16.40625, 17.1875, 17.96875, 18.75, 19.53125, 20.3125, 21.09375, 21.875, 22.65625, 23.4375, 24.21875, 25.0, 25.78125, 26.5625, 27.34375, 28.125, 28.90625, 29.6875, 30.46875, 31.25, 32.03125, 32.8125, 33.59375, 34.375, 35.15625, 35.9375, 36.71875, 37.5, 38.28125, 39.0625, 39.84375, 40.625, 41.40625, 42.1875, 42.96875, 43.75, 44.53125, 45.3125, 46.09375, 46.875, 47.65625, 48.4375, 49.21875, 50.0, 50.78125, 51.5625, 52.34375, 53.125, 53.90625, 54.6875, 55.46875, 56.25, 57.03125, 57.8125, 58.59375, 59.375, 60.15625, 60.9375, 61.71875, 62.5, 63.28125, 64.0625, 64.84375, 65.625, 66.40625, 67.1875, 67.96875, 68.75, 69.53125, 70.3125, 71.09375, 71.875, 72.65625, 73.4375, 74.21875, 75.0, 75.78125, 76.5625, 77.34375, 78.125, 78.90625, 79.6875, 80.46875, 81.25, 82.03125, 82.8125, 83.59375, 84.375, 85.15625, 85.9375, 86.71875, 87.5, 88.28125, 89.0625, 89.84375, 90.625, 91.40625, 92.1875, 92.96875, 93.75, 94.53125, 95.3125, 96.09375, 96.875, 97.65625, 98.4375, 99.21875, 100.0]}