{"psd": [69.3395869774214, 78.84002558104663, 77.51767536224196, 75.04950819005674, 72.46747364028509, 69.25067531207911, 67.59750418684314, 66.0524816512025, 62.82623849666475, 61.805461187473256, 61.84644946107714, 61.53389150078488, 60.62091234438356, 61.09586981459118, 61.32574026340758, 62.68384963860106, 62.36767571047285, 61.81128862673024, 61.725554916122306, 62.1913623293721, 62.79312371841517, 63.01012226569188, 62.89676007763049, 62.280750724967255, 61.78510924329836, 62.66155298286995, 63.160803819041824, 62.06220299310697, 62.774651157614265, 62.651458226907614, 62.75114301382736, 62.63455088553351, 64.17758019731426, 68.17274571504778, 64.87376707390224, 62.739368952599825, 62.4281741998451, 64.7470060427301, 73.50010857015947, 72.25008970011478, 62.59394235400307, 60.621423116367666, 59.67606392377779, 59.6727359648288, 59.86794520696983, 59.29506898743189, 59.05662607626232, 60.036887256833644, 61.84113827020252, 63.30352780720351, 62.50550570296895, 61.78206267469587, 61.8237851700369, 61.29995509194362, 61.45583488938924, 61.55047031996273, 61.50137498247662, 63.025857803361745, 63.759029751205446, 62.67880274705614, 63.30166596777663, 64.52024742097012, 66.83583067421408, 67.18085198633939, 65.27429507014035, 64.30893038912431, 64.66778127316977, 63.07281093141987, 61.88556222164877, 61.74899712786622, 61.287378052659435, 61.05827240357685, 61.222319004448124, 61.07058708554359, 62.428267142219546, 63.269550838614634, 72.30316517041818, 75.6181764591676, 67.05760728279866, 60.16208475591915, 59.97793424319154, 59.86587249449131, 58.66025775751033, 58.083359129589226, 57.99686019528128, 57.29075749601114, 56.51570559246683, 57.214679799683765, 57.64852058677185, 58.34120429226175, 59.28836736259952, 58.85431627034748, 59.80275328000407, 61.324350045461884, 60.51313269101, 64.8214048532839, 69.01338925669313, 64.36934664534283, 59.326270982053344, 58.86495628355773, 58.52215502032861, 58.78928192049361, 59.204434166961704, 58.89363144759636, 59.028954629743495, 58.92398766861958, 58.25612020064244, 56.515971665022946, 55.39476405527723, 55.736537610148005, 54.84786873107985, 54.196469741574134, 53.72861824798645, 53.14374495866553, 54.403123654544395, 60.04514619951657, 56.24114318891089, 44.07397721514769, 39.93970939475048, 35.436433929812104, 30.382178258854967, 26.27886311973103, 23.465313092627866, 22.187810936221325, 22.154921194256353, 21.932475781989204, 21.97001791240339, 22.317964611301292, 17.665389535966252], "f": [0.0, 0.78125, 1.5625, 2.34375, 3.125, 3.90625, 4.6875, 5.46875, 6.25, 7.03125, 7.8125, 8.59375, 9.375, 10.15625, 10.9375, 11.71875, 12.5, 13.28125, 14.0625, 14.84375, 15.625, 16.40625, 17.1875, 17.96875, 18.75, 19.53125, 20.3125, 21.09375, 21.875, 22.65625, 23.4375, 24.21875, 25.0, 25.78125, 26.5625, 27.34375, 28.125, 28.90625, 29.6875, 30.46875, 31.25, 32.03125, 32.8125, 33.59375, 34.375, 35.15625, 35.9375, 36.71875, 37.5, 38.28125, 39.0625, 39.84375, 40.625, 41.40625, 42.1875, 42.96875, 43.75, 44.53125, 45.3125, 46.09375, 46.875, 47.65625, 48.4375, 49.21875, 50.0, 50.78125, 51.5625, 52.34375, 53.125, 53.90625, 54.6875, 55.46875, 56.25, 57.03125, 57.8125, 58.59375, 59.375, 60.15625, 60.9375, 61.71875, 62.5, 63.28125, 64.0625, 64.84375, 65.625, 66.40625, 67.1875, 67.96875, 68.75, 69.53125, 70.3125, 71.09375, 71.875, 72.65625, 73.4375, 74.21875, 75.0, 75.78125, 76.5625, 77.34375, 78.125, 78.90625, 79.6875, 80.46875, 81.25, 82.03125, 82.8125, 83.59375, 84.375, 85.15625, 85.9375, 86.71875, 87.5, 88.28125, 89.0625, 89.84375, 90.625, 91.40625, 92.1875, 92.96875, 93.75, 94.53125, 95.3125, 96.09375, 96.875, 97.65625, 98.4375, 99.21875, 100.0]}