{"psd": [70.96062752524291, 79.81503373185956, 78.28143106529072, 73.50698062051615, 67.31939579961043, 61.319387344219734, 55.947186261895055, 52.64663250298831, 49.897438305291274, 49.44382903969676, 51.50774051777813, 55.94929124966437, 54.640070381034974, 54.95957259697803, 54.39276947047215, 55.64846477732135, 55.73881630339344, 53.35392601731029, 53.391841181214666, 53.493377286063996, 53.05257206349473, 53.85989076303871, 56.4022216337633, 57.08304781314727, 57.065744640869354, 56.446356888839304, 55.614421840725214, 54.7735470638857, 54.56297800626854, 54.61708292987854, 55.6042638375316, 56.039518599778006, 55.36428042409341, 56.83643816337707, 56.578901666621746, 57.44847591851391, 58.5455967268685, 56.65197381888496, 59.42269950494159, 58.74677383837013, 56.1957198439573, 55.76830249086833, 56.76958966600508, 57.78427723516154, 59.079485880689404, 58.46649034474318, 57.709542407165124, 56.8589090942251, 57.43556955309985, 57.731246446028514, 58.636290321435176, 60.114601478713865, 60.230104221546114, 60.965392966585256, 61.566133781341456, 61.65583584099685, 62.173733324425484, 62.59313174705394, 63.54677710325946, 63.22770671906211, 63.72161179633268, 65.85139131448221, 67.78340687802124, 67.39043903785947, 66.8504205856198, 66.09445263505398, 64.6874961819688, 63.51325168729047, 63.33988902752519, 63.12144123911245, 62.921051512254735, 62.6391864185582, 62.0456929412316, 61.83165529457456, 63.03544292047499, 65.2321768164738, 63.77051667118771, 62.25634946035758, 61.39321561919297, 61.33141872868663, 61.55791775687512, 61.963905675568085, 61.539129600717324, 60.65365256927038, 59.40711527977933, 59.004263759327614, 59.02760602384529, 58.78437578063963, 58.44795171880703, 58.015665571198, 58.22728836502003, 58.144596338226854, 58.755308371926404, 58.45903593987976, 58.313039722369176, 59.720904117569724, 61.70216756987496, 60.283769799462625, 58.68204207826249, 58.89455025562165, 59.1840181986543, 59.327706004765474, 58.54152673704023, 58.72052815480132, 59.00027750613386, 59.31483556234363, 59.4009012612624, 59.72069174807885, 59.782889132248044, 59.433060631019785, 58.487029888910186, 57.049914900344575, 56.78151986585079, 55.75937396829171, 54.70663712151076, 55.18527503509024, 53.020702952631986, 47.58380350584204, 43.74219021987153, 39.20820765204769, 34.55948281817159, 28.66813324832694, 24.095903179900404, 22.39006346856348, 22.318759651912895, 22.606169158087717, 22.213832101744217, 21.815399347012754, 16.341557500015035], "f": [0.0, 0.78125, 1.5625, 2.34375, 3.125, 3.90625, 4.6875, 5.46875, 6.25, 7.03125, 7.8125, 8.59375, 9.375, 10.15625, 10.9375, 11.71875, 12.5, 13.28125, 14.0625, 14.84375, 15.625, 16.40625, 17.1875, 17.96875, 18.75, 19.53125, 20.3125, 21.09375, 21.875, 22.65625, 23.4375, 24.21875, 25.0, 25.78125, 26.5625, 27.34375, 28.125, 28.90625, 29.6875, 30.46875, 31.25, 32.03125, 32.8125, 33.59375, 34.375, 35.15625, 35.9375, 36.71875, 37.5, 38.28125, 39.0625, 39.84375, 40.625, 41.40625, 42.1875, 42.96875, 43.75, 44.53125, 45.3125, 46.09375, 46.875, 47.65625, 48.4375, 49.21875, 50.0, 50.78125, 51.5625, 52.34375, 53.125, 53.90625, 54.6875, 55.46875, 56.25, 57.03125, 57.8125, 58.59375, 59.375, 60.15625, 60.9375, 61.71875, 62.5, 63.28125, 64.0625, 64.84375, 65.625, 66.40625, 67.1875, 67.96875, 68.75, 69.53125, 70.3125, 71.09375, 71.875, 72.65625, 73.4375, 74.21875, 75.0, 75.78125, 76.5625, 77.34375, 78.125, 78.90625, 79.6875, 80.46875, 81.25, 82.03125, 82.8125, 83.59375, 84.375, 85.15625, 85.9375, 86.71875, 87.5, 88.28125, 89.0625, 89.84375, 90.625, 91.40625, 92.1875, 92.96875, 93.75, 94.53125, 95.3125, 96.09375, 96.875, 97.65625, 98.4375, 99.21875, 100.0]}