{"psd": [61.10967913540884, 69.57969888461916, 68.50307693123035, 65.36920937978364, 61.62548994087573, 58.0372106910163, 57.20870770948805, 56.11433241706314, 55.09126387931478, 58.76096190767025, 58.042591394252156, 57.29403521454367, 57.362801769768375, 57.34091420392591, 54.844204181429475, 57.354064535355036, 57.74545554657499, 58.06378564902439, 61.08157924903103, 60.848843536719684, 58.43491502109735, 57.749108823206505, 58.55669236791926, 59.307370295513586, 60.31589828371962, 66.13154232295989, 66.58611464838322, 59.69940915183318, 62.429083555500256, 64.16579277171591, 62.646111007366855, 63.85528435599913, 59.74480548760124, 58.71138908917219, 58.394104549079614, 58.47476875243412, 59.43546574170023, 61.857148595952026, 68.40065288445977, 66.83951809040444, 62.687810005012004, 61.82252102462607, 61.45782287180108, 61.58445272991331, 62.62537641682815, 64.99056167854219, 66.6974813039686, 66.37805379608311, 69.44080916090351, 70.30921240791989, 67.29366916678605, 67.7777192674239, 65.89732159566285, 67.2732033348385, 66.57063947089354, 66.00851681366927, 67.72495716130814, 78.47033014039602, 79.29169673338694, 68.39025954443694, 63.33756141380262, 63.21879008197739, 63.08192531555577, 62.94722353602674, 63.638595741170064, 63.82403209430832, 66.78882267844601, 72.15461125812318, 68.93342735798369, 63.938712702030855, 62.715006047103145, 62.1892304333378, 62.563020714510166, 63.552830317180984, 65.39629068522204, 73.04128489824889, 83.2037384602493, 81.53121307885979, 69.17706947705864, 63.59723256518499, 63.248195946884735, 64.26569283024689, 66.99104069946972, 69.61037262969718, 67.29526378779713, 67.05305767066672, 72.0283577968594, 70.65995178515553, 64.5746211727921, 64.39829295317436, 65.14862569774331, 65.79519152689922, 65.28326592976562, 64.63612615786448, 64.26760309324666, 69.35686000276561, 73.71058607523528, 68.40450384316847, 62.90040933954869, 63.14667830909432, 63.93438261069224, 64.23628120248856, 64.9564254031618, 64.61124454875804, 64.28287109312436, 69.73507980749163, 69.81266645022569, 62.87646082945216, 60.96686846944887, 59.997225210894165, 60.365112976672954, 59.11540338811689, 59.63069796200651, 59.09343448078605, 59.9753697971484, 65.1873531916948, 61.40898900092405, 50.3093050234756, 46.34413499729327, 41.66260394451805, 36.11455825466106, 30.524265325055836, 25.22733904170945, 22.65103466630204, 22.39539785869026, 22.053353561559877, 22.017198077944702, 22.18697026758706, 17.06399025977881], "f": [0.0, 0.78125, 1.5625, 2.34375, 3.125, 3.90625, 4.6875, 5.46875, 6.25, 7.03125, 7.8125, 8.59375, 9.375, 10.15625, 10.9375, 11.71875, 12.5, 13.28125, 14.0625, 14.84375, 15.625, 16.40625, 17.1875, 17.96875, 18.75, 19.53125, 20.3125, 21.09375, 21.875, 22.65625, 23.4375, 24.21875, 25.0, 25.78125, 26.5625, 27.34375, 28.125, 28.90625, 29.6875, 30.46875, 31.25, 32.03125, 32.8125, 33.59375, 34.375, 35.15625, 35.9375, 36.71875, 37.5, 38.28125, 39.0625, 39.84375, 40.625, 41.40625, 42.1875, 42.96875, 43.75, 44.53125, 45.3125, 46.09375, 46.875, 47.65625, 48.4375, 49.21875, 50.0, 50.78125, 51.5625, 52.34375, 53.125, 53.90625, 54.6875, 55.46875, 56.25, 57.03125, 57.8125, 58.59375, 59.375, 60.15625, 60.9375, 61.71875, 62.5, 63.28125, 64.0625, 64.84375, 65.625, 66.40625, 67.1875, 67.96875, 68.75, 69.53125, 70.3125, 71.09375, 71.875, 72.65625, 73.4375, 74.21875, 75.0, 75.78125, 76.5625, 77.34375, 78.125, 78.90625, 79.6875, 80.46875, 81.25, 82.03125, 82.8125, 83.59375, 84.375, 85.15625, 85.9375, 86.71875, 87.5, 88.28125, 89.0625, 89.84375, 90.625, 91.40625, 92.1875, 92.96875, 93.75, 94.53125, 95.3125, 96.09375, 96.875, 97.65625, 98.4375, 99.21875, 100.0]}