{"psd": [65.26371762333099, 74.4936608709587, 69.8079979505882, 66.62758980949684, 64.7484348685179, 61.87740390862268, 58.66053190231184, 55.32443754955038, 53.83971000835483, 53.56349469406533, 54.659119020109955, 53.63880349048653, 50.87853596801757, 52.37722375368969, 52.706582389777246, 55.70276505703991, 57.4602760105352, 58.116884370098475, 56.94449341531448, 55.48031569539315, 57.20636335603351, 58.98903904306653, 63.97937049901649, 65.0077149814646, 63.69230995987941, 62.675303921792235, 60.09299094801459, 58.744426896611905, 57.27875056077875, 58.00099590828374, 58.73091357320934, 61.12020804879546, 63.377999686394716, 64.17230617278703, 65.15479244872503, 61.85325598665773, 60.29106652244424, 60.09389666912049, 60.38251331063406, 60.48444975144293, 61.444774394305206, 61.785199235915506, 60.4780150071835, 59.52054814706453, 59.58951165035296, 60.92620440302242, 61.4422841995739, 61.84438051707826, 61.09848371172842, 61.31341709857799, 61.49793065293597, 61.51250130971742, 61.15292953410939, 61.8517382442355, 63.780539544722885, 64.74968542035433, 65.58195780084071, 68.9095495058618, 69.3798144831163, 64.70988956771153, 64.64708047863735, 65.76271372227683, 66.01730128813617, 65.77086942404968, 66.17233472439317, 65.7259710922769, 64.76510929444225, 63.711038554568674, 63.030121636096375, 63.23517899117996, 63.405851869287716, 63.55382736903526, 63.356785843939974, 62.57129588966087, 62.89663992637245, 63.566317727618085, 74.5091684169039, 77.39776214297784, 68.45629183314556, 61.030726782422605, 60.775373763682566, 60.8198514039822, 59.87706912838813, 60.1527766841263, 60.24504235041695, 59.96252029423643, 59.60183805003102, 60.145818671169565, 61.060187612950386, 61.01083120435807, 60.99090132389798, 61.06443729020671, 61.76934824348485, 61.97047572943502, 60.70687986334468, 62.41500975182342, 65.64334830381037, 61.67224048558748, 59.01323286384685, 58.38583700088095, 58.598078214392075, 58.466539519618976, 58.38371974246175, 56.82627002022038, 57.343427202928524, 57.823364833125275, 58.54511410868533, 57.844903335337285, 56.307516411106555, 55.499236027851325, 54.78928390647021, 53.850201718944184, 52.73955209335143, 52.472291133663134, 51.921291497715146, 53.83994126002777, 50.04513483685061, 43.32090995587813, 39.71907049031327, 36.064578610024874, 31.48288246644704, 27.001573490934454, 23.491921933026646, 21.735066986019813, 22.108639342372904, 22.05890122566027, 22.4453961636602, 22.307082694301137, 18.193161579706615], "f": [0.0, 0.78125, 1.5625, 2.34375, 3.125, 3.90625, 4.6875, 5.46875, 6.25, 7.03125, 7.8125, 8.59375, 9.375, 10.15625, 10.9375, 11.71875, 12.5, 13.28125, 14.0625, 14.84375, 15.625, 16.40625, 17.1875, 17.96875, 18.75, 19.53125, 20.3125, 21.09375, 21.875, 22.65625, 23.4375, 24.21875, 25.0, 25.78125, 26.5625, 27.34375, 28.125, 28.90625, 29.6875, 30.46875, 31.25, 32.03125, 32.8125, 33.59375, 34.375, 35.15625, 35.9375, 36.71875, 37.5, 38.28125, 39.0625, 39.84375, 40.625, 41.40625, 42.1875, 42.96875, 43.75, 44.53125, 45.3125, 46.09375, 46.875, 47.65625, 48.4375, 49.21875, 50.0, 50.78125, 51.5625, 52.34375, 53.125, 53.90625, 54.6875, 55.46875, 56.25, 57.03125, 57.8125, 58.59375, 59.375, 60.15625, 60.9375, 61.71875, 62.5, 63.28125, 64.0625, 64.84375, 65.625, 66.40625, 67.1875, 67.96875, 68.75, 69.53125, 70.3125, 71.09375, 71.875, 72.65625, 73.4375, 74.21875, 75.0, 75.78125, 76.5625, 77.34375, 78.125, 78.90625, 79.6875, 80.46875, 81.25, 82.03125, 82.8125, 83.59375, 84.375, 85.15625, 85.9375, 86.71875, 87.5, 88.28125, 89.0625, 89.84375, 90.625, 91.40625, 92.1875, 92.96875, 93.75, 94.53125, 95.3125, 96.09375, 96.875, 97.65625, 98.4375, 99.21875, 100.0]}