{"psd": [54.448542968983595, 63.772262020319644, 58.58530385482199, 54.26752231134175, 53.06855143167538, 51.77787281539377, 52.042792812637956, 54.159821072212225, 55.4288644575921, 54.006790335972795, 54.55282428465905, 56.65095982586653, 56.48188306374804, 58.32997989501088, 58.93267705303421, 58.92531313646484, 58.336764030990686, 56.09185906481977, 56.365098461042734, 57.153336946621565, 59.003697877981566, 54.97870352844142, 55.25447638811093, 56.681560272595135, 58.22730211901411, 61.72810686546727, 60.718898416317366, 59.00695311571978, 56.83617796564185, 56.13920600289095, 67.87565098485216, 69.9487344262246, 62.23865466465427, 59.02505762703299, 56.792200259503105, 55.78263291424463, 56.8504208374194, 65.55124285292194, 76.55452431385056, 75.00861489213594, 61.041007319715575, 58.66208653753959, 58.463982555766556, 58.77418251988813, 58.31358958024083, 62.963311462188464, 68.2607373603996, 64.56239389413383, 62.5605214709321, 62.02580368748884, 62.00146720547954, 62.95887580325248, 61.52117814994504, 60.16727258860189, 60.25667953520678, 60.54317954620161, 61.027535442350064, 66.31508196561947, 67.25162291505337, 60.954463204405684, 60.39725316850246, 60.56830008983714, 59.55512446070448, 57.92426114311091, 57.9912727612446, 59.03098818406881, 58.29695340051272, 58.00403510128393, 57.63712645882224, 57.604782868040154, 56.890678144272954, 56.48839672773296, 56.465941890001005, 56.02157513204282, 58.36770152673223, 69.64160603188704, 79.98029827193811, 78.11534215755016, 62.323661010010476, 57.87395065834194, 58.20850536117988, 56.27237189563143, 57.46868662107295, 61.555429405398115, 58.01430984814694, 55.16139058083741, 55.78916775128633, 56.2589525857669, 55.50399216929753, 56.394034589579405, 56.09027854179697, 55.687631800531165, 57.30055524203686, 54.53585837477061, 52.68008447961328, 56.925993893296585, 60.97517300969275, 56.3897185276759, 54.289498903838016, 55.75696325851552, 56.38601049167572, 57.02345378036108, 56.537151602781385, 55.749308607150034, 55.936902106590225, 55.94217202481204, 55.331321735730576, 56.563792101498336, 56.78352849011026, 55.809734062320146, 56.02073902868861, 55.800303333922415, 56.12148788256338, 56.5912053348024, 57.61082973737178, 65.31252557250508, 62.32778009905705, 48.75188717173853, 45.178791376440344, 42.72666854154798, 37.708793094608716, 30.77511035726249, 24.80917707685615, 22.87362718426618, 21.910569271316, 22.24377208267715, 22.209089673556065, 21.802907362401758, 17.31927888912259], "f": [0.0, 0.78125, 1.5625, 2.34375, 3.125, 3.90625, 4.6875, 5.46875, 6.25, 7.03125, 7.8125, 8.59375, 9.375, 10.15625, 10.9375, 11.71875, 12.5, 13.28125, 14.0625, 14.84375, 15.625, 16.40625, 17.1875, 17.96875, 18.75, 19.53125, 20.3125, 21.09375, 21.875, 22.65625, 23.4375, 24.21875, 25.0, 25.78125, 26.5625, 27.34375, 28.125, 28.90625, 29.6875, 30.46875, 31.25, 32.03125, 32.8125, 33.59375, 34.375, 35.15625, 35.9375, 36.71875, 37.5, 38.28125, 39.0625, 39.84375, 40.625, 41.40625, 42.1875, 42.96875, 43.75, 44.53125, 45.3125, 46.09375, 46.875, 47.65625, 48.4375, 49.21875, 50.0, 50.78125, 51.5625, 52.34375, 53.125, 53.90625, 54.6875, 55.46875, 56.25, 57.03125, 57.8125, 58.59375, 59.375, 60.15625, 60.9375, 61.71875, 62.5, 63.28125, 64.0625, 64.84375, 65.625, 66.40625, 67.1875, 67.96875, 68.75, 69.53125, 70.3125, 71.09375, 71.875, 72.65625, 73.4375, 74.21875, 75.0, 75.78125, 76.5625, 77.34375, 78.125, 78.90625, 79.6875, 80.46875, 81.25, 82.03125, 82.8125, 83.59375, 84.375, 85.15625, 85.9375, 86.71875, 87.5, 88.28125, 89.0625, 89.84375, 90.625, 91.40625, 92.1875, 92.96875, 93.75, 94.53125, 95.3125, 96.09375, 96.875, 97.65625, 98.4375, 99.21875, 100.0]}