{"psd": [63.765015786485975, 72.58213981023034, 71.99873193658215, 69.6304604254661, 66.63557832257594, 62.35550219530893, 57.71623334961064, 53.79256807234762, 52.03138000515369, 52.13959237208947, 51.25777228090438, 50.968830176874754, 53.34290700061365, 59.26043310958165, 61.382227840498714, 60.10264542407694, 55.75068465635966, 54.55263765784693, 55.42889967951088, 57.13074112199163, 56.34134084266129, 55.68382156694342, 56.313371686999915, 55.84769205736583, 56.50973938459679, 57.82470905160138, 58.35530280894022, 58.14563855974181, 57.678687683818886, 58.361389683463436, 57.793276241599415, 56.861716134088425, 58.03185368592685, 58.853308202891085, 58.255660491983726, 59.73272278060642, 60.245708370608654, 58.55527525546452, 61.928884737505115, 60.84149083009149, 59.16269515557272, 59.748427974775694, 59.10173270678342, 60.495988959174234, 61.12718526728119, 61.251132917190446, 61.424721988730624, 61.85785584796189, 62.72092866480813, 62.5609176784869, 62.40667532164252, 62.16825485118255, 62.636481260975515, 64.44480852655374, 65.46149921573434, 65.31446740699931, 65.23655078615872, 67.013159225268, 66.83582528440955, 63.55886686738029, 62.55300471349739, 63.47181279670305, 64.58485797013084, 64.94371039538501, 65.53320462051775, 64.21492964009212, 64.4948229605574, 65.05992526151098, 63.2535922690348, 63.40426761090689, 64.76161372372158, 65.68547831945934, 65.74813902811032, 64.92332123176746, 64.93072299986748, 67.0483884524233, 65.68210926195837, 65.3012942214198, 65.13665843291848, 64.67254516716885, 65.69732456952732, 66.41018771821106, 66.13458265567945, 65.00560840606126, 64.41174335561362, 65.28987457681646, 65.72441891552812, 65.54313959113323, 65.21063784799273, 66.02783134810235, 65.51715992910245, 64.678270839493, 64.32873788104942, 64.67475201415753, 63.70268593179793, 63.52372623574159, 64.53036588106538, 62.526479328892925, 61.5963225987883, 60.30111129893601, 60.7511888549292, 60.62800212275543, 59.817281614213, 58.98125991726563, 58.65276117529512, 58.73542205347518, 58.853290473626856, 58.74319459712035, 58.56296082098261, 57.02072275534501, 57.139808954795576, 57.02566840092773, 56.78340787951508, 56.660874751836985, 55.2810303123252, 54.949519725250084, 52.50477413277464, 47.91433146267891, 44.04756613300315, 40.08238163366059, 35.40628718738614, 29.93256449451165, 24.67962981719712, 22.862089244786983, 21.771598968807695, 21.834031670278694, 22.073790421956126, 21.925046284779867, 17.28813411857548], "f": [0.0, 0.78125, 1.5625, 2.34375, 3.125, 3.90625, 4.6875, 5.46875, 6.25, 7.03125, 7.8125, 8.59375, 9.375, 10.15625, 10.9375, 11.71875, 12.5, 13.28125, 14.0625, 14.84375, 15.625, 16.40625, 17.1875, 17.96875, 18.75, 19.53125, 20.3125, 21.09375, 21.875, 22.65625, 23.4375, 24.21875, 25.0, 25.78125, 26.5625, 27.34375, 28.125, 28.90625, 29.6875, 30.46875, 31.25, 32.03125, 32.8125, 33.59375, 34.375, 35.15625, 35.9375, 36.71875, 37.5, 38.28125, 39.0625, 39.84375, 40.625, 41.40625, 42.1875, 42.96875, 43.75, 44.53125, 45.3125, 46.09375, 46.875, 47.65625, 48.4375, 49.21875, 50.0, 50.78125, 51.5625, 52.34375, 53.125, 53.90625, 54.6875, 55.46875, 56.25, 57.03125, 57.8125, 58.59375, 59.375, 60.15625, 60.9375, 61.71875, 62.5, 63.28125, 64.0625, 64.84375, 65.625, 66.40625, 67.1875, 67.96875, 68.75, 69.53125, 70.3125, 71.09375, 71.875, 72.65625, 73.4375, 74.21875, 75.0, 75.78125, 76.5625, 77.34375, 78.125, 78.90625, 79.6875, 80.46875, 81.25, 82.03125, 82.8125, 83.59375, 84.375, 85.15625, 85.9375, 86.71875, 87.5, 88.28125, 89.0625, 89.84375, 90.625, 91.40625, 92.1875, 92.96875, 93.75, 94.53125, 95.3125, 96.09375, 96.875, 97.65625, 98.4375, 99.21875, 100.0]}