{"psd": [69.6620074715131, 78.69334101060883, 78.49696521162224, 74.23618540117178, 67.67122823706504, 60.381741019190514, 55.053492991912094, 52.2242296946143, 50.20973427880794, 50.6348226968523, 52.07714398734545, 59.20825305387461, 74.04933156559068, 75.21203967028262, 66.20429662548048, 62.380338657755246, 61.619784362437784, 62.30424252356994, 62.25462844429069, 63.04849389191726, 63.1662046818687, 64.11610083812897, 65.53957696994044, 67.01072410021402, 73.61759412681741, 80.86513494994776, 78.97077523822234, 70.85552777718402, 68.19908967592153, 68.25699278450831, 67.40405711781945, 65.94437219840425, 65.78637457641075, 66.92459785304378, 69.0908060810048, 70.0207648724315, 72.65070137656446, 79.94574169091979, 82.45372381222955, 77.35982347522874, 74.51762514676619, 74.6466773662324, 77.1487906298326, 75.1858150192619, 74.18251720285618, 76.54504409933321, 81.09749277528381, 79.83980365285404, 78.92247685004308, 83.39242908154316, 90.07449367085434, 89.49738962979417, 83.71104839085314, 81.39446596849717, 82.65342810340977, 82.94608160877672, 79.96641640192405, 79.52661878784143, 82.09610821303905, 82.32740825203913, 79.54673044107071, 78.25488745230906, 78.48941330666128, 79.24514413795653, 77.73172749467773, 75.94784808702778, 75.31114883118272, 75.26411151379935, 74.73263375365734, 74.98862211873873, 75.21063373411351, 74.81190163075803, 74.11940155720475, 73.08107683472139, 73.4086302920331, 75.79679222062592, 81.63129305305034, 80.15822891246474, 73.69375173434307, 71.37667206226102, 71.004468567228, 70.74672916956992, 70.52783469762319, 69.91863137320065, 69.39915335680178, 69.50522792148254, 69.65801877754595, 69.97383105656219, 69.79382759439011, 69.31005486817713, 68.63559627704456, 67.99127185764372, 68.13087389868781, 68.42236778738014, 68.02787309626551, 70.79512953709371, 74.09527264748186, 70.49750070600096, 68.0692470253984, 68.13001029606367, 68.52407501840824, 67.89401131862705, 67.18768507194798, 66.79582476828051, 66.49652252111574, 66.72840044232497, 66.4055371408138, 65.91640911703846, 65.90890443948663, 65.4084807006305, 64.66695569926767, 63.08458898461964, 62.91281081885196, 62.4627297959531, 61.37380862776176, 60.533057358714316, 57.565533998440344, 53.843820758217895, 49.36713391299584, 45.09284999378211, 39.977315909861474, 34.24874573743298, 27.47401758149302, 23.22382321639198, 21.916891294506257, 22.35653518463408, 22.216952432926462, 22.526324156400868, 17.405688539735642], "f": [0.0, 0.78125, 1.5625, 2.34375, 3.125, 3.90625, 4.6875, 5.46875, 6.25, 7.03125, 7.8125, 8.59375, 9.375, 10.15625, 10.9375, 11.71875, 12.5, 13.28125, 14.0625, 14.84375, 15.625, 16.40625, 17.1875, 17.96875, 18.75, 19.53125, 20.3125, 21.09375, 21.875, 22.65625, 23.4375, 24.21875, 25.0, 25.78125, 26.5625, 27.34375, 28.125, 28.90625, 29.6875, 30.46875, 31.25, 32.03125, 32.8125, 33.59375, 34.375, 35.15625, 35.9375, 36.71875, 37.5, 38.28125, 39.0625, 39.84375, 40.625, 41.40625, 42.1875, 42.96875, 43.75, 44.53125, 45.3125, 46.09375, 46.875, 47.65625, 48.4375, 49.21875, 50.0, 50.78125, 51.5625, 52.34375, 53.125, 53.90625, 54.6875, 55.46875, 56.25, 57.03125, 57.8125, 58.59375, 59.375, 60.15625, 60.9375, 61.71875, 62.5, 63.28125, 64.0625, 64.84375, 65.625, 66.40625, 67.1875, 67.96875, 68.75, 69.53125, 70.3125, 71.09375, 71.875, 72.65625, 73.4375, 74.21875, 75.0, 75.78125, 76.5625, 77.34375, 78.125, 78.90625, 79.6875, 80.46875, 81.25, 82.03125, 82.8125, 83.59375, 84.375, 85.15625, 85.9375, 86.71875, 87.5, 88.28125, 89.0625, 89.84375, 90.625, 91.40625, 92.1875, 92.96875, 93.75, 94.53125, 95.3125, 96.09375, 96.875, 97.65625, 98.4375, 99.21875, 100.0]}