{"psd": [73.40483903481183, 82.70643079917932, 81.03786921549185, 75.10757535683913, 67.03619708215277, 61.235817360320155, 62.88261155190689, 65.7660544653095, 63.61390960014859, 63.8340688595347, 62.398833467614836, 60.83913632409315, 63.48289034277283, 64.87127518939646, 64.52147588780709, 63.049492472328595, 63.4330656898662, 65.35277261698465, 68.68788228505629, 68.34939098761409, 67.42221607932112, 66.0141744463561, 66.05626313717225, 66.81977006092279, 66.50152606970023, 67.25148179734339, 68.28520839490815, 68.62201312328403, 68.64072537929917, 69.54163689164002, 67.46696596653206, 66.20253376921285, 67.97969214848055, 69.21772540907676, 70.15408096869321, 70.0304041403688, 68.90963643589872, 70.17579919925487, 73.37098838755993, 72.22458836329496, 68.82377655260127, 69.09374013587663, 69.72070865133708, 70.29065891099647, 70.70615272412356, 70.33062175949792, 70.9161516721054, 75.67952335976247, 81.81116374468337, 77.97565291929601, 73.91450588716522, 74.05943410183758, 74.8577557384119, 74.33415006188896, 73.49830793151904, 73.42203974354027, 73.73540414024266, 82.4115947143602, 84.76378332827971, 76.28219707470294, 72.39466586082422, 72.5229212145611, 72.10241101917055, 72.1856864120983, 72.78091004727679, 72.88182971864691, 73.46926232331975, 75.9298962310647, 75.42928041895173, 74.15077374195496, 74.0341787663724, 73.42751848440452, 73.52389349624477, 73.72081479530448, 73.0317947770938, 72.53886891490578, 71.15069010667581, 71.14920907360121, 70.92255435268727, 71.38338562187917, 71.53291045585962, 71.22012883025258, 70.45841091366378, 70.78404754741695, 71.18605403347973, 71.58659769253381, 73.80349028971348, 74.00720461765333, 71.3045169515578, 71.27045542774465, 71.27282471944662, 70.83628408845978, 70.17461471860135, 70.11051087986517, 69.7769908928168, 69.64646805207434, 71.9467268234768, 70.61489967279273, 69.61352720795904, 71.1724416350869, 73.00883594487325, 74.17199266276751, 74.17793157133056, 73.2513691843513, 71.46651060423282, 71.08423006569085, 72.12661781130902, 68.78855608915576, 67.8730614129453, 67.95318273375649, 68.2997950923761, 68.95056009462385, 69.03268401530833, 68.44864724357299, 67.4117051098568, 68.24028374707255, 67.31267372373769, 60.749934364395585, 54.93765247930371, 50.31585728051512, 45.0979604827163, 38.764172755812574, 31.90372009841221, 25.73529067262449, 22.414273465836096, 22.028330079713324, 22.231521704079007, 21.904028100811676, 17.05169246208153], "f": [0.0, 0.78125, 1.5625, 2.34375, 3.125, 3.90625, 4.6875, 5.46875, 6.25, 7.03125, 7.8125, 8.59375, 9.375, 10.15625, 10.9375, 11.71875, 12.5, 13.28125, 14.0625, 14.84375, 15.625, 16.40625, 17.1875, 17.96875, 18.75, 19.53125, 20.3125, 21.09375, 21.875, 22.65625, 23.4375, 24.21875, 25.0, 25.78125, 26.5625, 27.34375, 28.125, 28.90625, 29.6875, 30.46875, 31.25, 32.03125, 32.8125, 33.59375, 34.375, 35.15625, 35.9375, 36.71875, 37.5, 38.28125, 39.0625, 39.84375, 40.625, 41.40625, 42.1875, 42.96875, 43.75, 44.53125, 45.3125, 46.09375, 46.875, 47.65625, 48.4375, 49.21875, 50.0, 50.78125, 51.5625, 52.34375, 53.125, 53.90625, 54.6875, 55.46875, 56.25, 57.03125, 57.8125, 58.59375, 59.375, 60.15625, 60.9375, 61.71875, 62.5, 63.28125, 64.0625, 64.84375, 65.625, 66.40625, 67.1875, 67.96875, 68.75, 69.53125, 70.3125, 71.09375, 71.875, 72.65625, 73.4375, 74.21875, 75.0, 75.78125, 76.5625, 77.34375, 78.125, 78.90625, 79.6875, 80.46875, 81.25, 82.03125, 82.8125, 83.59375, 84.375, 85.15625, 85.9375, 86.71875, 87.5, 88.28125, 89.0625, 89.84375, 90.625, 91.40625, 92.1875, 92.96875, 93.75, 94.53125, 95.3125, 96.09375, 96.875, 97.65625, 98.4375, 99.21875, 100.0]}