{"psd": [72.40739102217182, 81.01366857456945, 79.38062765642896, 74.70590143198093, 68.25757704021358, 62.184201140367755, 58.28799653522151, 54.895281933893244, 53.58843765019565, 53.24270613598494, 53.93944074597708, 55.11544406400083, 53.02946800408297, 52.983062179301555, 55.06410779501117, 55.37109028722699, 58.38149112916474, 57.31729317784762, 58.29414710897111, 57.092653869230915, 56.33155953447883, 55.04559089882177, 54.62280616405435, 55.13838876280201, 56.283413561212114, 57.13115774846254, 59.14272772834852, 61.49758376662243, 60.78196278853134, 59.35008197103563, 59.644435520201014, 60.52368793772932, 60.024859698308674, 60.01784611947315, 61.56865707468835, 63.84740629506788, 64.56948576419677, 66.11091117574743, 67.68936876049256, 64.99437818179443, 62.55064111191004, 62.23483155640324, 61.92845748198586, 61.9625443273793, 62.55750974319342, 63.14609969537066, 63.14115844875274, 63.107321643291655, 67.62052872429389, 66.53074540007273, 62.4337124154932, 64.66324131216506, 64.41393701633694, 63.55833993101989, 63.591955176553306, 64.13113913646777, 64.06002738964563, 65.81125514381601, 66.34133121673773, 64.12785468203053, 63.556525075607084, 64.47339655274185, 65.57872027115556, 65.92111936939277, 65.67458478242445, 64.83778383639374, 64.07735200578281, 64.18435696109584, 63.94679588671779, 63.671947528625985, 63.58305881469491, 63.59990380711649, 63.7656237728778, 62.927823783357056, 64.3941570211433, 68.65383400057628, 71.88091472075126, 69.77184286505855, 64.24951339323542, 62.905603756165064, 62.23194256718251, 63.194396757836856, 63.46840659038737, 62.99285177655808, 62.63318709889843, 62.1431935458559, 62.77952365770929, 62.37238927938403, 61.77249399744481, 61.488010293352545, 61.51943036183476, 61.47362487153421, 60.72813243067258, 60.26860540477712, 60.210531476739135, 61.04320025723773, 61.87762969509782, 60.82433570072506, 59.77063742658514, 59.628560639248285, 59.65736812247862, 59.9435485539444, 60.33461497669979, 59.92544091000845, 59.627808409048406, 58.93761089260532, 59.636379831414324, 59.645792116996034, 59.38984334125584, 58.993813486956206, 58.451625318536955, 58.13104371116487, 57.83738987679625, 57.18498789529518, 57.67369646872012, 63.3828634641926, 60.88790542479076, 49.30305038135352, 44.9605921848887, 40.42771028186603, 35.39169995102969, 29.603840623146315, 25.205570241206527, 22.61669412931358, 21.915722993074937, 21.848098872341094, 22.241239252344556, 22.115849344496866, 17.04210555322709], "f": [0.0, 0.78125, 1.5625, 2.34375, 3.125, 3.90625, 4.6875, 5.46875, 6.25, 7.03125, 7.8125, 8.59375, 9.375, 10.15625, 10.9375, 11.71875, 12.5, 13.28125, 14.0625, 14.84375, 15.625, 16.40625, 17.1875, 17.96875, 18.75, 19.53125, 20.3125, 21.09375, 21.875, 22.65625, 23.4375, 24.21875, 25.0, 25.78125, 26.5625, 27.34375, 28.125, 28.90625, 29.6875, 30.46875, 31.25, 32.03125, 32.8125, 33.59375, 34.375, 35.15625, 35.9375, 36.71875, 37.5, 38.28125, 39.0625, 39.84375, 40.625, 41.40625, 42.1875, 42.96875, 43.75, 44.53125, 45.3125, 46.09375, 46.875, 47.65625, 48.4375, 49.21875, 50.0, 50.78125, 51.5625, 52.34375, 53.125, 53.90625, 54.6875, 55.46875, 56.25, 57.03125, 57.8125, 58.59375, 59.375, 60.15625, 60.9375, 61.71875, 62.5, 63.28125, 64.0625, 64.84375, 65.625, 66.40625, 67.1875, 67.96875, 68.75, 69.53125, 70.3125, 71.09375, 71.875, 72.65625, 73.4375, 74.21875, 75.0, 75.78125, 76.5625, 77.34375, 78.125, 78.90625, 79.6875, 80.46875, 81.25, 82.03125, 82.8125, 83.59375, 84.375, 85.15625, 85.9375, 86.71875, 87.5, 88.28125, 89.0625, 89.84375, 90.625, 91.40625, 92.1875, 92.96875, 93.75, 94.53125, 95.3125, 96.09375, 96.875, 97.65625, 98.4375, 99.21875, 100.0]}