{"psd": [69.07750989527712, 78.08378371211705, 75.37346982433438, 72.13251407556378, 66.96027947396735, 61.305347490932796, 56.09318122376396, 52.410473068194115, 50.88123253229453, 50.16344178987474, 54.08614978683293, 54.291298641143506, 49.96346388123637, 49.40226071105129, 52.3070053429126, 53.57871174085783, 53.58907619973347, 51.59787241332254, 51.96939955236543, 53.71564574945367, 52.706775526203714, 53.67413766418267, 53.337805368707755, 53.30237451075435, 53.669071696880444, 54.13656794106157, 56.54483170821913, 59.938328285193485, 59.84926181846315, 55.73829262154193, 54.14074165114496, 55.04121531393524, 55.419547988171836, 55.35006541585443, 55.99992535584227, 59.34617748998464, 59.98318466995863, 57.89451180325027, 58.848882903577646, 58.74208818766534, 57.07128351236704, 56.467715056259834, 57.269431636040764, 57.87739874923335, 58.70075620126894, 58.07351675984451, 58.14055092251139, 59.84560922050584, 61.33992342513753, 62.616567458404226, 62.73813072500336, 60.29038081319871, 59.11745812734455, 59.03370978654, 58.997998661479386, 60.346534295010414, 62.687111739753725, 63.71101365248312, 62.29622100467169, 60.659095018293684, 61.04061810867979, 61.501994211650185, 63.04538066636916, 67.21669621359118, 69.33110251817789, 66.3978000596866, 63.4882050159638, 62.29210830254955, 61.82992624780969, 63.417989418609366, 65.14723147990031, 66.79986321222444, 65.0655436992099, 63.02693326358204, 64.75913352311488, 74.53161662801352, 85.05930936552224, 83.01797926166276, 67.66222806842244, 62.38568992719728, 61.16631934601643, 60.767565495280365, 61.17063378370014, 61.776957180805816, 60.774620328510665, 61.18518576054953, 60.98271467053188, 61.89184403817517, 61.82896797681206, 61.02256193771478, 60.10610763389377, 59.30051815070752, 58.78029704120111, 59.15423026255362, 59.27911843746693, 62.766275980076045, 67.92895239567584, 62.893537788665405, 58.755711628180684, 59.00327456893153, 59.77023765333702, 59.12746437494164, 58.8752090819093, 59.07961448655776, 58.620172524397006, 58.58728290642824, 58.692826265268, 58.32209047851012, 57.45416651885605, 56.75102043607454, 56.836265963060626, 56.57775026280608, 56.704982404750254, 55.74707436975522, 55.051959821830955, 58.11138184423172, 55.86365465778201, 48.65540514561228, 45.39157957618822, 41.31872820942159, 35.39011930678322, 29.13116106927412, 23.98022624667504, 22.568612789344513, 21.931022257969893, 22.083447838351358, 21.533441638824176, 21.826196136644054, 17.391776129670266], "f": [0.0, 0.78125, 1.5625, 2.34375, 3.125, 3.90625, 4.6875, 5.46875, 6.25, 7.03125, 7.8125, 8.59375, 9.375, 10.15625, 10.9375, 11.71875, 12.5, 13.28125, 14.0625, 14.84375, 15.625, 16.40625, 17.1875, 17.96875, 18.75, 19.53125, 20.3125, 21.09375, 21.875, 22.65625, 23.4375, 24.21875, 25.0, 25.78125, 26.5625, 27.34375, 28.125, 28.90625, 29.6875, 30.46875, 31.25, 32.03125, 32.8125, 33.59375, 34.375, 35.15625, 35.9375, 36.71875, 37.5, 38.28125, 39.0625, 39.84375, 40.625, 41.40625, 42.1875, 42.96875, 43.75, 44.53125, 45.3125, 46.09375, 46.875, 47.65625, 48.4375, 49.21875, 50.0, 50.78125, 51.5625, 52.34375, 53.125, 53.90625, 54.6875, 55.46875, 56.25, 57.03125, 57.8125, 58.59375, 59.375, 60.15625, 60.9375, 61.71875, 62.5, 63.28125, 64.0625, 64.84375, 65.625, 66.40625, 67.1875, 67.96875, 68.75, 69.53125, 70.3125, 71.09375, 71.875, 72.65625, 73.4375, 74.21875, 75.0, 75.78125, 76.5625, 77.34375, 78.125, 78.90625, 79.6875, 80.46875, 81.25, 82.03125, 82.8125, 83.59375, 84.375, 85.15625, 85.9375, 86.71875, 87.5, 88.28125, 89.0625, 89.84375, 90.625, 91.40625, 92.1875, 92.96875, 93.75, 94.53125, 95.3125, 96.09375, 96.875, 97.65625, 98.4375, 99.21875, 100.0]}