{"psd": [62.91044722203481, 71.54224777556246, 67.76360564365078, 64.38130734240347, 61.28395443103315, 58.214414493866, 54.709415511676184, 52.57279454501787, 52.63244751876443, 57.68480471230255, 56.75202679079618, 54.4759843245791, 52.391110951196794, 52.1304245574376, 51.57400971978875, 56.898414992763506, 59.035593442693525, 58.43956115371287, 64.74667989400268, 65.76422468241003, 60.03787727409825, 57.94697578080179, 57.24528761702628, 56.7435565199099, 56.594574061630134, 59.42150866662889, 60.462185941512345, 65.68320402014932, 67.53545772768601, 62.53136365701249, 60.495045844612676, 60.73004703030141, 60.265632071757196, 60.15773304640397, 60.470556638811786, 62.882811612970414, 69.03521545726144, 72.451864954302, 68.11750608722923, 63.87349883854874, 61.50581232637934, 61.636883399167615, 61.53749085928065, 62.24616868041652, 65.4424744550439, 70.03938414919406, 74.50348147444546, 72.77565080459087, 67.4771933713858, 65.74100646313374, 64.40130602220187, 65.80594463888089, 66.54293633347719, 69.00451871410853, 73.26489272510015, 76.78421329021899, 76.56132811368782, 72.3807360503593, 69.00881491399497, 67.89413250152252, 69.93506283014553, 68.02727963602918, 70.38419252398401, 73.92838724134616, 80.0189770169986, 81.25680766277256, 76.52440582503333, 72.48596192902852, 69.82336619838424, 69.81865359682892, 70.55753622221513, 73.1793039126448, 74.80845202406918, 77.7018432610054, 79.05964964090613, 76.2932593750833, 72.07113772007072, 70.39418307907097, 69.05400662869503, 68.49213988431677, 69.243046010596, 73.03576915804675, 76.08862270446794, 77.03309052938319, 74.75631941135413, 71.17057965075597, 69.90961668457479, 68.82949209935965, 68.79324464718216, 68.92184034367594, 70.87871834173579, 70.97178323830862, 71.04556479266351, 70.50925684051451, 68.82919196152842, 68.3566795894279, 67.60079354544837, 67.65403490237627, 67.29165148538571, 66.8250434125705, 67.97648056724444, 68.1063417662899, 67.94952635743046, 66.8715825562315, 66.4419985782354, 65.85363668333879, 65.41139403739483, 66.02453991860268, 70.0022724349925, 70.11679433348219, 67.2720353801295, 67.15331956877381, 66.1873144167433, 64.69008746377166, 63.01589471533088, 62.346534177583294, 60.46230432641899, 56.88807033422756, 53.90243441603219, 48.82814321873831, 44.247124404777914, 38.34094903545434, 30.600118942704118, 24.55536105670307, 22.4459586207767, 22.273094088723397, 22.25646428804504, 22.343733992480665, 17.261230975782215], "f": [0.0, 0.78125, 1.5625, 2.34375, 3.125, 3.90625, 4.6875, 5.46875, 6.25, 7.03125, 7.8125, 8.59375, 9.375, 10.15625, 10.9375, 11.71875, 12.5, 13.28125, 14.0625, 14.84375, 15.625, 16.40625, 17.1875, 17.96875, 18.75, 19.53125, 20.3125, 21.09375, 21.875, 22.65625, 23.4375, 24.21875, 25.0, 25.78125, 26.5625, 27.34375, 28.125, 28.90625, 29.6875, 30.46875, 31.25, 32.03125, 32.8125, 33.59375, 34.375, 35.15625, 35.9375, 36.71875, 37.5, 38.28125, 39.0625, 39.84375, 40.625, 41.40625, 42.1875, 42.96875, 43.75, 44.53125, 45.3125, 46.09375, 46.875, 47.65625, 48.4375, 49.21875, 50.0, 50.78125, 51.5625, 52.34375, 53.125, 53.90625, 54.6875, 55.46875, 56.25, 57.03125, 57.8125, 58.59375, 59.375, 60.15625, 60.9375, 61.71875, 62.5, 63.28125, 64.0625, 64.84375, 65.625, 66.40625, 67.1875, 67.96875, 68.75, 69.53125, 70.3125, 71.09375, 71.875, 72.65625, 73.4375, 74.21875, 75.0, 75.78125, 76.5625, 77.34375, 78.125, 78.90625, 79.6875, 80.46875, 81.25, 82.03125, 82.8125, 83.59375, 84.375, 85.15625, 85.9375, 86.71875, 87.5, 88.28125, 89.0625, 89.84375, 90.625, 91.40625, 92.1875, 92.96875, 93.75, 94.53125, 95.3125, 96.09375, 96.875, 97.65625, 98.4375, 99.21875, 100.0]}