{"psd": [62.98965388222561, 72.13066274778828, 72.5709681711327, 69.37502325563341, 65.47057359165817, 60.712671696816116, 56.83867446316864, 53.213506424807704, 54.07164268784736, 54.83300997209546, 54.330965090216374, 53.90914337961901, 54.738329766728945, 57.75562431356401, 62.06315438092096, 65.44054676369029, 64.20762361031977, 59.62655558354527, 56.14623377489764, 57.16144332774615, 61.50385395681688, 60.868595756192654, 58.010391471405214, 56.113605480822386, 56.58448814044098, 58.645499798467796, 59.52383647242982, 58.01968018796957, 57.90920328254069, 58.25414195377685, 62.63822614547016, 64.30185790180012, 60.32824360077588, 61.07309497771291, 62.48357145753717, 63.20104911504843, 64.33042659465806, 64.19121823325709, 65.77652090779985, 65.36533901988699, 65.5363912824531, 67.58071998646369, 65.6950507722492, 65.26446551063859, 64.7638710474405, 65.31052782941848, 65.98051259528856, 65.83979325027268, 65.82643768561068, 64.63100312195104, 66.0870563325483, 68.98277812577076, 67.29594255919089, 66.02092129871711, 65.1934308163845, 65.03243131526561, 65.59444046905486, 66.23601264430535, 66.81126806723329, 66.01148726688217, 67.95160544732782, 70.38812246248852, 69.50739647669675, 66.07178925007193, 64.71486389718629, 63.81416696320094, 65.12243857791161, 64.05603770264744, 63.81289955843198, 65.05096268515545, 68.04680685764934, 71.654548444122, 71.02399439026215, 68.17979280530665, 66.46456035401681, 67.86617259832109, 67.22789551792788, 65.73293470046148, 64.94500749598996, 65.30683520883319, 66.02898310414427, 68.05211147476228, 68.42298771584028, 66.18720646768246, 65.05457572506117, 64.33208347524426, 64.61902273075475, 64.86553927157343, 65.44829088516092, 65.70675214644429, 65.4002995370819, 65.78972803521074, 66.3358870768735, 65.7827751213563, 65.48264088718336, 65.06377098740192, 65.61457144877184, 65.17438227435592, 65.76407205790957, 65.4396209262404, 64.20321148112032, 63.4204100527057, 64.39427670599106, 64.50407017794645, 63.318336690688284, 63.14500527838089, 62.58417279160787, 63.01601080046091, 63.25292587819257, 62.85215993429003, 62.62737745648409, 62.678715014669805, 62.90267425085023, 62.158052140190776, 61.994722081218264, 62.90391892814583, 59.63078734459825, 55.009282444007596, 51.49579081514489, 46.57907656214715, 41.96014783911135, 37.384006335493076, 30.69830353545227, 26.33586081661679, 22.68568803737869, 22.56076598930413, 22.459175009219766, 22.0758472852016, 17.319083903038756], "f": [0.0, 0.78125, 1.5625, 2.34375, 3.125, 3.90625, 4.6875, 5.46875, 6.25, 7.03125, 7.8125, 8.59375, 9.375, 10.15625, 10.9375, 11.71875, 12.5, 13.28125, 14.0625, 14.84375, 15.625, 16.40625, 17.1875, 17.96875, 18.75, 19.53125, 20.3125, 21.09375, 21.875, 22.65625, 23.4375, 24.21875, 25.0, 25.78125, 26.5625, 27.34375, 28.125, 28.90625, 29.6875, 30.46875, 31.25, 32.03125, 32.8125, 33.59375, 34.375, 35.15625, 35.9375, 36.71875, 37.5, 38.28125, 39.0625, 39.84375, 40.625, 41.40625, 42.1875, 42.96875, 43.75, 44.53125, 45.3125, 46.09375, 46.875, 47.65625, 48.4375, 49.21875, 50.0, 50.78125, 51.5625, 52.34375, 53.125, 53.90625, 54.6875, 55.46875, 56.25, 57.03125, 57.8125, 58.59375, 59.375, 60.15625, 60.9375, 61.71875, 62.5, 63.28125, 64.0625, 64.84375, 65.625, 66.40625, 67.1875, 67.96875, 68.75, 69.53125, 70.3125, 71.09375, 71.875, 72.65625, 73.4375, 74.21875, 75.0, 75.78125, 76.5625, 77.34375, 78.125, 78.90625, 79.6875, 80.46875, 81.25, 82.03125, 82.8125, 83.59375, 84.375, 85.15625, 85.9375, 86.71875, 87.5, 88.28125, 89.0625, 89.84375, 90.625, 91.40625, 92.1875, 92.96875, 93.75, 94.53125, 95.3125, 96.09375, 96.875, 97.65625, 98.4375, 99.21875, 100.0]}