{"psd": [68.10163915587285, 76.48563387043711, 76.0701469598597, 72.67855454754991, 67.23799140618246, 61.8443310799536, 57.14571102358153, 52.90929691991831, 49.85857445918518, 48.888593424040494, 49.58005346393951, 50.00295816170429, 50.34821978515807, 49.84477151458523, 51.039452025760866, 53.583419368191, 52.29762159020781, 51.59433663799802, 51.58249930337692, 53.219240280298834, 52.56223794037062, 55.404017853583845, 55.90140922428799, 54.37791559699921, 55.82685629345457, 56.53117596020023, 54.686384596695525, 54.55676935087468, 55.789501562117714, 55.22123448904715, 54.471026738755654, 54.76855569382611, 58.350883481593804, 58.1050817754522, 55.924613599264, 56.20855099054509, 56.13170484866604, 56.82051384061383, 58.23214906392403, 57.46061114338311, 55.88309815354695, 56.5619034604501, 58.439052924787674, 60.70948181149937, 60.3766855399476, 62.14871857246398, 61.27845757300972, 59.03329243930047, 58.19384741406107, 58.229655855488346, 57.85146575744278, 58.25981614124494, 59.22599820239541, 61.57131561218655, 62.5920122165255, 60.20810118768723, 59.43814012331192, 60.72179194210332, 63.14537169058883, 61.50527295754651, 61.18537384437015, 61.47510413410217, 62.44767679986089, 62.83625110208586, 62.61874068489974, 61.809817496704504, 60.332292314693554, 60.15817158790001, 60.20422075129656, 60.31732465191463, 60.47196009193674, 59.762584738543474, 59.758956001497225, 60.76132124014429, 63.91851813899288, 66.33329802757167, 66.5131493776536, 66.32060154050758, 64.29483193141954, 62.93119333916216, 62.35099968717957, 61.76078773614263, 61.71143189917187, 60.61278192969978, 59.24686697710307, 58.4277225615744, 59.025914209801854, 59.36638773493716, 58.80761596603974, 59.747740589385145, 60.65420075689987, 60.169530790925236, 59.88098444047414, 59.41104125077856, 59.574246269852566, 59.673955826200675, 59.1230386232516, 59.689405322018004, 59.333462207527404, 59.41837053243782, 58.570204370072574, 59.202346436147046, 59.37771418731639, 59.283686648328484, 60.25662973241047, 61.496429486461004, 61.83530789161466, 62.05001723008313, 61.759071981573896, 61.98198937417374, 61.84438131444662, 60.25415189701708, 59.42668701551145, 58.75027453273355, 58.95927720171309, 59.18482291414954, 56.71632209610933, 52.06123009476795, 48.29296960847829, 43.39174788784678, 37.913218379102204, 31.639630695803135, 25.55748088099911, 22.698411302971753, 22.425406713204218, 22.023756984786136, 22.233418007044058, 22.174559584784067, 16.885978430682638], "f": [0.0, 0.78125, 1.5625, 2.34375, 3.125, 3.90625, 4.6875, 5.46875, 6.25, 7.03125, 7.8125, 8.59375, 9.375, 10.15625, 10.9375, 11.71875, 12.5, 13.28125, 14.0625, 14.84375, 15.625, 16.40625, 17.1875, 17.96875, 18.75, 19.53125, 20.3125, 21.09375, 21.875, 22.65625, 23.4375, 24.21875, 25.0, 25.78125, 26.5625, 27.34375, 28.125, 28.90625, 29.6875, 30.46875, 31.25, 32.03125, 32.8125, 33.59375, 34.375, 35.15625, 35.9375, 36.71875, 37.5, 38.28125, 39.0625, 39.84375, 40.625, 41.40625, 42.1875, 42.96875, 43.75, 44.53125, 45.3125, 46.09375, 46.875, 47.65625, 48.4375, 49.21875, 50.0, 50.78125, 51.5625, 52.34375, 53.125, 53.90625, 54.6875, 55.46875, 56.25, 57.03125, 57.8125, 58.59375, 59.375, 60.15625, 60.9375, 61.71875, 62.5, 63.28125, 64.0625, 64.84375, 65.625, 66.40625, 67.1875, 67.96875, 68.75, 69.53125, 70.3125, 71.09375, 71.875, 72.65625, 73.4375, 74.21875, 75.0, 75.78125, 76.5625, 77.34375, 78.125, 78.90625, 79.6875, 80.46875, 81.25, 82.03125, 82.8125, 83.59375, 84.375, 85.15625, 85.9375, 86.71875, 87.5, 88.28125, 89.0625, 89.84375, 90.625, 91.40625, 92.1875, 92.96875, 93.75, 94.53125, 95.3125, 96.09375, 96.875, 97.65625, 98.4375, 99.21875, 100.0]}