{"psd": [65.85073966559972, 74.43031606080802, 72.67653754319883, 67.86733495257415, 62.586362285028486, 57.102808170579856, 52.99917867760536, 50.58087176895815, 50.123726403753665, 51.08695416545527, 51.30951576935382, 50.495843117954415, 53.44020252437275, 56.21504346086404, 56.07303290778428, 53.73884453390697, 55.2454592219517, 55.719831303897536, 56.07603190353338, 57.67454563001496, 56.11994839638705, 55.367140940195966, 54.617982243547836, 54.543962419253795, 56.20733260149558, 56.64768513839863, 56.669248208971645, 56.70328746843318, 56.57359427068707, 57.165837227214666, 57.354537631534264, 57.384492741956485, 57.56892419338075, 57.0644301275658, 55.881344575775586, 57.00370010614522, 59.10603641329465, 59.02088674831349, 58.633423625148566, 58.20163793689393, 57.82421642102327, 58.095453035191575, 58.022262258923874, 58.64663774752859, 60.53214203594058, 60.757274945909714, 60.253837180495644, 59.39068703698912, 62.5855722225785, 63.328934565323316, 60.46106624070888, 59.406222116043594, 59.60329484937198, 59.80807398764067, 60.420431463326935, 60.38338778814631, 60.77419595368789, 64.77041377557387, 66.26127565071606, 62.7290469574627, 64.14498834607211, 72.150422914274, 72.74699543004337, 66.61547717851549, 65.2324545824939, 64.53617815073108, 66.54190052192446, 66.25659017006372, 64.6365632853465, 63.1938821283009, 62.236188387447285, 63.22867575758917, 62.50713835100319, 62.56071169112935, 66.28538317980839, 71.1453739053285, 74.52776134585417, 74.16588814505226, 66.79351160849126, 63.12950969159659, 62.953174031316536, 63.99619598525446, 65.31735272740318, 66.64295177620946, 65.61271107841372, 64.84323885977842, 62.92194419741573, 62.597873797927896, 63.31687469845667, 64.3305357535456, 65.43485947916705, 67.05623931337047, 67.27403417660469, 68.26767858879697, 65.76562866240596, 61.65262191095094, 63.319390186216, 62.39547896907862, 63.02779068749669, 64.524951599249, 63.82980508382854, 62.546166485722196, 61.418707282174665, 61.80863262297633, 61.94813014513821, 60.832785859139555, 60.79332806380818, 61.34604905479701, 60.26985145902833, 58.12261319961374, 57.106687364063404, 57.52766507256827, 57.98296136750126, 55.823037126988105, 55.50994838750496, 57.85993594050772, 54.97970015462358, 46.67427556909515, 42.755112650315326, 38.467218473723875, 33.04522632292603, 27.24123676301605, 23.691345053692512, 22.07773283584828, 22.368896219576232, 21.686660924486937, 21.8274135232214, 22.189602660272058, 17.59319531915856], "f": [0.0, 0.78125, 1.5625, 2.34375, 3.125, 3.90625, 4.6875, 5.46875, 6.25, 7.03125, 7.8125, 8.59375, 9.375, 10.15625, 10.9375, 11.71875, 12.5, 13.28125, 14.0625, 14.84375, 15.625, 16.40625, 17.1875, 17.96875, 18.75, 19.53125, 20.3125, 21.09375, 21.875, 22.65625, 23.4375, 24.21875, 25.0, 25.78125, 26.5625, 27.34375, 28.125, 28.90625, 29.6875, 30.46875, 31.25, 32.03125, 32.8125, 33.59375, 34.375, 35.15625, 35.9375, 36.71875, 37.5, 38.28125, 39.0625, 39.84375, 40.625, 41.40625, 42.1875, 42.96875, 43.75, 44.53125, 45.3125, 46.09375, 46.875, 47.65625, 48.4375, 49.21875, 50.0, 50.78125, 51.5625, 52.34375, 53.125, 53.90625, 54.6875, 55.46875, 56.25, 57.03125, 57.8125, 58.59375, 59.375, 60.15625, 60.9375, 61.71875, 62.5, 63.28125, 64.0625, 64.84375, 65.625, 66.40625, 67.1875, 67.96875, 68.75, 69.53125, 70.3125, 71.09375, 71.875, 72.65625, 73.4375, 74.21875, 75.0, 75.78125, 76.5625, 77.34375, 78.125, 78.90625, 79.6875, 80.46875, 81.25, 82.03125, 82.8125, 83.59375, 84.375, 85.15625, 85.9375, 86.71875, 87.5, 88.28125, 89.0625, 89.84375, 90.625, 91.40625, 92.1875, 92.96875, 93.75, 94.53125, 95.3125, 96.09375, 96.875, 97.65625, 98.4375, 99.21875, 100.0]}