{"psd": [70.3198944837919, 79.06403074554392, 78.5045638334485, 73.67522322491654, 67.75141274618206, 61.63189900201672, 57.27705240645343, 54.426965923939804, 53.408628771742045, 53.98959204171771, 52.9419370789868, 52.961945506339625, 52.68670531519782, 54.593314444789485, 57.68264631674296, 56.174248851182256, 54.69692026745267, 57.343357146461386, 57.70616342985677, 57.27726808794469, 55.884800704262794, 55.58855722381112, 55.764125627995575, 56.25079134148397, 57.09674278600288, 57.68510218263755, 58.52046890441307, 60.269594790394066, 61.99414231012664, 60.851842533395086, 58.158958566627405, 57.15227731872105, 58.42459971164253, 59.147702234816165, 58.60237734070607, 59.462015213002246, 60.796780400564344, 62.064315277004034, 62.64267066110481, 61.14751384857727, 59.66312371291188, 59.71748066962759, 59.727078227702, 59.94450491608325, 59.79557117296175, 60.45813479516387, 61.30014550112584, 61.482069659866525, 62.472072733672775, 61.93326174991729, 61.71837328788074, 63.27367659416818, 62.85567375977986, 62.1427335126129, 61.75367748047458, 62.14072308692744, 63.10158197039418, 68.3672557877461, 69.35925727343881, 64.30789955106918, 64.04747377091743, 64.68348001015994, 64.28782819220407, 65.22302448652356, 65.59550017719248, 64.30998870274698, 63.21986606462576, 63.55063061391415, 63.59797880424534, 64.70710687505363, 65.168721501816, 64.19893829400809, 63.91185684155143, 63.2659216343109, 64.24451662466801, 67.8422892805374, 71.47547961468946, 69.26946297711706, 64.05145182243417, 63.25469232036938, 63.46608209544342, 63.857974409752856, 63.090147650916805, 62.73071170784503, 62.26765859269528, 62.048981821838076, 61.52089124364093, 61.96541962245802, 61.10223449326989, 60.31065996722547, 60.33225541909772, 60.78660436279975, 61.05381071041228, 61.322633901083, 61.15025528023591, 62.822102798605634, 65.46757460213085, 62.59562839699659, 61.02588658398089, 60.69652846336258, 60.56544694264942, 60.01192782225074, 60.28108341215415, 60.66086995605638, 59.92551326461381, 59.80229350093787, 60.70832224505578, 59.73647325133558, 59.4312801302036, 59.27751751580508, 59.26003747388717, 59.35839350386917, 58.59684381708525, 57.84416061954122, 56.643305507034746, 57.91134797811012, 55.859998204110795, 49.65680527294918, 45.60138178012806, 40.875593403047795, 36.12346834292144, 30.002638057681487, 24.973289563090365, 22.419638754666494, 21.776992665115117, 21.95926706548766, 22.008286320763407, 22.18420816732249, 16.891933464449657], "f": [0.0, 0.78125, 1.5625, 2.34375, 3.125, 3.90625, 4.6875, 5.46875, 6.25, 7.03125, 7.8125, 8.59375, 9.375, 10.15625, 10.9375, 11.71875, 12.5, 13.28125, 14.0625, 14.84375, 15.625, 16.40625, 17.1875, 17.96875, 18.75, 19.53125, 20.3125, 21.09375, 21.875, 22.65625, 23.4375, 24.21875, 25.0, 25.78125, 26.5625, 27.34375, 28.125, 28.90625, 29.6875, 30.46875, 31.25, 32.03125, 32.8125, 33.59375, 34.375, 35.15625, 35.9375, 36.71875, 37.5, 38.28125, 39.0625, 39.84375, 40.625, 41.40625, 42.1875, 42.96875, 43.75, 44.53125, 45.3125, 46.09375, 46.875, 47.65625, 48.4375, 49.21875, 50.0, 50.78125, 51.5625, 52.34375, 53.125, 53.90625, 54.6875, 55.46875, 56.25, 57.03125, 57.8125, 58.59375, 59.375, 60.15625, 60.9375, 61.71875, 62.5, 63.28125, 64.0625, 64.84375, 65.625, 66.40625, 67.1875, 67.96875, 68.75, 69.53125, 70.3125, 71.09375, 71.875, 72.65625, 73.4375, 74.21875, 75.0, 75.78125, 76.5625, 77.34375, 78.125, 78.90625, 79.6875, 80.46875, 81.25, 82.03125, 82.8125, 83.59375, 84.375, 85.15625, 85.9375, 86.71875, 87.5, 88.28125, 89.0625, 89.84375, 90.625, 91.40625, 92.1875, 92.96875, 93.75, 94.53125, 95.3125, 96.09375, 96.875, 97.65625, 98.4375, 99.21875, 100.0]}