{"psd": [64.18386348628198, 72.3368578862533, 68.07834802385361, 64.01946402764392, 60.997974250944566, 57.743329483368456, 54.624286243866095, 51.735055745385296, 51.30073957232185, 56.16016182217195, 54.49038786313388, 51.36594306976983, 49.26561857938282, 49.29865702656543, 49.659419338422914, 54.970933176780996, 57.09071497975765, 55.96087752111281, 63.8327594956357, 64.72306244746879, 59.29900916003916, 58.255235051120195, 58.45876529322841, 58.3996702822492, 57.39155542910361, 59.41635714247368, 60.57339463735603, 66.6731800302628, 68.1063779707717, 62.662473768492156, 60.48172247925347, 59.824555314476456, 59.81211053536302, 59.52212320626832, 60.51938691518043, 63.46733156551602, 69.54017290343558, 73.00562392691263, 68.87941937831089, 64.07950196851894, 61.11906392923581, 61.035985835151614, 60.82813194380745, 61.17139542228378, 64.50338032351982, 70.70668658854919, 75.50928492497994, 73.1283819753003, 67.47819761716234, 65.09074415515278, 64.20688532694953, 65.28406872483599, 65.91959422466226, 68.19283943539487, 73.14641591397542, 76.83976304400358, 76.42578942411205, 71.78690001512145, 67.85478314939658, 67.2312226211752, 69.9881332241617, 68.19339689912198, 70.06716392172378, 74.22645820615324, 80.25065404976462, 80.84422063283272, 76.05940535021914, 72.73895434574817, 69.205305873475, 69.4038833654699, 69.64493983911804, 72.36644315975926, 74.19334117141615, 76.45032758522171, 77.87715437092925, 75.47102065547689, 71.89779754419186, 68.97774354817196, 68.3095989383165, 68.23017538177739, 68.79915139447016, 72.07277130181734, 75.24819162832212, 75.87346694766352, 73.7945516161358, 71.08547209309512, 69.12015894162504, 67.51530590228171, 67.44130550235766, 67.62512722167331, 69.12240553566585, 70.50649678670075, 70.37086210338285, 69.98136257948818, 68.16202601041076, 67.08836968843256, 66.12221201189635, 66.94562927133666, 66.34978286264881, 66.27566554730036, 67.99904464401098, 68.25072421221945, 68.95510146849763, 67.92551591574765, 66.78678209242324, 65.7797569703145, 65.32329085338526, 65.82752938126194, 70.59667431612787, 70.66638543671608, 68.67863837757696, 68.603128851025, 66.80319709299894, 65.4039964819369, 63.9810602416829, 61.915775800826474, 59.38915572961574, 56.67713214175669, 53.551130318105145, 48.34490813516622, 44.663332974530476, 38.682312460269266, 30.48857666876839, 24.43136008111673, 22.33628740942864, 22.068285792291157, 22.51856524371874, 22.54978478403881, 17.82700669757198], "f": [0.0, 0.78125, 1.5625, 2.34375, 3.125, 3.90625, 4.6875, 5.46875, 6.25, 7.03125, 7.8125, 8.59375, 9.375, 10.15625, 10.9375, 11.71875, 12.5, 13.28125, 14.0625, 14.84375, 15.625, 16.40625, 17.1875, 17.96875, 18.75, 19.53125, 20.3125, 21.09375, 21.875, 22.65625, 23.4375, 24.21875, 25.0, 25.78125, 26.5625, 27.34375, 28.125, 28.90625, 29.6875, 30.46875, 31.25, 32.03125, 32.8125, 33.59375, 34.375, 35.15625, 35.9375, 36.71875, 37.5, 38.28125, 39.0625, 39.84375, 40.625, 41.40625, 42.1875, 42.96875, 43.75, 44.53125, 45.3125, 46.09375, 46.875, 47.65625, 48.4375, 49.21875, 50.0, 50.78125, 51.5625, 52.34375, 53.125, 53.90625, 54.6875, 55.46875, 56.25, 57.03125, 57.8125, 58.59375, 59.375, 60.15625, 60.9375, 61.71875, 62.5, 63.28125, 64.0625, 64.84375, 65.625, 66.40625, 67.1875, 67.96875, 68.75, 69.53125, 70.3125, 71.09375, 71.875, 72.65625, 73.4375, 74.21875, 75.0, 75.78125, 76.5625, 77.34375, 78.125, 78.90625, 79.6875, 80.46875, 81.25, 82.03125, 82.8125, 83.59375, 84.375, 85.15625, 85.9375, 86.71875, 87.5, 88.28125, 89.0625, 89.84375, 90.625, 91.40625, 92.1875, 92.96875, 93.75, 94.53125, 95.3125, 96.09375, 96.875, 97.65625, 98.4375, 99.21875, 100.0]}