{"psd": [62.34258688764184, 71.38710848278888, 71.4251378559199, 68.25463893866922, 64.35554255943342, 59.92725519960978, 56.698558985461666, 53.81189199152354, 51.364066873339624, 51.99144238971187, 53.42981796918391, 54.82463473169965, 56.55404638751331, 55.85310665495102, 52.73451358314497, 53.79985289548921, 53.91176586147384, 56.1825712212937, 56.50566042984594, 54.76973250347335, 57.3622583287817, 58.793095201267896, 55.204389812350215, 59.87223416330223, 60.985571487155184, 63.326549680518845, 62.76224283546234, 57.968771710410074, 56.95977312103984, 56.03952011723071, 58.102904863626286, 58.62174641653385, 58.06980486060033, 57.389786293311076, 59.396526677830366, 64.0290773179072, 62.791017664618124, 61.86438050303905, 68.98543861694368, 67.7620877908144, 63.36296415942962, 62.13159895910906, 61.79954535481101, 61.781379106712336, 62.966975857754505, 64.19456807305853, 65.98999279576348, 65.3198798706888, 67.6145191461811, 69.66432256656472, 66.77952754573957, 67.92201244605705, 67.1978567846329, 68.67436840189593, 66.17477949359092, 66.78499583540693, 66.28653705557609, 74.6879772765308, 75.87972711115688, 66.71045654356386, 63.61915756791107, 63.14220573571084, 62.91970176568476, 63.372862025661796, 63.469630529151466, 63.561859269278784, 63.39156860075094, 63.16136124337863, 62.965833709498625, 62.21236166884576, 61.70278106564947, 61.78237705288147, 61.94066240644824, 62.99709634915431, 64.71106472870845, 73.61876239728825, 83.86007143543294, 82.45686303304899, 70.0728840612204, 60.94281473689799, 60.957316490127845, 61.23095963712195, 63.14399571193056, 66.25297845132194, 64.598070735209, 66.80511226314945, 70.26063794972951, 66.37439188343957, 62.57784686824646, 60.54844619745103, 60.12228143059361, 61.11859432271469, 62.80743004253197, 61.69542081706215, 61.419489363348234, 61.364267405705924, 62.13182086544489, 61.19285686560585, 59.22167518556727, 59.05127051616333, 59.553260434482254, 59.84622781461919, 60.591607445565984, 61.67612131758488, 60.862785740912095, 60.53248108018483, 60.23968243308985, 59.37139968321582, 59.423896977913174, 59.06548074440341, 59.85963204405949, 60.309601932528224, 60.19144611235335, 59.46480938005407, 58.65291497482896, 59.968145990614445, 56.99275923220505, 50.701228137018546, 47.45692161656652, 43.2114047199937, 38.51219841235937, 32.739262147344796, 27.444931823373793, 23.169171414719095, 22.04784493251867, 22.308416544605386, 22.03297323452666, 22.03481320824633, 16.878100151530067], "f": [0.0, 0.78125, 1.5625, 2.34375, 3.125, 3.90625, 4.6875, 5.46875, 6.25, 7.03125, 7.8125, 8.59375, 9.375, 10.15625, 10.9375, 11.71875, 12.5, 13.28125, 14.0625, 14.84375, 15.625, 16.40625, 17.1875, 17.96875, 18.75, 19.53125, 20.3125, 21.09375, 21.875, 22.65625, 23.4375, 24.21875, 25.0, 25.78125, 26.5625, 27.34375, 28.125, 28.90625, 29.6875, 30.46875, 31.25, 32.03125, 32.8125, 33.59375, 34.375, 35.15625, 35.9375, 36.71875, 37.5, 38.28125, 39.0625, 39.84375, 40.625, 41.40625, 42.1875, 42.96875, 43.75, 44.53125, 45.3125, 46.09375, 46.875, 47.65625, 48.4375, 49.21875, 50.0, 50.78125, 51.5625, 52.34375, 53.125, 53.90625, 54.6875, 55.46875, 56.25, 57.03125, 57.8125, 58.59375, 59.375, 60.15625, 60.9375, 61.71875, 62.5, 63.28125, 64.0625, 64.84375, 65.625, 66.40625, 67.1875, 67.96875, 68.75, 69.53125, 70.3125, 71.09375, 71.875, 72.65625, 73.4375, 74.21875, 75.0, 75.78125, 76.5625, 77.34375, 78.125, 78.90625, 79.6875, 80.46875, 81.25, 82.03125, 82.8125, 83.59375, 84.375, 85.15625, 85.9375, 86.71875, 87.5, 88.28125, 89.0625, 89.84375, 90.625, 91.40625, 92.1875, 92.96875, 93.75, 94.53125, 95.3125, 96.09375, 96.875, 97.65625, 98.4375, 99.21875, 100.0]}