{"psd": [58.346392743427614, 68.25721425726772, 68.98885181361686, 67.02032437433017, 63.56281953752123, 59.41893227457136, 55.05218999058339, 51.20701266483393, 48.992320979848245, 49.94690138033087, 55.01253966074693, 55.6623497673145, 54.45108492028033, 54.053138930156535, 52.61265752905012, 54.384659049791566, 57.68384498050537, 56.62757903052771, 58.19766625793556, 61.19999807000964, 59.65868463500492, 56.968084011776355, 56.76571519065102, 56.27583426482872, 58.47708997599832, 58.11523340334473, 56.948171080109006, 57.91167798898989, 58.160209357528245, 57.824254317667105, 60.582312089932515, 64.59883254406152, 68.06746553000941, 66.91106300178427, 63.386934815172886, 62.72570252270579, 62.77784064299723, 64.22455728873737, 67.19515870954277, 68.76396711517528, 68.95408188316036, 68.33768522368429, 66.14563023209827, 66.57913146404091, 66.68229739033065, 65.34466523707272, 64.2576826164805, 64.95699214946063, 65.30035020683879, 64.67739797593097, 63.35912305768226, 65.29852011451267, 64.8010659469429, 64.39537853817784, 65.88048129427199, 65.59785669731336, 64.64983250950688, 69.07368199468439, 70.04486294854874, 64.51507687711302, 66.67375562773523, 74.14984997690665, 74.66039726231739, 68.48277136129614, 68.43070836501342, 68.58078419618488, 69.04042396768148, 68.65655668615965, 69.20412155947413, 69.39520830444961, 68.70248620494628, 68.82415719801143, 68.46043538338579, 66.896872046924, 67.37749333781052, 68.787006154339, 74.65679175993981, 74.00055893924564, 68.18669322816577, 66.92969244262939, 65.53817381131917, 63.93402319017346, 63.92484428052816, 63.43987139073005, 63.91421175323192, 64.7973678692656, 64.28547746481223, 64.81057140350784, 64.43407302424218, 63.70122368769958, 63.81663214085451, 65.25799148732092, 67.78056739137686, 65.47384432308866, 63.279573125934135, 64.68346176268895, 63.812825570022184, 63.014844125570164, 64.11750326680506, 62.336214482224186, 61.99843663335603, 62.862335477792556, 61.92440493723238, 61.80061189497646, 61.54582387606524, 60.73244046687642, 61.025308260423344, 60.60612289891337, 61.070399681691995, 60.61068885973412, 59.64726113854708, 59.325345843379615, 59.955908206949545, 58.342052745381636, 58.82821221838021, 63.889513044167984, 61.12801067191124, 51.772281797632964, 47.62483174185752, 41.614880257739514, 36.082202316035264, 30.5149050503381, 25.429376814214983, 22.69595907537187, 22.160613716683844, 22.16475480503217, 22.240245669296893, 22.059257272616826, 17.404224534827407], "f": [0.0, 0.78125, 1.5625, 2.34375, 3.125, 3.90625, 4.6875, 5.46875, 6.25, 7.03125, 7.8125, 8.59375, 9.375, 10.15625, 10.9375, 11.71875, 12.5, 13.28125, 14.0625, 14.84375, 15.625, 16.40625, 17.1875, 17.96875, 18.75, 19.53125, 20.3125, 21.09375, 21.875, 22.65625, 23.4375, 24.21875, 25.0, 25.78125, 26.5625, 27.34375, 28.125, 28.90625, 29.6875, 30.46875, 31.25, 32.03125, 32.8125, 33.59375, 34.375, 35.15625, 35.9375, 36.71875, 37.5, 38.28125, 39.0625, 39.84375, 40.625, 41.40625, 42.1875, 42.96875, 43.75, 44.53125, 45.3125, 46.09375, 46.875, 47.65625, 48.4375, 49.21875, 50.0, 50.78125, 51.5625, 52.34375, 53.125, 53.90625, 54.6875, 55.46875, 56.25, 57.03125, 57.8125, 58.59375, 59.375, 60.15625, 60.9375, 61.71875, 62.5, 63.28125, 64.0625, 64.84375, 65.625, 66.40625, 67.1875, 67.96875, 68.75, 69.53125, 70.3125, 71.09375, 71.875, 72.65625, 73.4375, 74.21875, 75.0, 75.78125, 76.5625, 77.34375, 78.125, 78.90625, 79.6875, 80.46875, 81.25, 82.03125, 82.8125, 83.59375, 84.375, 85.15625, 85.9375, 86.71875, 87.5, 88.28125, 89.0625, 89.84375, 90.625, 91.40625, 92.1875, 92.96875, 93.75, 94.53125, 95.3125, 96.09375, 96.875, 97.65625, 98.4375, 99.21875, 100.0]}