{"psd": [71.39994618899331, 80.16824996821634, 78.80003442100656, 74.36579281491507, 69.16156117885818, 63.43164550856038, 58.657753967841145, 55.53150226870887, 53.79333087217744, 53.5008785452413, 55.82736993601937, 56.98659461044501, 53.45918754221423, 53.933520312918056, 54.2060126764551, 54.94581668583404, 54.5559060287424, 55.656949031555584, 57.85496304191999, 59.651685040351616, 59.17753089701749, 59.301565540354666, 60.09346193065212, 58.68482735721465, 59.18327759134067, 59.35155916701782, 61.07228827904318, 61.21495083293454, 60.11946516654989, 59.74469902487901, 59.705676502732786, 60.02925570741588, 63.54755971475643, 64.18146510131214, 62.10602532542655, 61.54808383709878, 62.48550085402695, 63.82846413655415, 64.11983114265792, 62.53671661950893, 59.76298779214369, 59.13824465566671, 59.50904347980063, 60.11882616394477, 61.186177749015826, 62.315243206539094, 63.981832402284155, 64.3094261290656, 62.19871995469977, 61.40612422184627, 61.32526702219153, 61.67338242942148, 61.56003153658149, 62.17592061309631, 62.976627774624596, 63.593317857833675, 64.462437761345, 64.87877404691473, 64.43734637978157, 64.79951489832926, 65.54128875437868, 67.01944968036116, 67.52506613509587, 67.48308883176398, 66.47497409243665, 66.73012383479274, 66.66290366221376, 66.46239127323979, 65.72860304322491, 65.2301432230709, 65.95095117165874, 64.94270280525751, 64.72048282219257, 65.11376998305624, 65.59490042490438, 66.36039020873032, 70.71924192536937, 71.03450500009265, 66.17049170416257, 65.28808095683223, 64.23962158750905, 63.711886177912476, 62.95200847531816, 62.38006095938254, 62.65029490797439, 63.01522249706952, 63.3560270107064, 63.43250998998634, 63.35313720194943, 62.79397473935323, 62.13241438429368, 61.95248444347892, 62.77790024125866, 62.21139063448311, 61.767375071385324, 67.5453007121889, 71.69047675420518, 65.73461840536712, 61.55454072812006, 61.87558874975637, 61.762989228824104, 61.955539209358925, 61.16242046253488, 60.870320382562554, 60.869591558640124, 61.22153342014738, 61.004022398567, 60.1850078692679, 59.45205684687589, 59.69246097915086, 59.206780445468716, 59.3024341951864, 58.50268331296223, 57.46265930419314, 57.55926577525936, 61.16236355264724, 57.515080838027465, 48.30140380727087, 44.31287712930334, 39.97588032475723, 34.09007158194487, 29.003001395583983, 24.405448228843536, 22.30894396441387, 22.055556418075003, 22.226407559610305, 22.34707625665344, 22.185316337759655, 17.82329558277766], "f": [0.0, 0.78125, 1.5625, 2.34375, 3.125, 3.90625, 4.6875, 5.46875, 6.25, 7.03125, 7.8125, 8.59375, 9.375, 10.15625, 10.9375, 11.71875, 12.5, 13.28125, 14.0625, 14.84375, 15.625, 16.40625, 17.1875, 17.96875, 18.75, 19.53125, 20.3125, 21.09375, 21.875, 22.65625, 23.4375, 24.21875, 25.0, 25.78125, 26.5625, 27.34375, 28.125, 28.90625, 29.6875, 30.46875, 31.25, 32.03125, 32.8125, 33.59375, 34.375, 35.15625, 35.9375, 36.71875, 37.5, 38.28125, 39.0625, 39.84375, 40.625, 41.40625, 42.1875, 42.96875, 43.75, 44.53125, 45.3125, 46.09375, 46.875, 47.65625, 48.4375, 49.21875, 50.0, 50.78125, 51.5625, 52.34375, 53.125, 53.90625, 54.6875, 55.46875, 56.25, 57.03125, 57.8125, 58.59375, 59.375, 60.15625, 60.9375, 61.71875, 62.5, 63.28125, 64.0625, 64.84375, 65.625, 66.40625, 67.1875, 67.96875, 68.75, 69.53125, 70.3125, 71.09375, 71.875, 72.65625, 73.4375, 74.21875, 75.0, 75.78125, 76.5625, 77.34375, 78.125, 78.90625, 79.6875, 80.46875, 81.25, 82.03125, 82.8125, 83.59375, 84.375, 85.15625, 85.9375, 86.71875, 87.5, 88.28125, 89.0625, 89.84375, 90.625, 91.40625, 92.1875, 92.96875, 93.75, 94.53125, 95.3125, 96.09375, 96.875, 97.65625, 98.4375, 99.21875, 100.0]}