{"psd": [65.76195028054467, 75.1624845828637, 75.41272917811428, 71.99434937277962, 66.88900899348425, 61.3076356330707, 56.46335877673431, 51.79344591550646, 48.552320246533355, 48.38030911963813, 50.136240894364896, 52.20569590967513, 51.44305468597131, 51.287585934272485, 50.62871804239086, 52.0193199929695, 52.13779259010054, 51.167760841238575, 53.08444724984183, 55.91300529752422, 54.26221875844172, 52.853014689627585, 52.779365822417915, 53.26023684265695, 53.454425786620604, 56.84913017278067, 57.37420988172297, 55.67516306992167, 54.44485212159995, 54.29676931689906, 53.75380248845698, 55.18640728802593, 56.730853705588515, 56.80093837041031, 56.77439608736903, 57.16870162463043, 58.263401335129615, 59.874970231698164, 64.99077445279573, 63.788786714278515, 57.64708053163587, 57.467271965520325, 58.61317774804491, 60.068207555568904, 60.19831515626066, 59.4427742847196, 59.59639132378637, 60.416162801547124, 70.55098927887781, 73.92205914602413, 66.67290094643371, 62.48347326751187, 63.340404724513526, 63.70709325244512, 62.076098207410304, 62.225651982619425, 62.2692973294737, 72.21092135364901, 73.46335711388356, 64.4439961327728, 61.4701659868802, 61.30547868706131, 61.149962440136676, 61.57107417432214, 60.87079666328604, 60.01847263358479, 59.95636021871234, 60.23385531957483, 59.94675522081504, 60.376477220646905, 61.55785217266043, 59.94023980224132, 58.35096487776721, 58.77588611188419, 60.34874883976215, 73.20332360312929, 83.96691233002647, 82.04624983665845, 66.88822726302536, 60.4426216843345, 57.874772496330024, 56.738432052407276, 58.00192733376367, 60.76585272075634, 58.89315086372375, 56.5542562078571, 56.58489636366869, 56.96640659780729, 56.831527144471714, 55.84002262376845, 54.95394316717838, 55.7046307473965, 57.53763075372795, 56.484026908960736, 54.13167175853249, 57.18798025433637, 61.03934309433224, 56.94412913279146, 52.97961619793896, 54.061384787587414, 55.11028450059953, 57.68181502584807, 57.18234922705734, 55.11738252028457, 55.21801464234955, 56.37375797184389, 56.95806301724996, 56.39998440878905, 55.77084198112148, 56.550283176496905, 58.92878185420593, 56.572891973088694, 55.12989018612505, 54.134750361808145, 55.1115257224365, 59.93349133337912, 56.64332487424204, 46.94219930160921, 42.52505617845445, 38.30060701122479, 32.75006142535615, 27.54894059095022, 23.683431112433396, 22.81601502835468, 22.05085011165184, 21.856661219760515, 21.866455508793944, 22.158229005788503, 17.27541254355952], "f": [0.0, 0.78125, 1.5625, 2.34375, 3.125, 3.90625, 4.6875, 5.46875, 6.25, 7.03125, 7.8125, 8.59375, 9.375, 10.15625, 10.9375, 11.71875, 12.5, 13.28125, 14.0625, 14.84375, 15.625, 16.40625, 17.1875, 17.96875, 18.75, 19.53125, 20.3125, 21.09375, 21.875, 22.65625, 23.4375, 24.21875, 25.0, 25.78125, 26.5625, 27.34375, 28.125, 28.90625, 29.6875, 30.46875, 31.25, 32.03125, 32.8125, 33.59375, 34.375, 35.15625, 35.9375, 36.71875, 37.5, 38.28125, 39.0625, 39.84375, 40.625, 41.40625, 42.1875, 42.96875, 43.75, 44.53125, 45.3125, 46.09375, 46.875, 47.65625, 48.4375, 49.21875, 50.0, 50.78125, 51.5625, 52.34375, 53.125, 53.90625, 54.6875, 55.46875, 56.25, 57.03125, 57.8125, 58.59375, 59.375, 60.15625, 60.9375, 61.71875, 62.5, 63.28125, 64.0625, 64.84375, 65.625, 66.40625, 67.1875, 67.96875, 68.75, 69.53125, 70.3125, 71.09375, 71.875, 72.65625, 73.4375, 74.21875, 75.0, 75.78125, 76.5625, 77.34375, 78.125, 78.90625, 79.6875, 80.46875, 81.25, 82.03125, 82.8125, 83.59375, 84.375, 85.15625, 85.9375, 86.71875, 87.5, 88.28125, 89.0625, 89.84375, 90.625, 91.40625, 92.1875, 92.96875, 93.75, 94.53125, 95.3125, 96.09375, 96.875, 97.65625, 98.4375, 99.21875, 100.0]}