{"psd": [66.55484985016219, 75.19990206218526, 74.10368997673619, 71.44540430998094, 66.90748423640342, 61.020840507303184, 55.39662313802112, 51.48913969938927, 52.04125981874839, 51.10809093442888, 52.844560365271754, 55.44141911402778, 51.31964551151674, 52.07732410590963, 52.65548036753565, 52.5206371015169, 54.151512531296575, 54.98745001680021, 55.76402215198341, 59.29472191276559, 56.03353622246641, 54.8613547650503, 55.65839634546765, 55.85748211076094, 57.67848237431796, 59.69798337282487, 60.39767225919047, 59.624159195876445, 59.05457822049905, 59.5494181702929, 59.49820355994034, 59.99537035189934, 62.48663625593174, 63.57094878821903, 62.6170128693606, 61.18835611145036, 60.278122424764945, 59.47205773466118, 59.76396415138693, 58.31558017262135, 58.86395147498553, 59.3917531142438, 61.13713577523765, 64.80495391710367, 63.18305728198136, 60.18059292027029, 59.817055677823916, 58.95623255586106, 59.129722489249225, 59.71533573788427, 61.259385908511405, 62.15501807239999, 62.50214399365877, 65.02975978568718, 68.25376703608386, 66.8026190506316, 64.9973287670193, 64.44221131250941, 62.76723113657007, 62.11171627389718, 62.4526366484571, 63.039212512200116, 64.95140739495186, 66.37161165156918, 69.55647043953692, 70.96172145846074, 69.13920932807771, 67.12214411482717, 65.73031449892586, 65.11651096326366, 65.27939530990116, 64.77918440270416, 64.89295326500553, 66.66522891473365, 68.56909672713827, 71.21225142517855, 72.08763856152612, 71.19921589962331, 69.72571813082382, 67.66547685685515, 65.55781939665808, 65.27868518531021, 64.81321696039628, 65.55415160576439, 66.69979681123809, 68.84804117605074, 70.79656557682812, 70.42801596458627, 69.02915873955179, 67.5055591980857, 66.14353919714796, 65.43018080634555, 64.71670832267824, 64.62270922645638, 65.61408813262125, 65.56895890302305, 65.98704364200945, 66.9279231253559, 66.70297080443652, 65.85457039808607, 65.11136450579312, 64.60653728656526, 64.84815655752297, 64.09519191974324, 64.39956791151418, 65.81163982205535, 66.81217419096144, 66.7916219425961, 66.89529897978025, 65.83964622454702, 65.2753456092488, 63.59934953351215, 62.21683402435467, 60.63895719595236, 60.540501478244906, 58.99275272515284, 56.86611732180268, 54.33101306653384, 51.62840954798299, 47.813811437477796, 41.74541354956028, 34.786888606931484, 27.49648528738377, 23.579584658172223, 22.63189536909006, 22.405893641729534, 21.849676008735408, 21.91729937600577, 17.50957509070505], "f": [0.0, 0.78125, 1.5625, 2.34375, 3.125, 3.90625, 4.6875, 5.46875, 6.25, 7.03125, 7.8125, 8.59375, 9.375, 10.15625, 10.9375, 11.71875, 12.5, 13.28125, 14.0625, 14.84375, 15.625, 16.40625, 17.1875, 17.96875, 18.75, 19.53125, 20.3125, 21.09375, 21.875, 22.65625, 23.4375, 24.21875, 25.0, 25.78125, 26.5625, 27.34375, 28.125, 28.90625, 29.6875, 30.46875, 31.25, 32.03125, 32.8125, 33.59375, 34.375, 35.15625, 35.9375, 36.71875, 37.5, 38.28125, 39.0625, 39.84375, 40.625, 41.40625, 42.1875, 42.96875, 43.75, 44.53125, 45.3125, 46.09375, 46.875, 47.65625, 48.4375, 49.21875, 50.0, 50.78125, 51.5625, 52.34375, 53.125, 53.90625, 54.6875, 55.46875, 56.25, 57.03125, 57.8125, 58.59375, 59.375, 60.15625, 60.9375, 61.71875, 62.5, 63.28125, 64.0625, 64.84375, 65.625, 66.40625, 67.1875, 67.96875, 68.75, 69.53125, 70.3125, 71.09375, 71.875, 72.65625, 73.4375, 74.21875, 75.0, 75.78125, 76.5625, 77.34375, 78.125, 78.90625, 79.6875, 80.46875, 81.25, 82.03125, 82.8125, 83.59375, 84.375, 85.15625, 85.9375, 86.71875, 87.5, 88.28125, 89.0625, 89.84375, 90.625, 91.40625, 92.1875, 92.96875, 93.75, 94.53125, 95.3125, 96.09375, 96.875, 97.65625, 98.4375, 99.21875, 100.0]}