{"psd": [63.22995910123885, 73.30791934522017, 74.12057304237865, 71.6280500629732, 67.48259891321209, 62.20892788384895, 56.89055922561259, 53.293737380052946, 52.09641487682493, 50.48119555469927, 50.75065431325925, 50.91195567362859, 53.32317118235438, 56.67423596242911, 58.99892354678714, 59.92229252426182, 59.230375147062944, 57.96513084310314, 56.992254783817316, 57.2493150189502, 57.64451148649901, 56.934516153707364, 59.33218834496472, 56.96936553447789, 57.71332268359874, 64.08757523900374, 64.72996423766635, 60.380314058851134, 58.85087411820294, 58.82795936959621, 58.944425428621656, 58.90172521056834, 59.83644041902137, 63.089450512796354, 67.02450748872795, 64.42260840853898, 63.26314837255532, 65.71860942742039, 65.67949777344653, 64.19799046161569, 62.961427343613494, 62.818662363231965, 64.51254379075185, 65.67119977234307, 66.54092070661588, 66.3258837851406, 65.40552513840183, 64.23384107350707, 64.8435266601261, 63.834886087172734, 64.70838505142007, 67.08589242801915, 68.38642185782615, 68.61025668341611, 69.84412179166137, 68.89758379872687, 68.34437469438726, 68.09426331179519, 67.28645165221337, 65.50838094418167, 65.45988979200254, 66.972861457406, 68.7985271664306, 70.46466324008381, 69.57042154840718, 66.29320120525678, 65.07381825653285, 64.92537029245798, 64.9705716612173, 64.64787415888024, 66.19146294628618, 68.61679748150665, 70.74260197575416, 69.95661465477559, 67.69229807776925, 68.75054782270138, 66.81945966427283, 65.64005419765847, 65.09310975338876, 66.1727550354484, 67.66880524845735, 69.10242048708395, 68.1721950042685, 65.9313220137943, 64.83927113426358, 64.36504023890551, 64.30386879640692, 63.70364709168903, 64.26085940365037, 64.66474988413535, 64.91225415040651, 63.946424059909305, 63.18056159684541, 61.97147323541457, 61.46779901383172, 62.01963137897999, 62.39110491668307, 61.759274189119665, 61.976818791368274, 62.1216158829293, 62.118323677135905, 61.92240831175696, 61.9511345513921, 61.378257447437875, 60.898107885757, 60.98731051294236, 60.6138801319349, 60.99243771751598, 61.30784796062655, 62.17993319603384, 60.235520622140875, 58.6659351905509, 58.19866844055404, 57.76733570715807, 56.61323256670032, 57.48809028227278, 55.01541217552828, 49.37905389383175, 45.401884488484626, 41.48002756771063, 35.41140801858749, 29.348636761094667, 24.654869612239022, 22.40648090709432, 22.042349766950164, 21.817933523921255, 22.37701303520599, 21.78298125196133, 17.40346866805648], "f": [0.0, 0.78125, 1.5625, 2.34375, 3.125, 3.90625, 4.6875, 5.46875, 6.25, 7.03125, 7.8125, 8.59375, 9.375, 10.15625, 10.9375, 11.71875, 12.5, 13.28125, 14.0625, 14.84375, 15.625, 16.40625, 17.1875, 17.96875, 18.75, 19.53125, 20.3125, 21.09375, 21.875, 22.65625, 23.4375, 24.21875, 25.0, 25.78125, 26.5625, 27.34375, 28.125, 28.90625, 29.6875, 30.46875, 31.25, 32.03125, 32.8125, 33.59375, 34.375, 35.15625, 35.9375, 36.71875, 37.5, 38.28125, 39.0625, 39.84375, 40.625, 41.40625, 42.1875, 42.96875, 43.75, 44.53125, 45.3125, 46.09375, 46.875, 47.65625, 48.4375, 49.21875, 50.0, 50.78125, 51.5625, 52.34375, 53.125, 53.90625, 54.6875, 55.46875, 56.25, 57.03125, 57.8125, 58.59375, 59.375, 60.15625, 60.9375, 61.71875, 62.5, 63.28125, 64.0625, 64.84375, 65.625, 66.40625, 67.1875, 67.96875, 68.75, 69.53125, 70.3125, 71.09375, 71.875, 72.65625, 73.4375, 74.21875, 75.0, 75.78125, 76.5625, 77.34375, 78.125, 78.90625, 79.6875, 80.46875, 81.25, 82.03125, 82.8125, 83.59375, 84.375, 85.15625, 85.9375, 86.71875, 87.5, 88.28125, 89.0625, 89.84375, 90.625, 91.40625, 92.1875, 92.96875, 93.75, 94.53125, 95.3125, 96.09375, 96.875, 97.65625, 98.4375, 99.21875, 100.0]}