{"psd": [68.83682221703691, 77.76668809818113, 75.71033115228454, 71.64337150050234, 68.4052727804038, 63.66329307079239, 59.05725983691012, 54.8061981122419, 53.092003480020004, 53.90959647066815, 53.18628932425355, 52.22341013808335, 51.16935120404895, 55.0188445945409, 53.533478467408045, 54.20685586088423, 53.664850199474344, 52.14627580153217, 54.04780168043703, 56.20807175288764, 56.2280279318373, 57.754755078310154, 57.83640174756584, 57.0260605690016, 57.51203826538068, 58.16604844303389, 58.907605140958516, 57.59626406159276, 58.17722915508821, 59.78137724171763, 60.31243867060024, 59.4416721316854, 62.25798956946579, 65.71098605535292, 61.37572022167862, 58.545317502286274, 58.042625200025796, 63.001111149263295, 73.56563140452391, 72.4442814000823, 61.65578504308212, 58.96899771061641, 58.06151204268942, 58.19930926080546, 57.97391447722701, 57.116658167336176, 58.262856605469, 59.81234054846317, 61.72445174770615, 62.448228687927966, 61.17404894057913, 60.45888557702135, 60.810062573181945, 60.3719793359328, 60.510292926371946, 61.91068462676181, 61.39282900632986, 63.13407040328909, 64.38944975733492, 64.06665821789136, 64.68583190964607, 64.49546394053539, 64.77568904965165, 64.29912572223729, 63.93514504879463, 64.63310810719632, 66.789815546273, 64.48119855115253, 63.09093284479253, 62.86519439848515, 62.24528176051155, 62.12371093845499, 61.600872345401434, 61.258936708039855, 62.484389927253545, 64.04328574678838, 72.63787102529642, 75.84629629698131, 67.38970489720674, 60.325147926956305, 60.40323343371537, 59.94679636403333, 59.04651177945162, 57.87641438043827, 58.15396112305058, 57.18607764166543, 56.82891603693732, 57.87067269976856, 59.1979553144358, 59.49032742492, 59.00658019025996, 59.032302729390366, 59.84266116096924, 60.712704463360055, 60.21099685264027, 64.86531470425848, 69.18972233008905, 64.0444873587484, 59.94032839248359, 62.77186036724048, 59.78236571360725, 58.406087808506506, 58.94813342735624, 58.696888096036204, 58.95701239105509, 58.89377878453692, 58.05927918213001, 56.51591274064919, 56.242052823446414, 55.81708632327288, 55.578289816853825, 55.2726768417146, 54.41337965786039, 53.49964277588502, 54.52018326134346, 60.18739233456156, 56.63317651681023, 44.95347066028411, 40.99255767485136, 36.43431179756048, 30.919781717146332, 26.414427276964567, 22.717546128514535, 22.18462098935854, 22.117934218351504, 21.986610373633262, 22.39380457637475, 22.211596894508972, 16.915835276906012], "f": [0.0, 0.78125, 1.5625, 2.34375, 3.125, 3.90625, 4.6875, 5.46875, 6.25, 7.03125, 7.8125, 8.59375, 9.375, 10.15625, 10.9375, 11.71875, 12.5, 13.28125, 14.0625, 14.84375, 15.625, 16.40625, 17.1875, 17.96875, 18.75, 19.53125, 20.3125, 21.09375, 21.875, 22.65625, 23.4375, 24.21875, 25.0, 25.78125, 26.5625, 27.34375, 28.125, 28.90625, 29.6875, 30.46875, 31.25, 32.03125, 32.8125, 33.59375, 34.375, 35.15625, 35.9375, 36.71875, 37.5, 38.28125, 39.0625, 39.84375, 40.625, 41.40625, 42.1875, 42.96875, 43.75, 44.53125, 45.3125, 46.09375, 46.875, 47.65625, 48.4375, 49.21875, 50.0, 50.78125, 51.5625, 52.34375, 53.125, 53.90625, 54.6875, 55.46875, 56.25, 57.03125, 57.8125, 58.59375, 59.375, 60.15625, 60.9375, 61.71875, 62.5, 63.28125, 64.0625, 64.84375, 65.625, 66.40625, 67.1875, 67.96875, 68.75, 69.53125, 70.3125, 71.09375, 71.875, 72.65625, 73.4375, 74.21875, 75.0, 75.78125, 76.5625, 77.34375, 78.125, 78.90625, 79.6875, 80.46875, 81.25, 82.03125, 82.8125, 83.59375, 84.375, 85.15625, 85.9375, 86.71875, 87.5, 88.28125, 89.0625, 89.84375, 90.625, 91.40625, 92.1875, 92.96875, 93.75, 94.53125, 95.3125, 96.09375, 96.875, 97.65625, 98.4375, 99.21875, 100.0]}