{"psd": [55.24489348953217, 64.2996168440774, 58.95451580492079, 53.959404476955164, 51.115371515135664, 48.24236780905859, 46.46359716676186, 46.76851670371975, 48.42015915753712, 49.118120915810515, 54.173819442289414, 52.74844299586704, 51.54340286215625, 49.251327918823335, 49.285916137733935, 50.415167653939214, 53.6641081965559, 55.36246330600636, 54.44388482211153, 58.76076647474992, 64.03989631344982, 63.9634639020398, 55.36679606509529, 52.27504368895107, 52.16566143388071, 52.74701821946977, 52.54867767397155, 52.80661812529806, 54.092615521162074, 56.30317439180452, 62.4348400918679, 65.04684521520713, 59.553583847926305, 57.139201539628274, 56.79250180786616, 55.51765335425789, 55.31325081295692, 55.386392435952985, 58.03532023040083, 60.73385344848017, 58.51060789486887, 58.017492431770876, 57.3474814343262, 56.09444054810886, 56.3909945771633, 56.38311580921595, 55.6221156177348, 57.583641958339776, 60.3416938565171, 58.07708058003112, 57.901763443510646, 59.39332276391979, 58.48153268841191, 58.06184131630456, 59.45205177506452, 60.08071826145, 58.127276214122034, 60.528479174338244, 61.467605959380435, 58.49256442045461, 59.70853297970176, 60.621858458029784, 61.35808122608445, 61.64021206999482, 61.80511280500599, 60.61459776574638, 59.071875784859415, 59.57422564883581, 59.184890579954235, 59.075145209385276, 59.705777837632766, 60.0038145333892, 59.83849052440949, 59.40197089793631, 60.52783534545884, 66.8868305138638, 73.31126283539662, 70.44220881785735, 61.103507571374934, 58.89256402308511, 58.22861496645004, 57.970272732105656, 59.27495318011968, 59.50736442799414, 58.95175703678507, 59.13033623906274, 59.583311373067495, 59.17647723159519, 58.71937010748528, 58.97555225617004, 58.218838240299675, 59.47967017037206, 59.558391668968284, 58.606182892069214, 58.50687869407544, 60.108822382752116, 64.10307588996817, 60.47641211423303, 57.49352006940755, 57.40817246640313, 58.204636743134124, 57.62455882079961, 56.744345289364084, 56.9869899159679, 56.579577086279826, 56.45620914120191, 56.37238923898691, 56.591028476822686, 56.40850408543269, 57.13308574820719, 57.506846274483294, 55.622373429292054, 54.82287534654663, 53.883553691184915, 53.08586339098461, 54.382365353968794, 51.43168725182566, 45.47237872394007, 42.132288103534144, 38.56231140338356, 32.703806552192034, 27.144346073422465, 23.623219256766657, 22.55487956030452, 22.61070167173173, 22.300578171354744, 21.88590769230745, 22.254710569893103, 17.400622614864705], "f": [0.0, 0.78125, 1.5625, 2.34375, 3.125, 3.90625, 4.6875, 5.46875, 6.25, 7.03125, 7.8125, 8.59375, 9.375, 10.15625, 10.9375, 11.71875, 12.5, 13.28125, 14.0625, 14.84375, 15.625, 16.40625, 17.1875, 17.96875, 18.75, 19.53125, 20.3125, 21.09375, 21.875, 22.65625, 23.4375, 24.21875, 25.0, 25.78125, 26.5625, 27.34375, 28.125, 28.90625, 29.6875, 30.46875, 31.25, 32.03125, 32.8125, 33.59375, 34.375, 35.15625, 35.9375, 36.71875, 37.5, 38.28125, 39.0625, 39.84375, 40.625, 41.40625, 42.1875, 42.96875, 43.75, 44.53125, 45.3125, 46.09375, 46.875, 47.65625, 48.4375, 49.21875, 50.0, 50.78125, 51.5625, 52.34375, 53.125, 53.90625, 54.6875, 55.46875, 56.25, 57.03125, 57.8125, 58.59375, 59.375, 60.15625, 60.9375, 61.71875, 62.5, 63.28125, 64.0625, 64.84375, 65.625, 66.40625, 67.1875, 67.96875, 68.75, 69.53125, 70.3125, 71.09375, 71.875, 72.65625, 73.4375, 74.21875, 75.0, 75.78125, 76.5625, 77.34375, 78.125, 78.90625, 79.6875, 80.46875, 81.25, 82.03125, 82.8125, 83.59375, 84.375, 85.15625, 85.9375, 86.71875, 87.5, 88.28125, 89.0625, 89.84375, 90.625, 91.40625, 92.1875, 92.96875, 93.75, 94.53125, 95.3125, 96.09375, 96.875, 97.65625, 98.4375, 99.21875, 100.0]}