{"psd": [71.70190110886142, 81.02594430941046, 78.86895885140736, 73.8436665337757, 67.30115646950514, 60.951223469185074, 55.47007634516086, 51.95596542806531, 51.07079083835208, 52.37496826089115, 53.32127187380416, 50.81528415332427, 50.096267872636695, 57.18995577460209, 61.85253578173719, 58.481261133879926, 54.1537143399346, 54.74309214040258, 57.04717239442723, 63.11021604295243, 64.58337768701823, 59.60825214330072, 57.48817688476419, 56.30678067630005, 56.4895383171647, 57.34422359433162, 57.371549749939334, 58.78757793449345, 61.205107323558735, 63.535342232704714, 63.16791895148478, 59.98361019037713, 60.41765961769738, 61.702860972999105, 61.291048358599376, 60.9001274023064, 61.06010705996756, 61.19402894694355, 62.503181875389615, 63.726400796927976, 63.42309987148972, 62.3418910498805, 62.161402833202786, 61.99518265906036, 62.14541610517833, 62.3948163750661, 62.56560136593009, 64.49064965870876, 69.09566931252557, 67.83882869914652, 64.15303524905981, 64.48810372647002, 63.72644111962762, 63.45560717793664, 62.3093439821904, 62.207238822015675, 63.32380580218833, 67.64434664113664, 68.60550430224765, 65.84192181146159, 65.34204842271882, 65.20975278445219, 65.48597701239044, 66.39006671409375, 65.91730779196872, 66.16873392373655, 66.28460113808089, 66.53094451459384, 65.96894339082179, 65.5185963533847, 64.58950514988409, 63.88372719630429, 64.39563644885939, 64.91417787790304, 66.62363053820182, 70.76542653419739, 74.13306650125656, 70.8726897617867, 64.12761179070492, 63.10938467165477, 62.769769748233685, 62.381962203475084, 62.48304836358984, 63.449368339428915, 63.56005770145933, 63.430664644857615, 63.244889243165126, 63.24964316059669, 63.189627184004664, 62.56501511169255, 62.364079635483634, 62.87375317544332, 62.34431415001641, 62.480275372485295, 61.80269212967567, 61.43402863036124, 62.862820294249424, 61.71528554956203, 61.78655832877192, 61.914467540494165, 62.120726599800406, 61.68963401785612, 62.13387868066188, 62.73773781032216, 62.765695131902646, 61.93285393621619, 61.89109102582508, 61.621522451493135, 61.323808635730714, 61.279410323512025, 61.23781846609381, 61.08957295820303, 60.73657855896343, 59.74584368558115, 58.65787520576631, 58.753909404966066, 56.035745584880495, 51.3151439437154, 47.243451544945884, 42.643354299240535, 37.43848328656474, 31.259101718389367, 25.618742357391934, 23.02397318247509, 22.47987250884237, 22.163099024391673, 22.16126164417048, 22.133750521209592, 17.515484452227444], "f": [0.0, 0.78125, 1.5625, 2.34375, 3.125, 3.90625, 4.6875, 5.46875, 6.25, 7.03125, 7.8125, 8.59375, 9.375, 10.15625, 10.9375, 11.71875, 12.5, 13.28125, 14.0625, 14.84375, 15.625, 16.40625, 17.1875, 17.96875, 18.75, 19.53125, 20.3125, 21.09375, 21.875, 22.65625, 23.4375, 24.21875, 25.0, 25.78125, 26.5625, 27.34375, 28.125, 28.90625, 29.6875, 30.46875, 31.25, 32.03125, 32.8125, 33.59375, 34.375, 35.15625, 35.9375, 36.71875, 37.5, 38.28125, 39.0625, 39.84375, 40.625, 41.40625, 42.1875, 42.96875, 43.75, 44.53125, 45.3125, 46.09375, 46.875, 47.65625, 48.4375, 49.21875, 50.0, 50.78125, 51.5625, 52.34375, 53.125, 53.90625, 54.6875, 55.46875, 56.25, 57.03125, 57.8125, 58.59375, 59.375, 60.15625, 60.9375, 61.71875, 62.5, 63.28125, 64.0625, 64.84375, 65.625, 66.40625, 67.1875, 67.96875, 68.75, 69.53125, 70.3125, 71.09375, 71.875, 72.65625, 73.4375, 74.21875, 75.0, 75.78125, 76.5625, 77.34375, 78.125, 78.90625, 79.6875, 80.46875, 81.25, 82.03125, 82.8125, 83.59375, 84.375, 85.15625, 85.9375, 86.71875, 87.5, 88.28125, 89.0625, 89.84375, 90.625, 91.40625, 92.1875, 92.96875, 93.75, 94.53125, 95.3125, 96.09375, 96.875, 97.65625, 98.4375, 99.21875, 100.0]}