{"psd": [69.87050552245626, 79.33917321792157, 78.12400463571029, 73.84251589188037, 67.7924353210799, 61.692777197687086, 56.3737818576019, 52.15008374430117, 49.678722114721424, 51.832839700867375, 54.715677807735275, 53.83925418406575, 53.26429056908033, 54.872791229662106, 52.28127839006519, 52.38550608083561, 52.81873080151523, 53.956029822481526, 54.83145906920793, 58.52101711386239, 58.58505306742869, 55.7393632287176, 55.70720418288735, 55.5888431276681, 55.04513112097756, 58.59641823636818, 61.477875490371225, 58.0974793773046, 55.87529300806403, 56.15821420843871, 58.48961993562784, 59.45515645973056, 58.72554806325291, 58.586968085655656, 59.94982919136919, 60.03951109468686, 59.249612677071, 58.806583892537105, 60.558128771835825, 61.154327110168644, 61.034150567438786, 60.26694930305736, 61.83282191217485, 62.910025505962246, 62.31002260989069, 61.84024658695887, 62.01435465005676, 62.63793036161037, 62.4311668744135, 62.74277982353884, 63.65795325243931, 63.342327218458294, 63.92918125631951, 63.31978608002102, 62.61097791844978, 62.35210695305416, 62.06335302380636, 65.65108237602814, 67.19300506114263, 65.46029347542085, 64.7357450602337, 63.452988808817366, 63.694398803961874, 63.53494894178971, 63.32502581170429, 64.12636066949125, 65.23735593467893, 65.95013130690367, 65.67374053806705, 64.63863708483126, 63.909504286784596, 63.607863771297474, 62.70171469600516, 62.5176584665238, 64.02000391909607, 73.64295338738116, 82.91619554369434, 80.66385503302632, 68.17823019114238, 63.85964252299962, 62.19194089746361, 61.60183450561619, 62.491128636846085, 64.34360507464277, 61.56842200318887, 60.82327768551365, 60.28430390837464, 59.568486961321554, 59.41751546698199, 59.611817858852305, 59.96671076220661, 59.99153079947319, 59.873803042183475, 60.11734929697467, 60.47572045182048, 62.7535250451595, 66.09636614357932, 62.61114722866979, 60.02317871718711, 61.95352419141845, 62.594264407480665, 61.82496111185317, 61.22385479314613, 61.81595827798091, 62.1891562914831, 63.72283127188507, 63.924194298941295, 63.648506691075525, 63.88939586913226, 63.760475742028845, 63.8031986978465, 62.61230771709711, 61.9764356739255, 61.988022007763036, 60.85917474875342, 60.4150958113011, 56.74538027817421, 51.64013650369494, 47.75944938519774, 43.62262248096592, 38.27914613932012, 33.03358192562174, 27.119758150360255, 23.21876364459968, 22.04830342639115, 22.418451778886013, 22.38873127956825, 22.12756824572984, 17.720848938159403], "f": [0.0, 0.78125, 1.5625, 2.34375, 3.125, 3.90625, 4.6875, 5.46875, 6.25, 7.03125, 7.8125, 8.59375, 9.375, 10.15625, 10.9375, 11.71875, 12.5, 13.28125, 14.0625, 14.84375, 15.625, 16.40625, 17.1875, 17.96875, 18.75, 19.53125, 20.3125, 21.09375, 21.875, 22.65625, 23.4375, 24.21875, 25.0, 25.78125, 26.5625, 27.34375, 28.125, 28.90625, 29.6875, 30.46875, 31.25, 32.03125, 32.8125, 33.59375, 34.375, 35.15625, 35.9375, 36.71875, 37.5, 38.28125, 39.0625, 39.84375, 40.625, 41.40625, 42.1875, 42.96875, 43.75, 44.53125, 45.3125, 46.09375, 46.875, 47.65625, 48.4375, 49.21875, 50.0, 50.78125, 51.5625, 52.34375, 53.125, 53.90625, 54.6875, 55.46875, 56.25, 57.03125, 57.8125, 58.59375, 59.375, 60.15625, 60.9375, 61.71875, 62.5, 63.28125, 64.0625, 64.84375, 65.625, 66.40625, 67.1875, 67.96875, 68.75, 69.53125, 70.3125, 71.09375, 71.875, 72.65625, 73.4375, 74.21875, 75.0, 75.78125, 76.5625, 77.34375, 78.125, 78.90625, 79.6875, 80.46875, 81.25, 82.03125, 82.8125, 83.59375, 84.375, 85.15625, 85.9375, 86.71875, 87.5, 88.28125, 89.0625, 89.84375, 90.625, 91.40625, 92.1875, 92.96875, 93.75, 94.53125, 95.3125, 96.09375, 96.875, 97.65625, 98.4375, 99.21875, 100.0]}