{"psd": [69.34680306643942, 78.79956326724661, 77.69770979116038, 73.6809533247041, 67.72428870580613, 61.3992689484992, 56.33314920863217, 52.48598014585145, 49.62504592260616, 49.97325961329267, 52.40543537362467, 55.22636097155348, 56.13733551411886, 55.89948202048546, 54.184074096156785, 53.47693982462134, 54.0776155248162, 53.77188202235071, 55.049001146770735, 59.073656439875954, 58.83454274375015, 58.009305351678854, 57.529480510957654, 56.29902005237839, 55.96941192049598, 56.35886376998073, 56.65850900591959, 56.431136920420144, 56.47014258795852, 58.36488847923639, 60.00526718706502, 60.89095967620635, 58.59178411926188, 58.71065712149481, 59.63351749459044, 59.81330587649577, 59.3613506930187, 59.688293283442626, 60.93101030381959, 61.78380279313687, 62.91208171264272, 61.36944508793781, 61.13289906668346, 61.31146675935982, 60.459973303909095, 59.740372361934355, 61.18688966343192, 62.58704378327864, 63.40658164350976, 63.099694796377335, 63.68802703302635, 62.63912267256788, 62.140573632944154, 62.06658310710879, 61.51049228058929, 61.57357592898896, 62.181812434584, 64.9190533941285, 66.90711940436701, 65.35239957994764, 64.35494202063354, 64.23964792296312, 64.62670549448927, 63.45659159335425, 62.49440047927996, 63.284950463639255, 64.52810103184696, 65.45700604053287, 65.40019920850166, 64.16147604197795, 63.014830321694795, 62.16175712980899, 62.20929103188745, 62.39487303900161, 64.4759812795121, 73.64038851125319, 82.91732454465452, 80.80530523854945, 68.90747395250696, 65.36080291426379, 62.72695297473304, 61.938875321102145, 63.45059692013998, 65.71905380571756, 62.738508893447204, 61.81718287886393, 61.56480142826765, 60.90787525312127, 61.3321649492365, 61.74783114293205, 61.87516756668211, 61.645853053937536, 60.85136784414355, 61.40144339897381, 61.99841611119037, 64.6864665853961, 67.7604354548463, 64.34985617814532, 60.356583152424015, 59.8455047793138, 60.21734838901705, 59.48247544022238, 59.63093380417526, 59.38064372410561, 59.98099602862603, 61.19714287378537, 62.15683787700265, 63.005941264983925, 63.40964891571161, 63.026336043518356, 62.69363428360595, 61.230188167216475, 60.24752385154453, 59.24234840309893, 57.77959470926266, 58.40715769670454, 55.859274874406076, 51.154759145934115, 47.29608788278179, 41.92531746784223, 35.8012894683616, 31.11504562828219, 25.95386071785682, 23.149335640314185, 22.089868584523593, 22.184637189423142, 22.06415528113986, 22.081633888615492, 17.3310028802983], "f": [0.0, 0.78125, 1.5625, 2.34375, 3.125, 3.90625, 4.6875, 5.46875, 6.25, 7.03125, 7.8125, 8.59375, 9.375, 10.15625, 10.9375, 11.71875, 12.5, 13.28125, 14.0625, 14.84375, 15.625, 16.40625, 17.1875, 17.96875, 18.75, 19.53125, 20.3125, 21.09375, 21.875, 22.65625, 23.4375, 24.21875, 25.0, 25.78125, 26.5625, 27.34375, 28.125, 28.90625, 29.6875, 30.46875, 31.25, 32.03125, 32.8125, 33.59375, 34.375, 35.15625, 35.9375, 36.71875, 37.5, 38.28125, 39.0625, 39.84375, 40.625, 41.40625, 42.1875, 42.96875, 43.75, 44.53125, 45.3125, 46.09375, 46.875, 47.65625, 48.4375, 49.21875, 50.0, 50.78125, 51.5625, 52.34375, 53.125, 53.90625, 54.6875, 55.46875, 56.25, 57.03125, 57.8125, 58.59375, 59.375, 60.15625, 60.9375, 61.71875, 62.5, 63.28125, 64.0625, 64.84375, 65.625, 66.40625, 67.1875, 67.96875, 68.75, 69.53125, 70.3125, 71.09375, 71.875, 72.65625, 73.4375, 74.21875, 75.0, 75.78125, 76.5625, 77.34375, 78.125, 78.90625, 79.6875, 80.46875, 81.25, 82.03125, 82.8125, 83.59375, 84.375, 85.15625, 85.9375, 86.71875, 87.5, 88.28125, 89.0625, 89.84375, 90.625, 91.40625, 92.1875, 92.96875, 93.75, 94.53125, 95.3125, 96.09375, 96.875, 97.65625, 98.4375, 99.21875, 100.0]}