{"psd": [70.989917552514, 80.051864006312, 78.95555315308036, 74.88096411786299, 70.06227092100002, 64.630253373248, 59.173303392985765, 57.53312668501364, 59.04885284315321, 64.65631270672559, 73.7679750592134, 82.88837285130826, 82.07016050575552, 66.88257924967672, 62.00370198076605, 63.40233112885109, 64.03099620413745, 66.12438159241806, 63.92151794476475, 62.01261834966371, 62.266226662762065, 63.17165561860904, 67.36070842116216, 69.06594429590498, 63.55144159488322, 62.90649254563046, 63.806547507168105, 64.32090843345567, 65.01890979224585, 64.62173818906213, 67.05370969210514, 68.40510520312145, 68.88832965577973, 69.13005926788757, 68.35210984736833, 67.10170326676317, 66.91616356349482, 67.7053455902667, 68.23707239566657, 67.49280698686395, 66.3282663679425, 66.0078296248601, 65.85171203182055, 66.82094078022465, 68.7039487197965, 70.48501397385306, 70.5356411517123, 70.15475747626223, 70.41925363586456, 69.68828140618959, 69.48071362179866, 69.849101079539, 69.68540405807688, 70.31607068189768, 70.1893566268461, 70.47497046185538, 71.08888887446498, 71.28206729304574, 70.6430982947416, 67.81276387561195, 67.70491954959854, 68.32640051069353, 68.75246486690722, 70.01275748548663, 70.28724356730682, 68.98558194797471, 69.12429020177359, 70.17521746069994, 71.42393727712059, 72.38827219885249, 72.5000382321171, 72.34208322221482, 71.34616740132552, 69.92238321910659, 69.87044388621041, 69.70239345179326, 71.73955918350045, 73.25416296264966, 70.81807066167141, 70.16441977362128, 70.43310374571905, 68.82238795836793, 67.71614808310746, 67.54117101354082, 66.8054993343816, 67.39384985914504, 67.58753585687404, 66.78048262237259, 67.28611427045821, 67.07085519833021, 67.18189510095014, 67.29569863793301, 67.41829431117095, 66.64794535756396, 66.16420738939692, 68.239025145168, 70.09072737079129, 67.56079809889216, 66.64760554814583, 67.41554322122532, 67.2993366423397, 67.56764528208483, 68.3706808426811, 67.83119750311715, 68.4832623977625, 68.80017328845344, 69.06674609597364, 69.0138642157053, 69.72438835445065, 70.09380662256655, 70.81895526771649, 71.31132222155102, 71.03418881142889, 70.65796662703349, 70.16430081021424, 71.54948647070852, 68.86350075324263, 63.50870541452534, 59.6941537132565, 54.39716085197128, 49.518783468165026, 43.531735416779675, 36.359723929058006, 29.2844783081594, 24.05573593727412, 22.23449085693163, 22.220826565436678, 21.733389419422902, 17.070152910281475], "f": [0.0, 0.78125, 1.5625, 2.34375, 3.125, 3.90625, 4.6875, 5.46875, 6.25, 7.03125, 7.8125, 8.59375, 9.375, 10.15625, 10.9375, 11.71875, 12.5, 13.28125, 14.0625, 14.84375, 15.625, 16.40625, 17.1875, 17.96875, 18.75, 19.53125, 20.3125, 21.09375, 21.875, 22.65625, 23.4375, 24.21875, 25.0, 25.78125, 26.5625, 27.34375, 28.125, 28.90625, 29.6875, 30.46875, 31.25, 32.03125, 32.8125, 33.59375, 34.375, 35.15625, 35.9375, 36.71875, 37.5, 38.28125, 39.0625, 39.84375, 40.625, 41.40625, 42.1875, 42.96875, 43.75, 44.53125, 45.3125, 46.09375, 46.875, 47.65625, 48.4375, 49.21875, 50.0, 50.78125, 51.5625, 52.34375, 53.125, 53.90625, 54.6875, 55.46875, 56.25, 57.03125, 57.8125, 58.59375, 59.375, 60.15625, 60.9375, 61.71875, 62.5, 63.28125, 64.0625, 64.84375, 65.625, 66.40625, 67.1875, 67.96875, 68.75, 69.53125, 70.3125, 71.09375, 71.875, 72.65625, 73.4375, 74.21875, 75.0, 75.78125, 76.5625, 77.34375, 78.125, 78.90625, 79.6875, 80.46875, 81.25, 82.03125, 82.8125, 83.59375, 84.375, 85.15625, 85.9375, 86.71875, 87.5, 88.28125, 89.0625, 89.84375, 90.625, 91.40625, 92.1875, 92.96875, 93.75, 94.53125, 95.3125, 96.09375, 96.875, 97.65625, 98.4375, 99.21875, 100.0]}