{"psd": [57.98047455007145, 67.60310034589548, 68.62345968575563, 67.2338642740419, 64.3439055413556, 59.91559979660138, 55.95747576097038, 51.74219006606013, 48.99536611337162, 48.23504435462587, 52.576226218893936, 53.65880036018356, 50.677186284234004, 51.07965665302628, 51.83242194716637, 54.06789901793526, 55.310706347805194, 56.41251327600977, 57.60212125608707, 58.806728060582714, 56.872648958718706, 55.499527013388395, 53.866152645319175, 53.74198911783153, 57.027491097820246, 57.013874332377654, 55.59564147448598, 56.26309736797915, 56.54404368298975, 55.04786713129672, 55.46902751792943, 56.55458821548415, 57.45974681994379, 58.21726847626336, 57.77166351079734, 57.62730708723563, 58.464928318825784, 58.6471497273447, 57.202768026882, 56.63550494810177, 56.94595475581554, 59.06891513216644, 60.37236991148761, 59.36753924642236, 58.55995215272361, 57.56736498969508, 57.887516422638726, 59.22479056229981, 62.374712154753624, 63.62932016003333, 61.397223040903654, 62.016249165835255, 61.14507667695949, 60.616417074595, 60.614916676047415, 59.559649916898756, 58.959919647339206, 65.21699941157897, 66.63752723098634, 63.57225558490384, 68.91878194550404, 73.88923633339223, 72.54505712859755, 67.35157892493544, 65.7376203621878, 64.00186927423182, 63.00830755028314, 63.295778064553176, 63.00010789897472, 63.71504558387139, 64.37918431831794, 63.56634025514333, 63.44907849797729, 63.11284376606273, 63.97518915277743, 69.34155416168075, 75.27065313241496, 72.89010453342489, 64.15314083685732, 63.08713522737972, 61.91597397979138, 60.826014480853914, 60.711312874753666, 60.155758473330835, 60.1316360952784, 60.246907256792035, 61.307644354945296, 62.75513475335827, 62.47851637581058, 61.3101582313822, 60.230641887752725, 59.14950497085181, 59.196709532529155, 59.05807121852456, 59.66254085387626, 61.042344507112304, 63.60534732835052, 61.752805388237604, 60.533221276753395, 59.737635192434794, 59.489998809137326, 59.53871303160313, 59.84720879411253, 59.64357750537382, 60.74870003520473, 61.37772094126451, 60.75313979247865, 59.71611981939561, 60.11804270386803, 62.15302966543411, 59.58870705296892, 55.398833173067665, 54.77325424985048, 55.42314598769029, 54.95705782805615, 56.684513922891604, 54.165095317789564, 47.31027629101199, 43.663285585349605, 39.4787762397161, 33.933488300985886, 28.765620306027337, 24.42235361436131, 22.786555992633396, 21.946708005138937, 22.443511641627552, 22.320294340586265, 21.906344459594926, 17.096733903658624], "f": [0.0, 0.78125, 1.5625, 2.34375, 3.125, 3.90625, 4.6875, 5.46875, 6.25, 7.03125, 7.8125, 8.59375, 9.375, 10.15625, 10.9375, 11.71875, 12.5, 13.28125, 14.0625, 14.84375, 15.625, 16.40625, 17.1875, 17.96875, 18.75, 19.53125, 20.3125, 21.09375, 21.875, 22.65625, 23.4375, 24.21875, 25.0, 25.78125, 26.5625, 27.34375, 28.125, 28.90625, 29.6875, 30.46875, 31.25, 32.03125, 32.8125, 33.59375, 34.375, 35.15625, 35.9375, 36.71875, 37.5, 38.28125, 39.0625, 39.84375, 40.625, 41.40625, 42.1875, 42.96875, 43.75, 44.53125, 45.3125, 46.09375, 46.875, 47.65625, 48.4375, 49.21875, 50.0, 50.78125, 51.5625, 52.34375, 53.125, 53.90625, 54.6875, 55.46875, 56.25, 57.03125, 57.8125, 58.59375, 59.375, 60.15625, 60.9375, 61.71875, 62.5, 63.28125, 64.0625, 64.84375, 65.625, 66.40625, 67.1875, 67.96875, 68.75, 69.53125, 70.3125, 71.09375, 71.875, 72.65625, 73.4375, 74.21875, 75.0, 75.78125, 76.5625, 77.34375, 78.125, 78.90625, 79.6875, 80.46875, 81.25, 82.03125, 82.8125, 83.59375, 84.375, 85.15625, 85.9375, 86.71875, 87.5, 88.28125, 89.0625, 89.84375, 90.625, 91.40625, 92.1875, 92.96875, 93.75, 94.53125, 95.3125, 96.09375, 96.875, 97.65625, 98.4375, 99.21875, 100.0]}