{"psd": [66.94688870500323, 75.58772117671916, 73.6740167466383, 68.5379934223014, 62.71588164603753, 57.31213989713407, 52.81135620390067, 49.49015666436299, 48.567837235271945, 49.045900053396366, 50.68891065053325, 49.2222851320905, 48.53218946850134, 50.2865208240102, 51.48525983403126, 53.263923032532674, 53.770779012925104, 53.585876728189234, 52.73067437717667, 54.968800395287744, 55.09529012134142, 57.661879521457905, 60.66284757754034, 57.23655892101961, 57.36434929017618, 59.462141255957874, 58.28874093446445, 56.8918077091713, 56.805630103061915, 57.261108376721104, 59.94686589518629, 60.72748968917648, 60.155585944652756, 65.6160045687963, 66.72720001582528, 61.899549647649614, 60.76364944297155, 62.694682908641596, 64.75572395795206, 63.900295869812716, 62.05153997760214, 62.53338126001048, 61.82155310239231, 60.81597482661785, 61.08499326826091, 61.101339205718176, 62.278329890970724, 62.18789421279994, 68.03863449265745, 67.24248887317155, 61.82161241821217, 63.69749115673252, 62.31153517165059, 61.38412332185688, 62.24630582180598, 60.59319462420951, 63.94499706331675, 67.31909653148563, 67.60467450175486, 65.78883857689414, 70.24232643511155, 69.36943281649474, 66.95791931821776, 65.78514033547809, 64.60001502846171, 62.261439848335094, 61.717843538630675, 62.37944159515684, 62.06699673588428, 62.31408451733053, 62.37655930898729, 62.04789797886602, 62.57073423836333, 62.37705823981767, 64.21480090540277, 69.30697548039342, 73.48340413437536, 71.93487294259513, 64.37951850920987, 60.791581729130584, 60.16775826376219, 60.73573567986763, 61.239765495024194, 59.448736771145235, 57.99905578995662, 57.87373514462858, 58.29336751247959, 58.16259879767031, 56.70337689773611, 56.20159710687802, 56.86715170649861, 57.54245223275583, 60.137592836035296, 59.96749415678693, 57.19005823335606, 59.92608130974645, 64.58629986286435, 62.532187235357725, 60.79028498458178, 57.616484049063274, 57.817229406475086, 57.49075641223971, 59.273198899760324, 59.52306361315203, 57.21683453187489, 57.14617953396527, 57.84379872906156, 58.35913238158457, 59.55771718438267, 57.04622935818378, 55.95797057813843, 56.18290059377907, 55.41772496067956, 55.43337054299257, 55.600955552654696, 60.36590690953548, 57.47536197195005, 47.48084126022742, 45.45164270500489, 41.20140036619504, 34.81322330409831, 29.72918186134914, 24.911364260524834, 23.013913574954895, 22.15477831734255, 22.04033993181813, 22.00829756834628, 21.61363400809861, 16.656058060294395], "f": [0.0, 0.78125, 1.5625, 2.34375, 3.125, 3.90625, 4.6875, 5.46875, 6.25, 7.03125, 7.8125, 8.59375, 9.375, 10.15625, 10.9375, 11.71875, 12.5, 13.28125, 14.0625, 14.84375, 15.625, 16.40625, 17.1875, 17.96875, 18.75, 19.53125, 20.3125, 21.09375, 21.875, 22.65625, 23.4375, 24.21875, 25.0, 25.78125, 26.5625, 27.34375, 28.125, 28.90625, 29.6875, 30.46875, 31.25, 32.03125, 32.8125, 33.59375, 34.375, 35.15625, 35.9375, 36.71875, 37.5, 38.28125, 39.0625, 39.84375, 40.625, 41.40625, 42.1875, 42.96875, 43.75, 44.53125, 45.3125, 46.09375, 46.875, 47.65625, 48.4375, 49.21875, 50.0, 50.78125, 51.5625, 52.34375, 53.125, 53.90625, 54.6875, 55.46875, 56.25, 57.03125, 57.8125, 58.59375, 59.375, 60.15625, 60.9375, 61.71875, 62.5, 63.28125, 64.0625, 64.84375, 65.625, 66.40625, 67.1875, 67.96875, 68.75, 69.53125, 70.3125, 71.09375, 71.875, 72.65625, 73.4375, 74.21875, 75.0, 75.78125, 76.5625, 77.34375, 78.125, 78.90625, 79.6875, 80.46875, 81.25, 82.03125, 82.8125, 83.59375, 84.375, 85.15625, 85.9375, 86.71875, 87.5, 88.28125, 89.0625, 89.84375, 90.625, 91.40625, 92.1875, 92.96875, 93.75, 94.53125, 95.3125, 96.09375, 96.875, 97.65625, 98.4375, 99.21875, 100.0]}