{"psd": [63.218735074982256, 71.68175373965853, 68.66611996390832, 60.8398552033958, 53.4550361954457, 48.809498821388495, 47.28298041281746, 47.790873879472045, 47.17217639282459, 46.847196081208686, 47.76754569311347, 47.373725251863846, 47.553821163227965, 49.47979879441487, 52.288868683694716, 55.72562262947134, 55.656378920920105, 51.78100613254144, 51.47571749968201, 53.91202715575641, 54.51169528908616, 53.764960021675, 54.45739288611685, 54.84649255724765, 55.126043852209776, 55.130633852300676, 53.777219153061814, 54.42600049928639, 56.11447112773316, 57.1926491705267, 58.20889580890444, 58.263692314630106, 58.258027744883236, 57.079937664752364, 58.45262223830127, 58.81353435085539, 57.71138218787093, 59.35791999706325, 63.962064692083445, 63.178482457398076, 59.01303851263811, 58.70085541546856, 59.75295485029331, 58.96321352841142, 60.04124816746298, 62.2503933602153, 62.71574638122887, 60.182233171088974, 59.5303762291043, 59.70012469643507, 59.31699644589762, 60.1254168959599, 60.53123155499746, 60.82775072214818, 62.19901831168771, 62.83362746603787, 63.69753556506525, 65.0973500077989, 64.5012311021086, 63.15063515756879, 64.22089683038722, 65.27650732443112, 64.49591430230909, 66.0983626439339, 65.70828007842887, 63.115435784145376, 63.01545267047079, 64.46635807081182, 65.8618158026454, 66.010625796108, 64.18020797996124, 62.9060050869056, 62.33636589673541, 62.28090408555963, 62.0934556364048, 64.24424009837666, 67.7900939114391, 66.81382369758225, 62.978475424863845, 62.37694632629566, 62.229669491295084, 62.15669194472536, 61.57819618289768, 61.13166714845181, 60.68713395430631, 60.13526477740929, 60.51508920920711, 60.79043100625137, 60.825873011112265, 61.2814053664611, 61.708166715171686, 62.13837094880145, 61.6540103517312, 61.50156078926151, 60.820473892438955, 61.066445481369705, 61.50227690513606, 60.57315529607261, 58.65967566111786, 58.73985252168302, 59.046695527230824, 58.747344920107594, 59.17937726505197, 59.789955301689076, 60.33055976593545, 60.459625626550526, 59.48413576416975, 58.58877707951115, 58.16074290627823, 58.549303911384854, 58.06188735546678, 57.38953313011141, 57.39171474194761, 55.99989370781969, 54.3044605246861, 53.94194907689411, 51.209455942952175, 46.0182038923889, 42.61281083779907, 37.58419084533509, 32.8738243945648, 27.383757399332737, 23.375434741405485, 22.469853412780502, 22.04295792927639, 22.322709133688974, 22.244973742642497, 22.25395804252363, 17.400943949519526], "f": [0.0, 0.78125, 1.5625, 2.34375, 3.125, 3.90625, 4.6875, 5.46875, 6.25, 7.03125, 7.8125, 8.59375, 9.375, 10.15625, 10.9375, 11.71875, 12.5, 13.28125, 14.0625, 14.84375, 15.625, 16.40625, 17.1875, 17.96875, 18.75, 19.53125, 20.3125, 21.09375, 21.875, 22.65625, 23.4375, 24.21875, 25.0, 25.78125, 26.5625, 27.34375, 28.125, 28.90625, 29.6875, 30.46875, 31.25, 32.03125, 32.8125, 33.59375, 34.375, 35.15625, 35.9375, 36.71875, 37.5, 38.28125, 39.0625, 39.84375, 40.625, 41.40625, 42.1875, 42.96875, 43.75, 44.53125, 45.3125, 46.09375, 46.875, 47.65625, 48.4375, 49.21875, 50.0, 50.78125, 51.5625, 52.34375, 53.125, 53.90625, 54.6875, 55.46875, 56.25, 57.03125, 57.8125, 58.59375, 59.375, 60.15625, 60.9375, 61.71875, 62.5, 63.28125, 64.0625, 64.84375, 65.625, 66.40625, 67.1875, 67.96875, 68.75, 69.53125, 70.3125, 71.09375, 71.875, 72.65625, 73.4375, 74.21875, 75.0, 75.78125, 76.5625, 77.34375, 78.125, 78.90625, 79.6875, 80.46875, 81.25, 82.03125, 82.8125, 83.59375, 84.375, 85.15625, 85.9375, 86.71875, 87.5, 88.28125, 89.0625, 89.84375, 90.625, 91.40625, 92.1875, 92.96875, 93.75, 94.53125, 95.3125, 96.09375, 96.875, 97.65625, 98.4375, 99.21875, 100.0]}