{"psd": [68.68276545389878, 77.62781223641039, 76.22640961318075, 72.99417906421213, 67.09839971025416, 60.94983963633951, 55.911215044749625, 52.22085579521326, 49.36467036244845, 49.25275340062591, 53.661919904501275, 54.08476004397131, 49.67664754313474, 49.1001910275602, 50.50587244358144, 51.10881198574688, 51.4119827721797, 51.86353333889794, 52.588453710504986, 52.70838865622309, 53.62196187165219, 57.28477754380791, 55.546708867733145, 52.68414253068759, 52.672661533788485, 53.860536989553964, 58.446104888901544, 60.65221849364799, 58.73406398997346, 54.91624652041097, 53.77660256753916, 54.507594606175765, 55.00745967007877, 56.16529927080669, 58.51824850559694, 60.74837164250938, 60.95517172734077, 58.55640648904264, 59.7317977340602, 58.83803211490036, 57.47354012538636, 59.93713058248639, 65.10234789773558, 64.686267378485, 61.05979120144603, 60.00031203844263, 60.58386571814759, 60.841588265065454, 63.23387788798953, 64.43990176304956, 64.81117253949921, 62.54809133438848, 61.27469054253862, 61.71509305776195, 60.706062634938505, 62.361470759469604, 67.63639391855199, 68.96719660683965, 66.53716919393862, 64.61889140316275, 65.78057785050595, 65.56076847930997, 67.43956370311413, 72.06297433084274, 73.2746914933164, 69.73421298790142, 67.07454199042986, 66.26360900284534, 66.25373577865594, 68.23895735269113, 70.83904821466943, 71.80008322238037, 69.5805691640051, 67.30093311860203, 67.75450991638263, 74.38423790635072, 84.16352361426317, 81.98387944398704, 70.94182138525395, 67.27221848403569, 66.23093508090325, 65.45322984490666, 65.44454097788775, 66.76851723828923, 65.90485255889212, 65.2220618371385, 64.81957703882563, 64.00324537318697, 63.997049653168155, 63.1676794726569, 63.13904220580363, 62.58355541045891, 62.42889630978535, 61.75529498809385, 60.85090479675716, 62.89576455751116, 65.16549024550093, 62.58866801520243, 60.49870620283891, 60.738550469596, 61.4987080958067, 61.07437916394349, 60.339351674273075, 59.587928672010825, 60.04642023841723, 60.482611758157844, 60.63404017475503, 59.72766114435956, 59.303293610644594, 59.27176545529263, 59.376417583523335, 58.20633024423732, 58.09588118779481, 57.85864583699481, 57.78894356039024, 59.83405873601556, 56.65831995375004, 50.30213159777185, 46.587404142552444, 42.05421424913753, 36.50890809241604, 30.708310028843343, 24.969715530049562, 22.500180873643117, 21.858168302610338, 21.742661335634992, 21.899491306332784, 21.988106937239685, 17.61948324615294], "f": [0.0, 0.78125, 1.5625, 2.34375, 3.125, 3.90625, 4.6875, 5.46875, 6.25, 7.03125, 7.8125, 8.59375, 9.375, 10.15625, 10.9375, 11.71875, 12.5, 13.28125, 14.0625, 14.84375, 15.625, 16.40625, 17.1875, 17.96875, 18.75, 19.53125, 20.3125, 21.09375, 21.875, 22.65625, 23.4375, 24.21875, 25.0, 25.78125, 26.5625, 27.34375, 28.125, 28.90625, 29.6875, 30.46875, 31.25, 32.03125, 32.8125, 33.59375, 34.375, 35.15625, 35.9375, 36.71875, 37.5, 38.28125, 39.0625, 39.84375, 40.625, 41.40625, 42.1875, 42.96875, 43.75, 44.53125, 45.3125, 46.09375, 46.875, 47.65625, 48.4375, 49.21875, 50.0, 50.78125, 51.5625, 52.34375, 53.125, 53.90625, 54.6875, 55.46875, 56.25, 57.03125, 57.8125, 58.59375, 59.375, 60.15625, 60.9375, 61.71875, 62.5, 63.28125, 64.0625, 64.84375, 65.625, 66.40625, 67.1875, 67.96875, 68.75, 69.53125, 70.3125, 71.09375, 71.875, 72.65625, 73.4375, 74.21875, 75.0, 75.78125, 76.5625, 77.34375, 78.125, 78.90625, 79.6875, 80.46875, 81.25, 82.03125, 82.8125, 83.59375, 84.375, 85.15625, 85.9375, 86.71875, 87.5, 88.28125, 89.0625, 89.84375, 90.625, 91.40625, 92.1875, 92.96875, 93.75, 94.53125, 95.3125, 96.09375, 96.875, 97.65625, 98.4375, 99.21875, 100.0]}