{"psd": [69.02555084401592, 78.01329209735886, 74.95353387202005, 72.40481196707015, 67.94393305079703, 63.33856352963609, 58.98869689438079, 55.642092077550444, 54.31865628830284, 52.533905810284445, 53.42185692459139, 52.78292375976319, 52.361080590729905, 52.288382493374556, 53.15488039900589, 57.985293587021644, 57.898385752905426, 53.83660475526262, 53.87446989830551, 53.94394748743955, 53.487645767871825, 53.91270157734367, 53.11962777247035, 54.000387984878195, 54.264368208549534, 55.248471879719965, 56.098283699774356, 56.6065183080483, 54.97269859396945, 55.45746325951513, 55.609011403456506, 55.76822065131048, 56.81373736038263, 56.33750057658675, 55.71960534881867, 55.47641121440259, 55.55441286134879, 55.46906299244176, 59.77451755655672, 60.14528612177599, 58.31060842639018, 57.10815525796, 55.899235182612045, 55.84968570607384, 56.58772253572514, 57.07682807590473, 57.58862899295539, 59.34762578762739, 61.38806916802209, 59.92056060101185, 59.35285566493788, 58.67539609541684, 58.19354678846765, 58.23052424325665, 58.42122470839189, 60.0529823715729, 60.79648979395107, 64.40829452334901, 65.1817768550036, 59.91950000025313, 59.74480462556539, 60.91969858413253, 62.38649373832462, 64.36712944771885, 65.94250265985069, 63.83050804059899, 61.275883465923656, 60.55164128195133, 59.7454791163083, 60.04314711955378, 59.82438096275436, 61.35679172529551, 60.992697071825006, 60.21481554213351, 60.908595373235016, 71.46595247046955, 81.76942364712615, 79.96406473519421, 64.28786816780013, 59.05080529455775, 58.564907660644806, 57.73257357905497, 59.08330274856135, 61.96229652851852, 59.699903033931044, 59.47924086148552, 60.14370852770986, 60.93787386865678, 60.675893273762675, 59.80588324742092, 59.085435439164954, 58.552695723265984, 58.380743283318075, 58.10035205655232, 57.91622918613365, 65.65612632472588, 71.06159924451244, 65.63458111649415, 58.40292528794088, 59.32223101144912, 58.73339731202661, 58.09556047112149, 56.46714211117527, 56.658159406466794, 56.378739757013314, 55.84760694223529, 55.85729643740822, 55.19151168905094, 55.42631054398189, 55.442429650925256, 56.016203182962705, 55.49834662540641, 55.56410987757296, 54.881521302747444, 54.83172594143298, 57.05912529483402, 54.44203835810828, 46.2262477079271, 42.73845324114742, 39.47191611606299, 32.99952190370322, 27.281827899186744, 23.809082900823746, 22.69577132879194, 22.032701085813173, 21.833687894792856, 22.28158364533728, 22.555623030648945, 17.87756944988875], "f": [0.0, 0.78125, 1.5625, 2.34375, 3.125, 3.90625, 4.6875, 5.46875, 6.25, 7.03125, 7.8125, 8.59375, 9.375, 10.15625, 10.9375, 11.71875, 12.5, 13.28125, 14.0625, 14.84375, 15.625, 16.40625, 17.1875, 17.96875, 18.75, 19.53125, 20.3125, 21.09375, 21.875, 22.65625, 23.4375, 24.21875, 25.0, 25.78125, 26.5625, 27.34375, 28.125, 28.90625, 29.6875, 30.46875, 31.25, 32.03125, 32.8125, 33.59375, 34.375, 35.15625, 35.9375, 36.71875, 37.5, 38.28125, 39.0625, 39.84375, 40.625, 41.40625, 42.1875, 42.96875, 43.75, 44.53125, 45.3125, 46.09375, 46.875, 47.65625, 48.4375, 49.21875, 50.0, 50.78125, 51.5625, 52.34375, 53.125, 53.90625, 54.6875, 55.46875, 56.25, 57.03125, 57.8125, 58.59375, 59.375, 60.15625, 60.9375, 61.71875, 62.5, 63.28125, 64.0625, 64.84375, 65.625, 66.40625, 67.1875, 67.96875, 68.75, 69.53125, 70.3125, 71.09375, 71.875, 72.65625, 73.4375, 74.21875, 75.0, 75.78125, 76.5625, 77.34375, 78.125, 78.90625, 79.6875, 80.46875, 81.25, 82.03125, 82.8125, 83.59375, 84.375, 85.15625, 85.9375, 86.71875, 87.5, 88.28125, 89.0625, 89.84375, 90.625, 91.40625, 92.1875, 92.96875, 93.75, 94.53125, 95.3125, 96.09375, 96.875, 97.65625, 98.4375, 99.21875, 100.0]}