{"psd": [56.34112000728068, 65.47878655394763, 62.104851496413744, 56.725084043469025, 52.19755198878669, 48.85524832609465, 48.97280605061779, 48.33188287869792, 46.84797480754413, 48.074074126074535, 47.98227560541577, 51.93797818602807, 51.68724213832866, 51.131007126792625, 57.12365235007199, 57.308750446703655, 51.62972958336261, 54.01292112825951, 56.013755905333596, 58.93344242510719, 56.36314157410994, 51.85040258483091, 50.90853017496775, 50.20620926857313, 50.62593608180301, 53.91770116443461, 58.98470556287712, 58.77789033784323, 57.476961455242346, 56.20293743060377, 56.08254308255657, 55.84749195486023, 57.64011766615767, 59.82626418325302, 61.20217105384406, 63.494749708082736, 62.212170214465175, 61.359155468142525, 60.62292479028561, 60.99134709574368, 58.458932493418686, 57.27435224824862, 58.91432990229663, 60.498350379445, 60.78366990120657, 61.87285666661771, 63.83488373420819, 62.926736338771185, 63.4455363883327, 64.88496210249772, 61.826282998659714, 62.53948643009517, 62.873601349258436, 61.919273977295155, 63.158179037721666, 65.4857140780536, 65.82019670852274, 67.99428161292639, 69.0139078734201, 65.59461620842424, 70.63095436615002, 68.61889735964583, 64.32868327934938, 64.44414395826956, 65.08894191267137, 66.07218607048874, 65.62274530803136, 64.56511088689292, 65.41413111092909, 66.1520826282873, 66.28509370693932, 64.61207544015915, 64.08129771421036, 65.0893664813824, 66.11806869907488, 69.02333621903603, 75.8106567351045, 72.86278791877439, 64.09870519510686, 62.11505644411866, 61.42744024205164, 62.6021459273261, 63.77080357466919, 64.78112255758803, 64.42361766236087, 62.918823562048296, 61.67464761795645, 61.274928426163385, 62.031844539664824, 61.25097721625111, 61.421712307691706, 63.37755677923542, 64.37274783398823, 63.73525659334231, 63.162202740076374, 62.71292094997452, 62.20578829566192, 62.54909072547915, 64.14701844093747, 64.06936924596393, 65.01442723454774, 65.55105674593739, 65.99646506561086, 66.39808994147192, 66.6603625094312, 67.5099495949984, 68.43506659244453, 69.71978867171171, 70.23046382932718, 70.16133193107609, 68.78685654733187, 68.20328134368955, 66.68169325620866, 66.53354806336287, 64.77333007873193, 66.83118184148266, 64.75584631805533, 58.86103048282371, 56.09654626557574, 50.896374754072156, 45.82671372960961, 38.57433396613567, 31.186043979021257, 25.13352048826619, 22.554802699312432, 21.982689927860694, 22.058945694524937, 21.933459361440146, 17.152896510998314], "f": [0.0, 0.78125, 1.5625, 2.34375, 3.125, 3.90625, 4.6875, 5.46875, 6.25, 7.03125, 7.8125, 8.59375, 9.375, 10.15625, 10.9375, 11.71875, 12.5, 13.28125, 14.0625, 14.84375, 15.625, 16.40625, 17.1875, 17.96875, 18.75, 19.53125, 20.3125, 21.09375, 21.875, 22.65625, 23.4375, 24.21875, 25.0, 25.78125, 26.5625, 27.34375, 28.125, 28.90625, 29.6875, 30.46875, 31.25, 32.03125, 32.8125, 33.59375, 34.375, 35.15625, 35.9375, 36.71875, 37.5, 38.28125, 39.0625, 39.84375, 40.625, 41.40625, 42.1875, 42.96875, 43.75, 44.53125, 45.3125, 46.09375, 46.875, 47.65625, 48.4375, 49.21875, 50.0, 50.78125, 51.5625, 52.34375, 53.125, 53.90625, 54.6875, 55.46875, 56.25, 57.03125, 57.8125, 58.59375, 59.375, 60.15625, 60.9375, 61.71875, 62.5, 63.28125, 64.0625, 64.84375, 65.625, 66.40625, 67.1875, 67.96875, 68.75, 69.53125, 70.3125, 71.09375, 71.875, 72.65625, 73.4375, 74.21875, 75.0, 75.78125, 76.5625, 77.34375, 78.125, 78.90625, 79.6875, 80.46875, 81.25, 82.03125, 82.8125, 83.59375, 84.375, 85.15625, 85.9375, 86.71875, 87.5, 88.28125, 89.0625, 89.84375, 90.625, 91.40625, 92.1875, 92.96875, 93.75, 94.53125, 95.3125, 96.09375, 96.875, 97.65625, 98.4375, 99.21875, 100.0]}