{"psd": [69.78639650270848, 78.66649894571319, 77.26731497252636, 72.58392961578434, 67.11570957147262, 61.44676103695272, 56.35315378240633, 52.35606172764335, 49.70529321362016, 50.127745699805935, 52.16491993490738, 54.1244295396009, 53.6502087260334, 54.30502200743662, 55.45184054829494, 57.35046380336595, 54.75456136499823, 54.33392963067648, 54.533822039488705, 55.03390234101304, 56.53486369411056, 57.397478305478785, 57.081112190546634, 55.58589733186834, 55.27123363050297, 56.11309526001341, 57.3309107614527, 57.27198251924634, 56.527485092255205, 58.83610513850806, 60.17270655080153, 60.90146838163088, 58.591306887897034, 60.12057568437704, 61.289235037654315, 61.64667567670761, 60.4266219608875, 59.57507013385124, 60.663060745355146, 61.28608249635015, 61.68306140043497, 59.90941218373542, 59.44268926484017, 60.05064304694653, 60.32621273787856, 58.886216726788334, 60.99592379977644, 62.4751874886612, 63.747045562569234, 63.06134308729615, 62.20959892635573, 61.55281171846128, 60.973549944587795, 60.815048514457985, 60.617017582534835, 60.99315623972339, 61.27835704821571, 64.27783153333999, 65.55944446462499, 63.98325839357784, 63.10506994864611, 62.6159684621613, 63.205383426399464, 62.985141230887066, 62.53417225665107, 62.861737897531484, 64.73115257508815, 65.60200830193727, 65.27059130464558, 63.55754421118161, 62.62786925052229, 62.065961832364955, 61.462084043076445, 61.66934612439877, 63.479146241785294, 72.89480737464214, 81.94354717012459, 79.73456865371149, 68.53543042165064, 64.89216519223065, 62.77761853579805, 62.25270400600852, 63.08766505762122, 65.82701565131896, 63.10053399546132, 61.57597983216532, 61.90439148790227, 62.29738638470516, 62.36589595952072, 61.704998154937876, 61.60973117034593, 61.450719375717014, 61.52306719230654, 61.27020346587563, 61.80660697825125, 64.35131256990674, 67.28177759936854, 63.71249265790985, 60.54139243753826, 60.44386944186162, 60.17892786876514, 60.37602551728601, 59.83878747527694, 58.92178824887179, 58.96482987340163, 59.368492104060174, 60.62071929215661, 61.53695484009568, 62.25889370899611, 61.59157820550285, 61.75784606619458, 60.576966449297316, 58.988196703494104, 58.858615259690445, 58.0611347920867, 58.20082617891893, 54.8864663812173, 49.55144033432495, 46.05798922058004, 41.71521964672431, 36.37187093312769, 30.215722283157046, 25.559504401127736, 23.084536525218358, 22.630009662535272, 22.048244608141715, 22.115764002409783, 22.224512354086926, 17.401275188167137], "f": [0.0, 0.78125, 1.5625, 2.34375, 3.125, 3.90625, 4.6875, 5.46875, 6.25, 7.03125, 7.8125, 8.59375, 9.375, 10.15625, 10.9375, 11.71875, 12.5, 13.28125, 14.0625, 14.84375, 15.625, 16.40625, 17.1875, 17.96875, 18.75, 19.53125, 20.3125, 21.09375, 21.875, 22.65625, 23.4375, 24.21875, 25.0, 25.78125, 26.5625, 27.34375, 28.125, 28.90625, 29.6875, 30.46875, 31.25, 32.03125, 32.8125, 33.59375, 34.375, 35.15625, 35.9375, 36.71875, 37.5, 38.28125, 39.0625, 39.84375, 40.625, 41.40625, 42.1875, 42.96875, 43.75, 44.53125, 45.3125, 46.09375, 46.875, 47.65625, 48.4375, 49.21875, 50.0, 50.78125, 51.5625, 52.34375, 53.125, 53.90625, 54.6875, 55.46875, 56.25, 57.03125, 57.8125, 58.59375, 59.375, 60.15625, 60.9375, 61.71875, 62.5, 63.28125, 64.0625, 64.84375, 65.625, 66.40625, 67.1875, 67.96875, 68.75, 69.53125, 70.3125, 71.09375, 71.875, 72.65625, 73.4375, 74.21875, 75.0, 75.78125, 76.5625, 77.34375, 78.125, 78.90625, 79.6875, 80.46875, 81.25, 82.03125, 82.8125, 83.59375, 84.375, 85.15625, 85.9375, 86.71875, 87.5, 88.28125, 89.0625, 89.84375, 90.625, 91.40625, 92.1875, 92.96875, 93.75, 94.53125, 95.3125, 96.09375, 96.875, 97.65625, 98.4375, 99.21875, 100.0]}