{"psd": [56.54418193547215, 66.0921776989651, 63.04903651330788, 57.317387399740184, 53.15071680759673, 49.462529079607776, 48.80658462810051, 49.34256532956297, 47.06208950086949, 47.69694348246773, 47.85797460206963, 51.44529299306182, 50.76059120339562, 49.65131369135709, 50.023023984914786, 50.92872115754066, 55.40519693710273, 58.09378538961768, 55.17323638448313, 59.46806896176042, 57.75218417701832, 52.007352799824545, 50.88724026162896, 50.77595566548706, 51.672325104801324, 53.31178560152182, 53.51018520491387, 54.96417534049592, 55.372947734950685, 53.83008557352088, 53.724488743839544, 54.12041008396584, 54.26319310967554, 56.47803345312445, 57.62479689248785, 57.035509851441624, 57.591464127644976, 59.55435354711997, 62.57783115412962, 62.88994500455744, 59.04775584806926, 57.744325351098894, 58.26780758624952, 59.36091376429883, 59.991582108141024, 61.73486031180333, 62.95469578479932, 62.540651279849214, 69.41893840733513, 71.09051961813037, 63.72584106540482, 63.58918477938875, 63.24833445710357, 62.347633587527476, 62.8362760613334, 65.04033775769328, 64.99498348791934, 68.39251938408961, 69.37728181015805, 63.43324156678599, 64.94963401493285, 73.56718527475591, 73.20153839463893, 64.96487660366411, 65.70773457493571, 65.54499372056917, 63.54675411483286, 62.28415655438624, 63.16367496707262, 63.33009159177199, 61.987419738579234, 62.16150611093041, 62.664784780519405, 63.825182050814234, 65.04025473557496, 67.25059947811789, 73.63490844118905, 72.44259650687354, 64.61899579208529, 61.071989499008296, 60.83964049002796, 61.981910063510114, 63.16234323530091, 63.94425831419569, 62.904589023305604, 62.13002439212882, 61.567207925416376, 60.974813571575375, 61.03456822225219, 61.67074140137917, 62.356253498397066, 63.13078630405546, 63.749945393043944, 64.15459100354474, 63.47604407434307, 63.28413890696153, 63.946091190580596, 65.20994088166988, 65.28685544374335, 64.5235878661508, 64.54737604156384, 65.40887094289117, 64.88498348180231, 63.98799469042315, 63.97381943486639, 64.38081144043016, 64.26996412108188, 64.32029887772359, 63.828876494997814, 64.06745258741245, 63.23303240585665, 62.75859399455106, 61.54471310402517, 60.54224770132291, 59.38995185233044, 64.77605497738452, 61.85142115187821, 49.762883759392516, 45.589522529749395, 41.72299453078077, 36.99170055158846, 31.414594617011062, 25.907618795471357, 23.101433026160805, 21.916537103561087, 21.991024177258733, 21.866384813908635, 22.34863275053708, 17.58600109139658], "f": [0.0, 0.78125, 1.5625, 2.34375, 3.125, 3.90625, 4.6875, 5.46875, 6.25, 7.03125, 7.8125, 8.59375, 9.375, 10.15625, 10.9375, 11.71875, 12.5, 13.28125, 14.0625, 14.84375, 15.625, 16.40625, 17.1875, 17.96875, 18.75, 19.53125, 20.3125, 21.09375, 21.875, 22.65625, 23.4375, 24.21875, 25.0, 25.78125, 26.5625, 27.34375, 28.125, 28.90625, 29.6875, 30.46875, 31.25, 32.03125, 32.8125, 33.59375, 34.375, 35.15625, 35.9375, 36.71875, 37.5, 38.28125, 39.0625, 39.84375, 40.625, 41.40625, 42.1875, 42.96875, 43.75, 44.53125, 45.3125, 46.09375, 46.875, 47.65625, 48.4375, 49.21875, 50.0, 50.78125, 51.5625, 52.34375, 53.125, 53.90625, 54.6875, 55.46875, 56.25, 57.03125, 57.8125, 58.59375, 59.375, 60.15625, 60.9375, 61.71875, 62.5, 63.28125, 64.0625, 64.84375, 65.625, 66.40625, 67.1875, 67.96875, 68.75, 69.53125, 70.3125, 71.09375, 71.875, 72.65625, 73.4375, 74.21875, 75.0, 75.78125, 76.5625, 77.34375, 78.125, 78.90625, 79.6875, 80.46875, 81.25, 82.03125, 82.8125, 83.59375, 84.375, 85.15625, 85.9375, 86.71875, 87.5, 88.28125, 89.0625, 89.84375, 90.625, 91.40625, 92.1875, 92.96875, 93.75, 94.53125, 95.3125, 96.09375, 96.875, 97.65625, 98.4375, 99.21875, 100.0]}