{"psd": [61.73662489178797, 71.28039797221393, 71.41033300577284, 68.97984049033052, 65.5000190095403, 60.86812056516669, 55.95216787954214, 52.12886711461536, 49.03441492085367, 51.283264604059354, 55.02541127279841, 50.841014505671545, 49.52895234487859, 52.93648482119258, 51.07484008974267, 50.66080765001211, 50.46291830500462, 55.336867086028796, 56.52990656153942, 60.600581056465266, 64.58021628810522, 59.521590082504986, 55.502166186543114, 54.171302347764225, 54.04188982897403, 55.463910963077865, 55.97885193315528, 56.55356021234403, 56.492788128325515, 61.438352598577175, 65.30567630840925, 61.90326491741097, 58.377436172704336, 57.26059253537785, 57.028251705476634, 57.32847659447114, 56.78561030620695, 58.980947989427804, 60.22473585894267, 60.55947098481226, 62.90984208412265, 59.48294380099164, 59.69500179491101, 59.36571097958833, 58.641153142479006, 58.97006171378891, 59.323040921195506, 59.255654156713774, 59.711657300389966, 63.26718176194915, 65.91003772196345, 63.390445712713436, 61.63201902057173, 60.929866414646554, 60.9244739089369, 62.659495371835064, 62.01502015008564, 67.63011842521641, 68.36973349546864, 63.207984501411694, 64.13173972475944, 63.299151598038364, 61.81208827094043, 61.12146990522861, 61.314386534666106, 61.04592845310687, 61.51667594630176, 61.85750528371081, 61.57225689354529, 62.587959000242904, 62.5197161170171, 61.278706149934024, 60.95687210218695, 60.805461208842985, 66.260182349606, 74.69527537491179, 84.26396401345643, 82.2175788132773, 69.23263713682816, 62.66798427201393, 60.63409952951575, 59.53091325602084, 62.31021839409092, 67.32269813304181, 62.86443413702677, 58.55567088067177, 57.9328343553706, 58.01548553859977, 57.83329043119683, 58.25274442952163, 57.68838512314935, 58.02941742808261, 58.609158874017034, 58.23024386126302, 56.60808014317247, 61.355879299316015, 65.97894456786916, 60.723946373268376, 56.94257432555911, 57.05301136861607, 58.0563753819211, 57.82278616788904, 57.36338802792083, 57.43672764522372, 57.6326978186335, 57.669954849317946, 57.583088947178915, 58.1130606340045, 57.927234626616766, 58.495766944649965, 59.245000243795914, 58.26747054962161, 56.9956718644483, 55.84467500303809, 54.80351761601732, 57.61913089890092, 54.601161688527, 48.34078238562241, 44.15594410513867, 39.259198209942724, 34.46920953757903, 28.97192688621176, 24.37792365581152, 23.001915296745597, 22.427366342002525, 22.250940423861646, 22.370516485290718, 21.937235203299444, 17.20514756848984], "f": [0.0, 0.78125, 1.5625, 2.34375, 3.125, 3.90625, 4.6875, 5.46875, 6.25, 7.03125, 7.8125, 8.59375, 9.375, 10.15625, 10.9375, 11.71875, 12.5, 13.28125, 14.0625, 14.84375, 15.625, 16.40625, 17.1875, 17.96875, 18.75, 19.53125, 20.3125, 21.09375, 21.875, 22.65625, 23.4375, 24.21875, 25.0, 25.78125, 26.5625, 27.34375, 28.125, 28.90625, 29.6875, 30.46875, 31.25, 32.03125, 32.8125, 33.59375, 34.375, 35.15625, 35.9375, 36.71875, 37.5, 38.28125, 39.0625, 39.84375, 40.625, 41.40625, 42.1875, 42.96875, 43.75, 44.53125, 45.3125, 46.09375, 46.875, 47.65625, 48.4375, 49.21875, 50.0, 50.78125, 51.5625, 52.34375, 53.125, 53.90625, 54.6875, 55.46875, 56.25, 57.03125, 57.8125, 58.59375, 59.375, 60.15625, 60.9375, 61.71875, 62.5, 63.28125, 64.0625, 64.84375, 65.625, 66.40625, 67.1875, 67.96875, 68.75, 69.53125, 70.3125, 71.09375, 71.875, 72.65625, 73.4375, 74.21875, 75.0, 75.78125, 76.5625, 77.34375, 78.125, 78.90625, 79.6875, 80.46875, 81.25, 82.03125, 82.8125, 83.59375, 84.375, 85.15625, 85.9375, 86.71875, 87.5, 88.28125, 89.0625, 89.84375, 90.625, 91.40625, 92.1875, 92.96875, 93.75, 94.53125, 95.3125, 96.09375, 96.875, 97.65625, 98.4375, 99.21875, 100.0]}