{"psd": [61.86449585328121, 70.93618831528319, 71.53591433472658, 69.67112017270352, 65.69075393523998, 60.87184316655569, 55.54591867508562, 51.816896286868555, 49.16159795419931, 48.61495817864018, 49.8287964745224, 47.888942453285466, 50.210394022569915, 54.9016528031534, 52.0900714904139, 49.43978453601237, 50.581115307138525, 53.225250395607134, 54.24617052051974, 57.23190471011172, 57.42301794345762, 54.00572157621957, 54.37732341007554, 52.8419269586709, 51.287825000933225, 54.2554081907988, 57.02268345827769, 55.49783753599132, 53.471479861606625, 55.5047185144025, 57.78989285524143, 54.77055604666005, 53.87927161931751, 54.55748735042825, 55.3270416306635, 56.140908174234056, 55.033091224438536, 57.8513997690186, 64.02624644955861, 62.69215904848048, 57.713530481005726, 56.95751275930341, 57.40051343871247, 57.58935830552471, 57.93945313468087, 58.205982566702446, 58.930407422973516, 59.429624498929925, 61.39092876540274, 63.89628854745675, 62.28434582227506, 61.25176267206236, 61.21830922668266, 60.31772848406119, 60.603265142056784, 61.965958786875035, 61.65598462272733, 65.43960048404963, 65.95286578938233, 61.32599303695347, 61.35243783588547, 61.43894469579605, 60.85381956875583, 60.40998399303827, 60.01836093613883, 60.84869010616943, 60.565408407519534, 60.07277974948853, 59.97036034834479, 60.330045629691405, 60.30826199082689, 58.70431470972876, 57.92683799589031, 57.9283974530902, 63.04673907285662, 70.95223562791682, 80.50097425042705, 78.49745381879978, 67.20588683176477, 62.10401485575492, 58.37356479143446, 57.848507624775024, 63.06476398482086, 68.58117141924176, 63.654502900984326, 57.745526238059156, 57.720364018905954, 56.86496139603498, 56.49227089231444, 56.49018947708428, 56.18780885564037, 56.807837396344276, 57.44111554448224, 55.63501385595154, 55.6551508848549, 57.945536802849546, 62.297398836728384, 58.247062206096246, 55.25784191503652, 55.952245809081006, 56.44694317446125, 56.21777221297566, 56.41866405984757, 56.77854188025901, 57.05768194366441, 57.327202406617616, 57.94676712105676, 57.71274499585267, 57.43179499302048, 58.240213780137324, 61.519094068922286, 61.950667981322205, 58.63216777130441, 61.82768079256286, 62.459974705760715, 68.8962970013703, 65.5464925919315, 49.591892514822895, 44.301195963511574, 40.82491278106837, 35.82868087335048, 29.982444321115267, 24.89936998926283, 22.860765646921916, 22.14816307674426, 21.67674420332122, 21.9553300702877, 21.94054954397153, 17.219677373983004], "f": [0.0, 0.78125, 1.5625, 2.34375, 3.125, 3.90625, 4.6875, 5.46875, 6.25, 7.03125, 7.8125, 8.59375, 9.375, 10.15625, 10.9375, 11.71875, 12.5, 13.28125, 14.0625, 14.84375, 15.625, 16.40625, 17.1875, 17.96875, 18.75, 19.53125, 20.3125, 21.09375, 21.875, 22.65625, 23.4375, 24.21875, 25.0, 25.78125, 26.5625, 27.34375, 28.125, 28.90625, 29.6875, 30.46875, 31.25, 32.03125, 32.8125, 33.59375, 34.375, 35.15625, 35.9375, 36.71875, 37.5, 38.28125, 39.0625, 39.84375, 40.625, 41.40625, 42.1875, 42.96875, 43.75, 44.53125, 45.3125, 46.09375, 46.875, 47.65625, 48.4375, 49.21875, 50.0, 50.78125, 51.5625, 52.34375, 53.125, 53.90625, 54.6875, 55.46875, 56.25, 57.03125, 57.8125, 58.59375, 59.375, 60.15625, 60.9375, 61.71875, 62.5, 63.28125, 64.0625, 64.84375, 65.625, 66.40625, 67.1875, 67.96875, 68.75, 69.53125, 70.3125, 71.09375, 71.875, 72.65625, 73.4375, 74.21875, 75.0, 75.78125, 76.5625, 77.34375, 78.125, 78.90625, 79.6875, 80.46875, 81.25, 82.03125, 82.8125, 83.59375, 84.375, 85.15625, 85.9375, 86.71875, 87.5, 88.28125, 89.0625, 89.84375, 90.625, 91.40625, 92.1875, 92.96875, 93.75, 94.53125, 95.3125, 96.09375, 96.875, 97.65625, 98.4375, 99.21875, 100.0]}