{"psd": [69.96658986196712, 79.66800920249473, 77.82907029432535, 73.95119098918177, 69.0288289876614, 63.87762908689443, 58.987699020516125, 55.700943678475205, 54.46229223003705, 52.89280439546474, 56.956890359746, 57.82245604257197, 53.9927438173777, 53.485171341503836, 53.35061375819531, 54.80935236432395, 54.53672998060896, 55.79172131404501, 58.00890168292771, 60.0007338523534, 59.56912925649969, 59.63637276078301, 58.42105634243832, 57.894720019016574, 59.317243294805394, 59.9394481785111, 61.589726345451446, 61.77108967836668, 60.445612399270026, 59.518895331699284, 59.84566270353096, 59.79538031675911, 61.64281353461901, 63.58363297912261, 61.465910421951236, 60.86101011996699, 60.06659770484853, 60.01940252471415, 62.126740549189776, 60.300975923554304, 57.46967762476308, 57.08877601879669, 57.15973853354025, 57.5545475119432, 57.53959636931046, 57.221996523258134, 57.79973563536346, 58.35567998338034, 58.29269797120946, 58.469380303522065, 60.07219819563886, 60.90773543574075, 61.24184478408228, 60.720305825119816, 61.30003191943793, 61.20568497925167, 62.22280024138523, 63.530351784811366, 63.02343988004128, 61.947068598183094, 63.152374463051004, 64.79804219487843, 64.99230066079012, 64.36763137434627, 64.15476119381472, 63.43395458807401, 64.37039895723996, 64.04144376167642, 63.73305861728241, 64.24259954388654, 63.84529588691514, 63.55788279507367, 63.11535445987347, 64.08670524227892, 64.86407075692564, 65.98991093597095, 68.86420946929739, 70.58482142796963, 66.19737162534476, 65.02328443916974, 64.95921013445907, 64.10640218135987, 63.51358252143078, 62.69246384322075, 62.703332378195135, 62.568554397406125, 63.03754683125369, 62.382450182059586, 62.50193063072017, 62.672430522205, 63.556601053175335, 64.12692200582698, 63.2682979089524, 63.33841166308809, 62.70301962094179, 67.39344665115455, 71.48428183236292, 66.61873851798218, 63.315318637518786, 62.54329820370313, 62.9620015007912, 62.864989741963285, 62.555205008280126, 61.61612373371776, 62.13894420120703, 62.32352533765113, 61.90760678033648, 61.103377380170954, 61.142803081330555, 60.332929279031326, 59.65336204572771, 58.96800148493636, 58.112205784577064, 57.40557774891384, 58.026455493005145, 61.39197515118678, 58.09039549927345, 48.69888674105543, 44.57558106564002, 40.52813783815837, 35.129414083272074, 29.294219627247806, 24.851523528661662, 23.011729935053822, 22.390650589474767, 22.560794875952265, 21.963384540426784, 21.70561878628481, 16.619775339461768], "f": [0.0, 0.78125, 1.5625, 2.34375, 3.125, 3.90625, 4.6875, 5.46875, 6.25, 7.03125, 7.8125, 8.59375, 9.375, 10.15625, 10.9375, 11.71875, 12.5, 13.28125, 14.0625, 14.84375, 15.625, 16.40625, 17.1875, 17.96875, 18.75, 19.53125, 20.3125, 21.09375, 21.875, 22.65625, 23.4375, 24.21875, 25.0, 25.78125, 26.5625, 27.34375, 28.125, 28.90625, 29.6875, 30.46875, 31.25, 32.03125, 32.8125, 33.59375, 34.375, 35.15625, 35.9375, 36.71875, 37.5, 38.28125, 39.0625, 39.84375, 40.625, 41.40625, 42.1875, 42.96875, 43.75, 44.53125, 45.3125, 46.09375, 46.875, 47.65625, 48.4375, 49.21875, 50.0, 50.78125, 51.5625, 52.34375, 53.125, 53.90625, 54.6875, 55.46875, 56.25, 57.03125, 57.8125, 58.59375, 59.375, 60.15625, 60.9375, 61.71875, 62.5, 63.28125, 64.0625, 64.84375, 65.625, 66.40625, 67.1875, 67.96875, 68.75, 69.53125, 70.3125, 71.09375, 71.875, 72.65625, 73.4375, 74.21875, 75.0, 75.78125, 76.5625, 77.34375, 78.125, 78.90625, 79.6875, 80.46875, 81.25, 82.03125, 82.8125, 83.59375, 84.375, 85.15625, 85.9375, 86.71875, 87.5, 88.28125, 89.0625, 89.84375, 90.625, 91.40625, 92.1875, 92.96875, 93.75, 94.53125, 95.3125, 96.09375, 96.875, 97.65625, 98.4375, 99.21875, 100.0]}