{"psd": [64.37005514883589, 73.7866349763792, 73.06087069536896, 70.3227216415007, 66.71767948690743, 61.77824356246215, 57.323143117390394, 53.95376837449532, 51.26220641548855, 51.236662424878496, 50.5596600798589, 50.626923404730555, 56.04157527311685, 56.548549258312406, 56.14960482590061, 56.85738673910359, 53.573725930631966, 52.676007544612595, 55.56495149754277, 58.09232236369171, 57.384153538924856, 58.74655579875318, 60.280921124601335, 59.35631817196969, 58.771167602009875, 63.67470122145038, 64.60410092920236, 60.83516560543995, 60.48330086953743, 60.38797386419824, 59.57786598223016, 59.3588528268115, 61.97469755666931, 65.18465706619642, 62.347668146721716, 62.044362070819574, 62.27964771528363, 63.20154967308922, 64.87261077800231, 63.69137686135788, 63.036254630469514, 65.95655514794363, 67.81745869257253, 65.2085064345755, 65.0919940562175, 64.5967706713411, 67.03829678482792, 66.19152702741889, 65.71430706351994, 65.0725398565603, 66.33227945187659, 65.35031197203541, 65.13721583964225, 65.09777727385506, 67.43208417275963, 68.31586558082782, 68.05460513585432, 68.87906290655762, 67.58589198751238, 66.45799657436461, 65.47265307156601, 66.33565008878774, 66.34255938776319, 66.33681298290054, 65.86704246767533, 65.1212379041831, 64.32128800999604, 64.40272078511627, 62.978271124540974, 62.981813288618405, 63.64949991088578, 63.40967115859482, 64.29089676322933, 64.72452190288121, 65.10383741008863, 65.96497104190615, 69.22316413815098, 71.36794398192342, 65.93276176103035, 62.59690613358525, 63.53640307618305, 63.83445849896775, 63.17201313270911, 63.14168172949066, 62.836862350870966, 61.99678018264563, 61.77319841837108, 61.98759513045403, 62.14201780847405, 63.561474458159566, 63.33757799827047, 61.8738330227552, 62.22058087092749, 63.098975296900875, 62.14126276663187, 65.78517337325911, 70.31729427798787, 65.62230477384334, 61.98456412382592, 60.82887850391379, 61.647410814377224, 62.78234079726516, 65.61257491157016, 66.58344996521524, 61.804458875466246, 61.40324784302226, 60.50271064744955, 59.03948303520168, 57.81843717079753, 58.32127221383793, 58.80030432981924, 57.92226839913009, 57.001136606928036, 56.99355477688985, 56.02528587388974, 60.71300176533454, 57.2194257388056, 45.96859077785566, 41.42788596993502, 37.209376236758224, 32.383997516427804, 27.223934720634425, 23.853099719847606, 22.480340838518252, 22.032255234571544, 22.3050723965489, 22.331974156597, 21.980140996837708, 17.226715515714282], "f": [0.0, 0.78125, 1.5625, 2.34375, 3.125, 3.90625, 4.6875, 5.46875, 6.25, 7.03125, 7.8125, 8.59375, 9.375, 10.15625, 10.9375, 11.71875, 12.5, 13.28125, 14.0625, 14.84375, 15.625, 16.40625, 17.1875, 17.96875, 18.75, 19.53125, 20.3125, 21.09375, 21.875, 22.65625, 23.4375, 24.21875, 25.0, 25.78125, 26.5625, 27.34375, 28.125, 28.90625, 29.6875, 30.46875, 31.25, 32.03125, 32.8125, 33.59375, 34.375, 35.15625, 35.9375, 36.71875, 37.5, 38.28125, 39.0625, 39.84375, 40.625, 41.40625, 42.1875, 42.96875, 43.75, 44.53125, 45.3125, 46.09375, 46.875, 47.65625, 48.4375, 49.21875, 50.0, 50.78125, 51.5625, 52.34375, 53.125, 53.90625, 54.6875, 55.46875, 56.25, 57.03125, 57.8125, 58.59375, 59.375, 60.15625, 60.9375, 61.71875, 62.5, 63.28125, 64.0625, 64.84375, 65.625, 66.40625, 67.1875, 67.96875, 68.75, 69.53125, 70.3125, 71.09375, 71.875, 72.65625, 73.4375, 74.21875, 75.0, 75.78125, 76.5625, 77.34375, 78.125, 78.90625, 79.6875, 80.46875, 81.25, 82.03125, 82.8125, 83.59375, 84.375, 85.15625, 85.9375, 86.71875, 87.5, 88.28125, 89.0625, 89.84375, 90.625, 91.40625, 92.1875, 92.96875, 93.75, 94.53125, 95.3125, 96.09375, 96.875, 97.65625, 98.4375, 99.21875, 100.0]}