{"psd": [65.4007453617576, 73.70985769271024, 72.65147094001935, 67.24413397753611, 61.205258211190596, 55.2113713050651, 51.09277182522082, 48.00134606141191, 48.061087951025385, 49.40027693211078, 50.96459823231987, 49.59722560169955, 51.98477031836522, 55.92104009960166, 55.37179289580125, 51.991282441660545, 53.72337880332857, 53.988076948815326, 54.34699152125752, 56.59886656939161, 54.8696708149981, 53.903978436996795, 52.815953114340715, 52.37706711518891, 54.58520484293133, 55.40741577851722, 55.251782330051505, 54.86414468509273, 54.67512703063668, 55.88265215581948, 56.5526047779891, 56.23592165952574, 55.69373103415862, 55.2531013784898, 54.62067310704648, 54.60450919531227, 56.421880705376154, 57.42261294663328, 56.8900435965504, 56.07101468310197, 56.29643343027415, 56.13822265046607, 55.71623695238786, 56.4730567657131, 56.46417579738486, 56.6190464225769, 57.474350454387675, 57.84128068565332, 64.4001835596447, 64.78925159515903, 58.82460786589624, 58.78730766343385, 58.25323087974792, 57.76346443877788, 59.29908080119767, 59.16363834971851, 60.00263191429661, 65.52355858109199, 66.88302012491337, 61.99821755422963, 63.52059179891547, 72.26783247564697, 73.42338716513461, 66.60251355657573, 63.344758396882945, 62.54575038562382, 64.07283473041426, 64.1155043851839, 62.837897259058195, 61.055362624729305, 60.208430857208114, 61.523991232712305, 61.511632499301626, 61.70933215491584, 64.70992116960745, 69.85279371154316, 74.08762908870574, 74.48204925219213, 66.71990917710163, 61.88339039979851, 61.900809412801685, 63.43191844363933, 64.44813538899123, 65.24754902949647, 64.37571812924155, 63.67269604439176, 62.52810910837057, 62.47774549950492, 62.05382309825927, 63.38626472145725, 64.28529929081505, 65.70315471043956, 66.01720855281391, 66.26971322338277, 63.69942041885157, 61.79247357540244, 63.857565808184084, 62.560344315246155, 62.89946301943001, 63.9123306997059, 63.28336307420176, 61.357658768688964, 60.622061320791545, 61.93942325156457, 61.71178815189183, 59.14968095215968, 59.29301768925751, 59.489432014173296, 59.205972469348666, 57.38131789354287, 55.930045762714904, 55.82897554038447, 55.344519985597564, 53.82896443168239, 54.334483945999644, 59.7101673262674, 56.68172126601754, 46.0181756177614, 42.13362798788887, 38.12043669986912, 33.09045515097673, 27.38481314144023, 23.486031279850028, 22.3224339144928, 22.084298346256773, 22.316751261130776, 22.237655658199458, 22.015203393167585, 17.773355085394765], "f": [0.0, 0.78125, 1.5625, 2.34375, 3.125, 3.90625, 4.6875, 5.46875, 6.25, 7.03125, 7.8125, 8.59375, 9.375, 10.15625, 10.9375, 11.71875, 12.5, 13.28125, 14.0625, 14.84375, 15.625, 16.40625, 17.1875, 17.96875, 18.75, 19.53125, 20.3125, 21.09375, 21.875, 22.65625, 23.4375, 24.21875, 25.0, 25.78125, 26.5625, 27.34375, 28.125, 28.90625, 29.6875, 30.46875, 31.25, 32.03125, 32.8125, 33.59375, 34.375, 35.15625, 35.9375, 36.71875, 37.5, 38.28125, 39.0625, 39.84375, 40.625, 41.40625, 42.1875, 42.96875, 43.75, 44.53125, 45.3125, 46.09375, 46.875, 47.65625, 48.4375, 49.21875, 50.0, 50.78125, 51.5625, 52.34375, 53.125, 53.90625, 54.6875, 55.46875, 56.25, 57.03125, 57.8125, 58.59375, 59.375, 60.15625, 60.9375, 61.71875, 62.5, 63.28125, 64.0625, 64.84375, 65.625, 66.40625, 67.1875, 67.96875, 68.75, 69.53125, 70.3125, 71.09375, 71.875, 72.65625, 73.4375, 74.21875, 75.0, 75.78125, 76.5625, 77.34375, 78.125, 78.90625, 79.6875, 80.46875, 81.25, 82.03125, 82.8125, 83.59375, 84.375, 85.15625, 85.9375, 86.71875, 87.5, 88.28125, 89.0625, 89.84375, 90.625, 91.40625, 92.1875, 92.96875, 93.75, 94.53125, 95.3125, 96.09375, 96.875, 97.65625, 98.4375, 99.21875, 100.0]}