{"psd": [70.618686156663, 79.69790550562618, 78.92617352651, 74.1350991639063, 66.41733713673307, 60.98164591898636, 57.26701270388003, 54.96343112875198, 54.98947027384658, 55.29731146612826, 57.56946158516017, 64.71775683432439, 62.370440513051584, 57.21240314868919, 58.683611321927664, 58.21810350821789, 57.70426765405554, 58.32264935797542, 58.569625048057446, 58.9198261641015, 58.72166352720501, 58.45832306551125, 58.33360518586016, 58.61399567221554, 59.6677254197555, 59.7866541778577, 60.870635691566584, 61.18517400504028, 63.22217399630556, 63.864922105179375, 63.36584931122613, 63.734683898795495, 62.52225031572718, 62.05168644546895, 61.39704037631728, 61.46348657934733, 61.61296689427417, 63.72359865873554, 68.45972806949581, 67.72194019765281, 64.45199338898179, 64.49661804341375, 63.6375433905376, 63.872621533407134, 64.3515990744318, 66.38375901029764, 66.32958416133515, 66.40766787952953, 69.58877523285301, 68.0172445961676, 66.60019217139552, 67.46482497264746, 67.80550329819062, 68.3530847998506, 67.50323436366178, 66.7157755752473, 66.55944816530773, 69.73967161748776, 70.10587243702858, 67.69990374348075, 68.60986308919577, 68.7032212492487, 68.24572065445446, 67.74548443801625, 67.97451857866606, 66.48473733230479, 66.00442264426366, 66.74175402683231, 66.90973683435489, 66.95925050160086, 66.18137088033617, 65.83092722166612, 65.39984241379219, 65.25712668242073, 66.31377875829929, 70.117551041147, 72.79040129686753, 70.50380967556983, 66.02548632309065, 65.41728256856837, 65.06857690304398, 64.38421966051885, 64.1880910978838, 64.65378442244828, 64.41355927366848, 64.41471269791683, 64.87163659334817, 65.61610226430615, 65.07497956064195, 65.08676603922397, 65.46490889025621, 65.445181344677, 65.38989475632958, 65.39580216570704, 65.53615364752594, 65.70025396307516, 67.37144850697915, 66.21697945384764, 65.85676305709887, 65.75954866171544, 65.75007681537427, 65.94259452143808, 66.18045667173317, 66.3808905071584, 66.40262306738606, 65.70970400443937, 65.67649583055785, 65.71145870795024, 65.25787134545583, 64.78775678245901, 64.66691823252765, 64.1418189632729, 63.89679128049175, 62.88323974616403, 61.78098968102698, 62.636757211966355, 60.440293291131056, 55.0925391707358, 51.036528645237965, 46.245935819110755, 41.49184986887747, 35.28853592533968, 28.503683852176213, 23.636315318426753, 22.33721263111677, 22.263125619394874, 22.079393201606507, 22.343110122865234, 17.440363477175843], "f": [0.0, 0.78125, 1.5625, 2.34375, 3.125, 3.90625, 4.6875, 5.46875, 6.25, 7.03125, 7.8125, 8.59375, 9.375, 10.15625, 10.9375, 11.71875, 12.5, 13.28125, 14.0625, 14.84375, 15.625, 16.40625, 17.1875, 17.96875, 18.75, 19.53125, 20.3125, 21.09375, 21.875, 22.65625, 23.4375, 24.21875, 25.0, 25.78125, 26.5625, 27.34375, 28.125, 28.90625, 29.6875, 30.46875, 31.25, 32.03125, 32.8125, 33.59375, 34.375, 35.15625, 35.9375, 36.71875, 37.5, 38.28125, 39.0625, 39.84375, 40.625, 41.40625, 42.1875, 42.96875, 43.75, 44.53125, 45.3125, 46.09375, 46.875, 47.65625, 48.4375, 49.21875, 50.0, 50.78125, 51.5625, 52.34375, 53.125, 53.90625, 54.6875, 55.46875, 56.25, 57.03125, 57.8125, 58.59375, 59.375, 60.15625, 60.9375, 61.71875, 62.5, 63.28125, 64.0625, 64.84375, 65.625, 66.40625, 67.1875, 67.96875, 68.75, 69.53125, 70.3125, 71.09375, 71.875, 72.65625, 73.4375, 74.21875, 75.0, 75.78125, 76.5625, 77.34375, 78.125, 78.90625, 79.6875, 80.46875, 81.25, 82.03125, 82.8125, 83.59375, 84.375, 85.15625, 85.9375, 86.71875, 87.5, 88.28125, 89.0625, 89.84375, 90.625, 91.40625, 92.1875, 92.96875, 93.75, 94.53125, 95.3125, 96.09375, 96.875, 97.65625, 98.4375, 99.21875, 100.0]}