{"psd": [67.56464174663083, 76.42211175618381, 76.64173961145308, 72.61272140858519, 67.02439911356143, 61.07582794043103, 55.754724315038615, 51.507047923885935, 48.76990038301553, 48.91396994369505, 49.20348953937954, 49.45211280931042, 48.0666604755418, 52.591656262140766, 54.89401519806841, 53.190820068625655, 51.562304326664155, 51.14057658391375, 51.691791344223304, 53.408820657931024, 52.830627914814166, 55.99246484844828, 57.89723662729006, 55.39154852774576, 56.08880046731001, 57.26599075196041, 55.6204013106902, 55.16136829082036, 55.81437476757272, 55.258149834550935, 54.649765011687194, 55.74828453278472, 57.63131982248578, 57.46086748979139, 56.948529689978244, 57.36441602624319, 56.8596097679646, 57.785125354136994, 59.611486752981506, 58.60397927332655, 57.68257320833568, 59.800941102578676, 62.12940167352447, 63.76881055157567, 61.19682726217875, 62.93517976744695, 61.81613591734457, 60.78558290261637, 61.774848104909054, 60.858674179598594, 60.59377247417059, 60.86375489432121, 61.69838472033166, 65.3496019661749, 65.36770850719154, 62.52490574801221, 61.34272389861921, 61.6486171384316, 63.20974291803854, 62.58498731349029, 62.58886775467789, 62.685489317136984, 62.785830658377925, 63.86683547929248, 65.68188342276434, 63.878688405494174, 61.65490361854752, 60.94453957463844, 60.00653755621312, 59.85532851708389, 60.182445173510544, 60.14292482478125, 60.57385191348978, 61.5497646675129, 64.44413753117868, 67.38639171530541, 66.3368288538544, 65.78021274765331, 64.96140442498108, 64.80133583687162, 63.158588331539775, 62.76557903894105, 62.04449152120137, 61.888326582648034, 61.23055279566741, 61.164787937098026, 61.701267491087215, 60.36545821519656, 60.212654687753925, 60.005122674255595, 60.27461273692232, 60.300712365538516, 60.38335020784021, 60.59470467123205, 61.15046390506681, 61.74951629937918, 61.734133832334976, 60.49774954424369, 59.59285710509774, 59.23861024478033, 58.837528341594314, 59.02499352912926, 59.48020754847407, 59.7669476605389, 59.135381489769266, 60.07637885421168, 60.947356578962726, 61.34087174161088, 60.881846534093484, 61.20144191551189, 60.05291251128946, 59.35248487208172, 59.73416701536485, 58.78390903386723, 58.13274521930541, 59.15029435933914, 56.65643380648926, 51.50457752691984, 47.13428736520448, 42.909606946581846, 38.1734798475027, 32.56674115793841, 26.740851469433828, 22.652483540842464, 21.96879477010356, 22.12210827030352, 22.058432113163576, 22.237027032069623, 17.614515587391516], "f": [0.0, 0.78125, 1.5625, 2.34375, 3.125, 3.90625, 4.6875, 5.46875, 6.25, 7.03125, 7.8125, 8.59375, 9.375, 10.15625, 10.9375, 11.71875, 12.5, 13.28125, 14.0625, 14.84375, 15.625, 16.40625, 17.1875, 17.96875, 18.75, 19.53125, 20.3125, 21.09375, 21.875, 22.65625, 23.4375, 24.21875, 25.0, 25.78125, 26.5625, 27.34375, 28.125, 28.90625, 29.6875, 30.46875, 31.25, 32.03125, 32.8125, 33.59375, 34.375, 35.15625, 35.9375, 36.71875, 37.5, 38.28125, 39.0625, 39.84375, 40.625, 41.40625, 42.1875, 42.96875, 43.75, 44.53125, 45.3125, 46.09375, 46.875, 47.65625, 48.4375, 49.21875, 50.0, 50.78125, 51.5625, 52.34375, 53.125, 53.90625, 54.6875, 55.46875, 56.25, 57.03125, 57.8125, 58.59375, 59.375, 60.15625, 60.9375, 61.71875, 62.5, 63.28125, 64.0625, 64.84375, 65.625, 66.40625, 67.1875, 67.96875, 68.75, 69.53125, 70.3125, 71.09375, 71.875, 72.65625, 73.4375, 74.21875, 75.0, 75.78125, 76.5625, 77.34375, 78.125, 78.90625, 79.6875, 80.46875, 81.25, 82.03125, 82.8125, 83.59375, 84.375, 85.15625, 85.9375, 86.71875, 87.5, 88.28125, 89.0625, 89.84375, 90.625, 91.40625, 92.1875, 92.96875, 93.75, 94.53125, 95.3125, 96.09375, 96.875, 97.65625, 98.4375, 99.21875, 100.0]}