{"psd": [71.41439486503347, 80.26162532530617, 78.87413790935372, 74.64996897867407, 69.69304681569847, 64.16012392237745, 59.027218597116764, 54.660724355027824, 52.57339458148296, 52.566952218547655, 55.139455828360155, 56.10454337759232, 56.62811352914443, 58.774086583715935, 57.56451692213464, 54.903319132561364, 54.819583201591364, 57.27955433779026, 58.7766734235409, 60.48131433202159, 59.82123042327545, 60.69420278335711, 60.46657316080278, 60.44364523891538, 59.61295231612609, 60.12444071254626, 58.34898538939599, 56.585540519870115, 57.86139391489348, 58.646659393425665, 58.215935952299404, 58.81365345347454, 60.85985931122206, 63.314887857079654, 61.819486428901996, 60.63935675766451, 60.88910479664104, 61.78343595707139, 62.93589053598539, 61.76025365112659, 58.938054403856064, 59.11366269938671, 59.1811467827183, 59.92710145462907, 61.35948624789481, 62.22490988214694, 63.90879186074712, 62.875697088090675, 61.92903644350764, 61.23712157697491, 60.420106801223525, 59.827667076891295, 59.84064464476617, 60.40870981424244, 61.36941276882397, 63.585456480663, 64.9212193779883, 64.50555325323776, 63.889015775372854, 62.20083152857053, 61.82297832823811, 63.33695603737964, 64.50638589265881, 64.34729085759281, 64.76619691292582, 65.63854334167934, 66.2084647803213, 66.59620925631916, 64.79941798986945, 63.74754735085104, 63.79528316513153, 64.08279174995232, 63.47504580013543, 63.68661097287408, 64.69672870596958, 66.32046157886177, 71.78990255277843, 75.82069941497842, 69.48810560772293, 64.27917056619123, 62.8246651132728, 61.91512106618458, 61.208671182014044, 61.881432274841124, 61.40418125733389, 60.06542765763919, 60.19397396523197, 61.06214366838568, 60.9929383027032, 61.71752554859401, 62.048244919199476, 61.58113157950288, 61.50250063118827, 61.7422191145302, 61.281701881382055, 65.84719276194765, 71.74728035007108, 67.27598487262703, 59.61102405135272, 60.230919366849925, 60.51854985990037, 59.01727604839859, 58.01082584325193, 58.079875715596714, 58.93930865450724, 59.53237231169637, 58.53172573221423, 57.26779540217366, 56.632467903732795, 56.61905217676781, 56.63299253561079, 56.55977349429932, 55.31296172387159, 54.465403980714136, 54.42505393278705, 57.07534198228262, 55.12572673411295, 47.75875787457112, 43.80738346049636, 39.08547579337422, 32.96373623264192, 27.39580977042589, 24.04693141035584, 22.404930183490002, 21.908221595387204, 22.109473027351765, 22.24947058026672, 22.185724555595463, 17.35278365992984], "f": [0.0, 0.78125, 1.5625, 2.34375, 3.125, 3.90625, 4.6875, 5.46875, 6.25, 7.03125, 7.8125, 8.59375, 9.375, 10.15625, 10.9375, 11.71875, 12.5, 13.28125, 14.0625, 14.84375, 15.625, 16.40625, 17.1875, 17.96875, 18.75, 19.53125, 20.3125, 21.09375, 21.875, 22.65625, 23.4375, 24.21875, 25.0, 25.78125, 26.5625, 27.34375, 28.125, 28.90625, 29.6875, 30.46875, 31.25, 32.03125, 32.8125, 33.59375, 34.375, 35.15625, 35.9375, 36.71875, 37.5, 38.28125, 39.0625, 39.84375, 40.625, 41.40625, 42.1875, 42.96875, 43.75, 44.53125, 45.3125, 46.09375, 46.875, 47.65625, 48.4375, 49.21875, 50.0, 50.78125, 51.5625, 52.34375, 53.125, 53.90625, 54.6875, 55.46875, 56.25, 57.03125, 57.8125, 58.59375, 59.375, 60.15625, 60.9375, 61.71875, 62.5, 63.28125, 64.0625, 64.84375, 65.625, 66.40625, 67.1875, 67.96875, 68.75, 69.53125, 70.3125, 71.09375, 71.875, 72.65625, 73.4375, 74.21875, 75.0, 75.78125, 76.5625, 77.34375, 78.125, 78.90625, 79.6875, 80.46875, 81.25, 82.03125, 82.8125, 83.59375, 84.375, 85.15625, 85.9375, 86.71875, 87.5, 88.28125, 89.0625, 89.84375, 90.625, 91.40625, 92.1875, 92.96875, 93.75, 94.53125, 95.3125, 96.09375, 96.875, 97.65625, 98.4375, 99.21875, 100.0]}