{"psd": [71.8256353457532, 81.05421364933981, 79.74707315294368, 74.95876719895908, 68.63282077153825, 61.85434283225692, 56.81007787866566, 52.977058840464665, 51.269570539071445, 51.46469279578157, 51.88362996709075, 53.91770033996288, 53.7424329464303, 53.78089555764697, 54.297082862947036, 55.06172000683034, 54.888002713305156, 53.72023192719921, 53.56630843051011, 53.54600629601893, 53.85138771419346, 54.79672226058366, 56.40551510284454, 57.18293392224851, 57.212759895141104, 57.12132155000277, 56.478794687994274, 55.85073607323047, 56.35671599880938, 56.472626447689834, 59.12016541160557, 59.75003059004875, 57.59417860044933, 58.44792905951131, 58.43291076333252, 59.3758859766704, 59.1118160992048, 58.12254588236634, 61.43816348398482, 60.965265076909176, 58.35973009533528, 58.318735690547506, 58.69853068618894, 58.923523711360566, 57.8235640773964, 57.679618044245096, 58.515863670521924, 58.34015108672551, 57.87782012738214, 58.74215252782789, 59.90354528463833, 60.301758918849444, 59.586628527284105, 59.54910887479209, 59.935750237924196, 60.25808182411289, 60.60087480867229, 63.18826749845588, 63.886507650574124, 62.23624327358807, 62.72861896148119, 63.05917351683158, 64.44114761058928, 65.31497711424689, 65.55838089362099, 64.9138430700125, 63.91154244858705, 63.67513820484528, 63.104723185716864, 63.26575877569316, 63.54217555642067, 63.565194063727674, 63.962729593333066, 63.683234491653764, 65.02437754052126, 66.99026021737512, 66.05974127693928, 64.93719064919885, 64.5614095595935, 64.19638461004291, 63.71259949196336, 63.89936600493578, 63.409274847491844, 62.17907693816474, 62.22813008829561, 61.83351848159107, 61.59878679275624, 61.3810129141769, 61.1842705917817, 61.408704576742174, 61.19935552156917, 61.305192216999146, 61.72863618326336, 60.93883034048925, 60.89559605759579, 61.256404258175436, 62.89904523895119, 61.34011806032629, 60.65289834858743, 60.729451986718956, 60.64563826766316, 60.893282952252605, 60.51513432978729, 60.79169790233739, 60.49187198030932, 60.32268926778254, 61.25361971913041, 61.23565988619443, 61.13150084090368, 61.07806107928454, 60.506096893348044, 59.8360770456341, 59.317049716984016, 58.57701401086304, 57.79144650591232, 57.26693225295334, 55.09724387593316, 51.234492870850815, 47.593944237239214, 42.52509416870218, 37.03925860430326, 31.121820643318465, 25.896496990177642, 22.75776345962577, 22.319416694180646, 22.134388204462173, 22.127678585018305, 22.273741322896257, 17.69548513867617], "f": [0.0, 0.78125, 1.5625, 2.34375, 3.125, 3.90625, 4.6875, 5.46875, 6.25, 7.03125, 7.8125, 8.59375, 9.375, 10.15625, 10.9375, 11.71875, 12.5, 13.28125, 14.0625, 14.84375, 15.625, 16.40625, 17.1875, 17.96875, 18.75, 19.53125, 20.3125, 21.09375, 21.875, 22.65625, 23.4375, 24.21875, 25.0, 25.78125, 26.5625, 27.34375, 28.125, 28.90625, 29.6875, 30.46875, 31.25, 32.03125, 32.8125, 33.59375, 34.375, 35.15625, 35.9375, 36.71875, 37.5, 38.28125, 39.0625, 39.84375, 40.625, 41.40625, 42.1875, 42.96875, 43.75, 44.53125, 45.3125, 46.09375, 46.875, 47.65625, 48.4375, 49.21875, 50.0, 50.78125, 51.5625, 52.34375, 53.125, 53.90625, 54.6875, 55.46875, 56.25, 57.03125, 57.8125, 58.59375, 59.375, 60.15625, 60.9375, 61.71875, 62.5, 63.28125, 64.0625, 64.84375, 65.625, 66.40625, 67.1875, 67.96875, 68.75, 69.53125, 70.3125, 71.09375, 71.875, 72.65625, 73.4375, 74.21875, 75.0, 75.78125, 76.5625, 77.34375, 78.125, 78.90625, 79.6875, 80.46875, 81.25, 82.03125, 82.8125, 83.59375, 84.375, 85.15625, 85.9375, 86.71875, 87.5, 88.28125, 89.0625, 89.84375, 90.625, 91.40625, 92.1875, 92.96875, 93.75, 94.53125, 95.3125, 96.09375, 96.875, 97.65625, 98.4375, 99.21875, 100.0]}