{"psd": [63.94461492218465, 72.94418407309504, 72.06504390043962, 69.75717187029976, 66.26619651946554, 61.47774303780081, 56.812169025745135, 52.58452711843398, 49.55966324193934, 49.42488139684137, 49.76325636646657, 48.97398011093823, 49.61925974400978, 54.32554597908515, 56.361945134092714, 56.03324446008658, 54.42824268282958, 52.85612357904092, 55.247186026446, 56.396421179628206, 54.48036700739528, 55.76355243690116, 56.995523722200964, 56.32686324132246, 55.69000098135349, 54.54720665446776, 54.96954109907512, 56.76121701292806, 56.155699914843005, 56.57049256885643, 57.92038692641876, 65.23125957511456, 66.85877564766666, 60.472407395159664, 58.836835657476286, 60.98239669823937, 61.28912872124151, 60.98282681422746, 61.027697118049176, 61.80912515384806, 61.11409294842993, 61.822089587181345, 61.5348452089009, 63.05241559501823, 63.962893110150404, 64.01365756466768, 63.39948423971761, 63.502116412680316, 63.8028268999786, 60.37548654240056, 59.66861947174415, 60.80704301371894, 61.57112116093732, 62.11901984322728, 62.82168769628172, 62.10887973456302, 60.36166394245973, 60.70335597915667, 60.93890466207139, 60.40246889335796, 60.63402050672639, 60.8498749574007, 61.98910135728639, 61.945170403862974, 62.761697167962325, 65.45818123620113, 64.28299721945172, 63.2811913031237, 62.96551712279479, 61.95388238149803, 61.386086502799564, 61.10488931203831, 61.65330132751319, 61.55098363069865, 61.90683291686944, 62.65805962071674, 63.505307361636355, 63.34726794456844, 61.7874309411821, 62.165288632784986, 62.43041727341338, 62.91026173855051, 63.93038328543618, 63.4831870488011, 62.943432645321295, 62.78082726714925, 62.77168260929293, 62.61327640948927, 61.90816259851867, 62.39508798059764, 62.59645463211365, 63.01098260833324, 63.70096265705623, 62.6204349135744, 62.59268209021347, 62.18691965678051, 62.3964532435063, 62.156180895759135, 62.336841939946304, 62.35432063824619, 61.79387825822455, 62.112799300105614, 62.55255088254071, 62.75522569656583, 62.27937119771227, 62.05336109880438, 61.71252166641822, 61.5987080412029, 61.8103299843908, 61.649574617730885, 65.07371009491212, 67.73905856792774, 64.71346654109182, 60.002843932206986, 58.228912257833834, 56.766486254882516, 54.504069241501554, 51.91122853510923, 48.639264167216766, 43.21513366384009, 38.2952749998301, 31.790378488222583, 26.332236078564897, 22.984139254622207, 21.952408368641805, 22.10078184188445, 22.21810110335525, 21.65049756575948, 17.487749757961563], "f": [0.0, 0.78125, 1.5625, 2.34375, 3.125, 3.90625, 4.6875, 5.46875, 6.25, 7.03125, 7.8125, 8.59375, 9.375, 10.15625, 10.9375, 11.71875, 12.5, 13.28125, 14.0625, 14.84375, 15.625, 16.40625, 17.1875, 17.96875, 18.75, 19.53125, 20.3125, 21.09375, 21.875, 22.65625, 23.4375, 24.21875, 25.0, 25.78125, 26.5625, 27.34375, 28.125, 28.90625, 29.6875, 30.46875, 31.25, 32.03125, 32.8125, 33.59375, 34.375, 35.15625, 35.9375, 36.71875, 37.5, 38.28125, 39.0625, 39.84375, 40.625, 41.40625, 42.1875, 42.96875, 43.75, 44.53125, 45.3125, 46.09375, 46.875, 47.65625, 48.4375, 49.21875, 50.0, 50.78125, 51.5625, 52.34375, 53.125, 53.90625, 54.6875, 55.46875, 56.25, 57.03125, 57.8125, 58.59375, 59.375, 60.15625, 60.9375, 61.71875, 62.5, 63.28125, 64.0625, 64.84375, 65.625, 66.40625, 67.1875, 67.96875, 68.75, 69.53125, 70.3125, 71.09375, 71.875, 72.65625, 73.4375, 74.21875, 75.0, 75.78125, 76.5625, 77.34375, 78.125, 78.90625, 79.6875, 80.46875, 81.25, 82.03125, 82.8125, 83.59375, 84.375, 85.15625, 85.9375, 86.71875, 87.5, 88.28125, 89.0625, 89.84375, 90.625, 91.40625, 92.1875, 92.96875, 93.75, 94.53125, 95.3125, 96.09375, 96.875, 97.65625, 98.4375, 99.21875, 100.0]}