{"psd": [62.75682874280773, 71.35603634065144, 68.12960218782649, 60.34871733459294, 54.77887553753063, 50.849265359227324, 48.482789271847075, 48.377609559724284, 49.74124867273618, 49.927202712015884, 49.45154508278251, 53.10023882129229, 53.85089836817993, 53.36075245435431, 53.50017198054553, 52.6769168780543, 52.211568079383284, 53.30872609122359, 54.23367809394544, 57.03657463074045, 55.92207413182884, 54.11685274678816, 54.30310836942773, 53.14095465978724, 53.30605881841964, 53.72904536250995, 54.721283963572475, 55.26844000759964, 56.637267973620915, 58.66004722689924, 57.26830924524292, 56.61606516932656, 56.90614181160237, 55.61724244036984, 55.22263610686241, 56.87726223017782, 59.23826250318203, 59.902700808782186, 62.03705786754782, 61.29236265618927, 57.87073275545643, 58.13051618951206, 59.05589473789171, 60.43538900995497, 61.47658491794145, 61.76059074743733, 62.08966375870433, 63.11858959423954, 68.14357206364807, 65.68375305256882, 62.043238482489315, 63.086630890323356, 61.826005681366425, 61.397561833909236, 63.157650276705226, 63.045573368283804, 63.59044983019582, 66.2288498621099, 66.66237220141201, 64.49677072690022, 66.82704146345262, 76.19486668981155, 76.51786285780031, 68.40875992439203, 65.22585210327955, 63.172672087605555, 63.079691210069015, 64.22415502594359, 63.78030672507769, 62.97992899597851, 62.785042676996525, 62.07561639498377, 62.05643054855106, 62.391567968012076, 63.09300048113619, 67.67666836227438, 73.31390557851162, 73.2400752246923, 65.91819629416327, 61.564960164397135, 61.54868506190488, 60.64396922585839, 60.79703377742326, 60.21895897519982, 59.95809721393384, 60.15860303189332, 60.08810188509473, 59.58819902104919, 58.37555762795189, 58.09623747687756, 59.267326129308515, 59.94492107163738, 59.785358390004255, 60.06957403978507, 60.191996362484865, 61.53301810752709, 64.06236043199021, 61.92217518177861, 60.0678194532632, 60.08660775842094, 59.61195784904379, 59.21557063901125, 59.11488319810596, 58.24056482238964, 58.87681876695717, 59.542731398196224, 60.45052200892681, 59.59922652420328, 59.18803832598976, 59.12561419084411, 58.673438321817585, 58.08540438446454, 57.44830258391492, 56.97006371944041, 56.52386392813611, 58.18977642131596, 55.11829530014876, 48.22670828886879, 44.70715547682965, 40.37631778348362, 34.63805920216552, 29.405364451248445, 24.68162437497071, 22.62750522039312, 22.470646410214393, 22.120065593211, 22.24823261800095, 21.89893929290418, 16.94014273401848], "f": [0.0, 0.78125, 1.5625, 2.34375, 3.125, 3.90625, 4.6875, 5.46875, 6.25, 7.03125, 7.8125, 8.59375, 9.375, 10.15625, 10.9375, 11.71875, 12.5, 13.28125, 14.0625, 14.84375, 15.625, 16.40625, 17.1875, 17.96875, 18.75, 19.53125, 20.3125, 21.09375, 21.875, 22.65625, 23.4375, 24.21875, 25.0, 25.78125, 26.5625, 27.34375, 28.125, 28.90625, 29.6875, 30.46875, 31.25, 32.03125, 32.8125, 33.59375, 34.375, 35.15625, 35.9375, 36.71875, 37.5, 38.28125, 39.0625, 39.84375, 40.625, 41.40625, 42.1875, 42.96875, 43.75, 44.53125, 45.3125, 46.09375, 46.875, 47.65625, 48.4375, 49.21875, 50.0, 50.78125, 51.5625, 52.34375, 53.125, 53.90625, 54.6875, 55.46875, 56.25, 57.03125, 57.8125, 58.59375, 59.375, 60.15625, 60.9375, 61.71875, 62.5, 63.28125, 64.0625, 64.84375, 65.625, 66.40625, 67.1875, 67.96875, 68.75, 69.53125, 70.3125, 71.09375, 71.875, 72.65625, 73.4375, 74.21875, 75.0, 75.78125, 76.5625, 77.34375, 78.125, 78.90625, 79.6875, 80.46875, 81.25, 82.03125, 82.8125, 83.59375, 84.375, 85.15625, 85.9375, 86.71875, 87.5, 88.28125, 89.0625, 89.84375, 90.625, 91.40625, 92.1875, 92.96875, 93.75, 94.53125, 95.3125, 96.09375, 96.875, 97.65625, 98.4375, 99.21875, 100.0]}