{"psd": [64.91929038805964, 74.6969320640563, 67.9902808815835, 59.9958430907499, 54.63747848332031, 50.87210350617625, 48.01070199387272, 48.60224655318844, 50.14835121890318, 51.48497003968809, 53.27855730385121, 52.461045773713806, 54.140311654048986, 54.13286532937735, 54.16901490013441, 55.38577744456572, 57.18940889893179, 58.12010954830019, 59.34322223966474, 57.830734473666, 57.74526907945854, 57.600104995377386, 58.052187402653644, 56.023276811168444, 55.71274214976007, 56.83010520678366, 57.05945086263074, 57.586720871856, 56.90350430410976, 59.45716069666357, 60.45629441012952, 58.49179117234748, 58.309413112243135, 61.83831069565423, 61.92858000617095, 61.40140219286592, 62.63778777596698, 63.38252960816896, 67.79218126309163, 66.81336118102348, 62.894493331303075, 62.450419357180735, 62.6150751545677, 62.89543823093194, 63.85425210769269, 65.50307993205311, 65.120740442089, 64.39068058438464, 63.80383928034292, 63.22134868669878, 64.1698559620998, 64.14083571222969, 64.78670397875854, 64.70623731317863, 64.61448794694762, 64.21949079039614, 63.34829715072751, 68.28889835705223, 68.38362486465145, 62.74640094110083, 62.15462610602959, 63.02910483267466, 63.19191849604132, 63.515237037829394, 63.09084627295958, 62.23740349171119, 61.93704925405491, 62.28233983567358, 62.125003764431945, 61.289730341178476, 61.050462387221984, 61.03680474642468, 61.941180479489105, 61.66636149936767, 62.31792718210096, 63.69646304627846, 68.3997031234461, 69.7503758370269, 64.29562706232306, 62.0443427798441, 61.627195850705824, 61.66894430774392, 61.62515141808359, 61.371134242205784, 60.82265425368397, 59.890816695480346, 60.44129977129629, 60.86404203403194, 59.729618340981496, 59.784764375799355, 59.715394755032875, 59.71049012496983, 58.603373047064096, 58.08067941497542, 58.17533960411372, 59.15820256356142, 61.22148924406511, 59.06258179557853, 57.96133062416361, 58.073709601929345, 58.07218404715585, 58.77144157584716, 59.2249674058905, 58.134015760460684, 58.01570472168418, 59.86539377773488, 60.30238218077494, 59.50389639920545, 58.593246402841686, 58.43438614076807, 57.8514444279608, 57.97307586614403, 57.52077299981106, 56.73518907153098, 67.7273451913521, 75.33641119392041, 70.91740085035944, 50.66301312366586, 45.54566237699759, 41.77349812401313, 36.253743891474535, 30.309345754462985, 25.103138050419467, 22.471941917716197, 22.17109145795603, 22.08240704449684, 21.99067347156515, 22.372301929669632, 17.437282392171223], "f": [0.0, 0.78125, 1.5625, 2.34375, 3.125, 3.90625, 4.6875, 5.46875, 6.25, 7.03125, 7.8125, 8.59375, 9.375, 10.15625, 10.9375, 11.71875, 12.5, 13.28125, 14.0625, 14.84375, 15.625, 16.40625, 17.1875, 17.96875, 18.75, 19.53125, 20.3125, 21.09375, 21.875, 22.65625, 23.4375, 24.21875, 25.0, 25.78125, 26.5625, 27.34375, 28.125, 28.90625, 29.6875, 30.46875, 31.25, 32.03125, 32.8125, 33.59375, 34.375, 35.15625, 35.9375, 36.71875, 37.5, 38.28125, 39.0625, 39.84375, 40.625, 41.40625, 42.1875, 42.96875, 43.75, 44.53125, 45.3125, 46.09375, 46.875, 47.65625, 48.4375, 49.21875, 50.0, 50.78125, 51.5625, 52.34375, 53.125, 53.90625, 54.6875, 55.46875, 56.25, 57.03125, 57.8125, 58.59375, 59.375, 60.15625, 60.9375, 61.71875, 62.5, 63.28125, 64.0625, 64.84375, 65.625, 66.40625, 67.1875, 67.96875, 68.75, 69.53125, 70.3125, 71.09375, 71.875, 72.65625, 73.4375, 74.21875, 75.0, 75.78125, 76.5625, 77.34375, 78.125, 78.90625, 79.6875, 80.46875, 81.25, 82.03125, 82.8125, 83.59375, 84.375, 85.15625, 85.9375, 86.71875, 87.5, 88.28125, 89.0625, 89.84375, 90.625, 91.40625, 92.1875, 92.96875, 93.75, 94.53125, 95.3125, 96.09375, 96.875, 97.65625, 98.4375, 99.21875, 100.0]}