{"psd": [66.20325201299691, 75.44522022767745, 75.13583728583681, 72.3488318262178, 67.8190454263425, 61.89055037498867, 56.436876914157125, 51.97108654833316, 48.158952279166044, 46.80815799006104, 47.04866925952746, 47.111145678784034, 46.36551622127082, 46.83667445404319, 47.10661763566031, 47.67166558480072, 48.84644388512435, 48.529957238673944, 49.05574793768213, 48.90379422722272, 48.9969414816047, 49.53796722577988, 51.37319165929529, 52.68038102408877, 52.474582004015, 52.06724267229223, 52.15018592910332, 52.63638142928162, 51.20123364484124, 50.93426948982228, 51.36029087664605, 52.96414467226235, 52.94426606692917, 54.23563405814847, 54.382840189922646, 53.44927494206206, 53.2614117388642, 53.51717880675252, 54.11171666768801, 53.51338932676529, 52.705906753320875, 52.772179744354716, 52.73159400522979, 52.60912248089924, 53.398847576171065, 52.75178722492087, 52.34632830320463, 52.707230956377785, 53.81812302752709, 54.57965268345481, 55.14297693345967, 54.430411176262304, 54.66968039918438, 54.77101331501586, 54.879600163542435, 55.14519369330674, 55.08725751970229, 55.97024305844799, 57.31296958664183, 57.59067783756002, 55.88146024403393, 54.76570434421083, 55.444978166057446, 55.449198709374755, 54.621295780519716, 55.23017375594735, 56.0544091001325, 56.641390808381075, 55.24981165121751, 54.96655647950436, 54.9830747812406, 55.67120478268089, 55.85905605925318, 55.86231236605258, 55.50837242702877, 55.98729019804015, 56.488480202090805, 56.69833907218098, 55.33895052614944, 54.511105245081566, 54.71376217842718, 55.340613528830474, 55.515005885429474, 55.87363533535595, 56.00239013035321, 55.20640081451775, 54.56019425834559, 55.1134089584128, 54.95288214682357, 54.59110154073387, 54.81453484262346, 54.797994801610834, 55.295232865212085, 54.582879219034055, 54.90816661403284, 55.01582388893862, 54.84160403181612, 53.904205464774066, 53.664137477047696, 54.40578479479341, 54.803052662525275, 54.25076794917829, 52.943188407426014, 52.67504286700617, 52.30575972842126, 52.986857367183475, 53.06389476207015, 52.88796523927714, 53.56450629308108, 52.69499211507957, 52.45538877632109, 52.39682123155888, 52.50707817026903, 51.62904709731163, 50.51368428078793, 50.14287497837908, 47.24543112027356, 43.81492594746721, 40.42249192532951, 36.29684899869708, 31.03219831334122, 25.49804523590483, 23.6690960330562, 22.41456625788855, 22.05582775643933, 22.15647833843065, 22.19964994327035, 21.926580128875624, 16.837198238201378], "f": [0.0, 0.78125, 1.5625, 2.34375, 3.125, 3.90625, 4.6875, 5.46875, 6.25, 7.03125, 7.8125, 8.59375, 9.375, 10.15625, 10.9375, 11.71875, 12.5, 13.28125, 14.0625, 14.84375, 15.625, 16.40625, 17.1875, 17.96875, 18.75, 19.53125, 20.3125, 21.09375, 21.875, 22.65625, 23.4375, 24.21875, 25.0, 25.78125, 26.5625, 27.34375, 28.125, 28.90625, 29.6875, 30.46875, 31.25, 32.03125, 32.8125, 33.59375, 34.375, 35.15625, 35.9375, 36.71875, 37.5, 38.28125, 39.0625, 39.84375, 40.625, 41.40625, 42.1875, 42.96875, 43.75, 44.53125, 45.3125, 46.09375, 46.875, 47.65625, 48.4375, 49.21875, 50.0, 50.78125, 51.5625, 52.34375, 53.125, 53.90625, 54.6875, 55.46875, 56.25, 57.03125, 57.8125, 58.59375, 59.375, 60.15625, 60.9375, 61.71875, 62.5, 63.28125, 64.0625, 64.84375, 65.625, 66.40625, 67.1875, 67.96875, 68.75, 69.53125, 70.3125, 71.09375, 71.875, 72.65625, 73.4375, 74.21875, 75.0, 75.78125, 76.5625, 77.34375, 78.125, 78.90625, 79.6875, 80.46875, 81.25, 82.03125, 82.8125, 83.59375, 84.375, 85.15625, 85.9375, 86.71875, 87.5, 88.28125, 89.0625, 89.84375, 90.625, 91.40625, 92.1875, 92.96875, 93.75, 94.53125, 95.3125, 96.09375, 96.875, 97.65625, 98.4375, 99.21875, 100.0]}