{"psd": [69.97210394363302, 79.48527382944746, 79.13881496123983, 74.13065860602715, 67.25644020624857, 60.784143565430966, 55.49188676467622, 52.09609226827758, 49.895364428240605, 50.43662285862082, 50.57668815784847, 52.981172802676426, 63.243081443162566, 63.59838524113493, 54.62042169836916, 53.29841324343456, 53.51525892735811, 54.50065203425875, 54.78705122972418, 56.23409382504404, 55.93473695546268, 56.80440621879271, 57.619613600964605, 58.215288386172794, 65.44754941738974, 70.14967795775506, 66.21239018317448, 61.359440778317314, 59.679465469143345, 60.26699516578304, 58.768028073702894, 57.888108008318405, 58.49582067356479, 59.771283070506044, 61.10372475818396, 63.12516426274787, 67.49512756825955, 74.41317861468185, 73.48653776338756, 67.5205221073798, 65.72243307808161, 67.82173343682439, 68.45464834198839, 66.27254678150847, 67.94106970678858, 72.76885381913615, 75.13914882414834, 72.69805069593812, 74.06247896507045, 81.78806061064903, 85.36654156750441, 80.79278017568215, 77.30758864459322, 76.70581031751222, 77.60703243800877, 75.82653050528816, 75.07901563282277, 76.51266103367887, 79.8345558481755, 78.44171015896897, 75.3227263763416, 75.0561044450658, 76.96226634084047, 76.45785450346636, 74.82172929500506, 73.61935136006585, 73.41604001996959, 73.48189116191732, 72.92958424487179, 72.73080299054281, 72.67616113794814, 72.6238619933129, 71.57349835974202, 70.47885466946059, 70.56734858328217, 74.68229288007932, 82.30133129563603, 80.14749734251707, 71.42631375473489, 69.17177058834915, 68.16110254136643, 67.7749995262001, 68.01040406623011, 67.83736179094791, 67.01601700844952, 67.45648491151067, 67.0965255636798, 67.08243805580082, 66.42674137097492, 66.06346131735955, 64.9404469247942, 64.56098755237467, 64.84001392551649, 64.52570569886197, 64.07587644882449, 64.78853569292124, 66.83416456923743, 64.45648307016612, 63.564173144361355, 63.480171294681256, 63.61930522658943, 63.34746500547405, 62.72805257166657, 62.3762912451916, 62.75453689443835, 62.31995872907185, 62.434587202266215, 62.641518701247485, 62.265768384046076, 62.031855740321916, 61.90369649372285, 61.848504143075715, 61.272988309588364, 60.51853867883707, 59.073205181578025, 59.16804164607277, 56.42428121104027, 52.050649597564345, 48.136483320992696, 43.80644465112556, 38.125127162504484, 31.941037084655655, 26.051263096184837, 23.24678079897335, 22.591037543310524, 22.838118406750503, 22.31856912305823, 21.949844447595048, 17.087001034206267], "f": [0.0, 0.78125, 1.5625, 2.34375, 3.125, 3.90625, 4.6875, 5.46875, 6.25, 7.03125, 7.8125, 8.59375, 9.375, 10.15625, 10.9375, 11.71875, 12.5, 13.28125, 14.0625, 14.84375, 15.625, 16.40625, 17.1875, 17.96875, 18.75, 19.53125, 20.3125, 21.09375, 21.875, 22.65625, 23.4375, 24.21875, 25.0, 25.78125, 26.5625, 27.34375, 28.125, 28.90625, 29.6875, 30.46875, 31.25, 32.03125, 32.8125, 33.59375, 34.375, 35.15625, 35.9375, 36.71875, 37.5, 38.28125, 39.0625, 39.84375, 40.625, 41.40625, 42.1875, 42.96875, 43.75, 44.53125, 45.3125, 46.09375, 46.875, 47.65625, 48.4375, 49.21875, 50.0, 50.78125, 51.5625, 52.34375, 53.125, 53.90625, 54.6875, 55.46875, 56.25, 57.03125, 57.8125, 58.59375, 59.375, 60.15625, 60.9375, 61.71875, 62.5, 63.28125, 64.0625, 64.84375, 65.625, 66.40625, 67.1875, 67.96875, 68.75, 69.53125, 70.3125, 71.09375, 71.875, 72.65625, 73.4375, 74.21875, 75.0, 75.78125, 76.5625, 77.34375, 78.125, 78.90625, 79.6875, 80.46875, 81.25, 82.03125, 82.8125, 83.59375, 84.375, 85.15625, 85.9375, 86.71875, 87.5, 88.28125, 89.0625, 89.84375, 90.625, 91.40625, 92.1875, 92.96875, 93.75, 94.53125, 95.3125, 96.09375, 96.875, 97.65625, 98.4375, 99.21875, 100.0]}