{"psd": [66.84766838345125, 75.95496466403154, 76.08968365230399, 72.18795649049824, 67.10561629144854, 60.881422887942314, 56.27868930109397, 52.138234144393685, 49.58035424046316, 48.91627738843491, 49.074216171457024, 49.47283668347272, 49.38697324492439, 49.5216069846671, 50.165274668553096, 52.990790090182756, 51.7440183123052, 51.348053803028264, 51.87048231835, 52.224033343931936, 52.34034373853426, 55.69184394125952, 56.56738327510393, 54.38517620450945, 55.64043083143865, 54.99003323976037, 54.56299150835761, 54.52633798070803, 55.34043023458786, 54.542176949227745, 54.02281439359622, 54.595865825649454, 58.77100957380719, 58.252306547337824, 56.00489735551398, 56.58549635985695, 57.31549540948451, 58.74021294550935, 60.50445620734536, 59.31141886859798, 58.169827068602004, 58.7692279878356, 59.37468692445114, 60.84757916076715, 60.995526972362086, 62.132679526184035, 61.682215292476855, 59.531337034768505, 60.2902850181443, 59.54793867282804, 59.43402052017011, 58.994452893542004, 60.538626386115595, 63.521687320843085, 64.78672638723907, 62.22524783601325, 61.43680938140132, 61.88636357525715, 63.388628223019346, 62.47601811119107, 61.99395639725034, 62.079892375815284, 62.118548758093894, 62.720707972236546, 62.953627401632836, 61.87277745016551, 60.48527850283867, 60.495467207532194, 60.30547328407725, 59.61130096708822, 59.65053158575244, 60.04322920897435, 59.56642882254595, 60.461595430329226, 63.2005979021842, 65.79529640323814, 65.97050475430535, 64.711051267126, 62.42747939258555, 61.928557326422926, 61.32668748947803, 60.79575727074736, 61.037457395846275, 60.84013220480486, 60.43816095656766, 59.42570462940492, 59.088062477624334, 59.39672655212618, 59.16647999884974, 59.53335892228051, 60.001568012995115, 60.683181129844684, 61.243241819842275, 61.74000325374955, 62.19439122824304, 61.996749900869645, 61.13397005678293, 60.742200085207934, 60.5096821759322, 60.70306354693355, 60.54107741120188, 60.76174926209278, 60.54378990740682, 61.38970859781728, 61.86008575970939, 62.576883712319564, 63.38505657718418, 63.437177944455925, 63.7409824804071, 63.7729460522257, 63.11977074159196, 62.5011474486292, 62.08762911221169, 60.662620791782516, 60.00744403976323, 59.92157335301268, 57.677620107163875, 52.597830000690166, 48.40667799530262, 44.01566247290289, 38.62197465053449, 32.99420613871165, 26.741265026228277, 22.904344624555435, 22.59571086156734, 22.37301584449286, 22.54774332248234, 22.08918109035366, 17.309864504061775], "f": [0.0, 0.78125, 1.5625, 2.34375, 3.125, 3.90625, 4.6875, 5.46875, 6.25, 7.03125, 7.8125, 8.59375, 9.375, 10.15625, 10.9375, 11.71875, 12.5, 13.28125, 14.0625, 14.84375, 15.625, 16.40625, 17.1875, 17.96875, 18.75, 19.53125, 20.3125, 21.09375, 21.875, 22.65625, 23.4375, 24.21875, 25.0, 25.78125, 26.5625, 27.34375, 28.125, 28.90625, 29.6875, 30.46875, 31.25, 32.03125, 32.8125, 33.59375, 34.375, 35.15625, 35.9375, 36.71875, 37.5, 38.28125, 39.0625, 39.84375, 40.625, 41.40625, 42.1875, 42.96875, 43.75, 44.53125, 45.3125, 46.09375, 46.875, 47.65625, 48.4375, 49.21875, 50.0, 50.78125, 51.5625, 52.34375, 53.125, 53.90625, 54.6875, 55.46875, 56.25, 57.03125, 57.8125, 58.59375, 59.375, 60.15625, 60.9375, 61.71875, 62.5, 63.28125, 64.0625, 64.84375, 65.625, 66.40625, 67.1875, 67.96875, 68.75, 69.53125, 70.3125, 71.09375, 71.875, 72.65625, 73.4375, 74.21875, 75.0, 75.78125, 76.5625, 77.34375, 78.125, 78.90625, 79.6875, 80.46875, 81.25, 82.03125, 82.8125, 83.59375, 84.375, 85.15625, 85.9375, 86.71875, 87.5, 88.28125, 89.0625, 89.84375, 90.625, 91.40625, 92.1875, 92.96875, 93.75, 94.53125, 95.3125, 96.09375, 96.875, 97.65625, 98.4375, 99.21875, 100.0]}