{"psd": [62.087257154779316, 70.67101833501292, 66.47725470666902, 58.631881248781085, 53.518316497685596, 49.90317039211985, 46.928333782644515, 46.42797002658248, 47.51473817781072, 49.028582953469275, 48.94217599622459, 47.6477719783604, 52.71667417618602, 57.96889205776922, 54.28407740508391, 53.88172889168758, 52.80963828993912, 54.78359570689274, 55.303435841115316, 60.857823646678746, 60.35464790370891, 56.6317838897944, 56.27710542353431, 53.27194904508006, 53.74940077241186, 55.75004805124497, 57.39116045624445, 54.50534478038476, 54.68947623292109, 56.16203775183264, 54.55173468395476, 56.672324798432996, 61.633707302201685, 60.0559885108925, 59.00161263085688, 59.19658385886056, 56.51937930631768, 57.240968038861666, 60.38735681840937, 60.38034459095697, 57.29778447981921, 57.40880097586336, 60.501669057658006, 63.05611861215047, 61.26316440861346, 59.90576499083722, 59.82069466349237, 59.5584973992156, 59.98667531633653, 60.99951363362008, 62.29108971011628, 63.00886578610932, 64.20582936053711, 65.53175846568183, 67.42124031138546, 64.6731075152887, 63.88441583026114, 66.39866554909837, 66.87359003827335, 68.7369669121815, 70.83732640550775, 68.12129114839756, 69.09591635504445, 68.6227641457933, 68.0036701371187, 66.66250647502368, 64.97438352764755, 65.09503450007232, 65.18988427257672, 65.70759873434733, 64.88140639515989, 63.57647079665557, 62.91553619284951, 63.50697518301572, 64.84164841898547, 68.97364257777735, 72.37396874393603, 71.60307473971079, 65.83031198493597, 61.30698836094315, 59.83778434093702, 59.350840453586535, 59.58997039623654, 59.239355034905934, 59.373087986042975, 60.1273859704099, 60.73289777945975, 59.85937219791574, 59.14588984465003, 58.798006246768225, 57.91312099895166, 57.92095273295437, 58.34907811448574, 59.911601104076595, 61.546477791744216, 62.938264296514475, 62.85081558668963, 60.79687749064042, 59.886974898124734, 59.897102004905264, 60.29874825986419, 60.89476794009421, 61.4486798086373, 62.51368696225927, 63.173869148525476, 64.27475249866951, 66.28177046138055, 66.1316968265161, 63.24736440796042, 61.37983314357152, 61.238411650695, 61.2606177019897, 61.48148832560943, 61.187098700409265, 59.53171686113161, 59.51089701072427, 56.96253455222694, 52.21991859265999, 48.311447888422634, 44.41526343376967, 38.797591420000344, 33.10707561977575, 26.64434466333877, 22.955807527559934, 22.04676057683363, 21.998023894728256, 22.218522027800596, 21.987507996963007, 17.4758448921547], "f": [0.0, 0.78125, 1.5625, 2.34375, 3.125, 3.90625, 4.6875, 5.46875, 6.25, 7.03125, 7.8125, 8.59375, 9.375, 10.15625, 10.9375, 11.71875, 12.5, 13.28125, 14.0625, 14.84375, 15.625, 16.40625, 17.1875, 17.96875, 18.75, 19.53125, 20.3125, 21.09375, 21.875, 22.65625, 23.4375, 24.21875, 25.0, 25.78125, 26.5625, 27.34375, 28.125, 28.90625, 29.6875, 30.46875, 31.25, 32.03125, 32.8125, 33.59375, 34.375, 35.15625, 35.9375, 36.71875, 37.5, 38.28125, 39.0625, 39.84375, 40.625, 41.40625, 42.1875, 42.96875, 43.75, 44.53125, 45.3125, 46.09375, 46.875, 47.65625, 48.4375, 49.21875, 50.0, 50.78125, 51.5625, 52.34375, 53.125, 53.90625, 54.6875, 55.46875, 56.25, 57.03125, 57.8125, 58.59375, 59.375, 60.15625, 60.9375, 61.71875, 62.5, 63.28125, 64.0625, 64.84375, 65.625, 66.40625, 67.1875, 67.96875, 68.75, 69.53125, 70.3125, 71.09375, 71.875, 72.65625, 73.4375, 74.21875, 75.0, 75.78125, 76.5625, 77.34375, 78.125, 78.90625, 79.6875, 80.46875, 81.25, 82.03125, 82.8125, 83.59375, 84.375, 85.15625, 85.9375, 86.71875, 87.5, 88.28125, 89.0625, 89.84375, 90.625, 91.40625, 92.1875, 92.96875, 93.75, 94.53125, 95.3125, 96.09375, 96.875, 97.65625, 98.4375, 99.21875, 100.0]}