{"psd": [66.29584210860618, 74.82332431514362, 72.87595699320185, 69.38320544876085, 65.55528045196701, 62.86021098199646, 58.7931247152312, 56.066155551152605, 53.344389516729365, 53.70916418711733, 55.33807078178637, 54.466995346401184, 53.69713838925592, 53.809889341227965, 54.37818811676134, 54.564674676847616, 54.02722101480619, 54.70909669706736, 56.15173424963052, 58.17216572104086, 57.55484476151055, 58.717644742864266, 58.060011102448456, 57.788564528237956, 57.96739445264974, 58.72433928928449, 58.73755917794551, 59.26789331944728, 59.09634794504285, 58.20761168085619, 58.46118950061238, 58.530809796615316, 61.800219625533295, 64.923811483103, 62.0739039155543, 60.52718062224508, 60.90450156258062, 61.15566225548286, 61.34644760442982, 58.983056021195665, 58.17956815231494, 60.53607123931843, 61.93289716732474, 59.15651744468281, 59.5786322859518, 59.793902175252256, 60.861726721044036, 60.47219778447098, 59.905439355382256, 60.44389512722125, 61.578462656743525, 61.42380674160094, 61.366431556640705, 60.55437223050031, 60.713649757929204, 61.317543810161155, 62.453530270674776, 62.60649102095695, 63.62695012139304, 63.60113594306662, 62.59674252560349, 63.517884689346396, 64.50083348334401, 63.42141356915601, 62.869094896263384, 63.133364083092765, 61.77370687064459, 60.69842140082348, 60.03304875643934, 60.12140334742171, 61.345450118246575, 62.0077728760822, 62.56527042568496, 63.45349345201059, 63.5017843409607, 63.10663997690725, 68.83356128306706, 71.67580014729245, 64.14776665825316, 61.32950069760227, 62.532924920043776, 62.90551299365645, 62.01681271038406, 60.467220660788556, 59.892958770444565, 60.210250755847866, 60.25033159068585, 60.67760572782686, 61.76790855190845, 62.55533859717762, 62.12340686411017, 61.44737732619093, 62.01215348008531, 63.022631444928436, 62.2183525622141, 64.62123534022778, 68.35622909792473, 63.5901781438612, 61.0590138751418, 60.92872583401282, 61.16850924217707, 62.01735115154548, 61.333114363172726, 60.57495857886846, 62.274643631381245, 62.674360384577454, 60.99924984277338, 59.01621335635947, 57.85932719779403, 57.03229221382781, 56.53969030718713, 56.625858470168204, 55.34625591842452, 54.10988273997304, 54.98078498066622, 60.424448623887876, 56.95263682003499, 46.27109965020708, 42.222416994873946, 37.616810442440595, 32.466915223293775, 27.26761731901715, 23.376803776721413, 22.473621879057006, 22.451825187474917, 22.31815720310221, 22.02192789261588, 22.35193170147653, 17.68857424528437], "f": [0.0, 0.78125, 1.5625, 2.34375, 3.125, 3.90625, 4.6875, 5.46875, 6.25, 7.03125, 7.8125, 8.59375, 9.375, 10.15625, 10.9375, 11.71875, 12.5, 13.28125, 14.0625, 14.84375, 15.625, 16.40625, 17.1875, 17.96875, 18.75, 19.53125, 20.3125, 21.09375, 21.875, 22.65625, 23.4375, 24.21875, 25.0, 25.78125, 26.5625, 27.34375, 28.125, 28.90625, 29.6875, 30.46875, 31.25, 32.03125, 32.8125, 33.59375, 34.375, 35.15625, 35.9375, 36.71875, 37.5, 38.28125, 39.0625, 39.84375, 40.625, 41.40625, 42.1875, 42.96875, 43.75, 44.53125, 45.3125, 46.09375, 46.875, 47.65625, 48.4375, 49.21875, 50.0, 50.78125, 51.5625, 52.34375, 53.125, 53.90625, 54.6875, 55.46875, 56.25, 57.03125, 57.8125, 58.59375, 59.375, 60.15625, 60.9375, 61.71875, 62.5, 63.28125, 64.0625, 64.84375, 65.625, 66.40625, 67.1875, 67.96875, 68.75, 69.53125, 70.3125, 71.09375, 71.875, 72.65625, 73.4375, 74.21875, 75.0, 75.78125, 76.5625, 77.34375, 78.125, 78.90625, 79.6875, 80.46875, 81.25, 82.03125, 82.8125, 83.59375, 84.375, 85.15625, 85.9375, 86.71875, 87.5, 88.28125, 89.0625, 89.84375, 90.625, 91.40625, 92.1875, 92.96875, 93.75, 94.53125, 95.3125, 96.09375, 96.875, 97.65625, 98.4375, 99.21875, 100.0]}