{"psd": [67.85570670953132, 77.33814594395248, 76.45175658413461, 73.25725689747217, 67.79559682924071, 61.22555462872774, 55.774241969442514, 52.29443334924052, 51.171811489310244, 49.58451736543428, 51.285339273380764, 51.25379839176115, 49.682153665152775, 49.06012644832834, 50.29415685687663, 51.084816536713234, 51.07972202639462, 50.58579587413881, 51.52388693387585, 52.27745420645781, 52.65164069843044, 52.43317771103227, 52.39043333423227, 52.8171451350117, 52.85237014858201, 53.59492593983889, 53.76937970227154, 53.872475493042614, 53.573621069060906, 54.06505517561783, 53.62219618793329, 54.01837630979586, 54.09256998521088, 53.90600307261319, 53.711202143886226, 54.0729029872648, 54.620892595609845, 56.22192299868024, 62.716310899058314, 62.29787677586565, 56.793257925928856, 55.80930180030932, 56.29462803052827, 56.06263454807778, 55.64948692854452, 56.312173806073645, 56.75610863620716, 57.98439608127274, 58.439270079131305, 57.607656480420076, 57.23859652125267, 57.10071851701659, 57.606033540978565, 58.21303080352169, 58.66268268834965, 60.85423289583636, 61.11010690114411, 61.124147819635446, 60.76893815678052, 58.92486832207006, 58.894945768183796, 60.22863811664479, 61.59582362553869, 64.37896724355382, 65.31551448937454, 62.96352057566162, 60.46859709872382, 60.42339841440493, 60.64911757926353, 60.84515569203589, 62.78917787823339, 62.66717901222237, 61.95210124745992, 60.91478795959888, 63.715343431159255, 75.4200194815184, 86.319052365143, 84.25433240459056, 67.41679286111977, 61.16116080700542, 60.028179734649065, 59.712648306193955, 60.21999798296294, 62.084166162836986, 61.282574062506754, 60.63060359127182, 61.53257863207471, 61.8626676147603, 61.330182023243026, 61.51586788609029, 61.132488883607834, 60.41340855278097, 60.13880698008656, 59.78847829922244, 60.48728865831171, 62.267569382156026, 66.0967759003033, 62.262038126622976, 59.46230179442565, 60.23374479019572, 61.07244258246795, 60.44410977750158, 59.30167818891758, 58.718077444961864, 58.49104396138817, 58.432535864161075, 58.43684932942601, 58.93884788792084, 58.73879280559792, 58.22400266342956, 58.718426032266926, 58.54623776767702, 58.04215667958292, 56.93803570650515, 56.38205341226136, 57.35225799981955, 54.22464832279761, 49.055770668361845, 45.55903935637049, 41.27187995375054, 35.06175128774097, 29.761889866817434, 24.58762437894609, 22.51517533905527, 22.456038284269507, 21.817692610524713, 21.468967408193606, 22.45283498874459, 17.24442909399628], "f": [0.0, 0.78125, 1.5625, 2.34375, 3.125, 3.90625, 4.6875, 5.46875, 6.25, 7.03125, 7.8125, 8.59375, 9.375, 10.15625, 10.9375, 11.71875, 12.5, 13.28125, 14.0625, 14.84375, 15.625, 16.40625, 17.1875, 17.96875, 18.75, 19.53125, 20.3125, 21.09375, 21.875, 22.65625, 23.4375, 24.21875, 25.0, 25.78125, 26.5625, 27.34375, 28.125, 28.90625, 29.6875, 30.46875, 31.25, 32.03125, 32.8125, 33.59375, 34.375, 35.15625, 35.9375, 36.71875, 37.5, 38.28125, 39.0625, 39.84375, 40.625, 41.40625, 42.1875, 42.96875, 43.75, 44.53125, 45.3125, 46.09375, 46.875, 47.65625, 48.4375, 49.21875, 50.0, 50.78125, 51.5625, 52.34375, 53.125, 53.90625, 54.6875, 55.46875, 56.25, 57.03125, 57.8125, 58.59375, 59.375, 60.15625, 60.9375, 61.71875, 62.5, 63.28125, 64.0625, 64.84375, 65.625, 66.40625, 67.1875, 67.96875, 68.75, 69.53125, 70.3125, 71.09375, 71.875, 72.65625, 73.4375, 74.21875, 75.0, 75.78125, 76.5625, 77.34375, 78.125, 78.90625, 79.6875, 80.46875, 81.25, 82.03125, 82.8125, 83.59375, 84.375, 85.15625, 85.9375, 86.71875, 87.5, 88.28125, 89.0625, 89.84375, 90.625, 91.40625, 92.1875, 92.96875, 93.75, 94.53125, 95.3125, 96.09375, 96.875, 97.65625, 98.4375, 99.21875, 100.0]}