{"psd": [69.04205713706696, 78.23242636780566, 78.4404751757203, 74.14024158163556, 67.64533813566534, 60.96721230184026, 55.55217564495387, 51.775818458336914, 50.13329079882094, 48.80459547684904, 49.492210030559264, 49.6528171120195, 50.113272848656166, 50.84007342303223, 51.102907020105526, 51.68389079590081, 52.74080959184217, 52.94464465451722, 52.81152319815382, 55.48392264407792, 55.09457527444178, 55.698839517964785, 54.716289752635056, 54.8167189177622, 55.768412864145276, 59.10285063174955, 59.67105502698348, 58.185597922914326, 57.95227596174335, 58.166812489409594, 57.047368517034, 56.445856203663865, 58.015017611487146, 59.96054432794917, 60.47274129320628, 61.544944906113116, 60.43387181280055, 59.19928186504032, 59.799713411981784, 58.69407019280317, 58.90050874375942, 59.672787675677355, 60.85674973603781, 60.27813881673804, 59.39386859607139, 59.57390421728661, 59.30499380731326, 59.63649958848354, 62.28057957007475, 64.99170064636684, 62.810058907884695, 61.81048267420334, 61.97359088521425, 61.14386694745492, 61.71886385029624, 62.50991385861277, 63.43451858093526, 63.943556156633804, 63.473281280419485, 62.18528147771755, 62.2934238706418, 62.8084792251185, 63.02959364015712, 63.280002076090874, 62.885885033001784, 63.29289890270431, 62.85818646552072, 62.821029308470706, 62.99498783675595, 62.64058992127616, 62.035581918886194, 62.040296381090066, 61.685007898716464, 61.58857346531812, 63.9822850403548, 72.95404622268643, 81.6798083658682, 79.60145454240309, 67.81144663014499, 62.61277984244944, 59.95676744061452, 59.32714420050158, 60.8473574725882, 63.1486735215337, 60.10978425032329, 59.03374329443306, 58.51751812636466, 58.347211343634235, 59.457364707527596, 59.23688288613229, 59.01456299244724, 59.09824865259101, 58.96952381934178, 59.1669709049762, 59.202031431717835, 66.34816628837685, 71.43309366215124, 66.37290361835494, 59.40949754894925, 60.11153028618722, 60.52435399358895, 59.800448365862394, 60.61386813508175, 60.399368606957836, 60.29020062551234, 60.088222555909645, 60.46223819203873, 59.937569709781016, 60.101810605105854, 60.421249651739544, 60.29630915055988, 58.590768042459956, 56.75976500726783, 55.943741179495554, 57.21304519399524, 62.21875052351254, 58.80404050565291, 47.83821122394257, 43.98785750851445, 39.37310151447011, 34.13922723250615, 28.66555740620298, 24.185511945892223, 22.188027972590913, 21.980486265269686, 21.971650018576728, 21.995169956478165, 22.04164540730919, 17.80260026251659], "f": [0.0, 0.78125, 1.5625, 2.34375, 3.125, 3.90625, 4.6875, 5.46875, 6.25, 7.03125, 7.8125, 8.59375, 9.375, 10.15625, 10.9375, 11.71875, 12.5, 13.28125, 14.0625, 14.84375, 15.625, 16.40625, 17.1875, 17.96875, 18.75, 19.53125, 20.3125, 21.09375, 21.875, 22.65625, 23.4375, 24.21875, 25.0, 25.78125, 26.5625, 27.34375, 28.125, 28.90625, 29.6875, 30.46875, 31.25, 32.03125, 32.8125, 33.59375, 34.375, 35.15625, 35.9375, 36.71875, 37.5, 38.28125, 39.0625, 39.84375, 40.625, 41.40625, 42.1875, 42.96875, 43.75, 44.53125, 45.3125, 46.09375, 46.875, 47.65625, 48.4375, 49.21875, 50.0, 50.78125, 51.5625, 52.34375, 53.125, 53.90625, 54.6875, 55.46875, 56.25, 57.03125, 57.8125, 58.59375, 59.375, 60.15625, 60.9375, 61.71875, 62.5, 63.28125, 64.0625, 64.84375, 65.625, 66.40625, 67.1875, 67.96875, 68.75, 69.53125, 70.3125, 71.09375, 71.875, 72.65625, 73.4375, 74.21875, 75.0, 75.78125, 76.5625, 77.34375, 78.125, 78.90625, 79.6875, 80.46875, 81.25, 82.03125, 82.8125, 83.59375, 84.375, 85.15625, 85.9375, 86.71875, 87.5, 88.28125, 89.0625, 89.84375, 90.625, 91.40625, 92.1875, 92.96875, 93.75, 94.53125, 95.3125, 96.09375, 96.875, 97.65625, 98.4375, 99.21875, 100.0]}