{"psd": [69.94726816659734, 78.90031054882907, 77.48985513915704, 73.09876153441051, 67.61418406685668, 61.61405586379209, 56.56113602142738, 51.893639408983034, 49.329821786279595, 50.23656577867608, 53.01676477091198, 55.20369576677311, 56.01070848842375, 54.92477861233853, 53.87975445211608, 54.94184640426859, 54.456289999223124, 55.05846017220408, 56.083648276783194, 60.73930984504746, 60.27206001568635, 57.89955006590448, 58.15492589174898, 57.22896593629018, 56.75987856312475, 57.45052176791367, 58.430205574560425, 57.385789188595126, 57.0612334535458, 59.45951429814799, 61.6294113592226, 63.1281670448157, 60.695344309038255, 59.99801735220551, 60.40458475554131, 60.80498446153199, 60.015611302088615, 60.55977896345982, 61.36208316736335, 62.243768247248745, 62.58873071468172, 62.24847382485014, 62.368996854647705, 62.34921876671723, 61.30754239814449, 59.892548853797024, 62.248037404428864, 63.23591833504373, 62.6989766133778, 63.31661450994825, 63.40960294672531, 62.86124412738329, 62.21678133185244, 61.480623692570106, 61.49077198699708, 61.7055506039176, 62.29079713234478, 65.25080086301705, 66.76329567641213, 65.09371604503889, 63.564249703751585, 64.22652227857137, 64.338596328536, 63.35576465324054, 62.76145917004907, 63.34300864275754, 64.85819252440956, 65.11413604780209, 64.92860042494465, 64.12751437898302, 62.75009671535727, 62.43302035056737, 62.05758919421079, 61.6583968956241, 63.38128012475869, 73.40461308713907, 82.73494882553337, 80.76541039634694, 68.70928664037676, 65.15389692196595, 62.90837817510284, 61.81990796795206, 62.72906733717168, 65.76856705899249, 62.516042520752784, 60.929835902436054, 60.464782360860326, 60.465495118331134, 61.033721020095314, 61.81343014259524, 62.018350207048705, 61.27880091424812, 61.080870456165314, 61.24147071987647, 61.33601454626971, 64.57379782846756, 67.78134565120423, 63.89694868328907, 60.499570638024245, 60.71391423803093, 60.976333918221044, 60.582854785822065, 60.572325691231455, 60.58874579641254, 60.886488010047515, 61.950812963159755, 62.681755224187285, 63.891302806895624, 64.32174297727178, 63.792994544027444, 63.31816859230336, 61.59888888639437, 61.14507480360694, 59.97063286961682, 59.076040740047716, 58.82823643785957, 55.752182945691374, 51.22041568848425, 47.370378518673355, 42.20854897150558, 37.22309347731111, 31.6977113971867, 26.817407306138975, 23.434523577894538, 22.428546062687637, 21.853194141219603, 22.31241214365012, 22.280730418329785, 17.39946209189702], "f": [0.0, 0.78125, 1.5625, 2.34375, 3.125, 3.90625, 4.6875, 5.46875, 6.25, 7.03125, 7.8125, 8.59375, 9.375, 10.15625, 10.9375, 11.71875, 12.5, 13.28125, 14.0625, 14.84375, 15.625, 16.40625, 17.1875, 17.96875, 18.75, 19.53125, 20.3125, 21.09375, 21.875, 22.65625, 23.4375, 24.21875, 25.0, 25.78125, 26.5625, 27.34375, 28.125, 28.90625, 29.6875, 30.46875, 31.25, 32.03125, 32.8125, 33.59375, 34.375, 35.15625, 35.9375, 36.71875, 37.5, 38.28125, 39.0625, 39.84375, 40.625, 41.40625, 42.1875, 42.96875, 43.75, 44.53125, 45.3125, 46.09375, 46.875, 47.65625, 48.4375, 49.21875, 50.0, 50.78125, 51.5625, 52.34375, 53.125, 53.90625, 54.6875, 55.46875, 56.25, 57.03125, 57.8125, 58.59375, 59.375, 60.15625, 60.9375, 61.71875, 62.5, 63.28125, 64.0625, 64.84375, 65.625, 66.40625, 67.1875, 67.96875, 68.75, 69.53125, 70.3125, 71.09375, 71.875, 72.65625, 73.4375, 74.21875, 75.0, 75.78125, 76.5625, 77.34375, 78.125, 78.90625, 79.6875, 80.46875, 81.25, 82.03125, 82.8125, 83.59375, 84.375, 85.15625, 85.9375, 86.71875, 87.5, 88.28125, 89.0625, 89.84375, 90.625, 91.40625, 92.1875, 92.96875, 93.75, 94.53125, 95.3125, 96.09375, 96.875, 97.65625, 98.4375, 99.21875, 100.0]}