{"psd": [59.07202675879164, 67.72719896157032, 67.7656725859806, 67.45078828619299, 64.94313878790939, 60.72434128800854, 55.97526556394958, 51.966347287523334, 48.758832079574944, 48.084432653146195, 49.253636095699534, 47.50667525400813, 47.923969942875786, 49.78939572532711, 51.037458516052766, 51.601174466428425, 52.282706147524024, 51.19235533059653, 50.85743301280428, 52.5986664851055, 50.90431658864007, 50.05498856840421, 51.89212809289103, 53.87099065107515, 54.659761920262575, 53.85757701013076, 54.32273756386578, 55.46918787195607, 57.49264815424192, 57.63626399530747, 55.77586625741419, 55.216818772204974, 54.26525645905939, 55.063275385039105, 56.5312902330492, 55.360340549918874, 54.67544280887252, 60.786016001227566, 65.55206914406727, 59.75342461404694, 54.352627499816826, 56.25761837712163, 57.92385342453808, 56.640462873085305, 56.940168515069935, 58.68457674974294, 58.52868649987826, 57.68084215453804, 60.07964618616997, 57.36876433573126, 56.37889085783815, 56.29322362974085, 55.87438675194037, 56.5395289204249, 55.867717197271006, 56.24408963649007, 57.23130850323581, 60.76923163414843, 62.19633775280841, 60.02132116154022, 60.43272602551946, 61.25912436209322, 62.937444394284725, 64.03026647811376, 63.62567308522405, 61.641037433030505, 60.82191570406814, 61.39763312437586, 62.173097621811166, 60.6063724478783, 60.27928419559933, 59.49596166974817, 60.002412574531256, 60.735432724869085, 63.06647863920269, 70.18526094010736, 68.1436448513212, 62.130459395955995, 59.14194191521471, 58.954109392357, 57.50982073685341, 55.951837566634374, 55.456700333439116, 53.90354212989812, 53.24918254348097, 53.43199727811295, 54.7496087009798, 53.9682196233107, 53.12568868252982, 52.74090743006865, 52.38351547798133, 52.61844762968873, 54.08952036581569, 53.62144156487729, 52.30388286568186, 53.220005674943955, 54.28696393281801, 53.89762221998015, 54.238482119971245, 55.02586196412427, 55.164196970514524, 56.41091895958542, 56.04914425692945, 54.75195493825983, 54.76127733227115, 55.89068829578825, 55.71084147797609, 54.548608267554144, 52.81953828120437, 52.02612786359979, 51.148936252444564, 50.52310915346638, 50.73602377629905, 50.331790997217915, 52.20439642798756, 57.59234720725473, 53.566254792960066, 42.96914405319939, 39.276616512925415, 34.70935593969799, 29.526864216890193, 25.521491737246183, 23.509637647608436, 22.251298205548323, 22.08868947448885, 22.3874596667388, 21.97864168520269, 22.025852611982685, 18.04860957895773], "f": [0.0, 0.78125, 1.5625, 2.34375, 3.125, 3.90625, 4.6875, 5.46875, 6.25, 7.03125, 7.8125, 8.59375, 9.375, 10.15625, 10.9375, 11.71875, 12.5, 13.28125, 14.0625, 14.84375, 15.625, 16.40625, 17.1875, 17.96875, 18.75, 19.53125, 20.3125, 21.09375, 21.875, 22.65625, 23.4375, 24.21875, 25.0, 25.78125, 26.5625, 27.34375, 28.125, 28.90625, 29.6875, 30.46875, 31.25, 32.03125, 32.8125, 33.59375, 34.375, 35.15625, 35.9375, 36.71875, 37.5, 38.28125, 39.0625, 39.84375, 40.625, 41.40625, 42.1875, 42.96875, 43.75, 44.53125, 45.3125, 46.09375, 46.875, 47.65625, 48.4375, 49.21875, 50.0, 50.78125, 51.5625, 52.34375, 53.125, 53.90625, 54.6875, 55.46875, 56.25, 57.03125, 57.8125, 58.59375, 59.375, 60.15625, 60.9375, 61.71875, 62.5, 63.28125, 64.0625, 64.84375, 65.625, 66.40625, 67.1875, 67.96875, 68.75, 69.53125, 70.3125, 71.09375, 71.875, 72.65625, 73.4375, 74.21875, 75.0, 75.78125, 76.5625, 77.34375, 78.125, 78.90625, 79.6875, 80.46875, 81.25, 82.03125, 82.8125, 83.59375, 84.375, 85.15625, 85.9375, 86.71875, 87.5, 88.28125, 89.0625, 89.84375, 90.625, 91.40625, 92.1875, 92.96875, 93.75, 94.53125, 95.3125, 96.09375, 96.875, 97.65625, 98.4375, 99.21875, 100.0]}