{"psd": [72.4443017718799, 81.06620414048137, 79.67632894693182, 74.44722406928838, 67.47390033874778, 61.51283868725257, 57.302751747639974, 54.88198552486359, 55.83812467151175, 58.03086757868379, 59.47190444099985, 61.659585750579176, 63.37794591255516, 66.73220777030593, 65.7904493271485, 61.91564480950166, 62.24190981202181, 62.490401683993504, 62.827492554166525, 62.25421199036106, 62.48567008258508, 63.30777627066503, 63.738617630437524, 63.66563777246782, 63.16323044792411, 63.634983552553315, 66.02464711505331, 68.52391013620945, 78.1977180435498, 80.275138573672, 72.00575337355431, 64.75308367497198, 63.0927943200765, 62.07257409799783, 62.811662266492895, 63.99847907399145, 63.200686592552245, 62.7395251120724, 63.52782464584245, 65.75594676519079, 67.53916886632089, 65.66001198425846, 69.0472449019048, 74.35107105578619, 71.19120158022655, 64.17317194004904, 62.615580361057, 62.77724375774332, 62.03407290151805, 62.37122219626721, 62.33479975931941, 63.284155315110084, 63.27102769793874, 64.40391217950518, 64.90666169279761, 63.141476683511314, 67.03827042021967, 72.67079487010454, 71.64007288769096, 65.60150657698661, 62.81405641532022, 62.12318951267847, 62.130964523069885, 62.985711444273136, 62.56114213498706, 62.197935016260494, 62.695083233907916, 62.54144774489805, 62.33922042494045, 62.63328018862726, 63.09747300231601, 63.77323995507757, 63.635214087756694, 62.2048603111357, 63.28646328572118, 63.32417218130615, 63.88356133619248, 63.34916447269734, 62.10315050830046, 63.013941909440796, 63.877667363979086, 64.14427658693987, 63.894656666752056, 63.88901975906073, 64.92079453969191, 67.40758247787545, 68.38854421984453, 68.03440143579083, 66.86555988949998, 66.43302322071852, 65.87960771270897, 66.16263075870368, 66.82075520355538, 67.76615987004936, 67.6733187711978, 66.26581665255613, 66.34143577954868, 67.56607615194154, 69.27698921653483, 71.99442578626481, 74.85129618693799, 75.35886711387475, 73.16498275866925, 70.62407907801531, 69.0623809654081, 69.02856711998896, 69.7168967318737, 70.16174919995433, 70.2049559439289, 69.81930815765739, 70.15843657247717, 70.1600125087032, 69.91478211574864, 70.74241398385129, 73.66716130723015, 74.24965943433361, 70.52166926189311, 63.48874671888684, 57.250415154243655, 52.94197578526983, 46.96283595330823, 40.472124133530954, 33.58207763194133, 26.600685544436654, 22.80084350620854, 22.035204769836085, 22.38126374670219, 22.195079348007255, 17.18296900838114], "f": [0.0, 0.78125, 1.5625, 2.34375, 3.125, 3.90625, 4.6875, 5.46875, 6.25, 7.03125, 7.8125, 8.59375, 9.375, 10.15625, 10.9375, 11.71875, 12.5, 13.28125, 14.0625, 14.84375, 15.625, 16.40625, 17.1875, 17.96875, 18.75, 19.53125, 20.3125, 21.09375, 21.875, 22.65625, 23.4375, 24.21875, 25.0, 25.78125, 26.5625, 27.34375, 28.125, 28.90625, 29.6875, 30.46875, 31.25, 32.03125, 32.8125, 33.59375, 34.375, 35.15625, 35.9375, 36.71875, 37.5, 38.28125, 39.0625, 39.84375, 40.625, 41.40625, 42.1875, 42.96875, 43.75, 44.53125, 45.3125, 46.09375, 46.875, 47.65625, 48.4375, 49.21875, 50.0, 50.78125, 51.5625, 52.34375, 53.125, 53.90625, 54.6875, 55.46875, 56.25, 57.03125, 57.8125, 58.59375, 59.375, 60.15625, 60.9375, 61.71875, 62.5, 63.28125, 64.0625, 64.84375, 65.625, 66.40625, 67.1875, 67.96875, 68.75, 69.53125, 70.3125, 71.09375, 71.875, 72.65625, 73.4375, 74.21875, 75.0, 75.78125, 76.5625, 77.34375, 78.125, 78.90625, 79.6875, 80.46875, 81.25, 82.03125, 82.8125, 83.59375, 84.375, 85.15625, 85.9375, 86.71875, 87.5, 88.28125, 89.0625, 89.84375, 90.625, 91.40625, 92.1875, 92.96875, 93.75, 94.53125, 95.3125, 96.09375, 96.875, 97.65625, 98.4375, 99.21875, 100.0]}