{"psd": [63.36100879360575, 72.60840974250597, 73.79973751206303, 71.81958592329123, 67.20152995693121, 62.34254660034892, 57.54852177193527, 53.21287710505481, 51.62585247483528, 50.36731330884198, 50.231166963437374, 51.47633302069199, 53.372089543297996, 54.75697118968874, 57.00512141392689, 59.169141649911424, 58.43767318799745, 56.332059857563394, 55.296951698674405, 55.99711492924464, 57.33530999562351, 56.91880471564904, 59.43148165431131, 58.663749527660585, 57.853618163279435, 62.49178723260093, 63.18502297198758, 59.245755059585825, 57.59660229341349, 57.16833109937744, 57.18501703645685, 57.31074766992057, 57.210226128733964, 59.59105386257156, 62.13624617515648, 61.13031645930796, 61.00214937052751, 62.2401908275547, 62.92071919735383, 61.32636737832854, 60.41048394598632, 60.797072340829246, 61.7960504129725, 63.31185527237661, 63.43289607435004, 63.54641573985154, 62.984110569301436, 63.363646100284086, 63.60756519043973, 61.81023783215195, 63.52264459230567, 65.37571126016888, 66.07523491562384, 66.42282652594182, 67.30261523128107, 66.65137538075226, 65.73234407685702, 66.64278203152693, 67.41422275106162, 66.96298840439664, 67.25831966021353, 67.85943278584338, 69.99701584674115, 70.7166993009775, 70.01791962219072, 67.84460032263189, 66.17857359472725, 65.05204020766973, 64.73646589326079, 65.10525516007651, 66.15766076539708, 68.35033850382604, 69.56645451039269, 67.46962849843482, 65.42547611284408, 67.21272947245245, 66.01281111413728, 64.631843391917, 63.21915884327698, 63.58909371850197, 65.51645386285008, 67.16770464478563, 66.25891526812678, 63.88515153759024, 62.251865849292884, 61.883926675054475, 62.096750188745425, 61.45591453079753, 62.1489460483102, 63.025284736695546, 63.820734852970666, 63.44103898913548, 62.479242564962966, 60.71184037863765, 61.2192510147457, 61.49466969142801, 61.740635111127624, 60.70742344576306, 60.905427138972705, 61.2119369711676, 60.79528284107102, 60.77333857643377, 60.29284718831512, 60.38988949290888, 60.44448254662362, 60.81614322578562, 61.198925972402584, 61.34270957854059, 62.378405207844835, 62.384500595707195, 60.76533003332047, 59.64727877084174, 58.77789572285351, 57.80711043183021, 57.67884269993353, 57.776083652745754, 55.199628282292224, 50.35483629881373, 46.97586829105396, 42.42053306985476, 36.751227567678946, 30.17598316275846, 25.521086556918494, 22.76238639992283, 22.07614842544823, 22.20127003341736, 22.423122485161734, 22.30218908324784, 17.614087215547443], "f": [0.0, 0.78125, 1.5625, 2.34375, 3.125, 3.90625, 4.6875, 5.46875, 6.25, 7.03125, 7.8125, 8.59375, 9.375, 10.15625, 10.9375, 11.71875, 12.5, 13.28125, 14.0625, 14.84375, 15.625, 16.40625, 17.1875, 17.96875, 18.75, 19.53125, 20.3125, 21.09375, 21.875, 22.65625, 23.4375, 24.21875, 25.0, 25.78125, 26.5625, 27.34375, 28.125, 28.90625, 29.6875, 30.46875, 31.25, 32.03125, 32.8125, 33.59375, 34.375, 35.15625, 35.9375, 36.71875, 37.5, 38.28125, 39.0625, 39.84375, 40.625, 41.40625, 42.1875, 42.96875, 43.75, 44.53125, 45.3125, 46.09375, 46.875, 47.65625, 48.4375, 49.21875, 50.0, 50.78125, 51.5625, 52.34375, 53.125, 53.90625, 54.6875, 55.46875, 56.25, 57.03125, 57.8125, 58.59375, 59.375, 60.15625, 60.9375, 61.71875, 62.5, 63.28125, 64.0625, 64.84375, 65.625, 66.40625, 67.1875, 67.96875, 68.75, 69.53125, 70.3125, 71.09375, 71.875, 72.65625, 73.4375, 74.21875, 75.0, 75.78125, 76.5625, 77.34375, 78.125, 78.90625, 79.6875, 80.46875, 81.25, 82.03125, 82.8125, 83.59375, 84.375, 85.15625, 85.9375, 86.71875, 87.5, 88.28125, 89.0625, 89.84375, 90.625, 91.40625, 92.1875, 92.96875, 93.75, 94.53125, 95.3125, 96.09375, 96.875, 97.65625, 98.4375, 99.21875, 100.0]}