{"psd": [59.2356516147721, 69.17449672958507, 70.96862787586898, 69.57351272904837, 65.65483549015039, 60.74611737748008, 56.477742639898196, 51.961516180139036, 49.20408514246026, 48.20395775957171, 48.04364785974333, 48.16868344789899, 48.89638322766308, 49.727006006800345, 49.66318761620896, 52.06173290937003, 52.03873391299601, 52.28463181010192, 57.48345507363165, 57.88780792911719, 53.304207559633525, 52.008115933816086, 51.747580093219334, 51.84579176279389, 54.25917588308428, 55.5407926741474, 54.734881009198034, 53.56709682606183, 52.12733712842103, 52.16769489199272, 54.31949367013804, 56.369470458364155, 57.062907415065595, 57.08796594241424, 57.70766360827785, 57.787362632188746, 58.01649279083957, 56.446853832038954, 57.70470582413667, 56.87833983183016, 54.909849473072185, 56.90575233713726, 58.351659653815716, 58.529679287423065, 57.77616469869755, 57.68394231410809, 57.35061677648524, 58.20520817774504, 59.59550770414164, 59.32634075106765, 59.605033817578544, 60.92535976895516, 59.994015723023885, 59.8243014018758, 59.312226511568554, 59.549106620370836, 60.51922752286238, 68.1698997892254, 69.68479088134289, 63.06739728378946, 62.997445290568976, 62.70485963607187, 62.14538634627225, 62.88938715063317, 64.54555187647361, 62.23938180095169, 59.9935334236124, 59.91789825889622, 60.10587481682457, 60.12707298356892, 61.715714860424185, 63.82270689136115, 63.52292956557845, 62.403023534712155, 63.28762710579377, 69.68411642679423, 75.43529200415702, 72.13136420369705, 63.09734274179818, 60.402680785272, 59.63817981638282, 58.89728586780252, 58.666572802207355, 59.16319437422998, 59.43681054149225, 59.34169254630077, 60.164479880208816, 59.79378753328399, 58.37587988224999, 57.139036615868775, 56.13538555095835, 56.415328595826466, 55.864174236660475, 55.44032763258994, 56.09293690951546, 57.1832367354245, 60.09497676406177, 58.6518158120513, 57.50939743221062, 57.57689466671506, 57.32685230607106, 56.67512568689681, 56.71458611576856, 55.878939761848756, 56.04759809234773, 55.56800907320847, 55.48493857038011, 56.39773205762279, 56.81417241468638, 56.410476867234934, 55.13567588542468, 54.658484714533415, 54.89169639104263, 53.947993542291016, 54.115788679431496, 60.305419491847736, 57.668119332793324, 45.155543658824236, 40.45907025842703, 36.590067729845536, 31.301517000390344, 27.1282854866674, 23.609679530784753, 22.19503625144707, 22.352614626960317, 21.947986170603954, 22.230360251067445, 21.818052017070904, 16.80947976043671], "f": [0.0, 0.78125, 1.5625, 2.34375, 3.125, 3.90625, 4.6875, 5.46875, 6.25, 7.03125, 7.8125, 8.59375, 9.375, 10.15625, 10.9375, 11.71875, 12.5, 13.28125, 14.0625, 14.84375, 15.625, 16.40625, 17.1875, 17.96875, 18.75, 19.53125, 20.3125, 21.09375, 21.875, 22.65625, 23.4375, 24.21875, 25.0, 25.78125, 26.5625, 27.34375, 28.125, 28.90625, 29.6875, 30.46875, 31.25, 32.03125, 32.8125, 33.59375, 34.375, 35.15625, 35.9375, 36.71875, 37.5, 38.28125, 39.0625, 39.84375, 40.625, 41.40625, 42.1875, 42.96875, 43.75, 44.53125, 45.3125, 46.09375, 46.875, 47.65625, 48.4375, 49.21875, 50.0, 50.78125, 51.5625, 52.34375, 53.125, 53.90625, 54.6875, 55.46875, 56.25, 57.03125, 57.8125, 58.59375, 59.375, 60.15625, 60.9375, 61.71875, 62.5, 63.28125, 64.0625, 64.84375, 65.625, 66.40625, 67.1875, 67.96875, 68.75, 69.53125, 70.3125, 71.09375, 71.875, 72.65625, 73.4375, 74.21875, 75.0, 75.78125, 76.5625, 77.34375, 78.125, 78.90625, 79.6875, 80.46875, 81.25, 82.03125, 82.8125, 83.59375, 84.375, 85.15625, 85.9375, 86.71875, 87.5, 88.28125, 89.0625, 89.84375, 90.625, 91.40625, 92.1875, 92.96875, 93.75, 94.53125, 95.3125, 96.09375, 96.875, 97.65625, 98.4375, 99.21875, 100.0]}