{"psd": [71.07842196547855, 80.36469553020476, 77.83826761513002, 72.48762751804678, 66.16156859947789, 60.499319947796835, 55.85554322636045, 53.03784387401714, 51.5900934974772, 50.8621609570894, 51.13187236193562, 50.888835289773446, 51.294922266509495, 51.33230894457594, 52.265262472607105, 53.44180905681968, 54.17604027107299, 53.74538535517014, 53.98582726137881, 54.70350608142027, 54.422726798111, 53.79599156191019, 54.15062688482561, 54.091760157464634, 54.07313805946725, 54.36148614175924, 55.00284576316284, 56.91494910446522, 59.081089162875635, 57.072471146860366, 57.02236359330974, 57.31054119432542, 56.85789955673248, 55.96186941400607, 56.63843984187337, 56.95757540379172, 58.650600478260486, 63.38002057718568, 62.82935050502948, 60.16737700161316, 58.09348469149682, 58.6911235578068, 59.669214234606784, 58.62928163423297, 58.66705233057889, 58.62503389332399, 59.077430684363335, 58.81349749781378, 59.26336190920014, 60.55552499682753, 60.44441063696097, 62.091585470852394, 61.899352029999164, 63.093496104914294, 62.84526474727645, 62.00635607609432, 62.72315972340288, 66.96646224964483, 68.56482169340963, 63.397119576459176, 62.53880241082054, 61.913696991328486, 62.4215362259967, 62.7832949968665, 63.04059989001337, 62.21205250490379, 61.35995428940313, 61.64693269698718, 61.689798997746536, 61.65149811267174, 61.54362682966179, 61.55234581394972, 62.29817989036523, 63.06321889191031, 64.06671812727711, 68.48202294259609, 72.13281015111464, 69.75215828672219, 63.612435196818126, 60.85925344724936, 59.93716686886593, 61.02811507316478, 61.315698592619405, 62.310332040382875, 62.30563903119788, 61.10945311707412, 61.48707308167725, 61.75059682473023, 61.09466746198025, 61.44638411376285, 60.743786603387946, 60.35068709323645, 60.16482970282125, 59.84842397514811, 59.43602990491086, 61.08431511182725, 63.31680160486063, 61.29248187113583, 59.30546930437947, 59.04774269054254, 58.85631663096188, 58.939617361526246, 59.49531622160808, 59.56341977850876, 59.045787848917584, 59.2449073938434, 59.28193349544881, 59.05951032847875, 58.50461348519791, 58.175053780473895, 58.04090715092228, 57.84837689103526, 57.67504407909381, 56.68090140263584, 55.39487964783789, 55.081236311769686, 53.338470544979295, 49.077893313979885, 44.788988019644755, 41.25147515017364, 35.9462246339282, 30.446052671033765, 25.06779060363256, 22.49286720527948, 22.012080726841372, 22.022433352103647, 22.290781566583927, 22.419544683892482, 16.930228655366466], "f": [0.0, 0.78125, 1.5625, 2.34375, 3.125, 3.90625, 4.6875, 5.46875, 6.25, 7.03125, 7.8125, 8.59375, 9.375, 10.15625, 10.9375, 11.71875, 12.5, 13.28125, 14.0625, 14.84375, 15.625, 16.40625, 17.1875, 17.96875, 18.75, 19.53125, 20.3125, 21.09375, 21.875, 22.65625, 23.4375, 24.21875, 25.0, 25.78125, 26.5625, 27.34375, 28.125, 28.90625, 29.6875, 30.46875, 31.25, 32.03125, 32.8125, 33.59375, 34.375, 35.15625, 35.9375, 36.71875, 37.5, 38.28125, 39.0625, 39.84375, 40.625, 41.40625, 42.1875, 42.96875, 43.75, 44.53125, 45.3125, 46.09375, 46.875, 47.65625, 48.4375, 49.21875, 50.0, 50.78125, 51.5625, 52.34375, 53.125, 53.90625, 54.6875, 55.46875, 56.25, 57.03125, 57.8125, 58.59375, 59.375, 60.15625, 60.9375, 61.71875, 62.5, 63.28125, 64.0625, 64.84375, 65.625, 66.40625, 67.1875, 67.96875, 68.75, 69.53125, 70.3125, 71.09375, 71.875, 72.65625, 73.4375, 74.21875, 75.0, 75.78125, 76.5625, 77.34375, 78.125, 78.90625, 79.6875, 80.46875, 81.25, 82.03125, 82.8125, 83.59375, 84.375, 85.15625, 85.9375, 86.71875, 87.5, 88.28125, 89.0625, 89.84375, 90.625, 91.40625, 92.1875, 92.96875, 93.75, 94.53125, 95.3125, 96.09375, 96.875, 97.65625, 98.4375, 99.21875, 100.0]}