{"psd": [67.61158336667553, 76.97938005156797, 75.4692173579945, 69.69594212165391, 63.780462960690826, 58.72771483755611, 54.052576687017975, 50.37301370626504, 48.83463848316563, 48.71868629436382, 50.47285847950239, 52.73363030856757, 51.53002328228375, 51.859370196174126, 55.63996363875893, 58.20332707549569, 55.12986212075701, 54.2532386554565, 53.431497507874035, 55.93611895365299, 53.700780914306144, 55.782642305423906, 60.339499765553796, 57.222062786293336, 55.69312355041572, 56.65272317804424, 55.80416683233702, 56.376167429784935, 57.88279274550953, 59.00833725760063, 59.875160550062574, 61.41743595318722, 60.2245428924488, 63.146748414983335, 63.60812054150123, 59.45582494860042, 59.251879639401885, 61.52375258641592, 64.42062473807407, 63.839512238535285, 61.27527780358456, 61.64352538647333, 61.286158662906736, 60.25133435327791, 60.34017287826575, 60.43056641555729, 61.04097310124489, 62.22945447473684, 67.76597986411075, 67.02984001124521, 63.37974772037604, 62.566106507718935, 61.01932088002204, 60.319135370105585, 60.78664640979693, 60.81487097680274, 62.937997349375586, 69.23477434510077, 70.3119218549387, 64.19017703416783, 63.73699244547065, 67.85374933891595, 68.85928661565764, 66.64186346388627, 64.56904438717442, 62.49435516832169, 62.241098194573766, 63.50074876740913, 63.34144760891781, 63.448500594107585, 63.900088588120674, 62.89331859786684, 63.51370847791471, 63.70019125968636, 65.02663853832235, 69.18398023946942, 73.5554646197334, 71.7657589721629, 64.94477554598467, 62.15060046508766, 61.192852851085114, 61.34083950762346, 60.775622613371006, 59.59560673558108, 59.55704484533484, 59.80458255690418, 59.355451271784894, 59.04478072666346, 59.17396557897248, 58.949995039038406, 58.24688664664527, 58.53372678118436, 60.205967609306576, 59.919540988466125, 59.30037061746749, 62.12610739572501, 66.70839579096037, 63.89012177237306, 61.62219500126461, 62.24882786957422, 62.718734708208075, 62.61480316444741, 63.93821250104716, 64.94603016708116, 65.2960059592473, 65.32566478615139, 65.47665519258251, 66.74266375596746, 66.67993656685675, 66.36293837158583, 66.40755188715579, 66.271989883566, 64.93097581103342, 64.34499153273512, 63.7014625187267, 63.91785006146223, 60.8674422963118, 56.289333396983956, 52.337271247728296, 46.803297544621685, 40.27704468356418, 34.15078853757054, 27.097325652359594, 23.318141515881745, 22.121331192083563, 22.170214436643036, 22.149445315475276, 22.53477116097208, 17.139094211816545], "f": [0.0, 0.78125, 1.5625, 2.34375, 3.125, 3.90625, 4.6875, 5.46875, 6.25, 7.03125, 7.8125, 8.59375, 9.375, 10.15625, 10.9375, 11.71875, 12.5, 13.28125, 14.0625, 14.84375, 15.625, 16.40625, 17.1875, 17.96875, 18.75, 19.53125, 20.3125, 21.09375, 21.875, 22.65625, 23.4375, 24.21875, 25.0, 25.78125, 26.5625, 27.34375, 28.125, 28.90625, 29.6875, 30.46875, 31.25, 32.03125, 32.8125, 33.59375, 34.375, 35.15625, 35.9375, 36.71875, 37.5, 38.28125, 39.0625, 39.84375, 40.625, 41.40625, 42.1875, 42.96875, 43.75, 44.53125, 45.3125, 46.09375, 46.875, 47.65625, 48.4375, 49.21875, 50.0, 50.78125, 51.5625, 52.34375, 53.125, 53.90625, 54.6875, 55.46875, 56.25, 57.03125, 57.8125, 58.59375, 59.375, 60.15625, 60.9375, 61.71875, 62.5, 63.28125, 64.0625, 64.84375, 65.625, 66.40625, 67.1875, 67.96875, 68.75, 69.53125, 70.3125, 71.09375, 71.875, 72.65625, 73.4375, 74.21875, 75.0, 75.78125, 76.5625, 77.34375, 78.125, 78.90625, 79.6875, 80.46875, 81.25, 82.03125, 82.8125, 83.59375, 84.375, 85.15625, 85.9375, 86.71875, 87.5, 88.28125, 89.0625, 89.84375, 90.625, 91.40625, 92.1875, 92.96875, 93.75, 94.53125, 95.3125, 96.09375, 96.875, 97.65625, 98.4375, 99.21875, 100.0]}