{"psd": [70.52021090180699, 79.39065432111173, 77.4026300298612, 73.87689070583876, 69.1186695942666, 64.05137954999614, 59.26105034493882, 55.470755049672576, 52.56104709169536, 51.240641327528195, 54.005700973958014, 54.73538678438171, 53.90781894279219, 55.08271126647726, 54.05740632761288, 54.99501848603359, 54.1367980246546, 54.11587847757063, 57.020202980306195, 58.93720782642185, 58.10570229260072, 58.00185972923565, 56.21268823656645, 55.45121506341175, 57.10356084907662, 58.708450355136684, 59.809374482382026, 60.235078657257965, 58.92932819847645, 58.25244542245714, 58.76348930900736, 59.24644979968115, 61.58239908225204, 62.81051938089607, 60.63767126279782, 60.02389176868284, 59.32657947601864, 59.7818631723564, 62.61110133734118, 61.14247974682989, 57.190954644359316, 55.52733595227781, 56.38432885808393, 57.52616461819912, 58.30473995437191, 58.46654732969506, 58.9313715044301, 58.69880736130916, 58.5224206031687, 58.54299637455331, 58.602675347711596, 59.51043847878018, 59.684101915604984, 60.184562681173155, 60.29443799808844, 60.63291192884095, 61.47392475886107, 63.399762547475866, 62.537753523024236, 61.8556218745389, 62.64248311242874, 64.21805752075635, 64.94381507343279, 65.03620509913205, 64.4494719566367, 64.27705196053783, 64.18292166533863, 64.887667727786, 64.43435090012214, 64.3008096824534, 64.33322936936025, 63.682040403997895, 62.398852650122734, 62.724981678757544, 63.49843425913578, 65.00951995116493, 68.6170062632499, 70.51993486278776, 65.45790042111298, 63.5466811976121, 63.51807958241175, 63.22401102445964, 62.51601565154029, 61.47712525804542, 61.268779876711754, 61.56306373867799, 62.26491392691271, 62.65965222686606, 62.62651179921004, 61.79974514964261, 63.16255710896995, 64.4090435293407, 63.07516749722816, 61.73445769635572, 60.76554777060736, 66.46717942366008, 70.85139717549706, 64.70953231289474, 61.2955018973973, 61.39860780101964, 61.68989511836585, 61.65900356852853, 61.594339031098755, 60.78076876845724, 61.00897270911698, 60.10328403362866, 59.66680573167241, 59.72807394224069, 59.42902334813936, 59.64967036893391, 59.68308470028884, 59.10648227622233, 59.20503012857622, 58.45121603630771, 56.884021175381136, 57.549143158957385, 54.85408719107686, 49.24215641799486, 44.81586301857778, 40.732899925144785, 34.86728689810145, 28.729831603787538, 24.046907964009666, 22.38140423772567, 21.909781207398407, 21.848699522221317, 21.752363229097437, 21.946020289003147, 17.47115505688103], "f": [0.0, 0.78125, 1.5625, 2.34375, 3.125, 3.90625, 4.6875, 5.46875, 6.25, 7.03125, 7.8125, 8.59375, 9.375, 10.15625, 10.9375, 11.71875, 12.5, 13.28125, 14.0625, 14.84375, 15.625, 16.40625, 17.1875, 17.96875, 18.75, 19.53125, 20.3125, 21.09375, 21.875, 22.65625, 23.4375, 24.21875, 25.0, 25.78125, 26.5625, 27.34375, 28.125, 28.90625, 29.6875, 30.46875, 31.25, 32.03125, 32.8125, 33.59375, 34.375, 35.15625, 35.9375, 36.71875, 37.5, 38.28125, 39.0625, 39.84375, 40.625, 41.40625, 42.1875, 42.96875, 43.75, 44.53125, 45.3125, 46.09375, 46.875, 47.65625, 48.4375, 49.21875, 50.0, 50.78125, 51.5625, 52.34375, 53.125, 53.90625, 54.6875, 55.46875, 56.25, 57.03125, 57.8125, 58.59375, 59.375, 60.15625, 60.9375, 61.71875, 62.5, 63.28125, 64.0625, 64.84375, 65.625, 66.40625, 67.1875, 67.96875, 68.75, 69.53125, 70.3125, 71.09375, 71.875, 72.65625, 73.4375, 74.21875, 75.0, 75.78125, 76.5625, 77.34375, 78.125, 78.90625, 79.6875, 80.46875, 81.25, 82.03125, 82.8125, 83.59375, 84.375, 85.15625, 85.9375, 86.71875, 87.5, 88.28125, 89.0625, 89.84375, 90.625, 91.40625, 92.1875, 92.96875, 93.75, 94.53125, 95.3125, 96.09375, 96.875, 97.65625, 98.4375, 99.21875, 100.0]}