{"psd": [70.45163593353305, 79.6789671217675, 78.72264246983461, 74.08964457892657, 67.91196649787706, 61.48338921940031, 56.07117286144435, 52.25815303888127, 51.166674386096176, 50.895529506463326, 56.33275870012867, 59.56903994231139, 55.239621925769654, 53.55780352581473, 53.23610237968553, 54.40045830061187, 58.22866415995463, 56.84199458853814, 62.66251339620307, 68.2122139954922, 62.9615827064466, 60.24782981283026, 62.04588324977841, 57.28643586175277, 57.05568214172662, 57.99227983663027, 58.7070591989039, 61.70815684187558, 60.1038872329767, 59.09651858741964, 61.227597842478836, 59.891566812757226, 60.95722259536429, 61.52170896253264, 63.73177661042273, 62.706752481039096, 59.253212026247304, 59.66984268236789, 62.851859821267595, 61.38545731795765, 61.142582841603584, 61.1514470199317, 63.205411014669075, 64.92491526164628, 62.35539256034401, 59.72328237980487, 60.735252931842474, 61.237674206998534, 63.53427716752058, 65.03078694183417, 64.74815404397903, 66.62825381308936, 65.94669899907656, 63.21212994823579, 62.722547458185375, 62.06443453303393, 63.82482223779543, 67.9963930290538, 67.59332340976945, 66.80679870510984, 68.02630759930848, 66.4007248172276, 66.02733509416537, 65.43324294266407, 63.316322489433034, 63.219225464878164, 63.634123249041664, 64.18964395015813, 65.89769998015673, 65.40400257140318, 65.46881385717737, 65.02563288717744, 64.08327398672223, 65.68491721088203, 65.83452136606672, 69.35886987971264, 74.6814985505674, 73.72901066102268, 67.77137354047055, 65.47917191104771, 63.77790632134185, 63.887442596989466, 63.55846889484154, 63.28648044785017, 64.66128371999879, 64.6307392274078, 64.60626233232757, 65.31182180188269, 64.23550302381625, 64.47021908985347, 63.67329267085041, 63.01114921144185, 64.3179211534658, 64.29576460822261, 65.81278810994893, 69.25688748724764, 69.26468586826134, 66.51026380314886, 66.29929945072382, 63.63735695157089, 65.44770384231543, 65.33248929026676, 63.49617593473998, 65.77428605875174, 63.452409956748824, 63.04751925906821, 65.81068147494605, 65.95216478297527, 63.52556278727079, 61.68520999992887, 61.44817377086863, 61.94586684232846, 60.75389764641116, 61.380124788787896, 62.57917742320536, 60.234154928622175, 58.60366510005289, 57.82561703560704, 51.682019811753, 44.360696092019225, 39.98646892870693, 33.08433002362004, 27.74107659247241, 23.977107314310455, 22.256775881125836, 22.085851858643217, 22.50066570794491, 22.208029328128692, 17.54266314646594], "f": [0.0, 0.78125, 1.5625, 2.34375, 3.125, 3.90625, 4.6875, 5.46875, 6.25, 7.03125, 7.8125, 8.59375, 9.375, 10.15625, 10.9375, 11.71875, 12.5, 13.28125, 14.0625, 14.84375, 15.625, 16.40625, 17.1875, 17.96875, 18.75, 19.53125, 20.3125, 21.09375, 21.875, 22.65625, 23.4375, 24.21875, 25.0, 25.78125, 26.5625, 27.34375, 28.125, 28.90625, 29.6875, 30.46875, 31.25, 32.03125, 32.8125, 33.59375, 34.375, 35.15625, 35.9375, 36.71875, 37.5, 38.28125, 39.0625, 39.84375, 40.625, 41.40625, 42.1875, 42.96875, 43.75, 44.53125, 45.3125, 46.09375, 46.875, 47.65625, 48.4375, 49.21875, 50.0, 50.78125, 51.5625, 52.34375, 53.125, 53.90625, 54.6875, 55.46875, 56.25, 57.03125, 57.8125, 58.59375, 59.375, 60.15625, 60.9375, 61.71875, 62.5, 63.28125, 64.0625, 64.84375, 65.625, 66.40625, 67.1875, 67.96875, 68.75, 69.53125, 70.3125, 71.09375, 71.875, 72.65625, 73.4375, 74.21875, 75.0, 75.78125, 76.5625, 77.34375, 78.125, 78.90625, 79.6875, 80.46875, 81.25, 82.03125, 82.8125, 83.59375, 84.375, 85.15625, 85.9375, 86.71875, 87.5, 88.28125, 89.0625, 89.84375, 90.625, 91.40625, 92.1875, 92.96875, 93.75, 94.53125, 95.3125, 96.09375, 96.875, 97.65625, 98.4375, 99.21875, 100.0]}