{"psd": [73.34258007323228, 82.61303359307371, 81.22103492834198, 74.87590317508666, 67.17261088438677, 61.31100969092435, 60.769635728881426, 62.987479651544874, 61.286107885350766, 57.641190652520905, 59.67909834782095, 60.079991337912524, 61.085901426760444, 63.09917678469748, 64.34680450026092, 64.94492653617213, 63.90047036286455, 63.30692341817429, 63.55095825410398, 66.72996816377224, 65.8116184993199, 65.13190536673885, 65.46720067921197, 65.52151063375595, 65.1498908387922, 64.72521530102631, 65.5228389696129, 66.12870997249648, 66.71687633809127, 67.80877836071656, 67.5647941230695, 67.21030918215726, 67.91967557841612, 68.27978352561585, 67.76269494118418, 67.43509683954998, 67.80301255471043, 69.26757293106783, 71.92690352328506, 72.12167433083253, 70.63703857727614, 69.69851313944223, 69.17501651204364, 69.49138129571608, 69.26339667683176, 70.02037687582987, 69.99930837926283, 71.3252852339468, 75.34885578950733, 72.71058490497055, 70.08631285562561, 70.8006077589397, 71.15984602125418, 72.10844666556399, 73.11224427060259, 73.54002966405136, 73.60914003502172, 78.08478804762137, 79.42200184793941, 75.95938097186423, 74.40374310397448, 74.64963729931993, 74.9925001665348, 74.83280393829635, 74.01115605998321, 73.4884798803937, 73.58597017033388, 74.69708949603559, 73.74630721443995, 72.12368501819338, 71.54998163727275, 71.29501467180856, 70.71226088684958, 70.41643901660221, 70.3090728185039, 70.79017053539572, 70.67204648536685, 70.10710816892417, 70.09872780810508, 70.06624852499017, 70.46087918160497, 70.48227512658923, 69.92724618997342, 70.24048478529716, 70.08074251673489, 70.22108749559554, 72.86789134937928, 73.17653664782772, 70.31240205980521, 69.32930968892396, 69.52337495047425, 69.7331762408008, 69.97093327790593, 70.30749584292309, 69.76823334774974, 72.16798506335876, 78.29039582829947, 75.5955815721662, 69.3561620578603, 69.02079458239669, 68.63971907771513, 68.67142111266766, 68.8866044384122, 68.93904408291304, 68.84508432663355, 70.40212865925965, 72.03838477590013, 68.59654765549767, 67.14742399710369, 67.24389663517387, 67.95814633942632, 67.93548798098493, 67.77798230784187, 66.9902026752427, 65.83823588059342, 68.60644909980495, 67.29455247912051, 59.6614157630447, 55.04082732671453, 50.16139766063308, 44.81686269629891, 38.62787519392382, 31.645802210852423, 24.7653708554124, 23.037629721082624, 22.356043505991256, 22.2838974878161, 22.32242897375653, 17.358408826654316], "f": [0.0, 0.78125, 1.5625, 2.34375, 3.125, 3.90625, 4.6875, 5.46875, 6.25, 7.03125, 7.8125, 8.59375, 9.375, 10.15625, 10.9375, 11.71875, 12.5, 13.28125, 14.0625, 14.84375, 15.625, 16.40625, 17.1875, 17.96875, 18.75, 19.53125, 20.3125, 21.09375, 21.875, 22.65625, 23.4375, 24.21875, 25.0, 25.78125, 26.5625, 27.34375, 28.125, 28.90625, 29.6875, 30.46875, 31.25, 32.03125, 32.8125, 33.59375, 34.375, 35.15625, 35.9375, 36.71875, 37.5, 38.28125, 39.0625, 39.84375, 40.625, 41.40625, 42.1875, 42.96875, 43.75, 44.53125, 45.3125, 46.09375, 46.875, 47.65625, 48.4375, 49.21875, 50.0, 50.78125, 51.5625, 52.34375, 53.125, 53.90625, 54.6875, 55.46875, 56.25, 57.03125, 57.8125, 58.59375, 59.375, 60.15625, 60.9375, 61.71875, 62.5, 63.28125, 64.0625, 64.84375, 65.625, 66.40625, 67.1875, 67.96875, 68.75, 69.53125, 70.3125, 71.09375, 71.875, 72.65625, 73.4375, 74.21875, 75.0, 75.78125, 76.5625, 77.34375, 78.125, 78.90625, 79.6875, 80.46875, 81.25, 82.03125, 82.8125, 83.59375, 84.375, 85.15625, 85.9375, 86.71875, 87.5, 88.28125, 89.0625, 89.84375, 90.625, 91.40625, 92.1875, 92.96875, 93.75, 94.53125, 95.3125, 96.09375, 96.875, 97.65625, 98.4375, 99.21875, 100.0]}