{"psd": [56.81089023400652, 65.71376188040578, 61.30028589242282, 55.37533724132274, 52.326733032695984, 48.65748490720502, 46.29526407131514, 46.701084907809324, 46.94804028681769, 48.356313702155155, 49.08143082606212, 48.72790107302097, 50.028221325040796, 53.73435882234638, 50.8201570233157, 50.321270322322924, 55.12417639249893, 58.062725500405776, 56.91204263207253, 56.59005763435087, 52.88700052377901, 51.18199475087812, 50.580711328497884, 50.08497133703074, 51.50622198066622, 53.906102688269904, 54.25219107663712, 53.094897640506275, 51.805516633759964, 53.608425989730605, 53.36826156013464, 53.61046574453763, 53.84562885978242, 54.345753776528376, 54.762691969525974, 53.21383074583501, 53.49481568684962, 56.3601470369083, 60.09315524083355, 61.07835722250866, 57.83959438350972, 55.16435846532794, 56.379684167857846, 56.54189006884387, 56.75827350760472, 57.39270012873722, 58.21111627319311, 57.57339237401816, 59.291939532551005, 59.0064540013808, 59.82830556697091, 61.265403510467884, 59.2882941081184, 58.76991454468326, 59.152361807850966, 59.81927765209435, 60.28401915998047, 62.83803173249523, 63.54445717314566, 59.59337976705492, 65.71271057414849, 74.47706756593375, 71.96328008769058, 61.761834850723396, 61.44143709717737, 60.77946743220637, 60.05334289701022, 60.71180657063082, 61.5497407740084, 61.41866770535807, 61.10833670357728, 61.581010146367525, 60.277655036896, 59.549110227444274, 60.20423160833193, 67.83293667058558, 74.16911776585326, 71.62471518514923, 63.129973490468174, 59.306559364949855, 58.26374929583289, 58.25673984977399, 59.26036805624911, 58.807786840266125, 58.361471772005004, 58.31300046554799, 59.6889560874748, 59.654381844952404, 58.4391242434304, 58.36258055615503, 58.30093151314259, 60.3729655928056, 60.83810704090019, 59.32433646271073, 59.08916086883313, 59.25216594395409, 59.48216362953437, 59.753384608673706, 59.36063689446997, 59.42048609576383, 59.84485912538445, 59.756567970103056, 59.337260724288186, 59.11610036498657, 59.18813190979381, 59.01761187636332, 58.80785850382476, 58.17467605609521, 58.436437778436876, 59.13964951936926, 59.93569950283087, 57.91610146025101, 57.28807685158667, 56.50246798122783, 58.58611466310239, 67.3839252856496, 64.73553334913943, 48.99230143849791, 43.66550743039301, 39.587401764203996, 33.55923662889406, 28.591587474954302, 24.568320391479254, 22.71971965810252, 22.560552497261497, 22.456818028622955, 21.529996086516157, 21.982186107614368, 18.017251426241284], "f": [0.0, 0.78125, 1.5625, 2.34375, 3.125, 3.90625, 4.6875, 5.46875, 6.25, 7.03125, 7.8125, 8.59375, 9.375, 10.15625, 10.9375, 11.71875, 12.5, 13.28125, 14.0625, 14.84375, 15.625, 16.40625, 17.1875, 17.96875, 18.75, 19.53125, 20.3125, 21.09375, 21.875, 22.65625, 23.4375, 24.21875, 25.0, 25.78125, 26.5625, 27.34375, 28.125, 28.90625, 29.6875, 30.46875, 31.25, 32.03125, 32.8125, 33.59375, 34.375, 35.15625, 35.9375, 36.71875, 37.5, 38.28125, 39.0625, 39.84375, 40.625, 41.40625, 42.1875, 42.96875, 43.75, 44.53125, 45.3125, 46.09375, 46.875, 47.65625, 48.4375, 49.21875, 50.0, 50.78125, 51.5625, 52.34375, 53.125, 53.90625, 54.6875, 55.46875, 56.25, 57.03125, 57.8125, 58.59375, 59.375, 60.15625, 60.9375, 61.71875, 62.5, 63.28125, 64.0625, 64.84375, 65.625, 66.40625, 67.1875, 67.96875, 68.75, 69.53125, 70.3125, 71.09375, 71.875, 72.65625, 73.4375, 74.21875, 75.0, 75.78125, 76.5625, 77.34375, 78.125, 78.90625, 79.6875, 80.46875, 81.25, 82.03125, 82.8125, 83.59375, 84.375, 85.15625, 85.9375, 86.71875, 87.5, 88.28125, 89.0625, 89.84375, 90.625, 91.40625, 92.1875, 92.96875, 93.75, 94.53125, 95.3125, 96.09375, 96.875, 97.65625, 98.4375, 99.21875, 100.0]}