{"psd": [63.034675110882354, 72.57786339045657, 73.07709025074544, 71.77430251079358, 68.86608164651403, 64.1799173934741, 58.809912178313425, 55.203385494978825, 55.13947729767982, 55.68638458939173, 54.67765295992421, 51.50693732842421, 51.56345179509024, 53.5038319842614, 53.527497961620945, 54.33861062138689, 55.34931184771154, 58.96927958090548, 63.190113462714486, 68.25247100902968, 64.8269430692844, 58.25374097108376, 58.89862265131847, 59.49021225226031, 57.759542741334904, 59.48533334849991, 61.323009730866644, 61.7849359887876, 65.52896393092618, 67.17159328749675, 64.22720502420594, 63.24498935496119, 64.50961471236555, 65.40966863121395, 65.51752820640911, 64.12845823800514, 63.03204413170838, 64.15107578600129, 67.17476002352643, 66.36965591646481, 65.21729281992906, 64.04641033516624, 62.74484804543461, 61.83452316744683, 60.5779990323008, 59.770705123020136, 60.49860801008975, 61.10591209688082, 62.25543511948498, 61.0610134336376, 60.7975787074701, 61.78896782084337, 61.61780728369638, 61.28834516149653, 61.74552488066909, 61.67481095714408, 62.1011903161856, 64.59788012112433, 64.7820659053812, 61.95783036340781, 62.0514543245537, 64.8094800713332, 66.19364351780294, 69.87184388518476, 69.37154209894146, 65.95254708907164, 64.31893698706232, 64.31363778592022, 65.10015964233556, 65.06150542162864, 64.74210196400551, 65.35982773987074, 65.41562397043134, 65.32499653317863, 65.04997434012255, 66.45433638075998, 70.51942860143701, 71.98431685760893, 65.30777446258774, 62.750644705169485, 62.916570381701995, 62.3778255691468, 62.8022348994178, 62.397954256381986, 61.79659543179025, 62.1859915622121, 61.63468732066309, 61.52894890376119, 61.06847594245997, 60.11093171307678, 60.537571111359256, 60.50080178068764, 60.517943516180914, 60.5303449831526, 59.523221915366335, 62.707555230596, 66.81823476732217, 62.83197630188708, 59.26518755571081, 58.99819982927872, 58.62154601286581, 58.70224390234756, 58.594960671389, 58.481080376387126, 57.84217419044385, 57.89722805304371, 58.256433527666836, 58.48880443467973, 57.98698822620003, 57.730429204469246, 58.46326065063016, 59.70496535226023, 58.92796858149049, 57.62325692075806, 61.076764977309324, 67.05384008464682, 62.54274514036158, 50.91072956083589, 47.16620991645766, 43.10108654718356, 37.776742149712156, 30.908371000228406, 25.648595638003954, 22.844698886891457, 22.233794142732034, 22.44308765985189, 22.375936358074107, 22.756716156933187, 18.000720391252155], "f": [0.0, 0.78125, 1.5625, 2.34375, 3.125, 3.90625, 4.6875, 5.46875, 6.25, 7.03125, 7.8125, 8.59375, 9.375, 10.15625, 10.9375, 11.71875, 12.5, 13.28125, 14.0625, 14.84375, 15.625, 16.40625, 17.1875, 17.96875, 18.75, 19.53125, 20.3125, 21.09375, 21.875, 22.65625, 23.4375, 24.21875, 25.0, 25.78125, 26.5625, 27.34375, 28.125, 28.90625, 29.6875, 30.46875, 31.25, 32.03125, 32.8125, 33.59375, 34.375, 35.15625, 35.9375, 36.71875, 37.5, 38.28125, 39.0625, 39.84375, 40.625, 41.40625, 42.1875, 42.96875, 43.75, 44.53125, 45.3125, 46.09375, 46.875, 47.65625, 48.4375, 49.21875, 50.0, 50.78125, 51.5625, 52.34375, 53.125, 53.90625, 54.6875, 55.46875, 56.25, 57.03125, 57.8125, 58.59375, 59.375, 60.15625, 60.9375, 61.71875, 62.5, 63.28125, 64.0625, 64.84375, 65.625, 66.40625, 67.1875, 67.96875, 68.75, 69.53125, 70.3125, 71.09375, 71.875, 72.65625, 73.4375, 74.21875, 75.0, 75.78125, 76.5625, 77.34375, 78.125, 78.90625, 79.6875, 80.46875, 81.25, 82.03125, 82.8125, 83.59375, 84.375, 85.15625, 85.9375, 86.71875, 87.5, 88.28125, 89.0625, 89.84375, 90.625, 91.40625, 92.1875, 92.96875, 93.75, 94.53125, 95.3125, 96.09375, 96.875, 97.65625, 98.4375, 99.21875, 100.0]}