{"psd": [61.820199038570436, 70.65509651717076, 71.00590848205555, 68.664939135595, 65.64712803601489, 61.785729184550455, 57.44411448764606, 54.438718959030425, 51.62733430071549, 52.686098289309136, 55.81154530823404, 51.932377714472224, 49.567001823019645, 53.315397533528085, 52.7286331636455, 52.34343241983468, 53.939382500389605, 57.013486316905066, 57.160336831147035, 62.9130527187262, 66.9704735139855, 61.634445475003865, 56.56356032533732, 56.30637447065293, 54.886220003101045, 55.71443757020482, 57.84475980915207, 58.65133653876936, 58.31214152139136, 62.20654198428392, 65.7700191508293, 62.51376123355993, 59.64796240786997, 58.35052401309416, 57.45216148056707, 58.02302639339853, 57.55857132212766, 60.600400548265476, 63.113366897370156, 62.095552276422055, 62.93025287586714, 59.791762261202564, 60.37741662807861, 59.93763155512865, 59.81530077351599, 59.49548192925742, 59.15290420185328, 59.818183123264255, 60.10556622573348, 62.849294948027165, 64.69857864370485, 62.26475807047082, 60.89265294436319, 60.15189611176258, 60.91603818837501, 62.950003646347156, 62.58770053707021, 66.64796505584533, 67.91492029396059, 63.923766522419754, 64.33228761819697, 63.00706274722068, 61.70862908939952, 60.81584717569789, 59.816042422640415, 60.85581205729946, 61.074631449528745, 61.00558349821091, 61.18446428455996, 62.201266352970556, 62.76675487417188, 61.29974960937841, 60.20873183796026, 59.908906284968175, 61.85178441307461, 70.11030294420559, 81.49196667488143, 80.82666495385263, 69.12127840341364, 62.36383108139349, 60.594373285693536, 59.6231779302214, 60.8128599488672, 64.76128351043175, 62.064034304936484, 58.70849057273497, 58.298185826464234, 58.79628798566642, 60.459510459143544, 59.360573795814815, 58.92066727778217, 58.78436717746627, 59.93787191901657, 58.67617316955528, 58.39177708417432, 63.86506631344734, 70.26427007948017, 65.87726946136209, 57.52132537242723, 58.25063726738144, 58.25522411847167, 58.123974349652, 58.16769570208504, 58.25650274803053, 58.15775679751145, 58.405532817501964, 58.56663117084268, 58.906322094115815, 59.528776527818785, 59.6568258354484, 60.77049962334076, 61.143608657469095, 60.32915054842877, 59.592622757152796, 58.42055120541111, 59.65800092497006, 57.712582238498, 51.02844029973969, 46.43131578904702, 42.34361174770516, 37.15356753165161, 31.776548839945377, 26.388987845336125, 22.87774360159338, 22.20905775359875, 22.627700546759883, 22.436923379285, 22.310340778049525, 17.629515869156208], "f": [0.0, 0.78125, 1.5625, 2.34375, 3.125, 3.90625, 4.6875, 5.46875, 6.25, 7.03125, 7.8125, 8.59375, 9.375, 10.15625, 10.9375, 11.71875, 12.5, 13.28125, 14.0625, 14.84375, 15.625, 16.40625, 17.1875, 17.96875, 18.75, 19.53125, 20.3125, 21.09375, 21.875, 22.65625, 23.4375, 24.21875, 25.0, 25.78125, 26.5625, 27.34375, 28.125, 28.90625, 29.6875, 30.46875, 31.25, 32.03125, 32.8125, 33.59375, 34.375, 35.15625, 35.9375, 36.71875, 37.5, 38.28125, 39.0625, 39.84375, 40.625, 41.40625, 42.1875, 42.96875, 43.75, 44.53125, 45.3125, 46.09375, 46.875, 47.65625, 48.4375, 49.21875, 50.0, 50.78125, 51.5625, 52.34375, 53.125, 53.90625, 54.6875, 55.46875, 56.25, 57.03125, 57.8125, 58.59375, 59.375, 60.15625, 60.9375, 61.71875, 62.5, 63.28125, 64.0625, 64.84375, 65.625, 66.40625, 67.1875, 67.96875, 68.75, 69.53125, 70.3125, 71.09375, 71.875, 72.65625, 73.4375, 74.21875, 75.0, 75.78125, 76.5625, 77.34375, 78.125, 78.90625, 79.6875, 80.46875, 81.25, 82.03125, 82.8125, 83.59375, 84.375, 85.15625, 85.9375, 86.71875, 87.5, 88.28125, 89.0625, 89.84375, 90.625, 91.40625, 92.1875, 92.96875, 93.75, 94.53125, 95.3125, 96.09375, 96.875, 97.65625, 98.4375, 99.21875, 100.0]}