{"psd": [67.41916618675516, 76.82031634571898, 76.35103847660776, 72.85129949858818, 67.64249977761422, 61.37701713879721, 55.834418546289875, 51.38979794578195, 48.61769998809731, 48.27047857721193, 53.92650254406079, 55.75216727362254, 50.54375207611254, 50.345658463569706, 57.357513293478775, 58.26606519141157, 53.181532615372646, 53.05233911962829, 52.92790734997415, 53.38918165095799, 53.826435857197474, 61.46648282682746, 60.947060189821954, 55.55861121296424, 56.240909472842446, 56.7649384253954, 56.58092671748645, 56.93585823221436, 57.899852630696444, 56.83035902285827, 56.247073145816906, 58.39372422578238, 64.05546585059015, 61.63903963443029, 57.89532283151475, 58.1071542203027, 57.72633554307901, 58.29249714891653, 60.268362034857034, 60.29220697745683, 60.27635515968782, 62.301145752458794, 67.12664433071242, 69.78641699433359, 65.59092687957208, 64.5472131447898, 63.880071154624225, 62.7176218804, 63.53856501178726, 62.95832303236586, 63.35347294949459, 63.90172240146857, 66.4152920413112, 71.36754200147266, 72.2689093725854, 68.16986361489373, 66.19061925344869, 66.51123749052283, 66.30643725901996, 64.79732154593138, 64.29122419969761, 64.90807623501004, 65.11662857393145, 67.48596453752523, 70.6345639437324, 69.31215318226246, 65.91812222457904, 64.49040368837665, 63.06331886389042, 63.070828647936054, 63.419683708243454, 64.46732727973678, 63.84190636029522, 65.38853593490477, 68.31115289597139, 70.57123659877925, 69.56130672116001, 68.06849890663148, 66.38277052365817, 65.88350745577604, 64.09249728508527, 62.98312383225061, 63.23001512536944, 64.23311122087813, 64.53021466054427, 64.86193020632915, 65.0409743776319, 63.20121675202198, 63.22654760881376, 64.29835086913856, 65.04996519243423, 64.35846117600971, 65.37983759175658, 64.7145520704367, 64.6996577086588, 65.4328367368922, 65.91207755221299, 64.86216954197452, 63.44747906288084, 63.663150397125094, 63.38458232318594, 62.683125757717974, 63.26640710835176, 63.577290520923746, 62.873535500340196, 64.03495245518269, 65.12625383656844, 65.75991032706311, 64.72248926891952, 64.21317661107449, 63.90987168904438, 63.535097690618485, 63.243507464661675, 62.34364133387095, 61.54567497336083, 60.906129191562606, 58.782813218610166, 55.376980479830706, 50.82154562531704, 45.94859820147651, 40.88710876575362, 34.9528958902693, 27.812636598395805, 23.60761502797954, 22.129312372654447, 22.448398293205415, 22.754596588138213, 22.394158499048604, 17.549886292179366], "f": [0.0, 0.78125, 1.5625, 2.34375, 3.125, 3.90625, 4.6875, 5.46875, 6.25, 7.03125, 7.8125, 8.59375, 9.375, 10.15625, 10.9375, 11.71875, 12.5, 13.28125, 14.0625, 14.84375, 15.625, 16.40625, 17.1875, 17.96875, 18.75, 19.53125, 20.3125, 21.09375, 21.875, 22.65625, 23.4375, 24.21875, 25.0, 25.78125, 26.5625, 27.34375, 28.125, 28.90625, 29.6875, 30.46875, 31.25, 32.03125, 32.8125, 33.59375, 34.375, 35.15625, 35.9375, 36.71875, 37.5, 38.28125, 39.0625, 39.84375, 40.625, 41.40625, 42.1875, 42.96875, 43.75, 44.53125, 45.3125, 46.09375, 46.875, 47.65625, 48.4375, 49.21875, 50.0, 50.78125, 51.5625, 52.34375, 53.125, 53.90625, 54.6875, 55.46875, 56.25, 57.03125, 57.8125, 58.59375, 59.375, 60.15625, 60.9375, 61.71875, 62.5, 63.28125, 64.0625, 64.84375, 65.625, 66.40625, 67.1875, 67.96875, 68.75, 69.53125, 70.3125, 71.09375, 71.875, 72.65625, 73.4375, 74.21875, 75.0, 75.78125, 76.5625, 77.34375, 78.125, 78.90625, 79.6875, 80.46875, 81.25, 82.03125, 82.8125, 83.59375, 84.375, 85.15625, 85.9375, 86.71875, 87.5, 88.28125, 89.0625, 89.84375, 90.625, 91.40625, 92.1875, 92.96875, 93.75, 94.53125, 95.3125, 96.09375, 96.875, 97.65625, 98.4375, 99.21875, 100.0]}