{"psd": [69.0055808986857, 78.49834192101919, 76.0099014581842, 72.21340758359032, 67.31896060330135, 62.365654581196004, 57.996984278871075, 55.23928258595618, 54.282170434100436, 52.66871859506638, 55.612883066661, 57.27197071305342, 55.02226503275253, 53.74071919128865, 53.13473533748486, 55.16255105160602, 54.91041170254269, 54.70157612646, 54.91881186960413, 57.44485895921906, 58.12766214904997, 58.86413598444912, 58.48321064559738, 56.8305925880002, 58.01918321316522, 58.7945969391233, 59.96328149226188, 60.06683183655375, 58.15766238088732, 57.6766001494658, 58.215836969502845, 58.205724861946905, 61.556267345580466, 62.7021422973483, 60.30181389384473, 59.0808631720878, 57.34089846030947, 56.191363208373836, 58.08592636241705, 57.45376624266409, 56.3125476449849, 56.90711783032044, 58.99615905399685, 61.596381695037756, 62.31403203746758, 62.137247075037465, 62.09704560292692, 61.26584657667409, 61.84427047883951, 61.36576776488098, 61.661399749819346, 61.98333691906248, 61.15211009923535, 61.016832865031674, 62.16711598395335, 63.34611586190853, 64.86003575227397, 65.8196987112997, 64.85776625621219, 64.01591956536774, 64.67527640491389, 66.12685548066605, 66.22815288766296, 66.00059491269032, 66.51262612394446, 66.83127693742796, 67.47590983042207, 67.58411196246672, 67.35648537787637, 66.67412556445255, 66.19919703540413, 65.14496181329312, 65.19544677548205, 65.74871409472435, 66.45296577178397, 68.06072555879886, 72.20969119270111, 74.20534782621358, 69.92295945122747, 68.03561648568076, 68.27721237417614, 66.93299471221357, 66.48602054808624, 65.33564247602573, 65.59421316294566, 66.67272012691043, 67.18795967531507, 67.83633185106257, 68.53849965006455, 67.74902781673302, 67.74190945594974, 68.30617961764729, 68.98402065802837, 69.30445872740016, 66.3070479712334, 66.08220420682169, 67.5483762566177, 65.97919445631264, 65.94240293403588, 66.08782834414441, 65.92282563222176, 65.60988909686725, 65.42700887741107, 64.73009197560536, 64.23447545499133, 63.93296611121136, 64.40443345920596, 63.185410616288834, 62.36167414771963, 62.58251682849356, 62.41638134886632, 62.24170170700445, 61.499961325066394, 60.96096833401285, 60.39096157887559, 59.50805269471938, 56.459905958972136, 52.25235354358398, 47.86161112249001, 43.17199356662189, 36.96119693478968, 30.808261585875307, 25.793211039882227, 23.008616201045783, 22.522295581723736, 22.666184323091496, 22.35919130512479, 22.199128217344324, 17.1635646331577], "f": [0.0, 0.78125, 1.5625, 2.34375, 3.125, 3.90625, 4.6875, 5.46875, 6.25, 7.03125, 7.8125, 8.59375, 9.375, 10.15625, 10.9375, 11.71875, 12.5, 13.28125, 14.0625, 14.84375, 15.625, 16.40625, 17.1875, 17.96875, 18.75, 19.53125, 20.3125, 21.09375, 21.875, 22.65625, 23.4375, 24.21875, 25.0, 25.78125, 26.5625, 27.34375, 28.125, 28.90625, 29.6875, 30.46875, 31.25, 32.03125, 32.8125, 33.59375, 34.375, 35.15625, 35.9375, 36.71875, 37.5, 38.28125, 39.0625, 39.84375, 40.625, 41.40625, 42.1875, 42.96875, 43.75, 44.53125, 45.3125, 46.09375, 46.875, 47.65625, 48.4375, 49.21875, 50.0, 50.78125, 51.5625, 52.34375, 53.125, 53.90625, 54.6875, 55.46875, 56.25, 57.03125, 57.8125, 58.59375, 59.375, 60.15625, 60.9375, 61.71875, 62.5, 63.28125, 64.0625, 64.84375, 65.625, 66.40625, 67.1875, 67.96875, 68.75, 69.53125, 70.3125, 71.09375, 71.875, 72.65625, 73.4375, 74.21875, 75.0, 75.78125, 76.5625, 77.34375, 78.125, 78.90625, 79.6875, 80.46875, 81.25, 82.03125, 82.8125, 83.59375, 84.375, 85.15625, 85.9375, 86.71875, 87.5, 88.28125, 89.0625, 89.84375, 90.625, 91.40625, 92.1875, 92.96875, 93.75, 94.53125, 95.3125, 96.09375, 96.875, 97.65625, 98.4375, 99.21875, 100.0]}