{"psd": [63.007514187147365, 72.3790951262026, 73.41564406752867, 71.4821693918999, 67.00704067653123, 61.51313042883632, 56.07281155131959, 51.72298001046519, 48.24714222477396, 46.87665867312509, 48.32106837136733, 48.9564068552349, 49.46446164421447, 49.724108877309604, 50.61069230253097, 52.99727184247067, 53.260381204175275, 51.579156881374516, 51.959637491656395, 54.91257039410331, 53.76731595197603, 54.74160392672918, 54.77117148478779, 57.55938661587305, 57.02539551488945, 55.767629691624876, 56.624182323068794, 56.71344328016262, 56.83421503347097, 55.5686796922046, 54.36909415360117, 54.60379963235712, 54.78905893650581, 55.15362828995288, 55.51614409539545, 56.374927751300454, 55.70886410394461, 59.05553912556633, 63.332284338189965, 61.40096420664251, 57.1624386212484, 58.12822629042722, 58.127866361680304, 58.26040705436938, 60.985904773408244, 63.13055662847609, 61.93332528832304, 58.32458828249272, 58.64799762185862, 57.541796244771966, 56.85736788436021, 56.427992806593856, 56.393684017153674, 56.801503309745705, 57.0878197232225, 56.25132851515468, 56.767708038592886, 62.11043748550492, 62.4925450895136, 57.59905218547903, 56.6111724194515, 57.569463718946004, 57.9697561252369, 58.62140812530615, 58.31847052368218, 57.29194916294897, 57.015605025019255, 56.485597355187885, 56.343393413762115, 57.55405466801223, 57.825417885500805, 57.18463274595913, 56.58598566341038, 57.760676811322824, 60.55595769700631, 64.7139967108434, 63.403639908106584, 60.44329478395653, 57.21170308373747, 56.52608166723044, 56.55575700383254, 56.726374530090034, 56.78948836079251, 55.215074956135666, 54.44491893727871, 54.47159322289203, 55.76832052766874, 55.04177002134591, 54.35168905085919, 53.87513310892693, 53.80181064246034, 53.13259373524707, 53.51208469848825, 52.99668683716941, 53.15093617296093, 53.78897160552764, 54.31719912963739, 54.15130236775492, 54.50617609178548, 54.98071559347957, 55.710152350601135, 56.21275774053171, 55.5997377692062, 54.563503490812586, 54.487667810730414, 55.7034643749672, 55.30792932894485, 54.37862448354092, 54.39170659857305, 54.0521906271939, 53.46592062597439, 54.80450417456335, 58.38883588696217, 56.484840964043784, 55.03847447156599, 57.11415615856205, 53.12431169808785, 46.174368376417334, 41.46092683820452, 37.03745668087778, 31.622983646683277, 26.911953347695487, 23.442400890296355, 22.509326691495296, 22.59812269037052, 22.066527768567354, 22.37373079085374, 22.39433344855452, 17.789623319955126], "f": [0.0, 0.78125, 1.5625, 2.34375, 3.125, 3.90625, 4.6875, 5.46875, 6.25, 7.03125, 7.8125, 8.59375, 9.375, 10.15625, 10.9375, 11.71875, 12.5, 13.28125, 14.0625, 14.84375, 15.625, 16.40625, 17.1875, 17.96875, 18.75, 19.53125, 20.3125, 21.09375, 21.875, 22.65625, 23.4375, 24.21875, 25.0, 25.78125, 26.5625, 27.34375, 28.125, 28.90625, 29.6875, 30.46875, 31.25, 32.03125, 32.8125, 33.59375, 34.375, 35.15625, 35.9375, 36.71875, 37.5, 38.28125, 39.0625, 39.84375, 40.625, 41.40625, 42.1875, 42.96875, 43.75, 44.53125, 45.3125, 46.09375, 46.875, 47.65625, 48.4375, 49.21875, 50.0, 50.78125, 51.5625, 52.34375, 53.125, 53.90625, 54.6875, 55.46875, 56.25, 57.03125, 57.8125, 58.59375, 59.375, 60.15625, 60.9375, 61.71875, 62.5, 63.28125, 64.0625, 64.84375, 65.625, 66.40625, 67.1875, 67.96875, 68.75, 69.53125, 70.3125, 71.09375, 71.875, 72.65625, 73.4375, 74.21875, 75.0, 75.78125, 76.5625, 77.34375, 78.125, 78.90625, 79.6875, 80.46875, 81.25, 82.03125, 82.8125, 83.59375, 84.375, 85.15625, 85.9375, 86.71875, 87.5, 88.28125, 89.0625, 89.84375, 90.625, 91.40625, 92.1875, 92.96875, 93.75, 94.53125, 95.3125, 96.09375, 96.875, 97.65625, 98.4375, 99.21875, 100.0]}