{"psd": [66.37238567840738, 75.15482112237575, 73.3019899091969, 70.05704991540316, 66.78114549063378, 62.311076397812634, 58.22993933002911, 54.69427314558572, 51.77332243002005, 50.449607262029204, 51.12950253832988, 51.515855630738486, 60.66022590927227, 63.008367727733926, 58.290073000208665, 55.624943469197945, 55.35929712179147, 55.175750648592214, 56.566692068304015, 59.274567990878005, 57.720191928851506, 58.20628601825148, 57.66346780831947, 58.20225649299953, 59.27359574041219, 62.78332925507193, 62.70404722965356, 59.491986120870195, 58.72359150710572, 58.35456973265711, 58.20091750926609, 58.11638867564327, 61.526338367008165, 63.15246650369399, 60.58272187247078, 61.134196680870446, 61.78792642079985, 62.0264745720701, 63.619488203345156, 62.31214520372432, 63.85150918401992, 64.78109903885039, 68.47719824253946, 67.17233780274684, 67.29802033403824, 67.64288694840383, 68.58389272688459, 68.32219448517564, 66.2266737225408, 66.1643273141781, 65.4571272762138, 65.92179255850363, 65.30075460406162, 65.06324207265504, 66.49074771882248, 68.71919795665369, 68.00172606232864, 68.28512925550116, 66.98291434661095, 66.4954245732404, 65.87462187133343, 66.2723906885305, 66.33474586233598, 66.48846213892317, 65.74086038931306, 65.42109013635324, 65.11648193545984, 64.5377652410627, 64.05139745832297, 63.67816449418029, 64.20931165725155, 63.15888094118925, 62.729989960842715, 63.03661821441817, 64.48366631794264, 64.92290209362903, 70.48140185773366, 73.17649033447857, 66.30672683483176, 62.767893432741786, 61.92791259853094, 61.40937094624497, 61.269126107898444, 61.61949018129686, 61.03626789356661, 60.47998595101823, 59.90101302745312, 59.81116234537979, 58.554245780877054, 58.874521592232625, 59.64486600773557, 59.943961095857354, 60.6550575110885, 61.026029387875404, 60.29817152867629, 62.143544369094016, 66.11766849782462, 62.175375864477644, 59.607635181985586, 59.098457234481685, 59.71517994611712, 61.1704075010256, 61.03061875389341, 60.64999493262996, 61.22570695301293, 61.42803470637417, 59.94084877216545, 58.742477471806644, 57.86183613245142, 57.919333181790606, 57.34536286188619, 57.35470241833815, 56.47465863883815, 55.88861676326321, 55.425321594701884, 59.25363145040559, 55.70220639628182, 46.71359264754172, 42.99978218994531, 38.51199714719823, 33.07527996621558, 28.15237942869421, 23.791999073734583, 22.04715106277265, 22.261148808051953, 22.260597863537804, 22.836455461619117, 21.97026565133672, 17.098314495216393], "f": [0.0, 0.78125, 1.5625, 2.34375, 3.125, 3.90625, 4.6875, 5.46875, 6.25, 7.03125, 7.8125, 8.59375, 9.375, 10.15625, 10.9375, 11.71875, 12.5, 13.28125, 14.0625, 14.84375, 15.625, 16.40625, 17.1875, 17.96875, 18.75, 19.53125, 20.3125, 21.09375, 21.875, 22.65625, 23.4375, 24.21875, 25.0, 25.78125, 26.5625, 27.34375, 28.125, 28.90625, 29.6875, 30.46875, 31.25, 32.03125, 32.8125, 33.59375, 34.375, 35.15625, 35.9375, 36.71875, 37.5, 38.28125, 39.0625, 39.84375, 40.625, 41.40625, 42.1875, 42.96875, 43.75, 44.53125, 45.3125, 46.09375, 46.875, 47.65625, 48.4375, 49.21875, 50.0, 50.78125, 51.5625, 52.34375, 53.125, 53.90625, 54.6875, 55.46875, 56.25, 57.03125, 57.8125, 58.59375, 59.375, 60.15625, 60.9375, 61.71875, 62.5, 63.28125, 64.0625, 64.84375, 65.625, 66.40625, 67.1875, 67.96875, 68.75, 69.53125, 70.3125, 71.09375, 71.875, 72.65625, 73.4375, 74.21875, 75.0, 75.78125, 76.5625, 77.34375, 78.125, 78.90625, 79.6875, 80.46875, 81.25, 82.03125, 82.8125, 83.59375, 84.375, 85.15625, 85.9375, 86.71875, 87.5, 88.28125, 89.0625, 89.84375, 90.625, 91.40625, 92.1875, 92.96875, 93.75, 94.53125, 95.3125, 96.09375, 96.875, 97.65625, 98.4375, 99.21875, 100.0]}