{"psd": [61.725011289639795, 71.77625984912963, 70.12520911995946, 67.85189958970274, 64.87927860263069, 60.81614760407689, 56.86219077323288, 53.51724299907694, 52.47054299335686, 56.2997575793679, 56.73700686931099, 53.758786453897265, 51.806859330693925, 55.22139906748479, 55.67144510693166, 53.639706728407305, 54.949407252944546, 60.75997414521329, 62.435442791382116, 66.69739783921511, 63.56091561590779, 58.21556759003505, 58.12394461427147, 58.59612934548331, 58.15361264713525, 59.02665163088294, 58.66075762308333, 58.79862208188647, 63.85495714144325, 67.11880589421988, 63.01638582352232, 62.89941965885426, 63.01313617190131, 64.2192588161883, 63.941461794152474, 63.25699833458697, 63.03383723532947, 64.50120025119391, 68.98405681105199, 68.57867527563732, 65.17900277252986, 65.19265338245619, 64.29998801801533, 62.968451748248526, 61.648542899946925, 61.96731079746563, 63.35704513785977, 63.14185167372494, 64.3125806623874, 63.05931015139343, 62.96265817449523, 63.74535730364599, 64.41692661403289, 62.78161944083137, 63.02753525926506, 62.9042804342141, 63.07926881216766, 68.13302340840119, 69.59161049658869, 64.3373626258786, 63.0125890461331, 64.26100262593307, 65.46955677910039, 69.81716207709995, 71.16062262054129, 66.67206603597816, 64.28198780300181, 64.66303520365952, 64.58659587378224, 64.37684010790782, 64.4595209682676, 65.93093451542417, 68.48599320718989, 69.72144158268469, 68.03780036932974, 68.00271752046228, 72.47566482873754, 74.68393064307105, 68.19622993661037, 66.22501143424613, 67.31555830058647, 68.50381025918568, 69.03579845862427, 68.08074017644194, 66.28436707180674, 65.60946334054167, 67.48802208612484, 67.7385955972554, 66.85326733801477, 67.2642415885168, 68.0218189672713, 67.90984703260247, 67.17442849719161, 66.73442001617134, 65.75401721381387, 67.21264855015194, 69.08945659991859, 67.45030289783104, 66.9701674985234, 66.3214776206804, 66.27409858514145, 65.65776760606153, 64.96264128891715, 65.10789019246093, 66.06708850811833, 66.22628921987477, 65.15926979258568, 64.56271911335756, 63.46529783735103, 62.78229625140783, 62.72941594546876, 62.6624033183355, 62.22501555642676, 61.18752230958202, 61.47204722742646, 64.70554335379666, 61.56863130241004, 52.766016951165184, 48.583234214402054, 44.3843172385438, 39.00323796520321, 31.853454332896376, 25.84880961279845, 22.97341898626096, 22.218249949759347, 22.091862989604923, 22.434451476478348, 22.545593233067905, 16.874910398110366], "f": [0.0, 0.78125, 1.5625, 2.34375, 3.125, 3.90625, 4.6875, 5.46875, 6.25, 7.03125, 7.8125, 8.59375, 9.375, 10.15625, 10.9375, 11.71875, 12.5, 13.28125, 14.0625, 14.84375, 15.625, 16.40625, 17.1875, 17.96875, 18.75, 19.53125, 20.3125, 21.09375, 21.875, 22.65625, 23.4375, 24.21875, 25.0, 25.78125, 26.5625, 27.34375, 28.125, 28.90625, 29.6875, 30.46875, 31.25, 32.03125, 32.8125, 33.59375, 34.375, 35.15625, 35.9375, 36.71875, 37.5, 38.28125, 39.0625, 39.84375, 40.625, 41.40625, 42.1875, 42.96875, 43.75, 44.53125, 45.3125, 46.09375, 46.875, 47.65625, 48.4375, 49.21875, 50.0, 50.78125, 51.5625, 52.34375, 53.125, 53.90625, 54.6875, 55.46875, 56.25, 57.03125, 57.8125, 58.59375, 59.375, 60.15625, 60.9375, 61.71875, 62.5, 63.28125, 64.0625, 64.84375, 65.625, 66.40625, 67.1875, 67.96875, 68.75, 69.53125, 70.3125, 71.09375, 71.875, 72.65625, 73.4375, 74.21875, 75.0, 75.78125, 76.5625, 77.34375, 78.125, 78.90625, 79.6875, 80.46875, 81.25, 82.03125, 82.8125, 83.59375, 84.375, 85.15625, 85.9375, 86.71875, 87.5, 88.28125, 89.0625, 89.84375, 90.625, 91.40625, 92.1875, 92.96875, 93.75, 94.53125, 95.3125, 96.09375, 96.875, 97.65625, 98.4375, 99.21875, 100.0]}