{"psd": [69.4235867805567, 78.28052259493901, 77.00006822741733, 73.30026457819498, 67.74972031531857, 61.45622494395261, 56.054045638668825, 51.8549369284905, 49.92318780466522, 50.44633775279226, 51.26373826759394, 51.35371821458669, 53.187225896565884, 56.13797739566508, 55.8914728797335, 57.78983234726704, 56.44612520821026, 54.77219894000576, 56.43756140095864, 56.73665405458881, 60.546618252689235, 59.24408519827746, 55.684434195518136, 56.25264443031277, 56.27609772315808, 57.14199094360075, 58.45132982644395, 59.43596418991592, 58.43782052833977, 58.27674026717429, 62.02132609151711, 62.82060943330407, 59.718091763895835, 59.16717178135371, 59.767373892631014, 61.25150371280222, 62.47255253216602, 61.06984091610843, 62.951886135578036, 61.630480578074945, 60.84432927636597, 61.520939062674536, 60.23828419244839, 60.27907496257829, 61.13836801968493, 62.463117047158825, 62.89194850909219, 62.86904535343123, 61.82176391034558, 62.38546090998972, 63.652330971940785, 64.65896769885423, 63.359199567976304, 63.75367183326841, 64.65252042428216, 64.44876374374878, 63.444270333486585, 63.584026871856175, 64.15453604159251, 64.42644602194812, 65.74875822761624, 66.8502137692909, 66.77858181634579, 66.68886763416641, 67.02439556551919, 66.91464973709138, 66.84735627874942, 66.8178072233333, 66.24011802841942, 66.80731583536456, 66.29177801562483, 66.35679386172873, 66.2073242311874, 64.98885910912892, 65.19243699404998, 65.63948718909937, 64.9263196888651, 64.76120366890993, 64.63667228087048, 64.71652421719303, 65.00612949874699, 64.59684118370116, 63.77172829149147, 63.30976864346297, 62.66540216279667, 63.35634377027465, 63.07801937791403, 63.265490524656, 64.07307656803536, 64.36425265808639, 64.27309304454504, 64.87903175032197, 63.561658097858526, 63.46464631603521, 62.980273999286794, 63.93860964696018, 65.37629114376227, 64.35321687337806, 63.75694781443801, 63.759697059869026, 63.94634477641934, 64.72484999368534, 63.87552033046969, 63.00622196779631, 63.54166457170946, 63.50301378659375, 63.64706329326178, 64.49576563034897, 64.20392476268927, 63.48471873547328, 63.125574700823684, 62.76586453606355, 62.19441231618091, 60.87759094467416, 60.169843077939134, 58.46136355808078, 56.702807297096214, 54.04774366994053, 50.09910269068355, 45.78581335022694, 40.522617427974424, 34.637131737239194, 27.31543724654074, 23.307558341679883, 22.36811145562189, 22.61750665564665, 22.345637152093087, 22.526936673997177, 18.067507042580026], "f": [0.0, 0.78125, 1.5625, 2.34375, 3.125, 3.90625, 4.6875, 5.46875, 6.25, 7.03125, 7.8125, 8.59375, 9.375, 10.15625, 10.9375, 11.71875, 12.5, 13.28125, 14.0625, 14.84375, 15.625, 16.40625, 17.1875, 17.96875, 18.75, 19.53125, 20.3125, 21.09375, 21.875, 22.65625, 23.4375, 24.21875, 25.0, 25.78125, 26.5625, 27.34375, 28.125, 28.90625, 29.6875, 30.46875, 31.25, 32.03125, 32.8125, 33.59375, 34.375, 35.15625, 35.9375, 36.71875, 37.5, 38.28125, 39.0625, 39.84375, 40.625, 41.40625, 42.1875, 42.96875, 43.75, 44.53125, 45.3125, 46.09375, 46.875, 47.65625, 48.4375, 49.21875, 50.0, 50.78125, 51.5625, 52.34375, 53.125, 53.90625, 54.6875, 55.46875, 56.25, 57.03125, 57.8125, 58.59375, 59.375, 60.15625, 60.9375, 61.71875, 62.5, 63.28125, 64.0625, 64.84375, 65.625, 66.40625, 67.1875, 67.96875, 68.75, 69.53125, 70.3125, 71.09375, 71.875, 72.65625, 73.4375, 74.21875, 75.0, 75.78125, 76.5625, 77.34375, 78.125, 78.90625, 79.6875, 80.46875, 81.25, 82.03125, 82.8125, 83.59375, 84.375, 85.15625, 85.9375, 86.71875, 87.5, 88.28125, 89.0625, 89.84375, 90.625, 91.40625, 92.1875, 92.96875, 93.75, 94.53125, 95.3125, 96.09375, 96.875, 97.65625, 98.4375, 99.21875, 100.0]}