{"psd": [62.77113769720592, 72.7897979258558, 72.44282401303708, 71.11235489019006, 68.04699394389088, 63.7740751852247, 58.582813352722155, 55.07485936390283, 54.06160891887087, 56.0756551984981, 55.99710624596662, 52.16093533487404, 50.455377767692156, 52.795555809195925, 53.92328954637453, 53.98591897566179, 55.32558597008412, 58.69874456939399, 61.11705038863546, 66.4303930806976, 63.267674755860526, 57.9725138931466, 58.04099169764448, 58.74531325216476, 57.62093029970431, 58.280082347387605, 58.93183904196141, 58.597736951819726, 64.06114397315106, 66.59857332967488, 63.13371962775143, 62.8002441677501, 63.6385662000455, 64.44033570122882, 64.10096254555027, 62.07067221031344, 61.609261792992605, 63.27517422914619, 68.95397846356897, 68.18759794720863, 64.26209339812908, 62.53307189759391, 62.70611653879455, 61.99406784321728, 61.06864309217157, 59.719720350336225, 60.4065215710527, 60.46225317284293, 61.127356442698925, 60.3527387718667, 60.50909772660415, 61.425243060553015, 61.28955366926827, 60.42443351210903, 60.14860258582267, 60.31026304522034, 61.312092333243164, 66.25496740545243, 67.45370824338208, 62.944435455428376, 62.8031229285488, 64.85573871848578, 65.46966566877776, 68.57279898775259, 69.04805542404479, 64.79272365203039, 64.03405001888322, 64.06640295640594, 64.31494385576174, 63.526544105116834, 62.28612472943145, 62.74934883501259, 63.7001545065495, 63.525955124466186, 64.39530083699776, 76.18920543676295, 80.39830612933015, 75.41333012865267, 65.90314130656095, 61.78024714041952, 61.851738774914594, 61.104424473453804, 61.97778391187426, 62.165167670744566, 60.706618063039514, 60.88468724613692, 60.67352693129208, 61.25099519374834, 61.08295943136199, 59.87124542410352, 59.71397595162642, 59.74495677224351, 59.677075342188594, 59.68085316114296, 59.143825251985184, 62.45569240831582, 67.11882640903332, 62.72816186549871, 59.10117088707445, 58.914202048000384, 58.633634615277295, 58.6985364447209, 58.17743847046361, 58.66917780468752, 58.99118724390018, 58.801769302366026, 58.43147920900198, 57.92141647534058, 58.05772948023643, 57.9211701798572, 57.935809167827294, 59.55334737110359, 59.1965408257958, 56.96027971947732, 60.327633084819496, 66.6849153804961, 62.82620584732954, 50.05487018115825, 45.800648047181916, 41.40564672191139, 36.76837784706918, 30.17299518883376, 24.413669974897367, 22.174251960262033, 22.200774505422935, 22.21809634018608, 22.418037852807732, 22.43894459347644, 17.731689727476475], "f": [0.0, 0.78125, 1.5625, 2.34375, 3.125, 3.90625, 4.6875, 5.46875, 6.25, 7.03125, 7.8125, 8.59375, 9.375, 10.15625, 10.9375, 11.71875, 12.5, 13.28125, 14.0625, 14.84375, 15.625, 16.40625, 17.1875, 17.96875, 18.75, 19.53125, 20.3125, 21.09375, 21.875, 22.65625, 23.4375, 24.21875, 25.0, 25.78125, 26.5625, 27.34375, 28.125, 28.90625, 29.6875, 30.46875, 31.25, 32.03125, 32.8125, 33.59375, 34.375, 35.15625, 35.9375, 36.71875, 37.5, 38.28125, 39.0625, 39.84375, 40.625, 41.40625, 42.1875, 42.96875, 43.75, 44.53125, 45.3125, 46.09375, 46.875, 47.65625, 48.4375, 49.21875, 50.0, 50.78125, 51.5625, 52.34375, 53.125, 53.90625, 54.6875, 55.46875, 56.25, 57.03125, 57.8125, 58.59375, 59.375, 60.15625, 60.9375, 61.71875, 62.5, 63.28125, 64.0625, 64.84375, 65.625, 66.40625, 67.1875, 67.96875, 68.75, 69.53125, 70.3125, 71.09375, 71.875, 72.65625, 73.4375, 74.21875, 75.0, 75.78125, 76.5625, 77.34375, 78.125, 78.90625, 79.6875, 80.46875, 81.25, 82.03125, 82.8125, 83.59375, 84.375, 85.15625, 85.9375, 86.71875, 87.5, 88.28125, 89.0625, 89.84375, 90.625, 91.40625, 92.1875, 92.96875, 93.75, 94.53125, 95.3125, 96.09375, 96.875, 97.65625, 98.4375, 99.21875, 100.0]}