{"psd": [58.53179104983765, 67.38303054719172, 65.70687914201672, 63.19209259729428, 59.04658413760083, 54.559840169813086, 49.82810562336663, 47.3870856055004, 48.21438461542816, 53.02706574346492, 52.21393693591509, 50.459996825531945, 51.84276897530055, 53.93504171675558, 55.68028667689356, 57.23350356831886, 55.9699846204293, 56.31706169244795, 62.02666318388735, 61.546409042725436, 57.841203516707736, 58.47232410220965, 62.680956039106746, 65.57717272461376, 66.74888017106514, 65.8716704173278, 65.72316712797063, 61.401849735463415, 61.58219003653065, 62.303550413775355, 60.98742441470024, 60.91061751181934, 60.853829050265006, 62.00822857088829, 61.33904747550446, 61.61543449370383, 63.54542208180288, 64.68805138870088, 66.92946320490717, 66.12143273041843, 67.4638994795156, 66.76415358631937, 67.6788177159868, 65.00279647557417, 64.18786510294987, 65.15169357230305, 64.47627371584201, 62.68162148106655, 63.44034966802043, 64.11527309471884, 63.89940736218577, 63.065838708055935, 64.2204541486248, 65.86473520862268, 65.50592622947163, 65.16083805825369, 65.64561406603487, 71.02368043446316, 70.07031038370401, 65.99281813675192, 68.10972083025466, 67.86421318584553, 67.27972110476499, 67.33589284131381, 69.34004322081343, 68.5118409435697, 67.3644642146883, 66.63937589214896, 66.15235285019004, 65.83221135846526, 65.94961232490004, 65.96441058107999, 66.59191614798671, 66.14641837214369, 67.7551178785187, 69.77438060070378, 70.439566660845, 70.73907590441627, 69.136092208256, 67.87795676951643, 67.37104093805529, 67.29011892360768, 67.12847756819673, 66.64225018822482, 67.09516302111547, 68.23479966652529, 68.57770743613362, 69.00826746095248, 70.01252423148904, 71.04274799670331, 71.01170225072738, 70.04341956000759, 69.28667418863564, 68.88997898617492, 68.56493895308998, 69.37049395940224, 70.05942581220216, 68.97889544761246, 68.99317844876707, 69.14892383348942, 69.44837366524277, 69.98824759060334, 70.45840927397586, 70.80146849439303, 70.57535493884427, 71.5697393804112, 71.10006083634806, 70.8731041168197, 70.92556596663202, 70.77116271227007, 69.67696636066803, 69.5913138609988, 69.77538084484127, 69.37478360083995, 68.1833302777295, 67.43924774060312, 64.19630360611892, 60.59194124864511, 57.26827108673697, 52.881961774312444, 47.277564563046575, 40.53741155464468, 33.257056357995786, 26.115001619343712, 22.831758676603503, 21.75081831799496, 21.70178702375404, 21.54955378525551, 16.870190140035735], "f": [0.0, 0.78125, 1.5625, 2.34375, 3.125, 3.90625, 4.6875, 5.46875, 6.25, 7.03125, 7.8125, 8.59375, 9.375, 10.15625, 10.9375, 11.71875, 12.5, 13.28125, 14.0625, 14.84375, 15.625, 16.40625, 17.1875, 17.96875, 18.75, 19.53125, 20.3125, 21.09375, 21.875, 22.65625, 23.4375, 24.21875, 25.0, 25.78125, 26.5625, 27.34375, 28.125, 28.90625, 29.6875, 30.46875, 31.25, 32.03125, 32.8125, 33.59375, 34.375, 35.15625, 35.9375, 36.71875, 37.5, 38.28125, 39.0625, 39.84375, 40.625, 41.40625, 42.1875, 42.96875, 43.75, 44.53125, 45.3125, 46.09375, 46.875, 47.65625, 48.4375, 49.21875, 50.0, 50.78125, 51.5625, 52.34375, 53.125, 53.90625, 54.6875, 55.46875, 56.25, 57.03125, 57.8125, 58.59375, 59.375, 60.15625, 60.9375, 61.71875, 62.5, 63.28125, 64.0625, 64.84375, 65.625, 66.40625, 67.1875, 67.96875, 68.75, 69.53125, 70.3125, 71.09375, 71.875, 72.65625, 73.4375, 74.21875, 75.0, 75.78125, 76.5625, 77.34375, 78.125, 78.90625, 79.6875, 80.46875, 81.25, 82.03125, 82.8125, 83.59375, 84.375, 85.15625, 85.9375, 86.71875, 87.5, 88.28125, 89.0625, 89.84375, 90.625, 91.40625, 92.1875, 92.96875, 93.75, 94.53125, 95.3125, 96.09375, 96.875, 97.65625, 98.4375, 99.21875, 100.0]}