{"psd": [58.43545553448414, 66.17181868957826, 65.78163515499263, 63.81558616891725, 59.570430017751036, 55.05264984258168, 50.71476246245695, 47.29926915290071, 48.226543274632654, 49.737951295165416, 50.93416592686051, 51.20529515699309, 56.15102788254025, 55.5645196917692, 55.31375245849113, 53.642308428364714, 53.04447987699936, 53.55157289436959, 53.08228180021936, 55.34812728287616, 55.74870975251595, 55.30334479398442, 55.217575473455966, 56.65269429668455, 62.05441776902816, 61.6415395079068, 57.99749034850745, 57.78324107564772, 58.43128161288402, 59.03963936939385, 58.74881789951637, 59.00555609735562, 59.93204177677975, 59.05790253812219, 58.541850570740515, 59.983275973371946, 63.67483248876468, 64.40458232083634, 62.92473054154955, 62.0848460351608, 62.75171344436557, 61.4665232956018, 60.44359208356337, 60.09295526732191, 61.39148171764454, 62.4499307346947, 62.67712605118314, 63.32932862553125, 66.45298153153082, 66.59000354379317, 65.75897676910165, 65.07599775295006, 65.50818815695924, 66.3162675487406, 67.8591740911842, 67.75054601056121, 67.06285988850455, 66.95414698499876, 67.41309452283261, 67.73801737776915, 68.07739995630841, 67.89507370623598, 67.12999505318368, 65.95550181445111, 64.5345419998512, 63.95407875666688, 64.19628666641346, 64.27130640169898, 63.977249800839786, 63.92033156551619, 63.021140925808076, 62.767958108050266, 63.025033250572164, 64.11552018843015, 65.20209185153378, 65.65264560408478, 65.34428376571425, 64.42868527121968, 63.033945780122735, 62.27604053934023, 62.562542855206225, 63.45664773951646, 63.09168928411691, 60.79876637330601, 59.95193067806939, 59.89467614688428, 60.6791010994836, 61.75595627268657, 62.09979541263941, 62.397136188524236, 62.11369378201955, 61.83547409937718, 61.881959387437945, 61.243328242930104, 61.35474661451512, 62.38283884157443, 63.60126194046066, 62.82743890381272, 61.14143059138168, 60.357677844250844, 60.841109981059546, 61.02173908576652, 60.99886771233464, 60.685498209014355, 61.070174241291504, 61.21179700883272, 60.70924400502459, 60.66575784391509, 59.69659709297835, 59.08380242822933, 58.47405004201717, 58.78798031436163, 58.729794375214254, 57.14086081074046, 55.56959146398655, 54.842659772476416, 52.68880669175598, 48.71611976318589, 44.59210067677308, 40.31000399667217, 34.66320289705159, 29.264144809493587, 24.635585557645125, 22.04683223869257, 21.424490577193357, 22.037751981260524, 21.788864401085334, 21.477151794346096, 16.874711954813858], "f": [0.0, 0.78125, 1.5625, 2.34375, 3.125, 3.90625, 4.6875, 5.46875, 6.25, 7.03125, 7.8125, 8.59375, 9.375, 10.15625, 10.9375, 11.71875, 12.5, 13.28125, 14.0625, 14.84375, 15.625, 16.40625, 17.1875, 17.96875, 18.75, 19.53125, 20.3125, 21.09375, 21.875, 22.65625, 23.4375, 24.21875, 25.0, 25.78125, 26.5625, 27.34375, 28.125, 28.90625, 29.6875, 30.46875, 31.25, 32.03125, 32.8125, 33.59375, 34.375, 35.15625, 35.9375, 36.71875, 37.5, 38.28125, 39.0625, 39.84375, 40.625, 41.40625, 42.1875, 42.96875, 43.75, 44.53125, 45.3125, 46.09375, 46.875, 47.65625, 48.4375, 49.21875, 50.0, 50.78125, 51.5625, 52.34375, 53.125, 53.90625, 54.6875, 55.46875, 56.25, 57.03125, 57.8125, 58.59375, 59.375, 60.15625, 60.9375, 61.71875, 62.5, 63.28125, 64.0625, 64.84375, 65.625, 66.40625, 67.1875, 67.96875, 68.75, 69.53125, 70.3125, 71.09375, 71.875, 72.65625, 73.4375, 74.21875, 75.0, 75.78125, 76.5625, 77.34375, 78.125, 78.90625, 79.6875, 80.46875, 81.25, 82.03125, 82.8125, 83.59375, 84.375, 85.15625, 85.9375, 86.71875, 87.5, 88.28125, 89.0625, 89.84375, 90.625, 91.40625, 92.1875, 92.96875, 93.75, 94.53125, 95.3125, 96.09375, 96.875, 97.65625, 98.4375, 99.21875, 100.0]}