{"psd": [57.398488996658855, 65.76674511247599, 61.766442033774155, 57.41156458034163, 54.80124058583079, 50.66683334454348, 46.398218132215504, 45.76397044830196, 46.964693873507656, 46.03100587707962, 47.462735619230216, 49.810418366640015, 50.74648657399298, 54.01172626706155, 53.10843767128227, 50.86330349159961, 50.25615221532695, 54.147142342189994, 57.56826246203613, 56.12542418184054, 55.1861187969255, 53.837818557418906, 55.36489142673552, 55.81622243900486, 56.45279146512802, 58.70764279391676, 60.126023361272686, 59.51160686754362, 58.61177838935663, 60.82730498271513, 60.9749590921584, 60.74862893330052, 62.122382655022754, 61.85142257527903, 61.55505102714513, 61.63684586917206, 63.07304752486904, 62.34491562282799, 64.89008583891672, 64.16737534529328, 63.9587192876332, 63.04618565648029, 63.492313931152026, 63.92492928072187, 65.6388415657489, 67.48345915967172, 66.12529251754326, 65.8168493821835, 65.75720858024782, 65.57842274156516, 66.05462699225478, 66.51677933819926, 66.84821473366408, 69.77040771480202, 70.26970166821629, 69.3970035050975, 69.10856620035352, 71.86708100912122, 72.44097203468073, 69.59808744532766, 70.43225067562496, 70.62026016670417, 73.51968526432559, 73.50329258560055, 71.7455627568061, 71.3465883829553, 70.22595062992431, 69.15989443067576, 68.9941983440878, 70.03388888610236, 70.40338578943792, 72.7822590723606, 73.14278181332939, 72.43668952963863, 72.58884692066249, 76.95547147103146, 85.84627487475863, 83.89075103726032, 73.32393851502732, 72.56698397341981, 73.47910080175133, 74.24823787842988, 76.90790463921347, 76.80602112776708, 74.2543651950975, 73.21024714692037, 72.2596300008486, 71.32183787039116, 71.73392869638474, 72.682900626879, 73.79889982792047, 76.27687933030208, 75.3755999186424, 73.11145194187426, 71.9726906731487, 72.31615383157904, 75.15604925082327, 71.82561692456102, 70.10470867666156, 70.37553962531481, 71.53069674845727, 71.13744642788089, 70.42280062010656, 70.13178789824104, 69.44021296324335, 69.82113685551167, 69.08156555624399, 68.17649564442279, 68.0392923465489, 68.92783425049188, 68.77271045736413, 71.4010587900694, 71.29260207693507, 65.60193299147831, 63.747425842630264, 65.4584688686112, 63.17549912474931, 55.77006070244906, 51.82386515661481, 47.268783348093706, 41.029956990415144, 33.85107122967663, 27.925590050877986, 22.906652168810204, 21.584088861185986, 21.469931067068465, 21.482703630734434, 21.559742905652882, 16.892240653224675], "f": [0.0, 0.78125, 1.5625, 2.34375, 3.125, 3.90625, 4.6875, 5.46875, 6.25, 7.03125, 7.8125, 8.59375, 9.375, 10.15625, 10.9375, 11.71875, 12.5, 13.28125, 14.0625, 14.84375, 15.625, 16.40625, 17.1875, 17.96875, 18.75, 19.53125, 20.3125, 21.09375, 21.875, 22.65625, 23.4375, 24.21875, 25.0, 25.78125, 26.5625, 27.34375, 28.125, 28.90625, 29.6875, 30.46875, 31.25, 32.03125, 32.8125, 33.59375, 34.375, 35.15625, 35.9375, 36.71875, 37.5, 38.28125, 39.0625, 39.84375, 40.625, 41.40625, 42.1875, 42.96875, 43.75, 44.53125, 45.3125, 46.09375, 46.875, 47.65625, 48.4375, 49.21875, 50.0, 50.78125, 51.5625, 52.34375, 53.125, 53.90625, 54.6875, 55.46875, 56.25, 57.03125, 57.8125, 58.59375, 59.375, 60.15625, 60.9375, 61.71875, 62.5, 63.28125, 64.0625, 64.84375, 65.625, 66.40625, 67.1875, 67.96875, 68.75, 69.53125, 70.3125, 71.09375, 71.875, 72.65625, 73.4375, 74.21875, 75.0, 75.78125, 76.5625, 77.34375, 78.125, 78.90625, 79.6875, 80.46875, 81.25, 82.03125, 82.8125, 83.59375, 84.375, 85.15625, 85.9375, 86.71875, 87.5, 88.28125, 89.0625, 89.84375, 90.625, 91.40625, 92.1875, 92.96875, 93.75, 94.53125, 95.3125, 96.09375, 96.875, 97.65625, 98.4375, 99.21875, 100.0]}