{"psd": [62.44734364104172, 71.67463316037478, 70.22733952189112, 66.03180352433756, 60.67641607271337, 55.37927423624773, 51.20491234063621, 51.319445101406906, 51.786483008577385, 52.3262570869817, 53.91444975047043, 56.94133490868356, 56.258789456367964, 56.12147165250786, 55.22058769082331, 57.86426651227912, 58.03055651227331, 58.05731056606706, 58.10904914356412, 59.1013037338838, 58.89136875121177, 59.339310301609125, 59.98095467906661, 61.88997220218573, 61.93303740223086, 62.61548298933575, 63.72712312557739, 63.42794480709188, 63.634270578809804, 63.23411064397699, 64.81036447315888, 65.51441310878603, 64.15730572722121, 63.58966820396006, 63.561809908725536, 63.24876709373254, 63.59163638224536, 63.50606428091196, 64.65439344723889, 63.63202433043316, 63.48076547007629, 63.71033067080077, 64.37283799189703, 65.08188599987128, 65.21716966568307, 65.82579410363698, 65.00287463463064, 64.96142999688732, 64.79927964429974, 65.58924742050824, 65.09030402907611, 65.0767829041447, 65.13376701198452, 64.6155525590482, 65.03717805194717, 65.2237340257292, 65.50601811340485, 66.4228082626365, 67.26343774714817, 66.3777050428148, 66.30209526941987, 66.19199658723343, 65.5145159289109, 65.62965296859383, 65.5718407577318, 66.00079084483266, 65.43390474439903, 65.72717100569369, 66.58858458038871, 66.84772908760068, 65.88248619962427, 65.05047564818824, 65.22179332010174, 65.24123164103956, 65.48459201778283, 66.33809945132602, 68.28766447164813, 70.05648557583724, 67.88168396611194, 66.59736955362489, 65.85342493012153, 67.00347151887742, 67.28814685182388, 66.92578024714847, 67.05476897711843, 67.57179240551768, 68.40020840971735, 67.90539426618687, 67.38890686621079, 67.7183864299165, 68.2125688414368, 68.33972531746186, 68.8073397251785, 69.63045525813791, 70.31006660860803, 70.8101316787465, 69.64986090979156, 68.69779959124857, 69.82069414254632, 70.15645133634253, 70.35727285165338, 70.6868890710859, 70.73964712713548, 70.56521650938438, 70.70948772505412, 72.21616911441247, 72.3734768957717, 71.86624940075977, 70.92588251903624, 71.38183659741972, 71.11028671610913, 69.73537835455478, 68.59523613229074, 66.40435050018472, 65.315618225918, 63.99508879014829, 61.13086140060879, 57.64511069628372, 53.12696629482804, 48.11505867193592, 42.71695040761182, 35.92713745819052, 29.036428419480913, 24.128181348957007, 21.898716710229948, 21.342384990252516, 21.555117903865266, 21.278581588655573, 15.991568947115514], "f": [0.0, 0.78125, 1.5625, 2.34375, 3.125, 3.90625, 4.6875, 5.46875, 6.25, 7.03125, 7.8125, 8.59375, 9.375, 10.15625, 10.9375, 11.71875, 12.5, 13.28125, 14.0625, 14.84375, 15.625, 16.40625, 17.1875, 17.96875, 18.75, 19.53125, 20.3125, 21.09375, 21.875, 22.65625, 23.4375, 24.21875, 25.0, 25.78125, 26.5625, 27.34375, 28.125, 28.90625, 29.6875, 30.46875, 31.25, 32.03125, 32.8125, 33.59375, 34.375, 35.15625, 35.9375, 36.71875, 37.5, 38.28125, 39.0625, 39.84375, 40.625, 41.40625, 42.1875, 42.96875, 43.75, 44.53125, 45.3125, 46.09375, 46.875, 47.65625, 48.4375, 49.21875, 50.0, 50.78125, 51.5625, 52.34375, 53.125, 53.90625, 54.6875, 55.46875, 56.25, 57.03125, 57.8125, 58.59375, 59.375, 60.15625, 60.9375, 61.71875, 62.5, 63.28125, 64.0625, 64.84375, 65.625, 66.40625, 67.1875, 67.96875, 68.75, 69.53125, 70.3125, 71.09375, 71.875, 72.65625, 73.4375, 74.21875, 75.0, 75.78125, 76.5625, 77.34375, 78.125, 78.90625, 79.6875, 80.46875, 81.25, 82.03125, 82.8125, 83.59375, 84.375, 85.15625, 85.9375, 86.71875, 87.5, 88.28125, 89.0625, 89.84375, 90.625, 91.40625, 92.1875, 92.96875, 93.75, 94.53125, 95.3125, 96.09375, 96.875, 97.65625, 98.4375, 99.21875, 100.0]}