{"psd": [50.09986836997801, 58.79702519162737, 57.190561274202494, 57.43223096681149, 55.90885041142185, 53.92163634502733, 52.02810072783883, 50.5170578042916, 50.25671841578059, 52.97848780317727, 55.282556938678205, 55.99299352533745, 56.65837749167454, 56.67635600169005, 56.14324561319833, 56.530878943711954, 58.06535795140198, 57.65050358551524, 59.55508601605473, 60.5337662798912, 58.697408744632455, 57.68729183821045, 57.002253515634436, 57.420113587772484, 58.423818769758185, 59.138437586144654, 60.766969900040394, 60.584828542013256, 58.69630840549785, 58.5873571490052, 58.750527853806716, 60.34977911218029, 60.49375350312861, 59.487503959498, 59.5085634262836, 61.5179454264003, 60.188342421416266, 60.84133238171552, 64.83126127477001, 64.19850950536127, 61.3786187462027, 61.29004232701578, 62.92436261095396, 63.622681587439175, 62.81587252548916, 62.50881101454445, 63.02690084899736, 63.968554809074696, 64.41571422043958, 64.53544730864004, 64.34708284319983, 66.06723059187507, 65.52088245955102, 63.30628708222826, 63.50542185257101, 62.86922140308608, 61.25969594747517, 62.924157911290486, 63.735927523088506, 62.67559639174391, 64.21341763000369, 69.09440864407956, 67.94843352200746, 65.40103465027018, 64.04864265725242, 63.3140354376706, 62.599583082580004, 62.83197916975108, 62.94066036998777, 62.823308138220796, 62.82349699149712, 63.293333529686, 63.18877856401148, 64.59462381746431, 63.5978034555083, 65.21639545973473, 68.94502522959439, 67.25575594066473, 62.64177569718613, 62.187268060544234, 61.717500258359166, 62.758483917590794, 62.02957134066332, 61.22005567512958, 61.69676350378319, 60.85012466899325, 61.05695548378981, 61.601953501800594, 61.30003567871193, 61.40924712417609, 61.41024158192096, 61.605656880011, 63.40387159343262, 61.937510867398714, 60.395651627172754, 61.72542545642081, 65.4499911160889, 62.42241926626193, 59.46610415840523, 59.23229205474155, 59.56133151637148, 59.781425258845445, 62.066370540827684, 61.713561995353416, 60.11583002369449, 58.936063241777234, 58.52750144711949, 58.22492173709735, 57.63630877839118, 57.79385840924745, 59.77624307281553, 58.6592717803162, 56.81061716807085, 56.261727958747315, 55.526759313271626, 58.5259965545506, 56.07711004116333, 48.853751637223795, 45.46698650712443, 41.83666154001379, 35.9851681416363, 29.714162596931004, 24.73227423632677, 22.15700622957232, 21.833346482868063, 21.671668545048178, 21.608859546693353, 21.422674842080745, 16.659376764406193], "f": [0.0, 0.78125, 1.5625, 2.34375, 3.125, 3.90625, 4.6875, 5.46875, 6.25, 7.03125, 7.8125, 8.59375, 9.375, 10.15625, 10.9375, 11.71875, 12.5, 13.28125, 14.0625, 14.84375, 15.625, 16.40625, 17.1875, 17.96875, 18.75, 19.53125, 20.3125, 21.09375, 21.875, 22.65625, 23.4375, 24.21875, 25.0, 25.78125, 26.5625, 27.34375, 28.125, 28.90625, 29.6875, 30.46875, 31.25, 32.03125, 32.8125, 33.59375, 34.375, 35.15625, 35.9375, 36.71875, 37.5, 38.28125, 39.0625, 39.84375, 40.625, 41.40625, 42.1875, 42.96875, 43.75, 44.53125, 45.3125, 46.09375, 46.875, 47.65625, 48.4375, 49.21875, 50.0, 50.78125, 51.5625, 52.34375, 53.125, 53.90625, 54.6875, 55.46875, 56.25, 57.03125, 57.8125, 58.59375, 59.375, 60.15625, 60.9375, 61.71875, 62.5, 63.28125, 64.0625, 64.84375, 65.625, 66.40625, 67.1875, 67.96875, 68.75, 69.53125, 70.3125, 71.09375, 71.875, 72.65625, 73.4375, 74.21875, 75.0, 75.78125, 76.5625, 77.34375, 78.125, 78.90625, 79.6875, 80.46875, 81.25, 82.03125, 82.8125, 83.59375, 84.375, 85.15625, 85.9375, 86.71875, 87.5, 88.28125, 89.0625, 89.84375, 90.625, 91.40625, 92.1875, 92.96875, 93.75, 94.53125, 95.3125, 96.09375, 96.875, 97.65625, 98.4375, 99.21875, 100.0]}