{"psd": [53.71718174643762, 62.51409321119076, 56.5764825645939, 54.06197342972155, 52.348028556848966, 48.47096966058607, 45.51296460979482, 43.8845508194487, 43.91586220739842, 45.26775671523353, 46.33602914055217, 47.26364142754862, 47.00357707152744, 49.92662742748397, 49.764458758937174, 49.03060809582199, 50.14123957763276, 51.80706442583849, 50.427249064890916, 49.164179050283565, 51.42580035120307, 52.620281810791376, 55.002642665608974, 56.761401623776464, 51.536671543091835, 51.55634253434813, 56.32592602349622, 54.21471833400503, 51.97492560089429, 51.76891199312803, 54.26653445328276, 55.62582212373482, 55.260360533450275, 54.90247302500603, 54.430849953775066, 54.00895171740997, 54.331241491408605, 60.075814744905685, 69.13114372134017, 67.34903215336945, 58.96011285650758, 60.319526004691404, 57.81613379945027, 56.59737195129508, 56.83855125613714, 57.40339767780765, 58.41408147091894, 58.56974587534097, 59.32259667193194, 60.894192341815064, 61.02570037394515, 62.04962681687688, 62.15735364561333, 61.11504764687166, 60.34980779805849, 61.00523853812205, 61.595657059599695, 67.89713794636685, 68.85200255890511, 63.31784189707321, 62.76753368539246, 61.96595110909803, 62.07859307811722, 61.838002655928165, 62.046035094173604, 61.95366607228219, 61.71140831718296, 61.87099462024908, 60.97631012152304, 61.17121679032674, 60.96089298750798, 61.55654005416807, 60.70022677892205, 60.57312179283134, 67.1159792273366, 74.9701656310192, 83.94438696959327, 81.81284554854649, 71.35870174769899, 66.48805152082095, 60.66140159724431, 60.41260311894241, 65.96737849802085, 71.89961866228307, 67.07362114161721, 59.32007896749431, 59.38918174873435, 59.77022146176247, 60.078197986009556, 59.68107876946671, 60.305383742706056, 61.040692154797696, 61.40862029960771, 60.61406253867776, 59.90279415631775, 67.30934415283208, 71.97797958816162, 66.24125307708577, 58.89404184490341, 59.61281341128633, 59.59342497074296, 59.55645150728404, 60.11107549428944, 60.50924001244705, 62.430688114360734, 63.685874179696846, 60.28588243708395, 59.77888345527565, 60.157316308802834, 61.1021417886753, 59.72638290212355, 58.16320899542117, 58.02342189275834, 59.51184487399415, 62.370396792063296, 70.00475965297102, 66.50684796976745, 50.214350306582254, 45.530045865388836, 41.33535444848353, 36.51854750129064, 31.1031852405781, 24.528215737355072, 22.100364546923288, 21.778882795450638, 21.293986807104005, 20.886502116418832, 21.31040749199082, 16.384074634235546], "f": [0.0, 0.78125, 1.5625, 2.34375, 3.125, 3.90625, 4.6875, 5.46875, 6.25, 7.03125, 7.8125, 8.59375, 9.375, 10.15625, 10.9375, 11.71875, 12.5, 13.28125, 14.0625, 14.84375, 15.625, 16.40625, 17.1875, 17.96875, 18.75, 19.53125, 20.3125, 21.09375, 21.875, 22.65625, 23.4375, 24.21875, 25.0, 25.78125, 26.5625, 27.34375, 28.125, 28.90625, 29.6875, 30.46875, 31.25, 32.03125, 32.8125, 33.59375, 34.375, 35.15625, 35.9375, 36.71875, 37.5, 38.28125, 39.0625, 39.84375, 40.625, 41.40625, 42.1875, 42.96875, 43.75, 44.53125, 45.3125, 46.09375, 46.875, 47.65625, 48.4375, 49.21875, 50.0, 50.78125, 51.5625, 52.34375, 53.125, 53.90625, 54.6875, 55.46875, 56.25, 57.03125, 57.8125, 58.59375, 59.375, 60.15625, 60.9375, 61.71875, 62.5, 63.28125, 64.0625, 64.84375, 65.625, 66.40625, 67.1875, 67.96875, 68.75, 69.53125, 70.3125, 71.09375, 71.875, 72.65625, 73.4375, 74.21875, 75.0, 75.78125, 76.5625, 77.34375, 78.125, 78.90625, 79.6875, 80.46875, 81.25, 82.03125, 82.8125, 83.59375, 84.375, 85.15625, 85.9375, 86.71875, 87.5, 88.28125, 89.0625, 89.84375, 90.625, 91.40625, 92.1875, 92.96875, 93.75, 94.53125, 95.3125, 96.09375, 96.875, 97.65625, 98.4375, 99.21875, 100.0]}