{"psd": [55.02537525937367, 64.33798143011029, 62.86786016803894, 60.82765278200953, 58.02626729552151, 54.14420298533131, 50.29953920942656, 47.8702146820155, 48.71465461594753, 48.913025187032915, 48.33476674490359, 49.893649691943196, 53.047731739728015, 56.45084434472211, 55.13510696886268, 54.467116797355224, 55.938531666264325, 56.467276455094144, 55.97609778154931, 57.57130039112483, 55.770356856487915, 55.50717972063672, 56.75084130178705, 57.90651468930694, 60.876401007864345, 62.25483543202301, 60.33126201407281, 59.13599314546034, 60.63180472060817, 61.507850713664844, 61.057516912932186, 60.39629378061174, 60.50836417888804, 62.195529390251735, 62.0628071466622, 61.38548774464254, 60.860749633314654, 62.31563129829769, 63.66439211200003, 61.877533326166144, 61.0401151989805, 60.948646243442894, 60.94123038102023, 61.8081719366505, 63.01047403762918, 64.59913143488211, 63.859046255184175, 62.16614408099538, 62.75613985838603, 62.939675802569, 63.022113893644374, 62.97224992280755, 62.63966138221521, 62.81473174723554, 62.24616431150642, 62.19597775886277, 61.565553195171184, 61.792701469667044, 62.48921107326615, 61.69315139315441, 62.4383995883632, 63.29200757011375, 63.91994130170339, 64.07643194479533, 63.41732759332948, 62.7493743565302, 62.34232329095999, 62.49149465844771, 62.01615634401283, 62.164181264271974, 62.68327130680069, 62.684383918477835, 62.323809086927895, 62.982254683895476, 65.4381240467799, 68.52499849444345, 68.11354027749621, 66.58819860909409, 63.058230045128305, 61.734787167001095, 61.93005343630789, 61.61849750681327, 61.06895182275052, 60.35797881460769, 60.255284286575716, 59.997888315297594, 59.822998377574066, 59.8320292588291, 59.51801386076318, 60.019092823594676, 59.57604741373976, 60.25852892909544, 61.158331977316905, 59.71063737327189, 59.722062411375546, 60.630948678192695, 61.927518081767154, 60.007897127922895, 60.33674657691787, 60.563770608047804, 59.77189856874156, 59.86657933466809, 59.84650963339135, 58.93573551531774, 59.08564758251828, 58.972055225974, 58.67675924172115, 58.52432042100794, 58.75153918526138, 59.20720588305286, 58.96426099292156, 59.70080974362546, 60.939769079407924, 58.8439079592849, 56.610857991199296, 57.060729780399704, 53.95950689846356, 48.7130030613364, 44.02772476167411, 39.66722815359616, 34.70276294666692, 29.26608386234453, 24.26963685215915, 22.100663422063278, 21.99427524653524, 21.680146522051725, 21.844571966054072, 21.20970552317507, 16.229750896440088], "f": [0.0, 0.78125, 1.5625, 2.34375, 3.125, 3.90625, 4.6875, 5.46875, 6.25, 7.03125, 7.8125, 8.59375, 9.375, 10.15625, 10.9375, 11.71875, 12.5, 13.28125, 14.0625, 14.84375, 15.625, 16.40625, 17.1875, 17.96875, 18.75, 19.53125, 20.3125, 21.09375, 21.875, 22.65625, 23.4375, 24.21875, 25.0, 25.78125, 26.5625, 27.34375, 28.125, 28.90625, 29.6875, 30.46875, 31.25, 32.03125, 32.8125, 33.59375, 34.375, 35.15625, 35.9375, 36.71875, 37.5, 38.28125, 39.0625, 39.84375, 40.625, 41.40625, 42.1875, 42.96875, 43.75, 44.53125, 45.3125, 46.09375, 46.875, 47.65625, 48.4375, 49.21875, 50.0, 50.78125, 51.5625, 52.34375, 53.125, 53.90625, 54.6875, 55.46875, 56.25, 57.03125, 57.8125, 58.59375, 59.375, 60.15625, 60.9375, 61.71875, 62.5, 63.28125, 64.0625, 64.84375, 65.625, 66.40625, 67.1875, 67.96875, 68.75, 69.53125, 70.3125, 71.09375, 71.875, 72.65625, 73.4375, 74.21875, 75.0, 75.78125, 76.5625, 77.34375, 78.125, 78.90625, 79.6875, 80.46875, 81.25, 82.03125, 82.8125, 83.59375, 84.375, 85.15625, 85.9375, 86.71875, 87.5, 88.28125, 89.0625, 89.84375, 90.625, 91.40625, 92.1875, 92.96875, 93.75, 94.53125, 95.3125, 96.09375, 96.875, 97.65625, 98.4375, 99.21875, 100.0]}