{"psd": [61.78884628994809, 71.33436089497712, 68.50286922946533, 65.05482339036855, 59.83795593453977, 55.30919118357477, 50.77684330402916, 48.94907319214569, 49.892168548169124, 51.01723778058564, 51.91554888543334, 54.26542278431743, 54.743539933783566, 53.69669352536348, 54.266751726348666, 55.20038433655638, 55.9695820134614, 55.75091480549406, 56.80958095512522, 57.74483122856735, 60.33907551843089, 60.56124120204651, 59.885271230549186, 62.243912368319414, 61.51846003242631, 61.27829816730389, 62.63683414769358, 63.187938892176376, 63.5040679657319, 63.92062008603672, 65.52906996573765, 66.96797313533288, 64.32370181067863, 62.93436203759332, 62.439029906919444, 63.54564916012045, 63.48253072415784, 63.67117480852059, 64.44583550834828, 63.97971901955415, 64.88167164487437, 66.80036111160959, 65.27586622359041, 63.94487254021663, 63.550299622944934, 63.23751434354097, 64.18480653013222, 63.95531389319547, 63.670506575297274, 63.565309601787575, 63.79845965907585, 64.95894346445449, 64.8246014066373, 65.23648390381365, 65.04767492934553, 64.9038120176197, 64.55195347295017, 64.84420581512958, 64.548250630804, 63.94433402708916, 64.64315117321925, 65.30005444533303, 64.90782560725363, 64.88235313171869, 64.59158962493595, 64.57036324233763, 63.69572122444094, 63.72881051365834, 64.4774039711037, 65.45159164763797, 64.97361338826289, 64.27636441575649, 63.897199696657204, 64.37671299018747, 66.79479652985334, 70.55242136941555, 69.68280904567041, 67.61646739289455, 65.14250946424761, 64.15574840552213, 63.9394681416876, 63.94679269341953, 64.11248834652969, 63.78949364896394, 63.757636908293954, 64.41459336401833, 64.16232692400699, 64.76003147435529, 64.88327875388745, 64.32123648735474, 64.76184002223496, 65.35471972465112, 65.89952846735764, 66.32370576716542, 66.42926634374534, 66.5040514164182, 67.17599296628491, 67.76108095754144, 68.42530383477052, 68.62748078137376, 68.79838882658703, 68.57774351642949, 68.90832953019645, 69.04684217785992, 69.1045996342336, 70.37708104788217, 69.9349817366259, 69.00119181981682, 67.64980875509056, 67.36633896342659, 66.46988229415912, 66.24086687318365, 66.23080440924039, 65.35387985466598, 64.18655963154887, 63.28690588750206, 60.23609029117503, 55.7334670800782, 51.961660189714536, 47.30288304763548, 41.209378299727454, 35.51139854950817, 28.674936361602278, 24.133878694426105, 21.91041174974396, 21.375598547244465, 21.79604745149435, 21.4358128456777, 16.62165215071083], "f": [0.0, 0.78125, 1.5625, 2.34375, 3.125, 3.90625, 4.6875, 5.46875, 6.25, 7.03125, 7.8125, 8.59375, 9.375, 10.15625, 10.9375, 11.71875, 12.5, 13.28125, 14.0625, 14.84375, 15.625, 16.40625, 17.1875, 17.96875, 18.75, 19.53125, 20.3125, 21.09375, 21.875, 22.65625, 23.4375, 24.21875, 25.0, 25.78125, 26.5625, 27.34375, 28.125, 28.90625, 29.6875, 30.46875, 31.25, 32.03125, 32.8125, 33.59375, 34.375, 35.15625, 35.9375, 36.71875, 37.5, 38.28125, 39.0625, 39.84375, 40.625, 41.40625, 42.1875, 42.96875, 43.75, 44.53125, 45.3125, 46.09375, 46.875, 47.65625, 48.4375, 49.21875, 50.0, 50.78125, 51.5625, 52.34375, 53.125, 53.90625, 54.6875, 55.46875, 56.25, 57.03125, 57.8125, 58.59375, 59.375, 60.15625, 60.9375, 61.71875, 62.5, 63.28125, 64.0625, 64.84375, 65.625, 66.40625, 67.1875, 67.96875, 68.75, 69.53125, 70.3125, 71.09375, 71.875, 72.65625, 73.4375, 74.21875, 75.0, 75.78125, 76.5625, 77.34375, 78.125, 78.90625, 79.6875, 80.46875, 81.25, 82.03125, 82.8125, 83.59375, 84.375, 85.15625, 85.9375, 86.71875, 87.5, 88.28125, 89.0625, 89.84375, 90.625, 91.40625, 92.1875, 92.96875, 93.75, 94.53125, 95.3125, 96.09375, 96.875, 97.65625, 98.4375, 99.21875, 100.0]}