{"psd": [47.888000052010426, 56.61006490028549, 55.51145439962021, 54.7495260718094, 53.06721199992506, 49.921993100277994, 46.47887874487856, 44.185194007191186, 45.79173767461795, 45.55119790768313, 48.1414655599205, 48.52383074437441, 47.270146129650605, 47.90867582290883, 46.85589425354077, 49.35338546528824, 49.86190525246884, 50.201143413640985, 50.84457154664189, 54.27980221802174, 55.11303744153633, 54.87564434032328, 54.81884519436902, 54.40999025675922, 53.1969555139995, 52.595858941291226, 53.65316107391442, 54.5435309430929, 55.91190543515293, 58.241752181034805, 62.002376278624865, 63.346898092704905, 58.81454942624397, 59.20352715787547, 58.03646712857363, 57.67038786210093, 57.85893525273693, 59.118873723211095, 66.18375101609998, 65.32284593287316, 62.58901183477911, 65.64932099385952, 63.05274562735367, 60.30390481571711, 58.90695145415377, 59.72995584244003, 61.44420720924188, 60.94868174181498, 61.38195102496936, 60.6927562321241, 60.98986992699503, 62.09468655042899, 61.537915960574374, 61.197318043709785, 61.09899614738416, 61.337365114485, 61.64805461306801, 70.2966816054867, 71.55511425326418, 64.32563046808069, 63.47467270304768, 64.04942594987949, 63.103039071532024, 62.01364632937519, 62.13703036744945, 62.64238410293339, 62.83647571325637, 62.812230742640935, 63.10720735993837, 62.910987861303525, 62.56146832144133, 61.960594516064795, 61.81486307167561, 61.8700805193465, 64.20029657493177, 72.65195638061142, 82.31042332617206, 81.23628447854753, 69.53273923618082, 61.91732366500901, 60.98441480671304, 60.90917538947194, 61.66905403977354, 63.6210064750733, 62.534084144843845, 62.1230427758732, 62.56810752867136, 62.20822221876762, 61.966456166530186, 61.22189689250747, 61.3661989356921, 62.086976572790945, 62.853658047077204, 61.76465992165568, 62.01911371315512, 65.32853914933894, 69.63665830402186, 65.36374044729924, 61.71702250649153, 61.816062381684475, 61.91648607851359, 62.445225451908364, 62.75849589866634, 62.854225764635736, 63.166511079380136, 62.95643325015162, 62.24457787502624, 61.845060653588995, 62.13880728477072, 62.448302822728635, 62.047092855292846, 61.37254464791483, 61.04889026422611, 60.92329689412702, 59.62119534330025, 62.15110266859149, 58.95581741450367, 51.7868479933449, 48.26826103763783, 43.78558994404897, 37.80830781912271, 32.11544889311196, 25.49477389293385, 22.590852006954076, 21.932575285035746, 21.531159700904148, 21.320421122249563, 21.68172042950497, 16.953428275649415], "f": [0.0, 0.78125, 1.5625, 2.34375, 3.125, 3.90625, 4.6875, 5.46875, 6.25, 7.03125, 7.8125, 8.59375, 9.375, 10.15625, 10.9375, 11.71875, 12.5, 13.28125, 14.0625, 14.84375, 15.625, 16.40625, 17.1875, 17.96875, 18.75, 19.53125, 20.3125, 21.09375, 21.875, 22.65625, 23.4375, 24.21875, 25.0, 25.78125, 26.5625, 27.34375, 28.125, 28.90625, 29.6875, 30.46875, 31.25, 32.03125, 32.8125, 33.59375, 34.375, 35.15625, 35.9375, 36.71875, 37.5, 38.28125, 39.0625, 39.84375, 40.625, 41.40625, 42.1875, 42.96875, 43.75, 44.53125, 45.3125, 46.09375, 46.875, 47.65625, 48.4375, 49.21875, 50.0, 50.78125, 51.5625, 52.34375, 53.125, 53.90625, 54.6875, 55.46875, 56.25, 57.03125, 57.8125, 58.59375, 59.375, 60.15625, 60.9375, 61.71875, 62.5, 63.28125, 64.0625, 64.84375, 65.625, 66.40625, 67.1875, 67.96875, 68.75, 69.53125, 70.3125, 71.09375, 71.875, 72.65625, 73.4375, 74.21875, 75.0, 75.78125, 76.5625, 77.34375, 78.125, 78.90625, 79.6875, 80.46875, 81.25, 82.03125, 82.8125, 83.59375, 84.375, 85.15625, 85.9375, 86.71875, 87.5, 88.28125, 89.0625, 89.84375, 90.625, 91.40625, 92.1875, 92.96875, 93.75, 94.53125, 95.3125, 96.09375, 96.875, 97.65625, 98.4375, 99.21875, 100.0]}