{"psd": [48.92621631953467, 57.84133826575997, 58.46661764460897, 57.54040240426187, 53.56618416229574, 48.587161368142375, 44.708041990375264, 42.77837393764962, 45.12787596773399, 48.09632032146206, 57.10295329210852, 57.254315750202956, 52.57200737538795, 51.781779366371936, 58.39503557030737, 59.85926451694888, 52.95519310253597, 54.704720020238156, 55.05379628844727, 57.82333959935166, 60.92307122429336, 63.93877746097567, 62.81837143434471, 63.73975242918217, 61.65496160390239, 61.712441225130064, 60.37316097189151, 60.860885834506526, 62.36036826405381, 66.34283383927638, 65.33629968016315, 65.11432814447987, 64.77248902938322, 64.66225846353096, 65.02117954621947, 64.47397347917416, 64.45542779136765, 65.08475635102145, 66.82045056952917, 66.97665731577528, 67.15260953326694, 66.69766207958438, 66.91155040409126, 67.50009876325362, 68.49015580252194, 66.95754913478231, 66.34840975052694, 66.46041358283485, 67.74272508005738, 66.83777994415829, 68.60888056556936, 68.12548338796023, 67.9566481907972, 67.63198782148108, 68.96375804337241, 68.63480425612886, 68.79793404958212, 70.65735597436992, 72.56737555669922, 71.2638912121392, 68.64198981855645, 68.46049454578458, 67.95153906040917, 67.65274560977794, 67.58343909872218, 68.77999729306893, 70.27849244269126, 70.03087433215212, 69.55354224741934, 69.5206945881268, 69.82981821786797, 71.0287084491056, 70.51437217052994, 70.6437181356883, 69.1503436802813, 68.3187025711534, 74.49301462304526, 76.81541925684269, 70.1821755727035, 67.55823468354991, 67.23590317250394, 68.09618910725847, 68.38359405518108, 68.82833372927027, 68.691891366443, 68.30850217182554, 68.78250009337586, 68.47089080488081, 68.53385017941359, 68.03398133793812, 67.99561962904733, 67.48851640054411, 67.90168920436275, 67.93508431028569, 68.5024095624406, 68.93183032745745, 70.72661094876213, 68.36674998513391, 68.73681316841832, 71.71818986045024, 69.7157638012556, 67.45417514674814, 67.1151046865777, 66.77856465219998, 66.44762898578273, 66.04130353263085, 66.33447098849919, 66.1091234619356, 66.0970125004352, 66.30703079612367, 66.47652434223443, 66.15259551715256, 66.12111547217454, 65.48619663308476, 64.42887642284619, 64.64717927284887, 64.73685613321084, 64.09428326824525, 59.665097986318315, 51.251216665646055, 43.491771137983406, 37.53714871443364, 30.374563177800226, 24.11769476099931, 21.850967409262143, 21.594522137317163, 21.691283104371173, 21.411479648183487, 16.988830307829215], "f": [0.0, 0.78125, 1.5625, 2.34375, 3.125, 3.90625, 4.6875, 5.46875, 6.25, 7.03125, 7.8125, 8.59375, 9.375, 10.15625, 10.9375, 11.71875, 12.5, 13.28125, 14.0625, 14.84375, 15.625, 16.40625, 17.1875, 17.96875, 18.75, 19.53125, 20.3125, 21.09375, 21.875, 22.65625, 23.4375, 24.21875, 25.0, 25.78125, 26.5625, 27.34375, 28.125, 28.90625, 29.6875, 30.46875, 31.25, 32.03125, 32.8125, 33.59375, 34.375, 35.15625, 35.9375, 36.71875, 37.5, 38.28125, 39.0625, 39.84375, 40.625, 41.40625, 42.1875, 42.96875, 43.75, 44.53125, 45.3125, 46.09375, 46.875, 47.65625, 48.4375, 49.21875, 50.0, 50.78125, 51.5625, 52.34375, 53.125, 53.90625, 54.6875, 55.46875, 56.25, 57.03125, 57.8125, 58.59375, 59.375, 60.15625, 60.9375, 61.71875, 62.5, 63.28125, 64.0625, 64.84375, 65.625, 66.40625, 67.1875, 67.96875, 68.75, 69.53125, 70.3125, 71.09375, 71.875, 72.65625, 73.4375, 74.21875, 75.0, 75.78125, 76.5625, 77.34375, 78.125, 78.90625, 79.6875, 80.46875, 81.25, 82.03125, 82.8125, 83.59375, 84.375, 85.15625, 85.9375, 86.71875, 87.5, 88.28125, 89.0625, 89.84375, 90.625, 91.40625, 92.1875, 92.96875, 93.75, 94.53125, 95.3125, 96.09375, 96.875, 97.65625, 98.4375, 99.21875, 100.0]}