{"psd": [54.05945592682484, 63.12483352506747, 61.51886350466776, 58.93718301292659, 55.497702206841375, 51.35631948742901, 47.089736736620125, 45.654252260679144, 47.81573054606554, 49.08094350844701, 50.512934748337834, 52.21139998945327, 50.55755713189302, 53.21128777563763, 52.174095930236, 50.115897106787486, 50.49997880908527, 51.61919423544695, 52.67951056211736, 55.00170963979052, 54.933816258392945, 54.573446808508564, 55.663121547638696, 55.672931390278386, 56.698321754734906, 59.08806341834748, 60.578097592257436, 58.60515694532124, 57.206194840318645, 58.753718376233834, 59.12120972931415, 59.408726793084135, 62.326866157653875, 62.96807701731285, 60.32177528641359, 59.41423045350902, 59.7177922891077, 61.45412822596333, 66.99090070174098, 66.00813776293455, 61.9261550683338, 63.21495941885595, 62.524462141827996, 62.120556939627974, 62.37432613885005, 61.60551528948062, 61.6192952886278, 62.45919486970867, 63.42222251859884, 63.4647083441099, 63.33103311786311, 63.205654870612726, 63.27429297309112, 63.20647727832926, 63.01283275491019, 63.179061545136896, 64.20929945726738, 69.30903812796228, 70.0712925733613, 64.90223123114292, 64.59877264458333, 65.10718416773273, 65.29239552907934, 64.80571016878831, 64.43921461362501, 64.40629094578773, 64.90384765751617, 64.92053926458533, 63.91457434054384, 63.54540021668897, 63.30735066975617, 63.42403870634093, 63.533996002376725, 63.414459905455104, 66.30172139313076, 76.14507600510885, 86.67042019590372, 85.01440016320645, 71.67270095109718, 66.00511992740414, 64.7533900545977, 64.8016431466495, 66.38356301665488, 69.8532789406573, 66.11316540674932, 63.66491026030717, 63.47211680630137, 63.44720840528598, 63.458551247336665, 63.79932357130728, 63.70182039316387, 63.15440139941741, 63.01190361985106, 62.73906226221638, 62.70054346198364, 68.45742451447946, 73.76514554674338, 68.715316997331, 61.94688182240043, 61.04971299805985, 61.288614514506065, 61.450050400197014, 61.696240909372904, 61.850599407108106, 61.09336472282063, 61.499964728802645, 61.50456670996788, 61.31669712590743, 61.00404144289818, 60.85109252100211, 61.466563625809634, 60.53622585801263, 59.875183803538945, 59.90971900622432, 61.90481807142185, 68.20691087292569, 65.22559452253846, 53.395291232543826, 47.97525851590882, 43.19792898811375, 37.54801766573996, 31.11693845553574, 25.397506348625228, 22.38577040240106, 21.66491455824161, 21.55952425632716, 21.30900991011157, 21.734324801285588, 16.59024271698268], "f": [0.0, 0.78125, 1.5625, 2.34375, 3.125, 3.90625, 4.6875, 5.46875, 6.25, 7.03125, 7.8125, 8.59375, 9.375, 10.15625, 10.9375, 11.71875, 12.5, 13.28125, 14.0625, 14.84375, 15.625, 16.40625, 17.1875, 17.96875, 18.75, 19.53125, 20.3125, 21.09375, 21.875, 22.65625, 23.4375, 24.21875, 25.0, 25.78125, 26.5625, 27.34375, 28.125, 28.90625, 29.6875, 30.46875, 31.25, 32.03125, 32.8125, 33.59375, 34.375, 35.15625, 35.9375, 36.71875, 37.5, 38.28125, 39.0625, 39.84375, 40.625, 41.40625, 42.1875, 42.96875, 43.75, 44.53125, 45.3125, 46.09375, 46.875, 47.65625, 48.4375, 49.21875, 50.0, 50.78125, 51.5625, 52.34375, 53.125, 53.90625, 54.6875, 55.46875, 56.25, 57.03125, 57.8125, 58.59375, 59.375, 60.15625, 60.9375, 61.71875, 62.5, 63.28125, 64.0625, 64.84375, 65.625, 66.40625, 67.1875, 67.96875, 68.75, 69.53125, 70.3125, 71.09375, 71.875, 72.65625, 73.4375, 74.21875, 75.0, 75.78125, 76.5625, 77.34375, 78.125, 78.90625, 79.6875, 80.46875, 81.25, 82.03125, 82.8125, 83.59375, 84.375, 85.15625, 85.9375, 86.71875, 87.5, 88.28125, 89.0625, 89.84375, 90.625, 91.40625, 92.1875, 92.96875, 93.75, 94.53125, 95.3125, 96.09375, 96.875, 97.65625, 98.4375, 99.21875, 100.0]}