{"psd": [53.6643681024567, 62.398580828533895, 61.7062596486099, 61.00124759148966, 58.721616128898866, 55.21726701624508, 50.964592896351505, 48.580171800905426, 49.351809087791494, 52.74965227355235, 53.56665549074033, 55.0335279334939, 52.549172482620094, 52.900007113890894, 51.941902687837185, 53.08042483395071, 52.023105741526706, 52.74131500451982, 54.83255801215996, 53.885859315790306, 53.24114437490368, 56.2503654091719, 57.853319720398545, 59.267845875120024, 58.38078679736121, 58.68218100976195, 59.10224833131264, 60.06104603784599, 60.072871550427294, 60.45714006139268, 59.95374298436908, 60.74673514483972, 60.83200594698758, 60.32719548729493, 60.05233917202923, 60.65444681251938, 60.716582017172804, 61.09598054447545, 62.23386596804835, 60.26388828398946, 59.33521481719339, 62.332146220315835, 63.14314444544466, 64.03481137462917, 62.93193476025216, 63.33984326655635, 61.83965685543526, 61.586877378772094, 60.437700422613084, 60.90969664889663, 61.59997010011508, 60.820963496090705, 61.383388052307815, 62.7867703142394, 63.522360165824225, 62.746229832222554, 62.64362987654964, 62.386152858591075, 61.219946826024824, 60.20377595505736, 60.526269629754665, 61.86425009387442, 62.92797030014085, 63.631745687706996, 63.947391837575694, 62.94056271316983, 60.78470911696692, 60.3276778002961, 59.45250470425535, 59.48026611966511, 60.596494272334695, 60.146124346608275, 59.94334642311058, 60.58626022702691, 61.802027226940254, 64.57400735620341, 63.2571804706574, 61.426174424986854, 60.331896083099316, 59.95111214209548, 59.396723476964866, 59.093907572473725, 58.83662097287694, 58.115375564953986, 57.42012254721635, 57.60835897626609, 58.11943661893055, 58.26791924101467, 57.533159117270884, 56.743174925151735, 57.38578064342903, 58.6274537385339, 57.851555970449, 57.1083989217749, 57.1244199212967, 57.88940421661518, 58.171537762598724, 57.49203387096966, 57.87852241040255, 57.583415492805614, 57.733188515013424, 58.08985231624398, 57.85261679735987, 56.781037825142846, 56.80855370404149, 57.49052859449546, 57.50798471199474, 57.1228913037859, 57.148761312322904, 57.12253116788247, 57.363731152440145, 57.389911128425695, 56.36993388110141, 55.69417302710943, 55.66266212631055, 57.24117445166708, 54.36695165918658, 47.694357194233284, 43.0099245393034, 37.98996653120742, 33.170497709172565, 27.34352887016655, 22.73617740786313, 21.7652064443938, 21.900793918062085, 21.67100958768048, 21.65210445059151, 21.475231432676, 16.087068683169562], "f": [0.0, 0.78125, 1.5625, 2.34375, 3.125, 3.90625, 4.6875, 5.46875, 6.25, 7.03125, 7.8125, 8.59375, 9.375, 10.15625, 10.9375, 11.71875, 12.5, 13.28125, 14.0625, 14.84375, 15.625, 16.40625, 17.1875, 17.96875, 18.75, 19.53125, 20.3125, 21.09375, 21.875, 22.65625, 23.4375, 24.21875, 25.0, 25.78125, 26.5625, 27.34375, 28.125, 28.90625, 29.6875, 30.46875, 31.25, 32.03125, 32.8125, 33.59375, 34.375, 35.15625, 35.9375, 36.71875, 37.5, 38.28125, 39.0625, 39.84375, 40.625, 41.40625, 42.1875, 42.96875, 43.75, 44.53125, 45.3125, 46.09375, 46.875, 47.65625, 48.4375, 49.21875, 50.0, 50.78125, 51.5625, 52.34375, 53.125, 53.90625, 54.6875, 55.46875, 56.25, 57.03125, 57.8125, 58.59375, 59.375, 60.15625, 60.9375, 61.71875, 62.5, 63.28125, 64.0625, 64.84375, 65.625, 66.40625, 67.1875, 67.96875, 68.75, 69.53125, 70.3125, 71.09375, 71.875, 72.65625, 73.4375, 74.21875, 75.0, 75.78125, 76.5625, 77.34375, 78.125, 78.90625, 79.6875, 80.46875, 81.25, 82.03125, 82.8125, 83.59375, 84.375, 85.15625, 85.9375, 86.71875, 87.5, 88.28125, 89.0625, 89.84375, 90.625, 91.40625, 92.1875, 92.96875, 93.75, 94.53125, 95.3125, 96.09375, 96.875, 97.65625, 98.4375, 99.21875, 100.0]}