{"psd": [57.589340987446874, 66.23624890909076, 63.55372348988594, 58.29266085709471, 53.04674688912489, 48.09062440374678, 45.062339981412684, 44.68368885716587, 48.47145321395981, 50.023070897036554, 48.32703237389072, 48.5146162984109, 50.12960844672034, 51.296794967628195, 55.85715766633641, 55.49505171107117, 51.56022400383093, 53.42220371983149, 53.38680727926939, 53.00861535410816, 52.69490220932022, 52.82252229869191, 53.80286360977131, 54.81758985731487, 55.38341425766511, 56.82820533352442, 57.97426497162526, 57.60235568290153, 61.64709332444714, 68.13418293830544, 65.03341490058303, 59.685370310025135, 59.29418996677547, 60.71861416296589, 61.11138644493823, 60.516718097300306, 59.69283694635554, 60.2206877525669, 60.68099681713694, 60.424590797963106, 61.66546936309403, 62.685644736957485, 63.33990647347824, 63.03919250722486, 62.229277502732884, 61.64994078948553, 61.25879412295668, 61.51436191879973, 61.81319055595775, 62.39814394783178, 63.0064385020781, 63.81310522496854, 63.60229916492099, 62.62461760306802, 62.436348404845475, 62.53814355380011, 63.822954579202076, 65.66591366875227, 66.4776391620016, 66.36668641890054, 66.40622893970138, 66.87878584913717, 67.64405404608414, 66.72843330229041, 64.7664345008918, 64.23350787057443, 64.40741702023433, 64.73741402397691, 64.93714610720164, 64.46713770235161, 64.15890290105497, 64.25252815182444, 64.6700861171736, 64.43341316648952, 64.7517672692935, 65.0338410730648, 66.09303401687997, 67.1972090995973, 65.4849969243428, 64.60712985552293, 63.63884519293843, 63.94007000845853, 64.06778585022109, 63.91778103578975, 64.41870414171976, 64.03875480115492, 64.52979250435511, 64.77515756079934, 64.76200667295153, 64.11945973498668, 64.61576202641712, 65.2211244227364, 66.06391879897049, 65.87113983630293, 65.19444908236379, 65.02797209289893, 66.52145428074645, 65.19285008568333, 64.83093091678703, 64.06257228342754, 64.43019794245505, 64.01668145478851, 64.24124515028323, 64.1783664903918, 63.94486028907295, 64.70666422882631, 65.11003131681902, 64.78159003780047, 64.97369252391528, 64.7131425443543, 64.28157105102999, 64.08802506793234, 63.42634118161632, 62.63840638654352, 62.03901594111378, 61.26346223252213, 58.89533334935685, 54.33039981108899, 50.52433175636306, 46.376763417835306, 41.272843929749655, 34.43410217896085, 27.528639613245254, 23.247700233268695, 21.71841275899528, 21.801896093326736, 21.815154878906387, 21.312246854841945, 16.078617070472113], "f": [0.0, 0.78125, 1.5625, 2.34375, 3.125, 3.90625, 4.6875, 5.46875, 6.25, 7.03125, 7.8125, 8.59375, 9.375, 10.15625, 10.9375, 11.71875, 12.5, 13.28125, 14.0625, 14.84375, 15.625, 16.40625, 17.1875, 17.96875, 18.75, 19.53125, 20.3125, 21.09375, 21.875, 22.65625, 23.4375, 24.21875, 25.0, 25.78125, 26.5625, 27.34375, 28.125, 28.90625, 29.6875, 30.46875, 31.25, 32.03125, 32.8125, 33.59375, 34.375, 35.15625, 35.9375, 36.71875, 37.5, 38.28125, 39.0625, 39.84375, 40.625, 41.40625, 42.1875, 42.96875, 43.75, 44.53125, 45.3125, 46.09375, 46.875, 47.65625, 48.4375, 49.21875, 50.0, 50.78125, 51.5625, 52.34375, 53.125, 53.90625, 54.6875, 55.46875, 56.25, 57.03125, 57.8125, 58.59375, 59.375, 60.15625, 60.9375, 61.71875, 62.5, 63.28125, 64.0625, 64.84375, 65.625, 66.40625, 67.1875, 67.96875, 68.75, 69.53125, 70.3125, 71.09375, 71.875, 72.65625, 73.4375, 74.21875, 75.0, 75.78125, 76.5625, 77.34375, 78.125, 78.90625, 79.6875, 80.46875, 81.25, 82.03125, 82.8125, 83.59375, 84.375, 85.15625, 85.9375, 86.71875, 87.5, 88.28125, 89.0625, 89.84375, 90.625, 91.40625, 92.1875, 92.96875, 93.75, 94.53125, 95.3125, 96.09375, 96.875, 97.65625, 98.4375, 99.21875, 100.0]}