{"psd": [64.47704758427037, 73.1142892490225, 70.21981777835836, 66.25491700983432, 61.6887124965539, 56.36164735453926, 51.847841995435225, 49.2787418402552, 49.91740108608505, 51.901498021698, 53.41354322016222, 53.231248123507214, 53.6369426457797, 54.96356787163046, 55.1340234989418, 56.438305738602764, 56.92963272639961, 58.171970790065224, 59.756748356584126, 62.00045348148101, 62.12253826707187, 62.57328258232435, 63.29831029383357, 65.62850887465042, 65.69625612906984, 65.52729033587687, 66.86203213870581, 69.69117234537359, 71.84306367749892, 71.87581449072931, 68.30502418652449, 66.52600437250891, 65.86667065737652, 65.58154640622577, 66.50910380757539, 67.75831167802917, 67.9532488094554, 66.93729955463951, 67.82696109705643, 68.43407345589793, 67.37254148294438, 66.47208098678325, 66.42658090725617, 66.5401543601805, 66.54871300722886, 66.92109038700293, 66.78144528740478, 67.02438282999934, 68.8352111721064, 68.78177050838468, 67.99400857642668, 68.14611584134406, 68.36211012994998, 69.14514815247743, 69.88684930654601, 74.11370062476618, 82.50511765209032, 83.21122220663845, 75.67371036104423, 69.86555206577073, 68.7441993084075, 69.06101469268697, 68.92191112672874, 70.31552673208392, 71.16940140738657, 69.63801674749357, 69.14030851529677, 69.29221925686667, 69.61183172796547, 69.47035656011275, 71.48474610976082, 72.18799576023197, 70.04076444743902, 70.27565576895338, 73.01845572896522, 76.94246740514107, 76.75107408151973, 75.1570349010309, 73.19662185352392, 71.19186136172499, 71.27733421820268, 72.00289030657821, 73.29040256787312, 75.10274024647764, 84.34378224970695, 85.30955663646493, 82.65997188352068, 72.22957878662656, 70.99260464678993, 70.61383156361461, 71.61338628050815, 72.83585587092983, 73.09474917326716, 72.36951778841829, 72.40798344330088, 71.55038397948732, 71.40468236505883, 72.98911076247047, 72.8434555722857, 72.98636098956082, 72.3377981425607, 72.64270257820095, 72.11129654347383, 72.94114869293857, 71.85436846017895, 72.33427568700475, 72.71256356263773, 72.08354717962249, 71.6994255118518, 70.967332277657, 70.98620145165567, 70.7498363982838, 74.5297113265644, 78.93335943610852, 75.36013638083843, 67.51729068807995, 64.12384986414799, 58.89407557290986, 55.23065131859045, 51.02784203109411, 46.08425189920357, 40.7091863138135, 33.12874398955912, 26.468954394216453, 23.549832414306323, 22.21377469180623, 21.86616090442692, 22.007360279109612, 17.021804737065292], "f": [0.0, 0.78125, 1.5625, 2.34375, 3.125, 3.90625, 4.6875, 5.46875, 6.25, 7.03125, 7.8125, 8.59375, 9.375, 10.15625, 10.9375, 11.71875, 12.5, 13.28125, 14.0625, 14.84375, 15.625, 16.40625, 17.1875, 17.96875, 18.75, 19.53125, 20.3125, 21.09375, 21.875, 22.65625, 23.4375, 24.21875, 25.0, 25.78125, 26.5625, 27.34375, 28.125, 28.90625, 29.6875, 30.46875, 31.25, 32.03125, 32.8125, 33.59375, 34.375, 35.15625, 35.9375, 36.71875, 37.5, 38.28125, 39.0625, 39.84375, 40.625, 41.40625, 42.1875, 42.96875, 43.75, 44.53125, 45.3125, 46.09375, 46.875, 47.65625, 48.4375, 49.21875, 50.0, 50.78125, 51.5625, 52.34375, 53.125, 53.90625, 54.6875, 55.46875, 56.25, 57.03125, 57.8125, 58.59375, 59.375, 60.15625, 60.9375, 61.71875, 62.5, 63.28125, 64.0625, 64.84375, 65.625, 66.40625, 67.1875, 67.96875, 68.75, 69.53125, 70.3125, 71.09375, 71.875, 72.65625, 73.4375, 74.21875, 75.0, 75.78125, 76.5625, 77.34375, 78.125, 78.90625, 79.6875, 80.46875, 81.25, 82.03125, 82.8125, 83.59375, 84.375, 85.15625, 85.9375, 86.71875, 87.5, 88.28125, 89.0625, 89.84375, 90.625, 91.40625, 92.1875, 92.96875, 93.75, 94.53125, 95.3125, 96.09375, 96.875, 97.65625, 98.4375, 99.21875, 100.0]}