{"psd": [52.10741097263232, 60.376678055117836, 58.63774498657598, 56.29079125127538, 54.19265870302659, 49.95461029500773, 47.36983156023477, 50.72025401173577, 49.44307285342219, 48.174288461858964, 49.67232359205032, 51.26291967452765, 54.775968847329175, 57.19609094141443, 58.52485836265235, 57.88145769909599, 56.51169075159074, 56.82737980693672, 57.911798182160545, 58.97899261711067, 59.065859688359154, 58.9766946512415, 59.42523302718983, 58.76435753009545, 58.721635098677076, 59.665975671923974, 59.44629206171826, 59.471637781712005, 61.63476728488088, 62.6526955666869, 63.01248351385061, 64.22564461241197, 66.85538563284547, 65.98397143155515, 63.54238458786448, 62.57744840278133, 63.1536268425444, 61.959586128126006, 67.26188096840428, 66.75454055991041, 63.69583889868579, 62.90773685160511, 62.40375456219668, 61.7384978912267, 61.66077549716995, 62.17499898414731, 63.15682603820519, 63.29119027278079, 64.31049278182853, 65.3960889315479, 66.18126482343155, 67.0084017543918, 68.65225674249164, 69.51790884600788, 69.08841079404684, 68.86855836063486, 69.58443296426228, 69.15475633644004, 68.29738806749941, 68.3941627226931, 68.92408942928877, 67.42354811561933, 66.91009799272445, 66.18941044005764, 66.01988499275319, 67.13684313930996, 68.35960896205863, 68.67009742048192, 68.94571348755201, 68.11332817408311, 66.79882288623902, 66.36833727783569, 66.5971310174975, 67.25639448388223, 69.07435867758645, 72.85089333754242, 69.34896587631009, 68.28600680172184, 68.11770605287565, 68.91969947038265, 69.48936904044415, 69.59642210263364, 69.1475530519131, 68.09826857005174, 68.1023273772344, 66.87425799911512, 66.87755013063723, 67.28954309206685, 68.61869842333014, 69.78009704636419, 69.73801576990991, 69.8622123462593, 69.78650047352112, 68.98993007929346, 68.38583716202042, 68.53414253509398, 70.72271700708649, 69.61632343517817, 67.49431521779749, 66.69194367037478, 66.15761821367833, 66.48975203572029, 66.42146182082128, 66.8548690073913, 67.78963921734614, 67.50236551739886, 67.62555904907204, 67.19326637083452, 67.19628769775787, 66.7835285598605, 66.895154538356, 65.902591868542, 64.93448456486027, 64.51495711736355, 63.587984946712, 63.22452658630297, 60.45304270170785, 55.736260846907456, 51.78667765142458, 47.23608367859222, 41.26560852200381, 34.758135136015895, 28.430737607121333, 23.508518891714143, 21.983584657715433, 21.985881595305155, 21.32892400898863, 21.873932890658683, 16.595003566942935], "f": [0.0, 0.78125, 1.5625, 2.34375, 3.125, 3.90625, 4.6875, 5.46875, 6.25, 7.03125, 7.8125, 8.59375, 9.375, 10.15625, 10.9375, 11.71875, 12.5, 13.28125, 14.0625, 14.84375, 15.625, 16.40625, 17.1875, 17.96875, 18.75, 19.53125, 20.3125, 21.09375, 21.875, 22.65625, 23.4375, 24.21875, 25.0, 25.78125, 26.5625, 27.34375, 28.125, 28.90625, 29.6875, 30.46875, 31.25, 32.03125, 32.8125, 33.59375, 34.375, 35.15625, 35.9375, 36.71875, 37.5, 38.28125, 39.0625, 39.84375, 40.625, 41.40625, 42.1875, 42.96875, 43.75, 44.53125, 45.3125, 46.09375, 46.875, 47.65625, 48.4375, 49.21875, 50.0, 50.78125, 51.5625, 52.34375, 53.125, 53.90625, 54.6875, 55.46875, 56.25, 57.03125, 57.8125, 58.59375, 59.375, 60.15625, 60.9375, 61.71875, 62.5, 63.28125, 64.0625, 64.84375, 65.625, 66.40625, 67.1875, 67.96875, 68.75, 69.53125, 70.3125, 71.09375, 71.875, 72.65625, 73.4375, 74.21875, 75.0, 75.78125, 76.5625, 77.34375, 78.125, 78.90625, 79.6875, 80.46875, 81.25, 82.03125, 82.8125, 83.59375, 84.375, 85.15625, 85.9375, 86.71875, 87.5, 88.28125, 89.0625, 89.84375, 90.625, 91.40625, 92.1875, 92.96875, 93.75, 94.53125, 95.3125, 96.09375, 96.875, 97.65625, 98.4375, 99.21875, 100.0]}