{"psd": [58.497248636501666, 66.6514379841047, 64.946058643568, 62.750690342221525, 59.605492188811304, 54.57143752327434, 49.57465358500326, 49.468695765318685, 50.54963864776158, 51.82204990447584, 50.29861616806897, 50.48777007817539, 54.538932663919354, 57.34067532625801, 65.57289451438608, 65.23495281111464, 61.76825539500722, 58.895103239950465, 57.88342822024152, 58.8991718717207, 59.491255406677595, 62.90181006657184, 63.834473199435706, 61.500202347206844, 61.90236597719286, 62.871120724405635, 63.927786260085824, 66.5281132300197, 68.27131132529873, 69.37493766823712, 69.13661498787957, 69.26601462547944, 68.74090272789921, 69.58128413249192, 70.27346169165077, 70.44450569867408, 71.63068606097394, 71.33937712112814, 71.21026649543016, 71.20335988862276, 71.7207984526593, 71.41157860775945, 72.39459317092465, 74.67489433847226, 74.15035503675205, 73.73200211874672, 74.33857726578235, 74.28779214489174, 74.2853170418792, 75.37930765466511, 76.00311779747605, 76.56893701990056, 75.79381148441537, 75.79221077924312, 75.80324733949371, 75.90115468155848, 75.98706544919347, 76.04955107621124, 76.00736468226005, 75.89155000261704, 75.21042208064158, 74.90841774069234, 74.74836246503608, 75.13367167189367, 74.7707765958109, 74.34355269450845, 73.89448963993765, 73.92983468875147, 74.28361474805278, 73.33090217828116, 72.35468632522236, 72.20488923544931, 71.35292584429341, 71.23603305650241, 71.6051868793288, 71.96470421052632, 72.05321636435843, 71.77576241138608, 70.30169319329802, 69.70268859168924, 69.31018229746132, 69.78150558814328, 70.33238108177802, 69.87738270475005, 70.08407441167512, 70.56764482816449, 70.57127683234285, 71.08217448949529, 71.11106283108528, 70.59369763706313, 70.91444092916174, 70.48338569135075, 70.85746043974052, 70.69912527331864, 71.0370314819485, 71.53834767871689, 70.41775004761509, 70.37453547540997, 70.82249800361194, 70.22087311676542, 71.25991980148869, 71.49803008125504, 72.03968408354217, 71.52999371156486, 72.02707093048156, 71.47935509656418, 71.82427521609868, 71.30209012959214, 70.62720968767144, 69.2318687135794, 68.78902722909102, 68.60057624301186, 67.27248414841557, 66.59485606738023, 64.87861879625872, 63.7313954321737, 61.40168854904004, 57.702564832414936, 53.53980045236699, 48.37593408501653, 43.20211888625467, 36.8459340525705, 29.752229237197085, 23.49133206937159, 22.041965421248616, 21.60219856376607, 21.776369981327633, 21.630150626951018, 16.687562490010013], "f": [0.0, 0.78125, 1.5625, 2.34375, 3.125, 3.90625, 4.6875, 5.46875, 6.25, 7.03125, 7.8125, 8.59375, 9.375, 10.15625, 10.9375, 11.71875, 12.5, 13.28125, 14.0625, 14.84375, 15.625, 16.40625, 17.1875, 17.96875, 18.75, 19.53125, 20.3125, 21.09375, 21.875, 22.65625, 23.4375, 24.21875, 25.0, 25.78125, 26.5625, 27.34375, 28.125, 28.90625, 29.6875, 30.46875, 31.25, 32.03125, 32.8125, 33.59375, 34.375, 35.15625, 35.9375, 36.71875, 37.5, 38.28125, 39.0625, 39.84375, 40.625, 41.40625, 42.1875, 42.96875, 43.75, 44.53125, 45.3125, 46.09375, 46.875, 47.65625, 48.4375, 49.21875, 50.0, 50.78125, 51.5625, 52.34375, 53.125, 53.90625, 54.6875, 55.46875, 56.25, 57.03125, 57.8125, 58.59375, 59.375, 60.15625, 60.9375, 61.71875, 62.5, 63.28125, 64.0625, 64.84375, 65.625, 66.40625, 67.1875, 67.96875, 68.75, 69.53125, 70.3125, 71.09375, 71.875, 72.65625, 73.4375, 74.21875, 75.0, 75.78125, 76.5625, 77.34375, 78.125, 78.90625, 79.6875, 80.46875, 81.25, 82.03125, 82.8125, 83.59375, 84.375, 85.15625, 85.9375, 86.71875, 87.5, 88.28125, 89.0625, 89.84375, 90.625, 91.40625, 92.1875, 92.96875, 93.75, 94.53125, 95.3125, 96.09375, 96.875, 97.65625, 98.4375, 99.21875, 100.0]}