{"psd": [51.59471016571374, 60.37920424100886, 56.76436593062504, 54.201243549969284, 51.88802637111627, 47.96759476740234, 44.20282065584826, 42.356056914382066, 41.71897636512263, 41.28072259344727, 43.81526945038017, 45.70834614302939, 45.449912746200674, 44.87980584901084, 45.81004960877969, 45.228466086298596, 46.3251811576703, 47.09654447463507, 49.53485576335077, 50.551033507011844, 50.84204928430903, 51.91711672618165, 53.3277002319729, 55.11926347467071, 54.99569767883517, 53.318650739108264, 55.45874814628219, 58.0946887964247, 60.5835452746205, 65.18669951276975, 64.26633403652512, 60.805098649593575, 59.81451361562097, 57.72868010087767, 58.00665520170723, 58.701715366656146, 59.59249524335277, 60.3847951629386, 62.173337922404016, 61.32411844233657, 58.55375546867442, 57.751624681521236, 57.36383391048604, 57.02401281917703, 57.41675665554968, 59.09674209613457, 59.07275875069527, 57.711122004246846, 58.02275599813395, 57.3920752193586, 56.80260272910634, 57.285504653189975, 58.34521939560514, 59.575548375111616, 60.05663462973283, 60.634501892010334, 61.65373241532428, 61.966163653769534, 61.94236243174273, 61.21090603492843, 61.82589139825237, 62.025884096227905, 62.03687367531852, 62.49091849899425, 64.10327131869802, 62.44468819698736, 61.743747082581805, 60.83501427464994, 60.5055994465257, 60.084215175242015, 60.26827158814275, 60.33267602142173, 60.92671164678013, 61.20020730241868, 61.13854191124669, 61.62471233594883, 65.52381049159706, 68.98099425411726, 63.499438104122, 59.59783303345667, 60.23384773815424, 60.86908365092242, 61.460041904285, 62.153179867118205, 62.39475439230191, 62.41349624306259, 61.86900080564136, 62.26131011221873, 62.87328942307062, 63.34535943658638, 63.99150266533689, 63.65171699210025, 63.92133600401767, 63.97296194520533, 64.58203786930169, 65.76895984295541, 67.36042162702277, 65.41237465598718, 63.48855203842126, 62.89219497665189, 63.360530523451494, 64.86481586148281, 63.89981674839604, 62.847871887742386, 63.46916110488591, 64.68389521413707, 65.26057745428312, 64.56335740717068, 64.64607441487489, 64.29586954674008, 63.97746415322822, 63.91025571558355, 63.2678986675137, 61.74909149857367, 60.374955843976146, 59.44472125046677, 57.166893303583194, 51.82833532408281, 47.51418131912399, 42.894595869675726, 37.67321231778886, 31.999810471871037, 26.154964110140572, 22.28684741243846, 21.327590513390984, 21.55929505423844, 21.822567326559202, 21.772410058228758, 16.70230734416075], "f": [0.0, 0.78125, 1.5625, 2.34375, 3.125, 3.90625, 4.6875, 5.46875, 6.25, 7.03125, 7.8125, 8.59375, 9.375, 10.15625, 10.9375, 11.71875, 12.5, 13.28125, 14.0625, 14.84375, 15.625, 16.40625, 17.1875, 17.96875, 18.75, 19.53125, 20.3125, 21.09375, 21.875, 22.65625, 23.4375, 24.21875, 25.0, 25.78125, 26.5625, 27.34375, 28.125, 28.90625, 29.6875, 30.46875, 31.25, 32.03125, 32.8125, 33.59375, 34.375, 35.15625, 35.9375, 36.71875, 37.5, 38.28125, 39.0625, 39.84375, 40.625, 41.40625, 42.1875, 42.96875, 43.75, 44.53125, 45.3125, 46.09375, 46.875, 47.65625, 48.4375, 49.21875, 50.0, 50.78125, 51.5625, 52.34375, 53.125, 53.90625, 54.6875, 55.46875, 56.25, 57.03125, 57.8125, 58.59375, 59.375, 60.15625, 60.9375, 61.71875, 62.5, 63.28125, 64.0625, 64.84375, 65.625, 66.40625, 67.1875, 67.96875, 68.75, 69.53125, 70.3125, 71.09375, 71.875, 72.65625, 73.4375, 74.21875, 75.0, 75.78125, 76.5625, 77.34375, 78.125, 78.90625, 79.6875, 80.46875, 81.25, 82.03125, 82.8125, 83.59375, 84.375, 85.15625, 85.9375, 86.71875, 87.5, 88.28125, 89.0625, 89.84375, 90.625, 91.40625, 92.1875, 92.96875, 93.75, 94.53125, 95.3125, 96.09375, 96.875, 97.65625, 98.4375, 99.21875, 100.0]}