{"psd": [43.031759727323916, 51.98401936175986, 47.80681904247362, 43.8937752678165, 42.149158727210775, 41.25867505213045, 41.53649373562501, 46.60252620131777, 48.83400847254669, 46.99495262365399, 46.40736760474462, 45.906713415039874, 47.2766216735163, 47.14889142378401, 49.02149393585368, 51.20933241674352, 51.69715182290129, 51.25423851525212, 48.99320424309713, 49.13106932896068, 49.93795422177869, 52.75743853510366, 51.3117863882225, 51.77633428448342, 54.97644215420471, 55.3968443028929, 53.413404762856736, 53.643275886600534, 55.32096158089757, 55.28303534995598, 55.37675585288457, 56.09396028185881, 58.73614875213725, 60.16704330137167, 57.49946477996231, 56.100851553703365, 56.10193835379224, 59.297492018916806, 63.39121566308842, 62.40494843828459, 60.34297325075798, 61.584284118850114, 59.458528371476106, 58.53316615661683, 58.7959787115311, 58.590931746530316, 59.350252141827966, 60.0753505098119, 64.54707765367469, 67.37031494071499, 63.0104178620772, 60.708420200901365, 60.850565050972065, 60.85858346027362, 60.91176129891342, 61.32066223099063, 62.76455109604176, 63.836778110669485, 64.03184216772163, 64.21620935629049, 65.8085058148301, 64.4335694863136, 63.93351572523996, 63.764998198693725, 62.85266527868237, 62.21820932567227, 61.90321085012482, 61.25861669714422, 62.088643031375845, 61.25452622602947, 60.78144408781717, 60.84490756797062, 60.51154895277493, 59.83373700313948, 60.922902678413735, 65.04170157353657, 72.93342991351422, 71.40125899638616, 65.44439973523212, 63.34048904733401, 63.162191579773136, 63.57063009997538, 63.06023291903604, 63.79270519212149, 63.443009074090845, 62.44572079437165, 62.071536484847485, 61.2207607271574, 60.913391526971026, 61.21484439880266, 61.8646875439078, 60.85984827946884, 60.77675186202868, 60.69642027777696, 60.87095924831135, 62.9943313336268, 66.51592734618215, 62.7813408720349, 60.34814076894254, 60.50407579660443, 60.70989273456707, 59.73178161237395, 59.869750849341024, 59.92879584489856, 59.16677381961271, 58.663328466065494, 58.546059367242364, 58.488990365335255, 58.564137068764154, 58.56140252731563, 57.53781212003226, 56.14012956995439, 55.52482853953849, 54.95500243077696, 58.642439584244244, 65.45329184315398, 62.00738875158537, 47.92775788441354, 42.85122559034897, 37.89546754443736, 33.3108241772726, 28.39668091846727, 23.86778153143007, 22.014252192423676, 21.539260519063465, 21.393896403467156, 21.376066061201186, 21.742529002882577, 17.138032837608865], "f": [0.0, 0.78125, 1.5625, 2.34375, 3.125, 3.90625, 4.6875, 5.46875, 6.25, 7.03125, 7.8125, 8.59375, 9.375, 10.15625, 10.9375, 11.71875, 12.5, 13.28125, 14.0625, 14.84375, 15.625, 16.40625, 17.1875, 17.96875, 18.75, 19.53125, 20.3125, 21.09375, 21.875, 22.65625, 23.4375, 24.21875, 25.0, 25.78125, 26.5625, 27.34375, 28.125, 28.90625, 29.6875, 30.46875, 31.25, 32.03125, 32.8125, 33.59375, 34.375, 35.15625, 35.9375, 36.71875, 37.5, 38.28125, 39.0625, 39.84375, 40.625, 41.40625, 42.1875, 42.96875, 43.75, 44.53125, 45.3125, 46.09375, 46.875, 47.65625, 48.4375, 49.21875, 50.0, 50.78125, 51.5625, 52.34375, 53.125, 53.90625, 54.6875, 55.46875, 56.25, 57.03125, 57.8125, 58.59375, 59.375, 60.15625, 60.9375, 61.71875, 62.5, 63.28125, 64.0625, 64.84375, 65.625, 66.40625, 67.1875, 67.96875, 68.75, 69.53125, 70.3125, 71.09375, 71.875, 72.65625, 73.4375, 74.21875, 75.0, 75.78125, 76.5625, 77.34375, 78.125, 78.90625, 79.6875, 80.46875, 81.25, 82.03125, 82.8125, 83.59375, 84.375, 85.15625, 85.9375, 86.71875, 87.5, 88.28125, 89.0625, 89.84375, 90.625, 91.40625, 92.1875, 92.96875, 93.75, 94.53125, 95.3125, 96.09375, 96.875, 97.65625, 98.4375, 99.21875, 100.0]}