{"psd": [62.9457315561898, 72.36606326966134, 64.49539445365582, 57.75987070986628, 55.67294574392421, 53.63543342369081, 51.75020155288198, 50.30640371121852, 49.713120061811225, 49.613493374649266, 56.58691016217071, 60.867783617473556, 57.44797845767075, 59.884140675598914, 58.91715329419161, 56.04385224016007, 56.81235725804959, 56.89397858731159, 58.18753886935798, 61.08934730619386, 63.24940281748768, 62.50753825292276, 64.98810934449773, 65.3291995784299, 65.29530923717249, 64.47936282034254, 64.9581971819039, 64.97680240218568, 65.51632540286957, 66.5604008263403, 65.8434926693944, 66.06340349742314, 65.76632181087412, 67.79841056540468, 66.3716260342822, 64.74051696250905, 63.631947475818336, 63.06160571479701, 65.61615210891763, 64.2004617832906, 62.04136383839935, 63.61548120788092, 64.33865075068289, 63.99202267920054, 66.41394339061179, 65.80254494549268, 65.72202167359804, 65.13882743259978, 63.12632365844146, 63.22701760621068, 63.71471114851255, 66.06472713597923, 66.02439242974411, 65.2707413730368, 66.45919724211839, 68.27716556052414, 69.33671402080509, 68.64764636427884, 68.64660465833344, 67.17181923887611, 67.54115111949913, 68.45420947796269, 69.2770713504685, 68.99368628822057, 68.90553711986861, 69.16778123047321, 70.41906226273761, 70.57572084983545, 69.81971046898677, 69.24721348566277, 69.36373166584812, 68.97992799698261, 68.65059644399759, 69.17615263819422, 71.37781439953145, 74.88524853370492, 73.31678245642713, 70.53483037300666, 68.18387093304823, 68.13346794480043, 67.49619763928855, 67.16752537564605, 67.11005829180912, 65.83575802851941, 65.3624324213945, 65.20911006230621, 65.53219768729485, 66.22216513324558, 64.80933632171754, 65.0615463762395, 65.2243435280683, 65.60791437546041, 65.36755416393052, 64.85133290352758, 65.47292666416337, 66.02811084451935, 65.83131611896383, 65.50857496856733, 65.02901902630703, 65.25740784923116, 66.25172758800834, 65.93295295715707, 65.46513646677889, 64.78232124227935, 64.53943488677633, 65.10946264641282, 65.27267124583192, 63.86706105861591, 63.0541197421876, 62.901734716978126, 62.95090034383235, 62.51421559891465, 62.60473746742215, 62.44985636822037, 62.58207622308351, 63.08258672907066, 59.58622952888707, 55.05835810287085, 51.26939246846245, 46.18860847517037, 40.41586316387907, 33.70019417811456, 27.30271345022558, 22.808590404779192, 21.82012760350917, 22.119315129209234, 22.070259688248626, 21.34774583201923, 16.614053731200823], "f": [0.0, 0.78125, 1.5625, 2.34375, 3.125, 3.90625, 4.6875, 5.46875, 6.25, 7.03125, 7.8125, 8.59375, 9.375, 10.15625, 10.9375, 11.71875, 12.5, 13.28125, 14.0625, 14.84375, 15.625, 16.40625, 17.1875, 17.96875, 18.75, 19.53125, 20.3125, 21.09375, 21.875, 22.65625, 23.4375, 24.21875, 25.0, 25.78125, 26.5625, 27.34375, 28.125, 28.90625, 29.6875, 30.46875, 31.25, 32.03125, 32.8125, 33.59375, 34.375, 35.15625, 35.9375, 36.71875, 37.5, 38.28125, 39.0625, 39.84375, 40.625, 41.40625, 42.1875, 42.96875, 43.75, 44.53125, 45.3125, 46.09375, 46.875, 47.65625, 48.4375, 49.21875, 50.0, 50.78125, 51.5625, 52.34375, 53.125, 53.90625, 54.6875, 55.46875, 56.25, 57.03125, 57.8125, 58.59375, 59.375, 60.15625, 60.9375, 61.71875, 62.5, 63.28125, 64.0625, 64.84375, 65.625, 66.40625, 67.1875, 67.96875, 68.75, 69.53125, 70.3125, 71.09375, 71.875, 72.65625, 73.4375, 74.21875, 75.0, 75.78125, 76.5625, 77.34375, 78.125, 78.90625, 79.6875, 80.46875, 81.25, 82.03125, 82.8125, 83.59375, 84.375, 85.15625, 85.9375, 86.71875, 87.5, 88.28125, 89.0625, 89.84375, 90.625, 91.40625, 92.1875, 92.96875, 93.75, 94.53125, 95.3125, 96.09375, 96.875, 97.65625, 98.4375, 99.21875, 100.0]}