{"psd": [54.59175563515942, 63.326172909426326, 57.2036781314599, 55.46213363783291, 52.53402549777497, 49.38024952696237, 45.714670519066445, 42.98113250128282, 43.02661653652203, 44.43571354235451, 45.17292931650934, 45.92948700985002, 46.37913890426287, 49.177031465422935, 49.66892844928232, 47.4702674729955, 47.9775538800595, 53.52877252883256, 53.818752744516985, 52.453956682630775, 53.86804816761639, 52.69716932993607, 50.83819195537092, 50.80677622592986, 49.35028855899433, 51.30001871964804, 55.36333435194677, 53.66540966029943, 51.78694662470147, 52.121406755829994, 55.874512913031, 56.4628749996498, 54.88266760596959, 55.3190310438829, 54.62571502570103, 54.21793210467278, 54.92642104596014, 59.86914790084242, 66.70497856869946, 64.73372824397256, 59.19574112151501, 59.83428982913089, 57.96921262932362, 57.43333327914347, 56.959616668809865, 58.471065747555684, 59.01390849468865, 58.65275757996922, 64.6151116191921, 67.75531741170684, 62.40932547744797, 62.045728921738224, 62.64857676026334, 62.03546584309842, 60.39692681032159, 60.353503757227216, 60.539444257667824, 67.75031446758649, 68.71022157865733, 62.732595895819344, 63.47468635501757, 64.73003029728191, 64.47536556798462, 63.23252646239406, 62.70240496374938, 62.59881794242695, 61.95339883547952, 61.643602754550486, 62.4261397711948, 63.084418284079796, 62.444271627766945, 62.293724943153265, 62.418102383063555, 62.15654690740753, 68.20146192994986, 75.65972436412986, 85.02723878731659, 82.87019174077093, 71.53226853230922, 66.81755070435318, 62.29272600108011, 62.050508308232644, 65.20722587118007, 70.6743932418171, 65.94411616388572, 60.103068157537116, 60.55297132588844, 60.8849143018447, 61.459138069918225, 61.01851005174869, 61.04504868492405, 63.397943303899844, 64.30284730405273, 61.678968081478736, 60.0917830733762, 68.69697970753342, 73.82011122368908, 68.201191634204, 61.27556893333675, 61.73859875137222, 61.64219944680418, 61.73620541410368, 61.90357054375961, 62.031852205191804, 63.36219056020284, 64.79812667190419, 63.13036106647925, 62.94071206976707, 63.150081464995225, 63.30765719069003, 62.46441032023567, 61.211712276605645, 61.350524646489106, 61.72789594339957, 62.884823014384764, 69.51844289466918, 65.92317077148708, 51.81202042422819, 47.09059680991178, 42.738370359376745, 38.05763947155744, 32.713666929438304, 25.713245093049597, 22.22701800212041, 21.77299445638013, 21.463138993665304, 21.333284392850956, 21.523919274872902, 16.83337837539942], "f": [0.0, 0.78125, 1.5625, 2.34375, 3.125, 3.90625, 4.6875, 5.46875, 6.25, 7.03125, 7.8125, 8.59375, 9.375, 10.15625, 10.9375, 11.71875, 12.5, 13.28125, 14.0625, 14.84375, 15.625, 16.40625, 17.1875, 17.96875, 18.75, 19.53125, 20.3125, 21.09375, 21.875, 22.65625, 23.4375, 24.21875, 25.0, 25.78125, 26.5625, 27.34375, 28.125, 28.90625, 29.6875, 30.46875, 31.25, 32.03125, 32.8125, 33.59375, 34.375, 35.15625, 35.9375, 36.71875, 37.5, 38.28125, 39.0625, 39.84375, 40.625, 41.40625, 42.1875, 42.96875, 43.75, 44.53125, 45.3125, 46.09375, 46.875, 47.65625, 48.4375, 49.21875, 50.0, 50.78125, 51.5625, 52.34375, 53.125, 53.90625, 54.6875, 55.46875, 56.25, 57.03125, 57.8125, 58.59375, 59.375, 60.15625, 60.9375, 61.71875, 62.5, 63.28125, 64.0625, 64.84375, 65.625, 66.40625, 67.1875, 67.96875, 68.75, 69.53125, 70.3125, 71.09375, 71.875, 72.65625, 73.4375, 74.21875, 75.0, 75.78125, 76.5625, 77.34375, 78.125, 78.90625, 79.6875, 80.46875, 81.25, 82.03125, 82.8125, 83.59375, 84.375, 85.15625, 85.9375, 86.71875, 87.5, 88.28125, 89.0625, 89.84375, 90.625, 91.40625, 92.1875, 92.96875, 93.75, 94.53125, 95.3125, 96.09375, 96.875, 97.65625, 98.4375, 99.21875, 100.0]}