{"psd": [56.98034250778277, 66.74463735971597, 62.74551450857633, 59.08181943126472, 55.532190669450124, 52.66791849825634, 49.14675628620444, 48.32899507987631, 51.276238827474, 55.6305711382487, 55.681850685943246, 54.3801943390421, 59.55902790302744, 60.5637901571733, 55.18137184844492, 54.14446184014619, 57.490774473082226, 57.181702583905405, 58.07660248901392, 59.10162398151457, 59.52272546207878, 61.312317848326934, 61.68834749325397, 62.460044360768585, 63.53463359181262, 64.6506214856732, 65.38315699648939, 65.42376620266155, 65.73305043173842, 65.65781673311436, 65.84888675080184, 65.73228743227145, 66.46020891399894, 65.72913509948441, 64.44841507610542, 64.97644833270382, 64.51605836662364, 63.93523589020754, 63.84216558467905, 63.537207424039906, 65.23395944987841, 65.03153365429453, 62.57052673559069, 62.36670523933916, 62.47794804184986, 63.16008875787007, 63.260192905707385, 64.71943339032137, 67.63724623545794, 68.89342366442305, 66.37993592641573, 64.55808273982002, 64.56894797527664, 65.81729629704914, 66.78171898331142, 66.89536858916144, 67.95249841441125, 68.830869511748, 67.39960189879726, 66.0350993928069, 65.95586977698078, 66.23559057623896, 67.46873957051402, 68.20616674246969, 68.72516506989801, 69.0916867011296, 67.99786029472256, 66.50213197052327, 65.95147298889759, 65.16798339289572, 65.6985420974892, 65.74130309428107, 65.88581130005767, 67.08155361642045, 66.2819911595369, 67.91276338328026, 66.67274473706739, 64.73714007295612, 63.11887097476534, 62.815283881417855, 62.83923439837173, 63.2795220615172, 62.86750673932454, 62.69498683810008, 61.977990880836806, 61.796003254579745, 62.279868040998366, 62.38486893117971, 61.703961064369636, 62.39948373874482, 62.466271292671905, 62.90408479138325, 63.03696991901302, 63.0201035816755, 62.81486368929646, 62.56651941157503, 63.659601859882436, 64.02393299521941, 63.59657685351807, 64.65993046791195, 65.46729131124397, 64.59070036492119, 63.925701437037546, 63.557718745700456, 63.688686359726034, 63.964964564519704, 63.86317424841473, 63.596198679114124, 63.25545408576744, 63.04030355037351, 62.41605293193662, 62.06310816269316, 61.93233507744977, 61.373183911803444, 60.64816476153987, 59.351527689082744, 57.0335051385334, 53.23695241549427, 49.36191821171714, 44.23789988709319, 37.81209513938172, 31.798708819037216, 26.309818826055302, 22.869294463948666, 22.150173047274713, 22.07449495578272, 21.247721765993646, 20.96542144943966, 16.105095346937667], "f": [0.0, 0.78125, 1.5625, 2.34375, 3.125, 3.90625, 4.6875, 5.46875, 6.25, 7.03125, 7.8125, 8.59375, 9.375, 10.15625, 10.9375, 11.71875, 12.5, 13.28125, 14.0625, 14.84375, 15.625, 16.40625, 17.1875, 17.96875, 18.75, 19.53125, 20.3125, 21.09375, 21.875, 22.65625, 23.4375, 24.21875, 25.0, 25.78125, 26.5625, 27.34375, 28.125, 28.90625, 29.6875, 30.46875, 31.25, 32.03125, 32.8125, 33.59375, 34.375, 35.15625, 35.9375, 36.71875, 37.5, 38.28125, 39.0625, 39.84375, 40.625, 41.40625, 42.1875, 42.96875, 43.75, 44.53125, 45.3125, 46.09375, 46.875, 47.65625, 48.4375, 49.21875, 50.0, 50.78125, 51.5625, 52.34375, 53.125, 53.90625, 54.6875, 55.46875, 56.25, 57.03125, 57.8125, 58.59375, 59.375, 60.15625, 60.9375, 61.71875, 62.5, 63.28125, 64.0625, 64.84375, 65.625, 66.40625, 67.1875, 67.96875, 68.75, 69.53125, 70.3125, 71.09375, 71.875, 72.65625, 73.4375, 74.21875, 75.0, 75.78125, 76.5625, 77.34375, 78.125, 78.90625, 79.6875, 80.46875, 81.25, 82.03125, 82.8125, 83.59375, 84.375, 85.15625, 85.9375, 86.71875, 87.5, 88.28125, 89.0625, 89.84375, 90.625, 91.40625, 92.1875, 92.96875, 93.75, 94.53125, 95.3125, 96.09375, 96.875, 97.65625, 98.4375, 99.21875, 100.0]}