{"psd": [52.00309738659618, 60.312905624892295, 57.90245879493731, 55.618170922588476, 52.41956850395054, 48.33990294454465, 44.589237796682546, 42.07778948918567, 41.52271557058601, 43.45537441059952, 47.7236567279251, 47.9130919866828, 47.65016894519466, 45.07451945952745, 45.479789580533875, 45.695834788760436, 45.471197727157666, 47.0585914284556, 48.92156831312725, 49.50096896234372, 48.665170239536536, 50.08961814486299, 51.53604957270302, 54.3988321084331, 56.23646541759805, 55.12501870404012, 55.69514039765366, 56.49624440657828, 56.808754827182966, 57.16191212827476, 57.592170767217695, 57.28454607199996, 58.65511306389606, 60.18585436355069, 61.162171750875004, 60.53486379742764, 59.80909648247441, 59.81783979930405, 61.05792319058243, 59.93436137725911, 58.937484006557774, 58.62853628984344, 59.61296366512322, 60.78659791883061, 60.811259323489004, 61.065126573537036, 62.312461336434815, 61.78716138160999, 61.56176119488532, 60.18030151998677, 60.06699830594141, 63.648509861592274, 65.54407971951333, 64.28324678909861, 65.80750362745863, 63.416646483774485, 62.80333561626356, 62.98569523332618, 62.90671222503566, 62.185507019829075, 62.36330335030629, 62.97002988848138, 63.50454222098038, 63.44321438814279, 64.02122173497676, 64.54147523365351, 65.24044014805622, 63.42340073364676, 61.36901438193799, 61.254010344672174, 62.198282376009274, 63.40318417427112, 64.04964928478367, 63.360111340419756, 63.36028997079562, 63.75385482056335, 67.46847934074046, 70.56996817338867, 65.41713907657554, 61.86412680872439, 61.809344677904136, 62.0680888158214, 61.81735994304545, 62.10262018862082, 62.41534471490843, 61.95634879529469, 62.09222240035841, 62.024502844229765, 61.351628923408235, 61.642953678215946, 62.092116332413084, 61.600823591954885, 61.462599897151364, 61.88925647464865, 62.14388222240321, 63.90645970338489, 66.09814650811992, 64.15651506074279, 64.9848954386775, 67.98733464507575, 64.7477346489283, 61.25345204382933, 61.403237737928364, 60.726447814412225, 60.41414153011684, 60.92108082280647, 62.15127404816407, 62.01790125776291, 61.09365450142859, 60.49787156595268, 60.45608856874546, 60.32234939843087, 59.39126748658565, 58.93034163089246, 58.28162868406538, 62.20798507121146, 60.80834536357301, 50.405575444628575, 46.01230698588587, 42.136242367386345, 36.91887852031125, 31.443788585008075, 26.084428092048167, 22.817164771791532, 22.269834457295445, 21.331223787279974, 21.398831867592026, 21.30302690442013, 16.642676198973863], "f": [0.0, 0.78125, 1.5625, 2.34375, 3.125, 3.90625, 4.6875, 5.46875, 6.25, 7.03125, 7.8125, 8.59375, 9.375, 10.15625, 10.9375, 11.71875, 12.5, 13.28125, 14.0625, 14.84375, 15.625, 16.40625, 17.1875, 17.96875, 18.75, 19.53125, 20.3125, 21.09375, 21.875, 22.65625, 23.4375, 24.21875, 25.0, 25.78125, 26.5625, 27.34375, 28.125, 28.90625, 29.6875, 30.46875, 31.25, 32.03125, 32.8125, 33.59375, 34.375, 35.15625, 35.9375, 36.71875, 37.5, 38.28125, 39.0625, 39.84375, 40.625, 41.40625, 42.1875, 42.96875, 43.75, 44.53125, 45.3125, 46.09375, 46.875, 47.65625, 48.4375, 49.21875, 50.0, 50.78125, 51.5625, 52.34375, 53.125, 53.90625, 54.6875, 55.46875, 56.25, 57.03125, 57.8125, 58.59375, 59.375, 60.15625, 60.9375, 61.71875, 62.5, 63.28125, 64.0625, 64.84375, 65.625, 66.40625, 67.1875, 67.96875, 68.75, 69.53125, 70.3125, 71.09375, 71.875, 72.65625, 73.4375, 74.21875, 75.0, 75.78125, 76.5625, 77.34375, 78.125, 78.90625, 79.6875, 80.46875, 81.25, 82.03125, 82.8125, 83.59375, 84.375, 85.15625, 85.9375, 86.71875, 87.5, 88.28125, 89.0625, 89.84375, 90.625, 91.40625, 92.1875, 92.96875, 93.75, 94.53125, 95.3125, 96.09375, 96.875, 97.65625, 98.4375, 99.21875, 100.0]}