{"psd": [51.34072594165501, 60.082614249042344, 58.44149797393081, 56.33166123397105, 53.1441564990249, 50.50437371157461, 46.69321107536851, 43.932469080770986, 42.49611302920748, 43.62148388117294, 47.10490949931749, 53.648917897506934, 61.46228048273758, 61.238750264878625, 52.63500239152357, 51.460738712951645, 49.918412402912224, 51.846282718774944, 54.769417341511605, 53.68931833565645, 51.67140849865887, 53.89401408474083, 55.534359236770634, 56.860886927428155, 65.2606557388403, 69.64092639933116, 65.12494396102129, 60.75177340912092, 58.54191136769687, 57.771192828145615, 56.662498438892484, 56.709242569076466, 57.67616970650834, 59.705780971594066, 61.274863240144384, 62.67962789938143, 65.19435933872215, 70.04413365801153, 69.18447349525803, 65.9425332994994, 64.80570783197552, 65.5175954342317, 65.64821209632625, 64.67326112723842, 65.79040451179524, 70.15394439002787, 71.24175406697556, 69.79909434987783, 72.07672388842155, 78.52407084109782, 81.05554023845201, 76.60163018144901, 73.64932891432618, 74.07305778552325, 75.08558295138042, 73.08977510757313, 73.06453675776021, 74.9662651182288, 76.71017580558126, 74.60828741177987, 72.46854527470616, 72.29217204555614, 73.43853100594038, 72.36809547952151, 70.49851396571111, 69.90770280171132, 69.77030937419246, 68.9632111642844, 68.18871021356992, 67.8829856356271, 67.55075786906067, 67.47427158479906, 66.66965658181377, 65.7159745576841, 65.69288626177807, 71.08586446260662, 78.37514127388538, 76.13527167859448, 67.10223119055802, 65.15966174897359, 64.18536240243243, 63.65539261251074, 62.80852483406715, 62.09898880556564, 61.494688252929286, 62.24323242619731, 62.61691095960346, 63.00713474673023, 62.376459150036325, 63.310052851650376, 64.09486516023709, 63.560097450308746, 63.36564188728782, 62.96625176034463, 62.211905268042614, 63.096659635213996, 65.03443214631187, 63.53884321522489, 63.12087880444379, 64.63815523512108, 65.36958926769742, 64.91659754970424, 65.11029667086137, 64.21145777138922, 63.47160055362494, 62.890116338595085, 63.103916064903316, 63.41707601027132, 64.38778524828474, 64.59129993570666, 64.51846874804401, 63.0675776147297, 61.90515393561565, 60.30384716359827, 59.45545430122194, 63.39017306696354, 60.014773435500864, 50.02627138410346, 46.29317004385156, 42.23556508272215, 37.478526975577935, 31.83909176917517, 26.039772449237617, 22.481934978681835, 21.351928146218242, 21.579550585856936, 21.269878697829967, 21.38532020139206, 16.625972131299065], "f": [0.0, 0.78125, 1.5625, 2.34375, 3.125, 3.90625, 4.6875, 5.46875, 6.25, 7.03125, 7.8125, 8.59375, 9.375, 10.15625, 10.9375, 11.71875, 12.5, 13.28125, 14.0625, 14.84375, 15.625, 16.40625, 17.1875, 17.96875, 18.75, 19.53125, 20.3125, 21.09375, 21.875, 22.65625, 23.4375, 24.21875, 25.0, 25.78125, 26.5625, 27.34375, 28.125, 28.90625, 29.6875, 30.46875, 31.25, 32.03125, 32.8125, 33.59375, 34.375, 35.15625, 35.9375, 36.71875, 37.5, 38.28125, 39.0625, 39.84375, 40.625, 41.40625, 42.1875, 42.96875, 43.75, 44.53125, 45.3125, 46.09375, 46.875, 47.65625, 48.4375, 49.21875, 50.0, 50.78125, 51.5625, 52.34375, 53.125, 53.90625, 54.6875, 55.46875, 56.25, 57.03125, 57.8125, 58.59375, 59.375, 60.15625, 60.9375, 61.71875, 62.5, 63.28125, 64.0625, 64.84375, 65.625, 66.40625, 67.1875, 67.96875, 68.75, 69.53125, 70.3125, 71.09375, 71.875, 72.65625, 73.4375, 74.21875, 75.0, 75.78125, 76.5625, 77.34375, 78.125, 78.90625, 79.6875, 80.46875, 81.25, 82.03125, 82.8125, 83.59375, 84.375, 85.15625, 85.9375, 86.71875, 87.5, 88.28125, 89.0625, 89.84375, 90.625, 91.40625, 92.1875, 92.96875, 93.75, 94.53125, 95.3125, 96.09375, 96.875, 97.65625, 98.4375, 99.21875, 100.0]}