{"psd": [61.43109106219317, 70.33355914964775, 68.82574275647112, 65.20265278756236, 59.84890425785004, 54.83390509171139, 51.75818001683417, 51.146330362065406, 52.83554117165452, 55.93160854978536, 53.972233395437414, 54.29649861903178, 54.8553861384033, 55.33668318647258, 56.58278744828997, 58.405196159912094, 58.14122184568128, 57.51923986880253, 57.88716285249472, 60.25086583811074, 59.1114679979498, 58.59768664522838, 60.106752559482935, 63.10994302216882, 62.71063539424709, 62.24266411019581, 63.01319503193333, 63.759689801478984, 63.249646581661516, 64.15936420352212, 63.834236766572054, 64.19197080479533, 63.56786004064304, 63.14884176388468, 63.217463678524766, 64.1013476780592, 63.70053150132712, 63.53203222761696, 64.44943084893217, 64.22799795812794, 63.717709170859145, 63.67264504513524, 63.54196602772676, 63.76762934007408, 64.85721257281457, 65.19404265705477, 64.45617195188295, 64.79859950719072, 65.25122661612194, 64.89891697875063, 65.74993270572048, 67.10482435893576, 65.78960829983728, 65.45745616050071, 64.86284813715957, 64.65939492003065, 65.32028650948155, 66.27639255299542, 67.76396672313966, 66.17091297960695, 64.91021473558398, 66.42582625425551, 65.75518803783054, 65.02291279949422, 64.69329054074643, 64.85556575547926, 65.64953111746873, 66.0583868709198, 65.4571975160864, 65.79289689990394, 64.80507310707324, 64.34612675016129, 64.50543696690947, 64.41240655461174, 65.61311650068691, 66.0092233021607, 67.20828537343593, 69.6861756223697, 66.39274755864066, 64.25757599150946, 64.6119314249901, 64.75982460025539, 64.52202493829495, 64.36312240513546, 65.15823131359323, 66.21407334285689, 66.52619401349618, 65.42494728095188, 64.9193288065237, 65.10224212248656, 65.00942739778269, 65.0252838969163, 65.48648312342459, 65.26631121978069, 66.63266486294484, 67.75326524206105, 67.62826346473464, 67.07892020561162, 66.44327840521787, 65.53778937941921, 65.31411852552962, 65.74530572850138, 66.83383233563434, 67.32770077563877, 66.95366534682321, 66.64727593933281, 66.58092167175178, 66.02879151513929, 65.56309529483016, 65.73847401895148, 65.27249747906545, 65.34431225254298, 64.81648118911059, 64.9665951587479, 64.57449734478988, 63.87171461698553, 61.81738226328988, 57.45244885168386, 52.98446305927132, 48.3590228581763, 42.917273221853634, 35.72693126151041, 29.030505059819852, 23.454327092673207, 21.658651116879444, 21.33625726618453, 21.844377633024248, 22.028811385407877, 16.62025956978297], "f": [0.0, 0.78125, 1.5625, 2.34375, 3.125, 3.90625, 4.6875, 5.46875, 6.25, 7.03125, 7.8125, 8.59375, 9.375, 10.15625, 10.9375, 11.71875, 12.5, 13.28125, 14.0625, 14.84375, 15.625, 16.40625, 17.1875, 17.96875, 18.75, 19.53125, 20.3125, 21.09375, 21.875, 22.65625, 23.4375, 24.21875, 25.0, 25.78125, 26.5625, 27.34375, 28.125, 28.90625, 29.6875, 30.46875, 31.25, 32.03125, 32.8125, 33.59375, 34.375, 35.15625, 35.9375, 36.71875, 37.5, 38.28125, 39.0625, 39.84375, 40.625, 41.40625, 42.1875, 42.96875, 43.75, 44.53125, 45.3125, 46.09375, 46.875, 47.65625, 48.4375, 49.21875, 50.0, 50.78125, 51.5625, 52.34375, 53.125, 53.90625, 54.6875, 55.46875, 56.25, 57.03125, 57.8125, 58.59375, 59.375, 60.15625, 60.9375, 61.71875, 62.5, 63.28125, 64.0625, 64.84375, 65.625, 66.40625, 67.1875, 67.96875, 68.75, 69.53125, 70.3125, 71.09375, 71.875, 72.65625, 73.4375, 74.21875, 75.0, 75.78125, 76.5625, 77.34375, 78.125, 78.90625, 79.6875, 80.46875, 81.25, 82.03125, 82.8125, 83.59375, 84.375, 85.15625, 85.9375, 86.71875, 87.5, 88.28125, 89.0625, 89.84375, 90.625, 91.40625, 92.1875, 92.96875, 93.75, 94.53125, 95.3125, 96.09375, 96.875, 97.65625, 98.4375, 99.21875, 100.0]}