{"psd": [48.742168998957105, 57.22411957516178, 55.448655411216876, 52.191994522730674, 48.25391392631691, 44.685145298228825, 42.41837418671655, 43.10947613644907, 45.256065856884796, 47.80506748978647, 47.646297579050135, 48.86248492853903, 49.017935047629734, 51.55155610579426, 50.128864656164055, 49.42088637209861, 50.45486874415896, 50.611702901445064, 50.90928106490342, 52.16639940086307, 53.75770093646361, 53.23468107633646, 53.29099735095312, 53.3523173896219, 52.9930820094276, 56.41892080496578, 58.00818829746711, 56.37163206312053, 55.86845622799808, 56.101548229487285, 56.888459333328896, 57.72301016575916, 57.282720089345, 57.92840441883635, 57.430610650112556, 58.497033893434164, 58.77141365560149, 62.15338817791422, 71.2037198120429, 70.05737187257773, 61.052544064603055, 61.410636850104616, 61.86632931343239, 61.043751381097394, 61.0316461270233, 61.31386034019319, 62.724400602271466, 63.55505201414046, 72.81706435006654, 74.2313699315727, 65.85044532140768, 64.59821136260149, 65.49746418179758, 65.14763444706782, 64.50093727872179, 65.19033264232336, 65.2693088420612, 68.61408337590935, 69.33062407627281, 66.44399253386302, 66.29265041784127, 66.22742945795198, 67.42725537206945, 67.30375642630379, 66.05761168424203, 65.96467077980104, 65.05337698096837, 63.84122728576251, 64.39948217398994, 64.64663051499119, 64.66332395800268, 65.1603832507018, 65.21222146889919, 64.89317507079926, 65.72762459862756, 75.47487221235048, 86.26596541202017, 84.30712869976631, 70.31882131392315, 64.24853910440751, 64.75028162895327, 65.56644575070136, 66.0600366156209, 66.89370183391841, 66.49260661665375, 65.42647847564994, 64.9315943913667, 65.38956730926239, 66.089393751485, 65.37934140045311, 65.17954076240139, 66.18791145498732, 67.2466881777396, 66.26691027202331, 65.29397041052219, 70.40836303490491, 75.21810380098978, 70.39797782927006, 64.50336708808882, 64.94445378072379, 65.33009435348588, 66.20609306508216, 66.2089257568732, 66.06581750547322, 65.82283503740746, 65.35978556765231, 63.78147124809662, 63.799805248557504, 64.03012409227878, 63.6296644879464, 63.52376110190253, 63.2770912205076, 63.2707369740172, 63.04424605554559, 62.85877764059271, 67.38512233004697, 63.79702256763507, 53.84727664247926, 48.71295910631986, 44.45528167663458, 38.96647386588286, 33.15531598472249, 26.107002433508907, 22.46848796657142, 21.813484296364535, 21.489257674884108, 21.188476205420173, 21.12511216888208, 17.357351852924328], "f": [0.0, 0.78125, 1.5625, 2.34375, 3.125, 3.90625, 4.6875, 5.46875, 6.25, 7.03125, 7.8125, 8.59375, 9.375, 10.15625, 10.9375, 11.71875, 12.5, 13.28125, 14.0625, 14.84375, 15.625, 16.40625, 17.1875, 17.96875, 18.75, 19.53125, 20.3125, 21.09375, 21.875, 22.65625, 23.4375, 24.21875, 25.0, 25.78125, 26.5625, 27.34375, 28.125, 28.90625, 29.6875, 30.46875, 31.25, 32.03125, 32.8125, 33.59375, 34.375, 35.15625, 35.9375, 36.71875, 37.5, 38.28125, 39.0625, 39.84375, 40.625, 41.40625, 42.1875, 42.96875, 43.75, 44.53125, 45.3125, 46.09375, 46.875, 47.65625, 48.4375, 49.21875, 50.0, 50.78125, 51.5625, 52.34375, 53.125, 53.90625, 54.6875, 55.46875, 56.25, 57.03125, 57.8125, 58.59375, 59.375, 60.15625, 60.9375, 61.71875, 62.5, 63.28125, 64.0625, 64.84375, 65.625, 66.40625, 67.1875, 67.96875, 68.75, 69.53125, 70.3125, 71.09375, 71.875, 72.65625, 73.4375, 74.21875, 75.0, 75.78125, 76.5625, 77.34375, 78.125, 78.90625, 79.6875, 80.46875, 81.25, 82.03125, 82.8125, 83.59375, 84.375, 85.15625, 85.9375, 86.71875, 87.5, 88.28125, 89.0625, 89.84375, 90.625, 91.40625, 92.1875, 92.96875, 93.75, 94.53125, 95.3125, 96.09375, 96.875, 97.65625, 98.4375, 99.21875, 100.0]}