{"psd": [52.02027978831367, 60.434504167510326, 59.61495625777839, 59.22945142099585, 56.23362288423071, 51.27508682743194, 47.17370173607968, 44.23607645632814, 45.72349879734407, 49.3495304034385, 49.803537380149905, 49.985594964140304, 50.10123764159579, 49.974036480471625, 50.55292800822122, 51.85812317769519, 51.782970914238746, 51.26811035650703, 52.54189978567788, 53.70301823440649, 53.45010165285481, 52.61291051049592, 53.029657125361354, 53.26121673451256, 53.914233125943696, 54.766114443971404, 55.63893405572124, 55.282387336031896, 56.6878805785618, 57.548878203244335, 57.64834097921551, 57.36903573535877, 56.9885348992356, 56.78396764795329, 58.06769282370343, 60.768414725587675, 62.25818006115786, 59.91452283294346, 62.81944406493839, 63.104322340526664, 60.4331699411983, 59.210388683052926, 58.2390472068322, 58.64640972079866, 59.4439273993507, 59.99039849691058, 60.611346501129226, 62.1342430216113, 64.00534928047261, 64.00805979457806, 61.96884765157609, 61.9241596542133, 62.6804479325845, 62.050877159265255, 62.09915658869061, 63.24694468274133, 63.21059103120176, 67.33054537573922, 67.89893572904079, 64.15214969537934, 63.04824137462273, 63.295992836351544, 63.20585685621645, 62.95385398952369, 62.26136636782293, 63.180819918503815, 64.55151048783324, 66.28127883487292, 67.3306101822617, 67.1061151343398, 66.21208793064172, 65.19908971921805, 63.59161351235703, 64.74347450736026, 64.40205453727603, 65.78164934047756, 66.32616873343727, 65.76787733512525, 68.76292012515898, 75.46005912394838, 72.06407883022527, 75.31472370532191, 80.08469825552199, 72.29372577655093, 61.269155266715536, 61.05077912913087, 60.831227571820065, 61.215808270151875, 60.324832297004384, 59.61986972820605, 59.31975418268239, 59.267632589745304, 59.70503911011355, 59.58161903771689, 60.26580166345088, 60.84529409486838, 62.64806523516921, 61.59725942034483, 59.57090429433439, 59.56925463389532, 59.746659473857626, 59.32957169811697, 59.1156772568889, 59.619050945269606, 60.082494303118274, 60.93668723988006, 60.98714969744706, 59.50922964565541, 59.058223368811944, 59.08246627405439, 58.46265077429126, 57.70082425728366, 58.196445513904536, 58.05935591736028, 58.98282492130392, 61.497773524626005, 57.583798225654036, 49.67221786144022, 46.25672586257218, 42.52085922578245, 37.58911386061286, 33.03490223990538, 25.924016867649478, 22.50520086522558, 21.651756543054482, 21.589989971958396, 21.540059272641336, 21.462315801746822, 16.953354339866713], "f": [0.0, 0.78125, 1.5625, 2.34375, 3.125, 3.90625, 4.6875, 5.46875, 6.25, 7.03125, 7.8125, 8.59375, 9.375, 10.15625, 10.9375, 11.71875, 12.5, 13.28125, 14.0625, 14.84375, 15.625, 16.40625, 17.1875, 17.96875, 18.75, 19.53125, 20.3125, 21.09375, 21.875, 22.65625, 23.4375, 24.21875, 25.0, 25.78125, 26.5625, 27.34375, 28.125, 28.90625, 29.6875, 30.46875, 31.25, 32.03125, 32.8125, 33.59375, 34.375, 35.15625, 35.9375, 36.71875, 37.5, 38.28125, 39.0625, 39.84375, 40.625, 41.40625, 42.1875, 42.96875, 43.75, 44.53125, 45.3125, 46.09375, 46.875, 47.65625, 48.4375, 49.21875, 50.0, 50.78125, 51.5625, 52.34375, 53.125, 53.90625, 54.6875, 55.46875, 56.25, 57.03125, 57.8125, 58.59375, 59.375, 60.15625, 60.9375, 61.71875, 62.5, 63.28125, 64.0625, 64.84375, 65.625, 66.40625, 67.1875, 67.96875, 68.75, 69.53125, 70.3125, 71.09375, 71.875, 72.65625, 73.4375, 74.21875, 75.0, 75.78125, 76.5625, 77.34375, 78.125, 78.90625, 79.6875, 80.46875, 81.25, 82.03125, 82.8125, 83.59375, 84.375, 85.15625, 85.9375, 86.71875, 87.5, 88.28125, 89.0625, 89.84375, 90.625, 91.40625, 92.1875, 92.96875, 93.75, 94.53125, 95.3125, 96.09375, 96.875, 97.65625, 98.4375, 99.21875, 100.0]}