{"psd": [52.332614466325076, 60.979297150252016, 59.743222828299174, 57.470470537004196, 55.0937701381673, 51.16086806643268, 48.2349880427593, 49.35977328958245, 46.36228056813219, 45.90579947244378, 60.68503050608968, 65.24151319510464, 59.00782907854314, 52.276680015317176, 54.94128780129937, 57.10638727659901, 56.19245338566102, 53.51925739300601, 54.00834914383289, 55.37887286751692, 54.20606822320478, 65.08612399974392, 68.44866964603199, 60.76791649271495, 53.7887970830876, 54.147580830867454, 55.38830801144135, 55.664525406832716, 54.84218649637954, 56.7456699724292, 58.72611817827612, 58.663379895669806, 59.06965465338018, 58.99415237911742, 57.22425949914375, 58.64274239637223, 58.4361448894795, 60.79734954915321, 66.44578278812781, 63.93924648537379, 58.85181009104428, 57.67700914540857, 58.37358344123453, 64.78459348730192, 65.94586488005592, 60.29076077470638, 59.73469629112891, 61.11989979158178, 66.62234783113017, 70.66698559784784, 66.22906169662814, 61.87877597564905, 62.56791936379872, 63.96200225688055, 68.47645697670536, 68.64070904494845, 65.05032898447818, 65.74694217553217, 65.61643480708769, 72.51666635035468, 76.98035552371951, 71.03490188358066, 64.89085629062279, 65.82954539259487, 66.19567983292893, 65.76386284896067, 64.84757317649296, 63.478522445269896, 63.488716602381714, 63.22534710968235, 64.8164672029455, 66.79266305186357, 64.28290230994006, 62.965076267074274, 63.060666700943166, 68.66022589427081, 77.11472922528698, 74.78164060577447, 66.77294412547936, 64.15027856743139, 61.947008647909875, 62.41970522220046, 63.076516093926614, 62.318657255150534, 61.47367403406784, 60.96148792567337, 61.80655837573897, 64.20488488095368, 63.12368331961717, 61.867297068823405, 61.59370211291696, 61.10825187480249, 63.540632555656515, 63.95374439923337, 61.15696143058532, 67.32607426609096, 72.21788901833855, 66.89357873042266, 65.06997222074324, 63.00509414061438, 60.565408395474556, 60.61896103987212, 61.02387174166287, 62.59732222849841, 62.83005602009341, 60.99290527484492, 60.79601785997816, 61.10821355091224, 62.92938338028605, 66.00971390236842, 62.94508314200053, 60.266798905975435, 59.55137052124141, 59.10829167124468, 60.52388113168394, 63.429513514465626, 59.561025454847176, 51.376480344587605, 47.82131412156191, 43.78440017902858, 38.74769872004919, 32.106274360458116, 25.749206696654486, 22.350537920745147, 21.157824125246076, 21.557525484054537, 21.736199034761245, 21.494032501494345, 16.8039944315827], "f": [0.0, 0.78125, 1.5625, 2.34375, 3.125, 3.90625, 4.6875, 5.46875, 6.25, 7.03125, 7.8125, 8.59375, 9.375, 10.15625, 10.9375, 11.71875, 12.5, 13.28125, 14.0625, 14.84375, 15.625, 16.40625, 17.1875, 17.96875, 18.75, 19.53125, 20.3125, 21.09375, 21.875, 22.65625, 23.4375, 24.21875, 25.0, 25.78125, 26.5625, 27.34375, 28.125, 28.90625, 29.6875, 30.46875, 31.25, 32.03125, 32.8125, 33.59375, 34.375, 35.15625, 35.9375, 36.71875, 37.5, 38.28125, 39.0625, 39.84375, 40.625, 41.40625, 42.1875, 42.96875, 43.75, 44.53125, 45.3125, 46.09375, 46.875, 47.65625, 48.4375, 49.21875, 50.0, 50.78125, 51.5625, 52.34375, 53.125, 53.90625, 54.6875, 55.46875, 56.25, 57.03125, 57.8125, 58.59375, 59.375, 60.15625, 60.9375, 61.71875, 62.5, 63.28125, 64.0625, 64.84375, 65.625, 66.40625, 67.1875, 67.96875, 68.75, 69.53125, 70.3125, 71.09375, 71.875, 72.65625, 73.4375, 74.21875, 75.0, 75.78125, 76.5625, 77.34375, 78.125, 78.90625, 79.6875, 80.46875, 81.25, 82.03125, 82.8125, 83.59375, 84.375, 85.15625, 85.9375, 86.71875, 87.5, 88.28125, 89.0625, 89.84375, 90.625, 91.40625, 92.1875, 92.96875, 93.75, 94.53125, 95.3125, 96.09375, 96.875, 97.65625, 98.4375, 99.21875, 100.0]}