{"psd": [54.59375861133949, 63.455860848577395, 60.81482478290192, 58.983401841840355, 57.05984647541897, 54.00902856848247, 51.43042169606237, 49.96106460193252, 49.47555175804063, 48.97818623216088, 51.50808159697906, 56.10810286526913, 52.911015244068636, 52.190142792658484, 52.25959317867386, 52.412972379817845, 53.01465389736239, 54.645999260748766, 55.56097255162438, 58.386458516204996, 56.89258958566219, 57.51650736580838, 59.61677891098756, 59.87483580631408, 62.27284446789725, 64.24312724402887, 61.72377990130889, 59.52744929036967, 60.452188571794956, 61.73298869637329, 61.146547505455004, 61.482270952608566, 62.138887604644786, 63.404639566903015, 63.911525196822055, 63.31940283525824, 63.716771216245114, 65.67939357807742, 67.2964862262891, 65.9283852895826, 64.88567637316167, 64.90516247386675, 64.57186238937604, 65.00850196166068, 65.6002542044955, 65.80246432710932, 64.61171688566037, 63.007967335647876, 63.999245416210535, 62.98919519141727, 63.431154451641014, 63.20971743357489, 63.18519695900584, 63.82526502441507, 64.63776807825083, 64.08865989364462, 63.87233985235159, 63.86901330759537, 64.7067182587226, 64.39192763632659, 64.30376916571026, 64.49372455118707, 65.0396848615924, 64.75019831581665, 64.8047468279846, 64.62934458525785, 64.4968926019197, 64.71505471168248, 63.773578632484714, 62.03646605225028, 62.473906705330045, 63.24268907920945, 62.83190701638755, 63.760939262621676, 66.7301466908207, 69.77170590010486, 68.77054115290123, 66.8151261966165, 64.3475331547767, 64.09644721497841, 64.38540058086583, 66.19048184629445, 66.43580314001412, 64.78860330406329, 64.41107653838995, 64.54362086088265, 65.47256913219553, 65.50120929698826, 66.70996605549595, 66.45526359779109, 66.44406752978854, 67.58247158244863, 67.16435418482733, 65.6367420247636, 66.3710002931167, 67.04507616826378, 67.32326495166598, 67.98270994560517, 68.03051653252444, 67.92133312847508, 68.2498435815916, 67.68354325593192, 68.40689839838957, 68.85141822552293, 67.90205806586206, 67.33767534603054, 68.4483682470763, 68.25532681432752, 66.64149198025322, 64.81934553873047, 64.19032651266193, 64.1695361929934, 64.87138677156022, 62.23809590975017, 60.23102784191497, 60.265037210581326, 57.2978587909093, 52.46390959213018, 48.022647721425784, 43.063088857477965, 37.72604860746555, 32.04574185398968, 26.427786702105674, 22.402967051041355, 21.763607050535644, 21.43563497089547, 21.344645375112535, 21.668178602828906, 16.6684087580771], "f": [0.0, 0.78125, 1.5625, 2.34375, 3.125, 3.90625, 4.6875, 5.46875, 6.25, 7.03125, 7.8125, 8.59375, 9.375, 10.15625, 10.9375, 11.71875, 12.5, 13.28125, 14.0625, 14.84375, 15.625, 16.40625, 17.1875, 17.96875, 18.75, 19.53125, 20.3125, 21.09375, 21.875, 22.65625, 23.4375, 24.21875, 25.0, 25.78125, 26.5625, 27.34375, 28.125, 28.90625, 29.6875, 30.46875, 31.25, 32.03125, 32.8125, 33.59375, 34.375, 35.15625, 35.9375, 36.71875, 37.5, 38.28125, 39.0625, 39.84375, 40.625, 41.40625, 42.1875, 42.96875, 43.75, 44.53125, 45.3125, 46.09375, 46.875, 47.65625, 48.4375, 49.21875, 50.0, 50.78125, 51.5625, 52.34375, 53.125, 53.90625, 54.6875, 55.46875, 56.25, 57.03125, 57.8125, 58.59375, 59.375, 60.15625, 60.9375, 61.71875, 62.5, 63.28125, 64.0625, 64.84375, 65.625, 66.40625, 67.1875, 67.96875, 68.75, 69.53125, 70.3125, 71.09375, 71.875, 72.65625, 73.4375, 74.21875, 75.0, 75.78125, 76.5625, 77.34375, 78.125, 78.90625, 79.6875, 80.46875, 81.25, 82.03125, 82.8125, 83.59375, 84.375, 85.15625, 85.9375, 86.71875, 87.5, 88.28125, 89.0625, 89.84375, 90.625, 91.40625, 92.1875, 92.96875, 93.75, 94.53125, 95.3125, 96.09375, 96.875, 97.65625, 98.4375, 99.21875, 100.0]}