{"psd": [68.8856552273347, 77.06485765011213, 72.07672599105497, 63.73119761380038, 59.5869709811036, 58.31974111522931, 58.50259830313907, 59.5191210986554, 60.93258317186696, 61.86712284279629, 63.07092512426546, 64.20847530028237, 64.85574640464661, 65.30675383654531, 66.29054356787505, 66.74454106071859, 66.33695151064839, 66.6242816058232, 67.49234134655048, 67.64411628417518, 67.68424957208572, 67.63758127947946, 68.05181163171564, 69.0857290478563, 69.14708215429026, 69.14324944008524, 69.36527634543752, 70.20367448011874, 70.15149905082708, 70.05723602453776, 69.9737019669523, 70.13949171756967, 69.88920584980757, 69.81588737583225, 69.4739196100939, 69.64103600295321, 69.78077907783926, 69.61633609436154, 70.1124380529064, 69.93745856053673, 70.00987807674144, 69.80562621906851, 70.08061869454336, 70.40989774029518, 70.20609601637797, 70.29168378557864, 70.21989328333495, 70.6536887774147, 70.42022988293436, 70.38367781295953, 70.55396821276648, 70.6875786653614, 70.2457904774674, 70.63239254866087, 70.7214709166108, 70.97738133269415, 70.93137853785649, 71.31267747260044, 71.08636895863596, 70.83639759243992, 70.86154562534473, 70.48992482106448, 70.30854096601001, 71.02993053974623, 71.44658169108877, 72.02009967683315, 71.81754036173726, 71.46324188438233, 71.48366723720433, 71.51678417545679, 71.32576391838845, 71.10259511502753, 70.7690236584602, 70.79177384780724, 71.19618733965673, 71.2982771885387, 71.6181100016342, 70.7665684611298, 70.78471206609589, 71.05298712714895, 71.18285893822716, 70.74370598442793, 70.34231317203967, 70.47599832060783, 70.28341622168054, 70.65098208829527, 70.70584075859578, 70.86817910719569, 70.76519885944661, 70.37053965138072, 70.34756464253962, 70.28748371782055, 70.47557020300134, 70.91756776489017, 70.83014263187911, 70.6015895611342, 71.04384078804226, 70.87822259199469, 71.48013392172841, 71.41615561041297, 70.97997782296392, 71.09213787989981, 71.08248027122885, 71.27940169687605, 71.12330690089225, 70.78168072044951, 71.18755988451917, 71.29997769022572, 71.15762846236936, 70.73670820063174, 70.59504599424741, 70.48482940200687, 69.55378438821913, 68.99736056346941, 67.84303615210302, 66.41522828515618, 64.59498785665168, 61.23052204925532, 57.56997814689805, 52.92842208576133, 47.61457076728442, 40.894219876682826, 33.75084596929492, 26.442874537407736, 22.251950398763647, 21.699803106753073, 21.89202496399147, 21.755226395316175, 16.906224282130864], "f": [0.0, 0.78125, 1.5625, 2.34375, 3.125, 3.90625, 4.6875, 5.46875, 6.25, 7.03125, 7.8125, 8.59375, 9.375, 10.15625, 10.9375, 11.71875, 12.5, 13.28125, 14.0625, 14.84375, 15.625, 16.40625, 17.1875, 17.96875, 18.75, 19.53125, 20.3125, 21.09375, 21.875, 22.65625, 23.4375, 24.21875, 25.0, 25.78125, 26.5625, 27.34375, 28.125, 28.90625, 29.6875, 30.46875, 31.25, 32.03125, 32.8125, 33.59375, 34.375, 35.15625, 35.9375, 36.71875, 37.5, 38.28125, 39.0625, 39.84375, 40.625, 41.40625, 42.1875, 42.96875, 43.75, 44.53125, 45.3125, 46.09375, 46.875, 47.65625, 48.4375, 49.21875, 50.0, 50.78125, 51.5625, 52.34375, 53.125, 53.90625, 54.6875, 55.46875, 56.25, 57.03125, 57.8125, 58.59375, 59.375, 60.15625, 60.9375, 61.71875, 62.5, 63.28125, 64.0625, 64.84375, 65.625, 66.40625, 67.1875, 67.96875, 68.75, 69.53125, 70.3125, 71.09375, 71.875, 72.65625, 73.4375, 74.21875, 75.0, 75.78125, 76.5625, 77.34375, 78.125, 78.90625, 79.6875, 80.46875, 81.25, 82.03125, 82.8125, 83.59375, 84.375, 85.15625, 85.9375, 86.71875, 87.5, 88.28125, 89.0625, 89.84375, 90.625, 91.40625, 92.1875, 92.96875, 93.75, 94.53125, 95.3125, 96.09375, 96.875, 97.65625, 98.4375, 99.21875, 100.0]}