{"psd": [50.01222890613817, 59.39557808843392, 54.03279615883021, 52.02789722883965, 50.704931256705265, 49.03890340530566, 46.93821916642036, 45.22926732891813, 48.898443471434305, 54.23612832709257, 50.97779317334029, 49.54845891306257, 51.94218000847437, 52.36110499101802, 53.76103266791937, 56.443889332224366, 55.26766059494805, 53.904829678415396, 54.63663391561056, 55.15389452835567, 57.2381691198338, 59.03073662169916, 58.97465228614557, 59.68527990152385, 60.94247534298223, 62.99241348668578, 64.07697726481742, 64.02715307573304, 63.47806056751803, 63.420749862694876, 63.38230101487723, 63.69343016563816, 63.02011274720059, 62.8817929149811, 62.105795159900026, 61.68840162297723, 61.01099484335564, 60.8227202484978, 61.31239254398143, 60.20228932929035, 59.010864969817504, 59.97458399481637, 60.56329116147499, 60.02822494576924, 60.43853984040588, 60.54654781813173, 60.09550332570959, 59.95453353304124, 60.29100694333727, 61.56642973493003, 62.44376525118138, 64.08997252803361, 63.90074650479917, 62.12725642877363, 61.92305155175775, 61.97616664346331, 62.094897249567474, 62.129027827093296, 60.61598624011084, 59.894764471675366, 61.299540368194684, 62.973763758152714, 63.309276872129956, 62.245473766691966, 60.24134771591286, 59.44878219662258, 59.65013825673598, 60.01413112587728, 59.60904532334883, 60.720034453102656, 60.93575992578601, 61.7371197081068, 61.00280222795996, 59.79160838962279, 60.25789870637613, 61.92062698880741, 62.385726148854, 63.78314711864314, 61.92268439075821, 58.7640048453777, 58.50206557837979, 59.16900335147606, 60.01942241710526, 59.702136238404535, 59.718766447093515, 60.12213749292996, 60.747811972089345, 59.58994445573892, 59.457201799503814, 60.07714294009598, 58.983279051706546, 59.108840018043765, 59.270742591355244, 59.816715506930805, 60.208461783348525, 59.49995708748639, 60.082656194667514, 64.16861867441943, 67.590253929792, 64.21406411432582, 60.29724175507575, 59.217957322453074, 58.83367659290226, 58.961196375745146, 58.67373654906004, 58.74573271904228, 59.05979338568426, 60.175222786602816, 59.9625604816245, 60.00683368154007, 58.98928500079087, 58.478058183850415, 58.012135519155485, 57.46163099966378, 56.42487382050795, 54.66287806153706, 53.151383916195975, 49.86907361878657, 45.33537828390817, 40.792703757403544, 35.0515462060453, 28.989898026598144, 24.104813131240714, 21.803257935403444, 21.2555760925694, 21.472075037453795, 21.444507117965863, 21.53161561597653, 16.59152677951354], "f": [0.0, 0.78125, 1.5625, 2.34375, 3.125, 3.90625, 4.6875, 5.46875, 6.25, 7.03125, 7.8125, 8.59375, 9.375, 10.15625, 10.9375, 11.71875, 12.5, 13.28125, 14.0625, 14.84375, 15.625, 16.40625, 17.1875, 17.96875, 18.75, 19.53125, 20.3125, 21.09375, 21.875, 22.65625, 23.4375, 24.21875, 25.0, 25.78125, 26.5625, 27.34375, 28.125, 28.90625, 29.6875, 30.46875, 31.25, 32.03125, 32.8125, 33.59375, 34.375, 35.15625, 35.9375, 36.71875, 37.5, 38.28125, 39.0625, 39.84375, 40.625, 41.40625, 42.1875, 42.96875, 43.75, 44.53125, 45.3125, 46.09375, 46.875, 47.65625, 48.4375, 49.21875, 50.0, 50.78125, 51.5625, 52.34375, 53.125, 53.90625, 54.6875, 55.46875, 56.25, 57.03125, 57.8125, 58.59375, 59.375, 60.15625, 60.9375, 61.71875, 62.5, 63.28125, 64.0625, 64.84375, 65.625, 66.40625, 67.1875, 67.96875, 68.75, 69.53125, 70.3125, 71.09375, 71.875, 72.65625, 73.4375, 74.21875, 75.0, 75.78125, 76.5625, 77.34375, 78.125, 78.90625, 79.6875, 80.46875, 81.25, 82.03125, 82.8125, 83.59375, 84.375, 85.15625, 85.9375, 86.71875, 87.5, 88.28125, 89.0625, 89.84375, 90.625, 91.40625, 92.1875, 92.96875, 93.75, 94.53125, 95.3125, 96.09375, 96.875, 97.65625, 98.4375, 99.21875, 100.0]}