{"psd": [53.909938574495044, 62.89707027871416, 60.11571202373965, 58.610129205255575, 57.020857543650266, 53.776546301065096, 50.21192278704642, 47.70702307276642, 47.62185284573679, 50.71067823673232, 49.57157700739166, 49.43643689762436, 51.01862616426604, 53.48934133483723, 52.836836640367366, 52.127361750206546, 52.650084007227996, 52.30077933968708, 53.02704154642967, 54.8591198945466, 53.67915705070952, 53.403446406858265, 57.79483362308147, 65.85794663459411, 63.235448692922816, 57.863922449937235, 56.950072179832006, 56.80667057755741, 57.82153095561701, 59.02912734473779, 58.87579813383583, 58.46438207146826, 59.02520038026432, 58.81808662064492, 57.97601872792376, 57.925261151835805, 58.14850094929935, 60.53979155240101, 62.20181681314456, 59.975870319716755, 57.75490707904643, 57.79782131054837, 58.31596498597766, 59.29557142503445, 60.95096240093629, 63.689859125238854, 62.54865019425168, 59.29498839019976, 59.757163859427166, 59.57282427314535, 59.2127026755487, 59.11047813874226, 59.60730876183681, 59.814335513333354, 59.89463741372488, 59.77547594534852, 59.997309615132785, 60.340944305660614, 60.8614613098358, 60.65999508108484, 61.734387149907775, 63.986512158889475, 65.68241989318403, 64.87982916635649, 63.70672625380688, 62.5571396813931, 61.8273080452624, 61.072500194673026, 60.75245206505193, 61.5296660988329, 62.08161020048789, 62.71279414675176, 61.87332493660115, 61.94710071820139, 65.12959305694713, 68.56110737527536, 68.98204845819014, 68.55070372324356, 64.18717967835094, 61.868390533806654, 62.32728835241068, 62.3321164821499, 61.932037992942064, 60.42164747793472, 60.23935230934535, 60.07576509460661, 59.255053664523174, 59.125152430979, 59.83894127797697, 59.40075733714628, 59.61195157228446, 60.06994861108395, 60.46999182525, 60.31268436617614, 60.20072662673062, 61.210682795008836, 61.50209582631058, 60.849952977640676, 60.15665622995381, 60.92827550012114, 61.37728872062937, 61.42717417160349, 61.48953925188571, 61.488142446400374, 61.06268463369382, 60.76425333349423, 60.49626767203133, 60.87391847661276, 60.65872837156631, 59.94547538407103, 59.83784150726748, 60.773022224476996, 61.284927810937084, 59.58275335284016, 57.7902771264837, 57.5780286954856, 54.55678441542926, 49.43084270397259, 44.7659461231228, 40.08044213187488, 35.071496680534466, 28.929688767790907, 24.314085609594652, 21.854220419484818, 21.78936860700347, 21.655042862424317, 21.339544943135216, 21.660126303853996, 17.111891817359318], "f": [0.0, 0.78125, 1.5625, 2.34375, 3.125, 3.90625, 4.6875, 5.46875, 6.25, 7.03125, 7.8125, 8.59375, 9.375, 10.15625, 10.9375, 11.71875, 12.5, 13.28125, 14.0625, 14.84375, 15.625, 16.40625, 17.1875, 17.96875, 18.75, 19.53125, 20.3125, 21.09375, 21.875, 22.65625, 23.4375, 24.21875, 25.0, 25.78125, 26.5625, 27.34375, 28.125, 28.90625, 29.6875, 30.46875, 31.25, 32.03125, 32.8125, 33.59375, 34.375, 35.15625, 35.9375, 36.71875, 37.5, 38.28125, 39.0625, 39.84375, 40.625, 41.40625, 42.1875, 42.96875, 43.75, 44.53125, 45.3125, 46.09375, 46.875, 47.65625, 48.4375, 49.21875, 50.0, 50.78125, 51.5625, 52.34375, 53.125, 53.90625, 54.6875, 55.46875, 56.25, 57.03125, 57.8125, 58.59375, 59.375, 60.15625, 60.9375, 61.71875, 62.5, 63.28125, 64.0625, 64.84375, 65.625, 66.40625, 67.1875, 67.96875, 68.75, 69.53125, 70.3125, 71.09375, 71.875, 72.65625, 73.4375, 74.21875, 75.0, 75.78125, 76.5625, 77.34375, 78.125, 78.90625, 79.6875, 80.46875, 81.25, 82.03125, 82.8125, 83.59375, 84.375, 85.15625, 85.9375, 86.71875, 87.5, 88.28125, 89.0625, 89.84375, 90.625, 91.40625, 92.1875, 92.96875, 93.75, 94.53125, 95.3125, 96.09375, 96.875, 97.65625, 98.4375, 99.21875, 100.0]}