{"psd": [54.52943323132635, 63.03505113998444, 61.15197791689933, 58.445872316603634, 55.28298850566496, 51.21732061485772, 47.098911269962954, 45.49974472291949, 47.46903923944863, 47.93077837064363, 48.80301545527021, 50.05059042891034, 49.49239261934939, 52.71719527833202, 51.3487006546011, 49.588073598866124, 49.819343743900156, 50.20266322529846, 51.04719609323893, 52.82460255896832, 54.05687587983037, 54.42907272680979, 55.43745330704526, 55.91886859683326, 57.771825543960425, 60.344199693761, 62.1461077304854, 61.53156018750472, 60.957717000867426, 60.70087625539347, 61.341204513296304, 63.34926665551557, 62.66727590195923, 62.33318445027787, 60.954154674376724, 60.5219697629457, 59.75190399398841, 61.054103178243054, 63.9815938849686, 63.89271236872138, 63.112685589401465, 65.94405071716982, 64.97373883558843, 62.09405788210593, 61.17049123551952, 60.51534080412078, 61.31905617895323, 62.12133527122424, 62.61755070510493, 63.205316067645555, 62.21598610762442, 62.990705262113224, 63.69515996494282, 63.58715529353614, 63.32802215018787, 63.73455989942545, 64.1845388126078, 67.43601594525857, 68.55554031369833, 64.6791523857407, 64.16995957692582, 64.54246748834653, 65.33487868488106, 64.28121800125143, 63.932834096698784, 63.81330815774503, 63.68553334142156, 63.011111349609614, 63.2871465613033, 63.59194171462243, 63.60900092473808, 63.492728134887585, 63.601525586685746, 63.6123877620861, 66.17281359253008, 77.1127967009886, 87.70426371421314, 85.81049543417485, 70.39591720832104, 64.84702138964893, 64.54908664859663, 64.6331433308557, 66.40559717105577, 69.79937587153886, 66.28477811714086, 63.9564628659257, 64.28778993335071, 63.520563279548924, 63.00987196746104, 63.48619999125724, 63.950526314701094, 63.47709287588634, 62.94061010572338, 62.67085480288985, 62.45526692220015, 65.42802937918574, 68.50960622562737, 65.47708822257536, 62.030853588953434, 61.886690777123974, 60.85386330039414, 61.43106463260609, 61.924778471279964, 62.282709718809144, 61.86525188595603, 61.548452175719106, 61.79445435079613, 61.59858098416883, 61.86356738138809, 61.8525933831615, 62.038122390714875, 61.11209240297249, 59.34332836082795, 58.79578663523513, 61.16777249758577, 67.03065713554639, 64.27900755796247, 52.748149452566395, 47.77294577670288, 43.118524062429486, 37.78328728267853, 31.789056034797273, 25.826132991540504, 22.627794638501832, 21.536578779310073, 21.666082585247338, 21.678683102378397, 21.734895255492553, 16.759648085014568], "f": [0.0, 0.78125, 1.5625, 2.34375, 3.125, 3.90625, 4.6875, 5.46875, 6.25, 7.03125, 7.8125, 8.59375, 9.375, 10.15625, 10.9375, 11.71875, 12.5, 13.28125, 14.0625, 14.84375, 15.625, 16.40625, 17.1875, 17.96875, 18.75, 19.53125, 20.3125, 21.09375, 21.875, 22.65625, 23.4375, 24.21875, 25.0, 25.78125, 26.5625, 27.34375, 28.125, 28.90625, 29.6875, 30.46875, 31.25, 32.03125, 32.8125, 33.59375, 34.375, 35.15625, 35.9375, 36.71875, 37.5, 38.28125, 39.0625, 39.84375, 40.625, 41.40625, 42.1875, 42.96875, 43.75, 44.53125, 45.3125, 46.09375, 46.875, 47.65625, 48.4375, 49.21875, 50.0, 50.78125, 51.5625, 52.34375, 53.125, 53.90625, 54.6875, 55.46875, 56.25, 57.03125, 57.8125, 58.59375, 59.375, 60.15625, 60.9375, 61.71875, 62.5, 63.28125, 64.0625, 64.84375, 65.625, 66.40625, 67.1875, 67.96875, 68.75, 69.53125, 70.3125, 71.09375, 71.875, 72.65625, 73.4375, 74.21875, 75.0, 75.78125, 76.5625, 77.34375, 78.125, 78.90625, 79.6875, 80.46875, 81.25, 82.03125, 82.8125, 83.59375, 84.375, 85.15625, 85.9375, 86.71875, 87.5, 88.28125, 89.0625, 89.84375, 90.625, 91.40625, 92.1875, 92.96875, 93.75, 94.53125, 95.3125, 96.09375, 96.875, 97.65625, 98.4375, 99.21875, 100.0]}