{"psd": [57.7654883235317, 66.24257497776328, 64.67630237084242, 60.88896575238559, 55.633389376173355, 50.755052646941216, 47.16028956100976, 45.94043808885076, 46.085885573969435, 49.07124728999975, 49.86269801707873, 49.62577221656643, 51.647636130517405, 51.90504205972242, 51.219714178595474, 50.877422491647046, 53.181082678960024, 54.5773671534928, 54.61289440009085, 55.74403270865651, 56.37878825601533, 55.251983462562855, 54.782513421483074, 54.98839457635293, 55.731081310135636, 56.387888819856194, 57.86985868503119, 57.82330548096902, 58.285788433183356, 59.09358631999257, 58.42083074963241, 58.4878929796602, 60.08381421924589, 61.28015090963998, 59.994066123963414, 59.815583181922506, 59.646719395364876, 60.73054822511555, 63.295301361491795, 62.76866488894413, 60.95924706761764, 61.57993041655211, 61.52288273082701, 61.2824804533195, 61.69451585368101, 62.06595733346752, 62.732786851965415, 65.11015506357873, 68.12665135499037, 67.66569890078217, 65.0996929915508, 64.20036158449933, 63.780906760649394, 63.56548278683579, 63.432836762777654, 64.53135450777555, 65.61940028358892, 67.60453124483435, 67.98842761649422, 66.44537334096886, 65.72061053683575, 64.81355430203485, 64.60833172385165, 64.93720550611906, 65.13673147763079, 65.25476235523094, 65.80989758483571, 65.60010863235259, 65.69062971639642, 65.23803095704237, 65.27593500619248, 65.45329586935476, 65.18995149900422, 65.42465264941643, 66.4060818369917, 71.08500236954202, 79.08742813274834, 77.1845257510363, 67.84625972259764, 65.6866244251056, 65.77905225129643, 65.3472953165477, 65.8020664144571, 66.35335251362359, 66.10178083448565, 65.35338508328016, 65.6732270658057, 65.35436880314629, 64.7250986074979, 65.2367340255294, 66.05373753095846, 66.23178050756187, 66.03337145218882, 65.93651163502469, 65.46312517050397, 66.25116072155352, 67.04134448112492, 66.68175938550857, 65.89803211757224, 66.31530431539608, 67.21636221061462, 68.25764473974806, 67.3528472165413, 67.78239949191179, 67.57663182953985, 68.1661281986756, 68.1881662995691, 68.11896808285087, 68.39350114380682, 68.26406377624136, 67.81605499198966, 67.19835875865017, 67.19388207671795, 66.35977477210682, 64.92016009381739, 65.19946237808013, 62.11051719289566, 56.91840645705887, 53.637177757309715, 49.318219390526885, 44.304688733679036, 37.667373899453786, 30.39704308735225, 24.70789622137858, 21.681701688893895, 21.602220931148768, 21.899054299744485, 21.552219381974098, 16.66345064634117], "f": [0.0, 0.78125, 1.5625, 2.34375, 3.125, 3.90625, 4.6875, 5.46875, 6.25, 7.03125, 7.8125, 8.59375, 9.375, 10.15625, 10.9375, 11.71875, 12.5, 13.28125, 14.0625, 14.84375, 15.625, 16.40625, 17.1875, 17.96875, 18.75, 19.53125, 20.3125, 21.09375, 21.875, 22.65625, 23.4375, 24.21875, 25.0, 25.78125, 26.5625, 27.34375, 28.125, 28.90625, 29.6875, 30.46875, 31.25, 32.03125, 32.8125, 33.59375, 34.375, 35.15625, 35.9375, 36.71875, 37.5, 38.28125, 39.0625, 39.84375, 40.625, 41.40625, 42.1875, 42.96875, 43.75, 44.53125, 45.3125, 46.09375, 46.875, 47.65625, 48.4375, 49.21875, 50.0, 50.78125, 51.5625, 52.34375, 53.125, 53.90625, 54.6875, 55.46875, 56.25, 57.03125, 57.8125, 58.59375, 59.375, 60.15625, 60.9375, 61.71875, 62.5, 63.28125, 64.0625, 64.84375, 65.625, 66.40625, 67.1875, 67.96875, 68.75, 69.53125, 70.3125, 71.09375, 71.875, 72.65625, 73.4375, 74.21875, 75.0, 75.78125, 76.5625, 77.34375, 78.125, 78.90625, 79.6875, 80.46875, 81.25, 82.03125, 82.8125, 83.59375, 84.375, 85.15625, 85.9375, 86.71875, 87.5, 88.28125, 89.0625, 89.84375, 90.625, 91.40625, 92.1875, 92.96875, 93.75, 94.53125, 95.3125, 96.09375, 96.875, 97.65625, 98.4375, 99.21875, 100.0]}