{"psd": [42.596544569395256, 51.43703109581971, 49.19111830644803, 47.152826134763195, 45.78076345203638, 44.49045264238119, 42.4122592379571, 42.10694043798689, 43.7279531057871, 45.16204677067343, 45.18930579701198, 45.73812687706699, 47.19231310860604, 46.196199622535026, 46.103546379636924, 47.05339979450371, 47.8920311469022, 49.69872930185986, 49.89700303202607, 50.392980236939096, 50.97754316513949, 52.029153786629735, 53.41670962844173, 53.54290702810293, 53.58859966017633, 53.80487890988867, 54.02454040388052, 53.73156331634178, 54.2948942257206, 54.79758899329296, 55.40478981652802, 55.782597049892914, 55.67794844795402, 59.77570252619372, 63.664190914001, 61.10863290537176, 59.02512343216779, 59.55109666752457, 62.58986277929821, 61.089145774133904, 58.30968551054154, 58.53229140925031, 58.9010739347352, 57.912707278123754, 59.16056918607788, 59.555316171916395, 59.27683447945477, 58.57896036455955, 58.431532587219124, 59.095669685389154, 59.21626572719899, 58.94860073000818, 60.02299252402857, 60.39386238558096, 61.643753756163875, 61.15540550912365, 61.176454779580034, 70.49286394270703, 71.38995685705252, 62.38692743768034, 61.61909524850425, 62.97655626902706, 62.97557802599557, 62.346468303521576, 61.41990053367135, 61.12188355816774, 60.97160637430441, 61.00703776542683, 61.50026287529108, 62.312575848709585, 61.809312067211586, 62.197745209996896, 61.86995648078149, 61.94836017017032, 62.925815412988435, 64.7025086073893, 74.29608613237338, 76.96115234108431, 68.53159901541301, 60.71926359018559, 61.3374401595957, 61.76489713958055, 62.168269000528326, 62.176448360338526, 62.014662684618614, 61.245526441968536, 61.28047058563567, 61.33888290289232, 61.72989580416032, 62.40458571989884, 62.957362167335866, 62.69073759540689, 63.03949749335928, 62.89645481790106, 62.31269575144247, 64.39378461604481, 67.11579389980932, 63.356621358965555, 60.78129858392551, 60.902803175283836, 60.449312647133844, 61.02408665216007, 61.89367792108834, 60.96789116264222, 61.52311611302173, 61.71645189530459, 61.32995211258687, 61.33197665555282, 61.00305856890395, 60.76370750474429, 60.22406839782272, 59.60796155222273, 58.920688567516294, 59.26833890062835, 61.77751266165267, 68.00648310342967, 63.76847032784568, 51.17276854185541, 46.173607170004615, 40.921215412959114, 35.395126948254855, 30.363552824226204, 24.814274239799946, 22.04008085302152, 21.617987782840757, 21.53956279195635, 21.400022443632967, 21.478900411407512, 17.081934971970796], "f": [0.0, 0.78125, 1.5625, 2.34375, 3.125, 3.90625, 4.6875, 5.46875, 6.25, 7.03125, 7.8125, 8.59375, 9.375, 10.15625, 10.9375, 11.71875, 12.5, 13.28125, 14.0625, 14.84375, 15.625, 16.40625, 17.1875, 17.96875, 18.75, 19.53125, 20.3125, 21.09375, 21.875, 22.65625, 23.4375, 24.21875, 25.0, 25.78125, 26.5625, 27.34375, 28.125, 28.90625, 29.6875, 30.46875, 31.25, 32.03125, 32.8125, 33.59375, 34.375, 35.15625, 35.9375, 36.71875, 37.5, 38.28125, 39.0625, 39.84375, 40.625, 41.40625, 42.1875, 42.96875, 43.75, 44.53125, 45.3125, 46.09375, 46.875, 47.65625, 48.4375, 49.21875, 50.0, 50.78125, 51.5625, 52.34375, 53.125, 53.90625, 54.6875, 55.46875, 56.25, 57.03125, 57.8125, 58.59375, 59.375, 60.15625, 60.9375, 61.71875, 62.5, 63.28125, 64.0625, 64.84375, 65.625, 66.40625, 67.1875, 67.96875, 68.75, 69.53125, 70.3125, 71.09375, 71.875, 72.65625, 73.4375, 74.21875, 75.0, 75.78125, 76.5625, 77.34375, 78.125, 78.90625, 79.6875, 80.46875, 81.25, 82.03125, 82.8125, 83.59375, 84.375, 85.15625, 85.9375, 86.71875, 87.5, 88.28125, 89.0625, 89.84375, 90.625, 91.40625, 92.1875, 92.96875, 93.75, 94.53125, 95.3125, 96.09375, 96.875, 97.65625, 98.4375, 99.21875, 100.0]}