{"psd": [51.4534378773447, 59.734659484748505, 58.38548658640445, 57.336362023342524, 53.93529335531802, 49.12958040422111, 44.677050027891326, 42.46473655375166, 41.71303769737076, 43.05596542629197, 44.76547443625351, 44.228851795295505, 44.33931526873404, 43.42233085093535, 45.66011392552325, 45.91408338648405, 46.681758683842205, 48.08812569467315, 48.927363621890045, 49.940930619222435, 49.9637891822623, 49.120517149529526, 50.504776745105076, 53.45659194765091, 53.741283762919, 53.739057622436086, 55.903191312360434, 56.8499443518177, 58.33611367023944, 60.661049631618255, 59.4016361654975, 58.12267222374351, 57.67389066996635, 58.67459093904322, 62.3850215372812, 64.08676671964028, 60.977702198820076, 59.570886353893044, 61.42893347198147, 60.23386514750289, 57.25007350457507, 56.421361948459506, 56.435545768251984, 57.37819996954894, 57.627145778687314, 58.049259037688266, 58.668824622476556, 59.44268995507044, 59.48378508117483, 59.268683859750425, 59.3240454974321, 59.8292633524069, 60.75098705776608, 60.92930710672569, 61.74574675017668, 62.534250915037674, 63.21036564701213, 62.30710077591696, 61.882489423888785, 61.18811736747045, 61.76549342186357, 62.01209845274075, 63.323542872535306, 63.42472668666143, 63.37509658521773, 62.88763730448547, 62.276668511020134, 60.86074296804032, 60.371053311461445, 61.44080776745711, 62.07008588411112, 62.59035162718032, 63.33029435689818, 63.678013581486, 64.39280868279698, 64.92415906528953, 67.15114214374886, 70.39832650063788, 65.90968586403933, 61.75450624747199, 62.946473097107976, 63.33318239113896, 63.07767642261565, 62.792854222255166, 62.38862213786388, 61.795535930822574, 61.323172322552026, 62.28463807519523, 62.39897536644741, 62.21525425792339, 61.97286224066215, 62.36120448368859, 62.94376162668543, 62.74207405249002, 62.0128177816659, 65.80880112101005, 70.10349694078835, 67.39848552361828, 63.7524365443131, 62.462393032450656, 62.12541500180126, 62.64822691740547, 62.273913295705796, 62.52804930169589, 64.2086533357242, 65.06246542494574, 64.87741176641806, 64.79110345759905, 63.561034686319815, 63.410069909038356, 63.61015755265318, 62.883218914861764, 60.884154864439225, 59.97153544728175, 59.76538017914791, 63.37966711690889, 61.687756812691035, 52.87715818464591, 47.74724547589467, 43.305720243403286, 38.046429079218065, 32.50813162181476, 26.756660663843093, 22.9696585984666, 21.808998492532417, 21.85799457278318, 21.306577664339883, 21.07048767810867, 15.897733878819984], "f": [0.0, 0.78125, 1.5625, 2.34375, 3.125, 3.90625, 4.6875, 5.46875, 6.25, 7.03125, 7.8125, 8.59375, 9.375, 10.15625, 10.9375, 11.71875, 12.5, 13.28125, 14.0625, 14.84375, 15.625, 16.40625, 17.1875, 17.96875, 18.75, 19.53125, 20.3125, 21.09375, 21.875, 22.65625, 23.4375, 24.21875, 25.0, 25.78125, 26.5625, 27.34375, 28.125, 28.90625, 29.6875, 30.46875, 31.25, 32.03125, 32.8125, 33.59375, 34.375, 35.15625, 35.9375, 36.71875, 37.5, 38.28125, 39.0625, 39.84375, 40.625, 41.40625, 42.1875, 42.96875, 43.75, 44.53125, 45.3125, 46.09375, 46.875, 47.65625, 48.4375, 49.21875, 50.0, 50.78125, 51.5625, 52.34375, 53.125, 53.90625, 54.6875, 55.46875, 56.25, 57.03125, 57.8125, 58.59375, 59.375, 60.15625, 60.9375, 61.71875, 62.5, 63.28125, 64.0625, 64.84375, 65.625, 66.40625, 67.1875, 67.96875, 68.75, 69.53125, 70.3125, 71.09375, 71.875, 72.65625, 73.4375, 74.21875, 75.0, 75.78125, 76.5625, 77.34375, 78.125, 78.90625, 79.6875, 80.46875, 81.25, 82.03125, 82.8125, 83.59375, 84.375, 85.15625, 85.9375, 86.71875, 87.5, 88.28125, 89.0625, 89.84375, 90.625, 91.40625, 92.1875, 92.96875, 93.75, 94.53125, 95.3125, 96.09375, 96.875, 97.65625, 98.4375, 99.21875, 100.0]}