{"psd": [53.36964271892444, 62.37696771197753, 62.355866817765445, 61.48081754032572, 58.93215238492885, 55.59373009977135, 51.35167357005006, 50.11202092879672, 48.72039779920058, 48.88847324762548, 52.15433793129022, 55.178479206462185, 52.315822892151516, 52.30810529492541, 52.654104164695795, 55.09464615419197, 53.92499890348559, 53.090623567504245, 54.213328844711526, 55.420145477495055, 55.83885512227426, 56.29610465769907, 57.818125418344735, 58.78317447633209, 58.72233123222236, 59.013488595584775, 59.81058555761456, 60.45871173674221, 60.36206181567091, 60.005813727638255, 59.98249241362121, 60.594870940986176, 61.2057667376778, 61.82767408034806, 61.9973013551952, 62.25877365487406, 62.95860303661391, 63.2130394746891, 63.62321301977499, 61.74534726853403, 60.71818954255243, 62.75953924868809, 63.110548296378, 64.6144015289194, 64.8747993702341, 63.812120088013636, 63.93310978919021, 63.531149195019445, 62.67898350617516, 62.560136831363884, 63.39997122576281, 63.03317790592324, 63.15637613355159, 64.17757586861383, 64.86922075512796, 64.66014457191585, 64.40826522563677, 63.95270249467426, 64.15247536912483, 63.02120436389238, 62.51964036520393, 62.52324455152308, 62.3514803600095, 62.839335462962055, 62.60801825957497, 61.75374943827998, 61.446833288204004, 61.72937338550335, 61.4044846688609, 61.87083064746453, 61.69034936501879, 60.661632483338046, 60.75973143472454, 61.31999276719956, 60.76703859935171, 62.027728774291276, 62.26380522916045, 62.10430111445879, 62.86264856202865, 65.80892836358836, 64.69501874126112, 60.39399500703212, 60.34865467207432, 60.11468669967533, 59.91611236234347, 59.197762890197225, 59.67180320115125, 59.15552055458923, 58.807185536288394, 58.183934752988556, 58.40659765590114, 58.60471070694735, 58.22770247358264, 58.189761012180334, 58.35240795320673, 59.54127314429802, 61.00907318836899, 59.193124943807774, 58.88160434947133, 59.40747846688965, 59.47275969751303, 59.12767165422192, 58.958656367518415, 58.129820504489075, 57.75621685606997, 58.38300735989132, 58.107412492786715, 57.300047189729746, 57.149919575938306, 58.02084547530523, 58.05546964466104, 57.87214734594295, 58.304154045984646, 58.55539170317628, 58.775424124947506, 58.97567850903289, 56.560765408337474, 51.43829316325565, 45.95670315870159, 41.30472003175251, 36.21176130926792, 29.65586250913467, 23.967051567673664, 22.25165559266179, 21.727944322493077, 21.662195489244898, 21.83561317712272, 21.742870869416247, 16.570679123309112], "f": [0.0, 0.78125, 1.5625, 2.34375, 3.125, 3.90625, 4.6875, 5.46875, 6.25, 7.03125, 7.8125, 8.59375, 9.375, 10.15625, 10.9375, 11.71875, 12.5, 13.28125, 14.0625, 14.84375, 15.625, 16.40625, 17.1875, 17.96875, 18.75, 19.53125, 20.3125, 21.09375, 21.875, 22.65625, 23.4375, 24.21875, 25.0, 25.78125, 26.5625, 27.34375, 28.125, 28.90625, 29.6875, 30.46875, 31.25, 32.03125, 32.8125, 33.59375, 34.375, 35.15625, 35.9375, 36.71875, 37.5, 38.28125, 39.0625, 39.84375, 40.625, 41.40625, 42.1875, 42.96875, 43.75, 44.53125, 45.3125, 46.09375, 46.875, 47.65625, 48.4375, 49.21875, 50.0, 50.78125, 51.5625, 52.34375, 53.125, 53.90625, 54.6875, 55.46875, 56.25, 57.03125, 57.8125, 58.59375, 59.375, 60.15625, 60.9375, 61.71875, 62.5, 63.28125, 64.0625, 64.84375, 65.625, 66.40625, 67.1875, 67.96875, 68.75, 69.53125, 70.3125, 71.09375, 71.875, 72.65625, 73.4375, 74.21875, 75.0, 75.78125, 76.5625, 77.34375, 78.125, 78.90625, 79.6875, 80.46875, 81.25, 82.03125, 82.8125, 83.59375, 84.375, 85.15625, 85.9375, 86.71875, 87.5, 88.28125, 89.0625, 89.84375, 90.625, 91.40625, 92.1875, 92.96875, 93.75, 94.53125, 95.3125, 96.09375, 96.875, 97.65625, 98.4375, 99.21875, 100.0]}