{"psd": [62.65660962831486, 72.32206994012944, 64.39181042414242, 57.627402957368886, 55.75471966048263, 53.22539006519132, 51.04289681010981, 50.22985848811142, 50.88405967321266, 50.568340303865966, 57.09646191076793, 61.32326402600093, 57.29830175840555, 59.88038407526791, 59.74086596303769, 56.164003885062826, 56.495615384723195, 55.9072853744035, 57.025358321280876, 59.724690757648446, 63.337713343330044, 62.71169030447205, 64.2053593030087, 64.87394187115947, 64.95375789635476, 64.1424963343798, 63.59076353244875, 64.25699905907214, 65.15109925398892, 65.56387054812744, 65.41846035953584, 65.64149145733049, 65.75009026271555, 68.52280231195667, 67.28708617966758, 65.32085106524335, 65.4727310673612, 64.20998247211698, 65.38255710447645, 64.10505708803242, 63.814845850932656, 65.39723310423756, 66.08548450893083, 66.24896794036208, 67.45834001959575, 66.3653244201292, 65.85666887982094, 65.15718964297048, 64.06024434652107, 64.34100322367391, 65.05543014742493, 66.45257148306713, 66.72131982210276, 66.473949143949, 67.8384606392227, 70.08211086993805, 70.58217344246067, 70.1246128740671, 69.43028987740828, 67.90038808740616, 68.6761672357376, 68.91950445139844, 69.49406250033054, 69.07329095886722, 68.3381599276626, 68.76571258734057, 70.57944603928598, 71.00610029846344, 70.04523171834064, 69.14618459002935, 68.96892774251108, 68.946367411729, 68.21180008077773, 67.83759992654431, 69.20694209944195, 72.76026970657112, 71.56238504180126, 68.62889956731533, 67.5927309667713, 66.85514657001511, 66.65298623096494, 66.6403908731464, 66.00014801455845, 65.15222825980068, 64.86834695166883, 65.36183747224106, 65.84221396753853, 65.7900513201999, 65.38149460942465, 65.55377987115773, 66.21507178991669, 66.46751418211336, 65.63045199299579, 65.382707289857, 66.70884780022442, 67.31958387379008, 66.75188415925501, 65.73181317999592, 65.29092122335581, 65.96442310819818, 66.56802711215228, 66.26284558056783, 66.06994395263841, 65.18536232096696, 65.38969069610681, 66.42292130609937, 66.57239863223573, 65.41229418180662, 64.5521566165607, 64.90349353017572, 65.0509376948448, 64.4657439840903, 64.10554967953891, 63.2580399016938, 62.555960248462526, 62.25328707012424, 59.41946384694739, 56.044696909351366, 52.18590890154685, 47.40115108516423, 41.863288014537694, 35.33526750425039, 27.637933916361, 22.952258091593013, 21.927773450419366, 22.029595811313015, 21.961251992404137, 21.634644648767622, 17.112900188397457], "f": [0.0, 0.78125, 1.5625, 2.34375, 3.125, 3.90625, 4.6875, 5.46875, 6.25, 7.03125, 7.8125, 8.59375, 9.375, 10.15625, 10.9375, 11.71875, 12.5, 13.28125, 14.0625, 14.84375, 15.625, 16.40625, 17.1875, 17.96875, 18.75, 19.53125, 20.3125, 21.09375, 21.875, 22.65625, 23.4375, 24.21875, 25.0, 25.78125, 26.5625, 27.34375, 28.125, 28.90625, 29.6875, 30.46875, 31.25, 32.03125, 32.8125, 33.59375, 34.375, 35.15625, 35.9375, 36.71875, 37.5, 38.28125, 39.0625, 39.84375, 40.625, 41.40625, 42.1875, 42.96875, 43.75, 44.53125, 45.3125, 46.09375, 46.875, 47.65625, 48.4375, 49.21875, 50.0, 50.78125, 51.5625, 52.34375, 53.125, 53.90625, 54.6875, 55.46875, 56.25, 57.03125, 57.8125, 58.59375, 59.375, 60.15625, 60.9375, 61.71875, 62.5, 63.28125, 64.0625, 64.84375, 65.625, 66.40625, 67.1875, 67.96875, 68.75, 69.53125, 70.3125, 71.09375, 71.875, 72.65625, 73.4375, 74.21875, 75.0, 75.78125, 76.5625, 77.34375, 78.125, 78.90625, 79.6875, 80.46875, 81.25, 82.03125, 82.8125, 83.59375, 84.375, 85.15625, 85.9375, 86.71875, 87.5, 88.28125, 89.0625, 89.84375, 90.625, 91.40625, 92.1875, 92.96875, 93.75, 94.53125, 95.3125, 96.09375, 96.875, 97.65625, 98.4375, 99.21875, 100.0]}