{"psd": [49.834796891494435, 58.340571068529584, 57.67911622747703, 56.79157313953549, 54.36882393354479, 50.95296802475018, 47.21243089843008, 44.77401324564538, 48.487256463993944, 49.338914133156926, 48.384822966942934, 50.2587245026021, 56.066668576270175, 57.82640740828537, 51.554908394531324, 51.4698660287487, 53.99690579778111, 56.6345671340558, 55.70919577736802, 55.77629672435687, 52.676693420915825, 52.28927356882068, 53.678950326135364, 54.738844982845826, 56.555238403266124, 63.2115842018182, 63.089893749306285, 59.13710219218004, 58.12381471507568, 56.52039135529008, 56.39633124182918, 57.378534025079865, 58.93030863535778, 59.2563742486924, 62.07621002685655, 63.22206644113089, 64.45039109896454, 64.44228597202311, 68.97886719921799, 67.55429561006473, 66.28782443019435, 64.99124384987758, 66.95711742619463, 68.00210443702495, 67.3853617986521, 67.62521770438428, 67.57940043578884, 68.57626358614161, 71.01340591515772, 72.47274659392741, 70.36877703116159, 70.88619348788146, 70.29622461562319, 71.86514500234979, 69.1081087578945, 68.79976852242949, 68.66702571166287, 71.51680490590516, 70.43462148819935, 67.86599230592957, 70.41696180920734, 69.33072432086979, 67.63937585724003, 67.6738760015657, 67.74741818873612, 67.96228547663321, 67.72287050106087, 67.90466852639325, 67.99595414354854, 67.19894142015343, 67.38157985248078, 66.33538331766844, 65.79654649362924, 66.02239676537056, 66.21546299693249, 73.11267427059407, 83.17190077357591, 81.56145629100916, 69.05858806000504, 64.2192352020509, 63.4050160824317, 63.76482595965034, 64.43816135235619, 64.8124858419838, 64.37982421411806, 64.00167404357893, 64.71315352525204, 66.34235551450689, 65.66309987248471, 64.79293567671496, 64.94646768465017, 65.26044781868742, 64.47948776968245, 64.83225870117116, 65.3638337452194, 68.54624809689169, 73.09266488084533, 68.88742162001866, 64.34883785979514, 64.72752803611377, 63.99143783539533, 63.351009074576766, 62.60672423052695, 63.11855910599047, 62.89246726118391, 63.00607672196389, 62.98725518352241, 63.509019235856016, 63.32939559683837, 63.22664180891387, 63.018994057731575, 63.163387229309045, 62.19589422601427, 60.614441642431814, 60.66548019345645, 64.25448920055742, 61.416234151345236, 52.3163861716216, 47.57608961440766, 43.85468679318759, 37.02016098028779, 31.28776246980767, 25.85729515342726, 22.278056246153714, 21.616004743695065, 21.639030822097865, 21.063909067922992, 21.22830052610091, 17.279765838486988], "f": [0.0, 0.78125, 1.5625, 2.34375, 3.125, 3.90625, 4.6875, 5.46875, 6.25, 7.03125, 7.8125, 8.59375, 9.375, 10.15625, 10.9375, 11.71875, 12.5, 13.28125, 14.0625, 14.84375, 15.625, 16.40625, 17.1875, 17.96875, 18.75, 19.53125, 20.3125, 21.09375, 21.875, 22.65625, 23.4375, 24.21875, 25.0, 25.78125, 26.5625, 27.34375, 28.125, 28.90625, 29.6875, 30.46875, 31.25, 32.03125, 32.8125, 33.59375, 34.375, 35.15625, 35.9375, 36.71875, 37.5, 38.28125, 39.0625, 39.84375, 40.625, 41.40625, 42.1875, 42.96875, 43.75, 44.53125, 45.3125, 46.09375, 46.875, 47.65625, 48.4375, 49.21875, 50.0, 50.78125, 51.5625, 52.34375, 53.125, 53.90625, 54.6875, 55.46875, 56.25, 57.03125, 57.8125, 58.59375, 59.375, 60.15625, 60.9375, 61.71875, 62.5, 63.28125, 64.0625, 64.84375, 65.625, 66.40625, 67.1875, 67.96875, 68.75, 69.53125, 70.3125, 71.09375, 71.875, 72.65625, 73.4375, 74.21875, 75.0, 75.78125, 76.5625, 77.34375, 78.125, 78.90625, 79.6875, 80.46875, 81.25, 82.03125, 82.8125, 83.59375, 84.375, 85.15625, 85.9375, 86.71875, 87.5, 88.28125, 89.0625, 89.84375, 90.625, 91.40625, 92.1875, 92.96875, 93.75, 94.53125, 95.3125, 96.09375, 96.875, 97.65625, 98.4375, 99.21875, 100.0]}