{"psd": [46.16117305150926, 54.37600152549125, 51.83391657085668, 48.611083947562065, 45.33969640722516, 43.05675200369393, 41.63402057353564, 41.71527318105647, 44.188578769871974, 47.416409514636655, 49.259434549792985, 49.4331193909034, 49.25466939724434, 49.00852149516118, 49.810727923221556, 48.795002507524046, 49.33348889430289, 50.77336744946954, 52.38560967347277, 53.35229167294027, 54.20805136422584, 55.263150530351396, 56.11955533951228, 55.862164352789364, 55.528839094292124, 55.63226374932362, 56.335552797196385, 57.78851697748577, 57.616487088664876, 58.414243344398656, 58.41545262325636, 58.284816258476546, 58.63782621266546, 61.47962299681698, 64.85247831165229, 62.62467590824136, 61.53013162545666, 61.459599604376336, 63.45518161006963, 62.36687610382613, 60.09385330869148, 60.80793617362727, 61.322241110261864, 60.81887160128068, 60.93088713505484, 61.39831863902775, 60.82344899861752, 60.09598960332038, 59.63043679262149, 60.0313616561501, 60.136364373719, 60.46458133112708, 60.47409287321511, 63.320808614537185, 70.28569843753252, 68.51156460341048, 62.95858551672002, 67.37327176589443, 67.56315164884319, 62.1647535042954, 61.8417155114762, 62.02352603923601, 61.760638895701526, 61.976915704403055, 61.56336181098861, 62.16645432485599, 61.28077155946964, 61.238209127065026, 61.579798298955915, 61.620811108331665, 61.805864201668264, 62.38364503216463, 64.93592893066204, 64.29973030896325, 62.91892939485586, 65.20685856531878, 75.52886469452442, 78.37065944782027, 69.38046187601435, 61.18674059714244, 62.538667796397675, 67.0742132951723, 66.3232579547962, 63.11494944795432, 63.03485932084478, 62.54919045757339, 62.396742704278864, 63.09048552194619, 63.717332692287314, 63.84995910527778, 65.34145396876082, 65.97410006248245, 65.29542531061992, 65.19297576993173, 65.4446555121267, 66.44005471106456, 68.34442307014358, 65.6071007009005, 64.24941784860766, 63.828675276147465, 63.83158017681845, 63.35364244986236, 63.49275627401366, 63.22278683303289, 63.471280922748285, 64.10772284019399, 63.958025128887954, 64.12841636903418, 69.42435758983771, 69.72228561902243, 63.85718255139086, 62.22301406775671, 61.54172040610945, 60.17531237298372, 62.13602107950861, 67.87510106466056, 63.6237710764576, 53.93443629673425, 49.09565962348678, 42.95174293201217, 36.865921411733616, 30.849743828575825, 25.171934681870148, 22.004459795755093, 21.52209695204433, 21.62763236891965, 22.065465710423247, 21.614640878844043, 16.200907772837375], "f": [0.0, 0.78125, 1.5625, 2.34375, 3.125, 3.90625, 4.6875, 5.46875, 6.25, 7.03125, 7.8125, 8.59375, 9.375, 10.15625, 10.9375, 11.71875, 12.5, 13.28125, 14.0625, 14.84375, 15.625, 16.40625, 17.1875, 17.96875, 18.75, 19.53125, 20.3125, 21.09375, 21.875, 22.65625, 23.4375, 24.21875, 25.0, 25.78125, 26.5625, 27.34375, 28.125, 28.90625, 29.6875, 30.46875, 31.25, 32.03125, 32.8125, 33.59375, 34.375, 35.15625, 35.9375, 36.71875, 37.5, 38.28125, 39.0625, 39.84375, 40.625, 41.40625, 42.1875, 42.96875, 43.75, 44.53125, 45.3125, 46.09375, 46.875, 47.65625, 48.4375, 49.21875, 50.0, 50.78125, 51.5625, 52.34375, 53.125, 53.90625, 54.6875, 55.46875, 56.25, 57.03125, 57.8125, 58.59375, 59.375, 60.15625, 60.9375, 61.71875, 62.5, 63.28125, 64.0625, 64.84375, 65.625, 66.40625, 67.1875, 67.96875, 68.75, 69.53125, 70.3125, 71.09375, 71.875, 72.65625, 73.4375, 74.21875, 75.0, 75.78125, 76.5625, 77.34375, 78.125, 78.90625, 79.6875, 80.46875, 81.25, 82.03125, 82.8125, 83.59375, 84.375, 85.15625, 85.9375, 86.71875, 87.5, 88.28125, 89.0625, 89.84375, 90.625, 91.40625, 92.1875, 92.96875, 93.75, 94.53125, 95.3125, 96.09375, 96.875, 97.65625, 98.4375, 99.21875, 100.0]}