{"psd": [62.43817589194607, 71.00441619441406, 68.74777812174324, 65.80105530710215, 62.04112711834006, 58.01756347663045, 53.34321847334976, 49.976145923893824, 48.131496813668626, 47.953237771843845, 50.25101557096178, 52.49230382039119, 53.65753252374729, 52.25473094968238, 53.754946723584894, 54.696139977431734, 58.592745056020696, 57.03249593075103, 57.0760746154274, 59.8655681733798, 59.01175048209517, 58.67127552290817, 60.02491910596614, 63.16307001343981, 65.03638437771856, 64.0003516030217, 63.31502137360239, 63.833821443568226, 64.21264541842625, 64.36839100751514, 63.77077760813527, 63.40713067363858, 63.13179914390492, 63.33688199023298, 63.16378422813865, 62.45696446577878, 62.100792243455885, 62.885084851930856, 65.72571540845996, 63.82643457200555, 62.11092618250409, 62.97675317299968, 64.65859099089612, 64.21464115553577, 63.7219700496997, 64.33507681005204, 64.4804615459864, 63.73012786183655, 64.53526427241327, 64.40490575044136, 65.59234459523869, 66.20226752279808, 66.10550116762506, 65.93318800992091, 65.4297040084367, 64.89212464862155, 65.29265707413705, 65.93078857609774, 66.13996019587042, 64.37746457066034, 64.52987915872725, 65.52153607836283, 66.55397873104795, 66.72686758235591, 66.61071380362347, 65.23196738514044, 64.70904186437646, 63.38062107158076, 63.541265419709404, 63.79491764961556, 64.45479852416858, 65.08658708851189, 64.57340243488834, 65.02101587856362, 68.11847682841977, 71.33123945149373, 70.32961476969504, 69.45963703314042, 66.94804761155255, 66.22476960910453, 65.64776437714008, 65.98491554968798, 66.00957398954657, 64.5539369371188, 63.758393882473136, 63.914650082675706, 63.44756016306423, 63.05997200035473, 63.69665740078443, 63.34550596760306, 63.388024613961285, 63.990339243552974, 64.24270827337823, 63.693930372103026, 64.03415495158353, 65.64096669816594, 67.46027360373273, 66.80098758518778, 65.28142529149501, 64.89243068532167, 64.9008899220618, 65.43371021325393, 65.88580911332826, 65.14913271938092, 64.40150417760711, 64.5858078981373, 65.38828011825913, 65.25491955414846, 64.19493477244421, 63.37609084249042, 62.957275257441616, 62.55718478138214, 62.28889188158153, 60.91599867691224, 60.26915402796065, 59.85924444442123, 56.64823151419833, 52.08938784823172, 47.01863962427406, 42.544211917485626, 37.336767545868966, 30.829167141392894, 25.81509584665087, 22.563278082068813, 22.22113373821461, 21.667762946648846, 21.854473970265033, 21.637401724206434, 16.574586939861035], "f": [0.0, 0.78125, 1.5625, 2.34375, 3.125, 3.90625, 4.6875, 5.46875, 6.25, 7.03125, 7.8125, 8.59375, 9.375, 10.15625, 10.9375, 11.71875, 12.5, 13.28125, 14.0625, 14.84375, 15.625, 16.40625, 17.1875, 17.96875, 18.75, 19.53125, 20.3125, 21.09375, 21.875, 22.65625, 23.4375, 24.21875, 25.0, 25.78125, 26.5625, 27.34375, 28.125, 28.90625, 29.6875, 30.46875, 31.25, 32.03125, 32.8125, 33.59375, 34.375, 35.15625, 35.9375, 36.71875, 37.5, 38.28125, 39.0625, 39.84375, 40.625, 41.40625, 42.1875, 42.96875, 43.75, 44.53125, 45.3125, 46.09375, 46.875, 47.65625, 48.4375, 49.21875, 50.0, 50.78125, 51.5625, 52.34375, 53.125, 53.90625, 54.6875, 55.46875, 56.25, 57.03125, 57.8125, 58.59375, 59.375, 60.15625, 60.9375, 61.71875, 62.5, 63.28125, 64.0625, 64.84375, 65.625, 66.40625, 67.1875, 67.96875, 68.75, 69.53125, 70.3125, 71.09375, 71.875, 72.65625, 73.4375, 74.21875, 75.0, 75.78125, 76.5625, 77.34375, 78.125, 78.90625, 79.6875, 80.46875, 81.25, 82.03125, 82.8125, 83.59375, 84.375, 85.15625, 85.9375, 86.71875, 87.5, 88.28125, 89.0625, 89.84375, 90.625, 91.40625, 92.1875, 92.96875, 93.75, 94.53125, 95.3125, 96.09375, 96.875, 97.65625, 98.4375, 99.21875, 100.0]}