{"psd": [54.04717555062818, 62.55739929404876, 61.13729671337772, 59.90254737149294, 57.83609216390833, 54.22600053967304, 50.418384113031, 47.60331565104976, 47.41665610282621, 48.28496761793861, 49.32748508929599, 49.88310002194336, 52.59928150916807, 54.093029554576766, 52.725387472707354, 53.021457666450196, 54.593392690022256, 54.066160140035635, 55.10468979873938, 58.475418957103294, 56.96014887282168, 54.826092254971414, 56.92943963186791, 62.75772342607242, 62.385684128323604, 59.464820263940965, 58.60389946845004, 57.55615023294305, 59.046447278512815, 60.19667744505309, 60.01803915253858, 60.187564210484254, 60.1800761128891, 60.22062294039163, 59.95240400799963, 59.732448652050536, 58.54889882742741, 60.413394397430224, 62.221598793360826, 60.80807902783094, 59.65508975894703, 59.31446991942809, 59.861957408883306, 59.895602743785396, 61.39605452432265, 63.676165400490675, 62.74667248532066, 60.91013017216306, 61.56387845819815, 61.17394631593705, 60.71883244601985, 60.15044070983695, 60.57736329400731, 60.46015890470531, 60.5538431867752, 60.25722443659938, 60.367530694360745, 61.084637040106216, 61.096913247763034, 61.03107159055793, 62.597998277291325, 63.346221870612894, 64.98972234955251, 64.71403524845744, 63.643436065281875, 62.91296945766117, 62.48408596122968, 61.52538807268464, 60.909439322486406, 60.89159076762599, 61.93982656965059, 62.503385798968736, 61.73290240415129, 62.527858208684144, 65.15169357230305, 68.31345053419601, 68.57596110524348, 67.66373123798648, 63.92952699425909, 62.10380356550737, 62.39499784152413, 63.11830959484486, 63.02180028421171, 61.99634473995715, 61.275376123737644, 60.59670245841232, 60.85200498581953, 60.78833827410136, 61.05516795515668, 60.94930788540005, 61.02369003630929, 62.30423635897986, 62.46712860978056, 61.40196691167941, 61.894768875996746, 62.609609487436316, 62.82024771810153, 62.65397750642286, 62.43892029287225, 62.41928665445015, 62.814109680664885, 63.15152226265126, 63.32454768665448, 62.51855595389608, 62.25523357709764, 62.275750160641635, 62.467326397360964, 62.44286385138256, 61.45254853547243, 61.114409961166714, 61.26705556205299, 61.37171207296694, 61.849013076424406, 59.68711011709373, 58.6408996003647, 57.39758012297542, 55.030573365624306, 50.73256675909593, 45.396171491352305, 40.65886637144074, 36.036273440869, 30.22705723220107, 24.567172740986503, 22.51898740815916, 22.11971489012012, 21.68248374785275, 21.866244816757256, 21.47044018295558, 16.55838440712871], "f": [0.0, 0.78125, 1.5625, 2.34375, 3.125, 3.90625, 4.6875, 5.46875, 6.25, 7.03125, 7.8125, 8.59375, 9.375, 10.15625, 10.9375, 11.71875, 12.5, 13.28125, 14.0625, 14.84375, 15.625, 16.40625, 17.1875, 17.96875, 18.75, 19.53125, 20.3125, 21.09375, 21.875, 22.65625, 23.4375, 24.21875, 25.0, 25.78125, 26.5625, 27.34375, 28.125, 28.90625, 29.6875, 30.46875, 31.25, 32.03125, 32.8125, 33.59375, 34.375, 35.15625, 35.9375, 36.71875, 37.5, 38.28125, 39.0625, 39.84375, 40.625, 41.40625, 42.1875, 42.96875, 43.75, 44.53125, 45.3125, 46.09375, 46.875, 47.65625, 48.4375, 49.21875, 50.0, 50.78125, 51.5625, 52.34375, 53.125, 53.90625, 54.6875, 55.46875, 56.25, 57.03125, 57.8125, 58.59375, 59.375, 60.15625, 60.9375, 61.71875, 62.5, 63.28125, 64.0625, 64.84375, 65.625, 66.40625, 67.1875, 67.96875, 68.75, 69.53125, 70.3125, 71.09375, 71.875, 72.65625, 73.4375, 74.21875, 75.0, 75.78125, 76.5625, 77.34375, 78.125, 78.90625, 79.6875, 80.46875, 81.25, 82.03125, 82.8125, 83.59375, 84.375, 85.15625, 85.9375, 86.71875, 87.5, 88.28125, 89.0625, 89.84375, 90.625, 91.40625, 92.1875, 92.96875, 93.75, 94.53125, 95.3125, 96.09375, 96.875, 97.65625, 98.4375, 99.21875, 100.0]}