{"psd": [53.55794806298289, 61.68499348789019, 60.88983114653357, 59.092093794942784, 55.24452391062806, 51.4129681493652, 47.04012589669877, 44.426897421002735, 45.71157646595253, 46.42404109466035, 47.17793631486816, 47.61871199802598, 48.02299795722679, 49.107092843368285, 53.1246194763876, 54.70705975514876, 50.65405332973499, 52.51381911355011, 52.46157797720102, 53.123396323062046, 53.5586647474296, 52.56062991821376, 52.95101030457446, 52.69687028021545, 52.51596103093458, 53.59709736830367, 54.91282775135086, 54.112210650727626, 55.21702204150799, 55.616643910457924, 55.93509265772429, 55.84692699449148, 55.82470700585182, 56.62417775804621, 57.96241589948363, 58.38000753647138, 57.64176763681285, 61.91177568037623, 71.96166132548385, 71.07294111569934, 61.26519167895719, 59.54075045729812, 62.25222703647019, 64.02301189390846, 61.92880951181539, 62.07205572337644, 61.090310021990426, 61.25866006269169, 62.63786864019059, 62.895630681929376, 63.1388119215334, 63.40552063303738, 62.763626376445615, 61.07603601753543, 60.871166248895435, 60.965303672506025, 61.28468521368727, 69.88608072444433, 71.12355393572548, 64.04379539661151, 62.75897174528466, 62.05766820046888, 61.86061907629791, 62.13657111867168, 61.591287317490995, 60.71597233777602, 60.173564426187, 60.562339559275706, 60.64822410597378, 60.437387675643464, 60.3417595245091, 60.41864184260734, 60.28964540642387, 60.570870459118076, 62.903908100152215, 75.83896280913919, 85.99805389337092, 84.15221301761181, 69.77952880321996, 60.19795366364263, 60.27737497942044, 60.32295918630452, 60.593234366196185, 61.74819342340376, 60.319923504103826, 59.19939670634929, 58.887957860735575, 59.16063777033806, 59.22856616387805, 59.63247944897314, 59.014645326133376, 59.07906294084822, 58.36885120013844, 58.457229465766275, 59.38673369340616, 69.63007977720414, 75.45378091871268, 69.93921801123602, 59.61167108039274, 59.305471474968705, 59.26129742234305, 59.55608640077823, 59.28231059076549, 59.557746155287425, 59.63156804525923, 59.94511973518577, 59.338705132537896, 59.07376861352475, 59.05135434737008, 59.67437416149086, 59.36547801955869, 58.90604249342325, 60.03512103832668, 58.29470639048627, 62.01588093088034, 69.72245284774421, 66.21787702520388, 49.95289666287199, 45.45054259914831, 41.99799192864628, 35.408059239428454, 28.723938980749942, 24.077930661595936, 21.759595776639806, 21.27055473800005, 21.415578647427505, 21.217038695281218, 21.029377231849764, 16.616370562243212], "f": [0.0, 0.78125, 1.5625, 2.34375, 3.125, 3.90625, 4.6875, 5.46875, 6.25, 7.03125, 7.8125, 8.59375, 9.375, 10.15625, 10.9375, 11.71875, 12.5, 13.28125, 14.0625, 14.84375, 15.625, 16.40625, 17.1875, 17.96875, 18.75, 19.53125, 20.3125, 21.09375, 21.875, 22.65625, 23.4375, 24.21875, 25.0, 25.78125, 26.5625, 27.34375, 28.125, 28.90625, 29.6875, 30.46875, 31.25, 32.03125, 32.8125, 33.59375, 34.375, 35.15625, 35.9375, 36.71875, 37.5, 38.28125, 39.0625, 39.84375, 40.625, 41.40625, 42.1875, 42.96875, 43.75, 44.53125, 45.3125, 46.09375, 46.875, 47.65625, 48.4375, 49.21875, 50.0, 50.78125, 51.5625, 52.34375, 53.125, 53.90625, 54.6875, 55.46875, 56.25, 57.03125, 57.8125, 58.59375, 59.375, 60.15625, 60.9375, 61.71875, 62.5, 63.28125, 64.0625, 64.84375, 65.625, 66.40625, 67.1875, 67.96875, 68.75, 69.53125, 70.3125, 71.09375, 71.875, 72.65625, 73.4375, 74.21875, 75.0, 75.78125, 76.5625, 77.34375, 78.125, 78.90625, 79.6875, 80.46875, 81.25, 82.03125, 82.8125, 83.59375, 84.375, 85.15625, 85.9375, 86.71875, 87.5, 88.28125, 89.0625, 89.84375, 90.625, 91.40625, 92.1875, 92.96875, 93.75, 94.53125, 95.3125, 96.09375, 96.875, 97.65625, 98.4375, 99.21875, 100.0]}