{"psd": [57.825797167435766, 66.63906366042924, 63.27222345706203, 56.816252354940254, 51.39184305226788, 47.23803906977821, 45.67064867662652, 45.80818791392712, 47.20445809729749, 47.78242486660942, 48.96821978733399, 50.15021622199056, 50.228884065353924, 51.53505597159821, 52.169355405261484, 52.54701101701464, 52.73940646241797, 53.65584126447642, 54.891732163933035, 55.35525078959638, 55.19867268115966, 55.845566170745975, 56.6503484885099, 56.93860304766463, 56.93234195105494, 57.788524032437046, 58.08684273068479, 59.107466417638115, 60.0540374864307, 61.63678673030235, 61.70545764436434, 60.73766641998472, 60.72142854420686, 61.266500783430864, 62.97582127191184, 62.89213725013788, 61.96042894232248, 62.31265882673215, 63.35154574126839, 62.8943981762714, 62.165182742141205, 62.06590463682246, 62.759968944674696, 62.698424544510175, 62.11983702133567, 62.732871593127435, 63.11978543098177, 63.21010077189921, 63.34921861718678, 63.468051522347594, 63.61288478057911, 63.45745233791759, 64.07104388699403, 64.64458127079295, 64.93707265092831, 64.99743185071648, 64.90705816034809, 64.97789767803317, 65.0228403350839, 65.04241328689231, 64.95426376965008, 65.34804612496038, 65.44770834122595, 65.07223821446537, 65.47102322926784, 65.91869805607908, 65.7716501532686, 65.34244080757964, 65.09722802040348, 65.42868578447371, 65.28031681229487, 64.87702467362634, 65.07273838516477, 64.81784136155743, 65.06020181802299, 65.02327465888415, 66.0657856865083, 67.35222061931918, 65.65118096565898, 65.04353727315208, 65.38905819931647, 65.2680010507754, 65.22248419353322, 65.43872318028085, 65.31876184224627, 65.2364170329619, 65.68213725640383, 65.88885598138671, 65.29675826274989, 65.40267083841623, 66.01203969116432, 65.87523945848719, 66.09504333743718, 66.32869119153202, 66.52824651238282, 67.20126293912321, 68.14365829158352, 67.63110762983287, 67.18303796378513, 69.07601850786395, 68.22267974623549, 68.11041091957985, 67.65656734195902, 67.84427562716657, 68.69457295665991, 68.7499987775796, 69.32218006061771, 68.44021648668354, 68.1224275206091, 67.99932385893398, 67.51208742229274, 66.45960922028618, 65.8302538436105, 64.77893015965437, 63.553883108836125, 62.455757507808016, 60.00470177202772, 56.29750999923659, 52.84542485640046, 48.151443247350755, 42.51873956820329, 36.24701724019447, 29.25979483184078, 23.72106095456282, 21.533834184218705, 22.018839919865933, 21.609961771617137, 21.35743373068837, 16.39338882151317], "f": [0.0, 0.78125, 1.5625, 2.34375, 3.125, 3.90625, 4.6875, 5.46875, 6.25, 7.03125, 7.8125, 8.59375, 9.375, 10.15625, 10.9375, 11.71875, 12.5, 13.28125, 14.0625, 14.84375, 15.625, 16.40625, 17.1875, 17.96875, 18.75, 19.53125, 20.3125, 21.09375, 21.875, 22.65625, 23.4375, 24.21875, 25.0, 25.78125, 26.5625, 27.34375, 28.125, 28.90625, 29.6875, 30.46875, 31.25, 32.03125, 32.8125, 33.59375, 34.375, 35.15625, 35.9375, 36.71875, 37.5, 38.28125, 39.0625, 39.84375, 40.625, 41.40625, 42.1875, 42.96875, 43.75, 44.53125, 45.3125, 46.09375, 46.875, 47.65625, 48.4375, 49.21875, 50.0, 50.78125, 51.5625, 52.34375, 53.125, 53.90625, 54.6875, 55.46875, 56.25, 57.03125, 57.8125, 58.59375, 59.375, 60.15625, 60.9375, 61.71875, 62.5, 63.28125, 64.0625, 64.84375, 65.625, 66.40625, 67.1875, 67.96875, 68.75, 69.53125, 70.3125, 71.09375, 71.875, 72.65625, 73.4375, 74.21875, 75.0, 75.78125, 76.5625, 77.34375, 78.125, 78.90625, 79.6875, 80.46875, 81.25, 82.03125, 82.8125, 83.59375, 84.375, 85.15625, 85.9375, 86.71875, 87.5, 88.28125, 89.0625, 89.84375, 90.625, 91.40625, 92.1875, 92.96875, 93.75, 94.53125, 95.3125, 96.09375, 96.875, 97.65625, 98.4375, 99.21875, 100.0]}