{"psd": [44.04267548152422, 52.89533002561793, 49.82125676758187, 47.405863583291975, 44.58459109661593, 42.0373919910459, 40.73783379523125, 41.19915674362196, 41.39041318119059, 42.26964887101513, 45.74573625890104, 46.46088520640235, 45.669972749300314, 48.42434207139603, 50.53525503145152, 49.58941652617139, 48.44578040820621, 50.5632664894913, 52.303456919368905, 50.15975631528384, 49.7296146236538, 48.86317985002594, 50.29962824636431, 51.37013310397671, 52.389306395633746, 51.07067335643783, 50.93360777143871, 51.253981425445154, 51.68822929171223, 52.58525114361739, 55.24244021814624, 55.66588903629082, 54.69489990154387, 55.340891878489906, 54.88818972113182, 56.16660836132789, 56.61910725922124, 57.28046346156222, 61.97660955088104, 61.242538731459355, 57.742361567043254, 57.258715257520834, 57.13227309058056, 56.0857508673227, 56.69094959990893, 57.725758378335215, 58.34301616132051, 58.17626858073156, 67.6430386612594, 69.27550165136876, 60.4179096035492, 58.94931227283166, 59.22183771613508, 61.23714551640763, 61.643373338205635, 62.91546874525611, 61.63122650461041, 63.73197087977947, 63.259538742928, 60.89407213533466, 60.40677380154344, 60.38261226276322, 59.32153524195206, 61.17276274320777, 63.01585433576812, 60.9348369719313, 60.20247075928789, 59.18691782033849, 58.64276316261854, 59.17429444105899, 58.93826775565434, 58.489285556285424, 57.89810159538867, 58.080772774002234, 59.63813548739851, 67.03255092724785, 75.92679415312769, 74.37515680004438, 63.28122330576217, 59.72791339372474, 59.819380392019866, 59.44034503333607, 60.21078647891894, 61.39402452587841, 60.43501914020042, 58.58469005306344, 58.90303702410746, 58.9745015084732, 60.48864691716453, 59.80066365225059, 59.37563016959444, 58.57648572552389, 58.30936951227778, 58.77772338945184, 58.15001887006862, 64.70712609103175, 70.12906171519094, 65.2510342730212, 59.989613387972256, 59.68413025789221, 59.80954982960836, 59.943468126595164, 59.90238187688857, 59.62305661351572, 60.874223851060314, 60.95394052983224, 59.75957724939718, 60.00534900646328, 59.99271864335778, 59.37300628960887, 58.93054818628265, 58.20409568426699, 57.97830982135517, 58.5046103955532, 56.59754326527049, 57.95299267303675, 54.87615881938542, 48.371518635901054, 44.56610142585017, 40.23991230414325, 34.81162851819416, 29.23660773500002, 24.343319410325947, 22.141816205692532, 21.159875860513196, 21.218296774261958, 21.77214650850653, 21.50100420065187, 16.950986424505533], "f": [0.0, 0.78125, 1.5625, 2.34375, 3.125, 3.90625, 4.6875, 5.46875, 6.25, 7.03125, 7.8125, 8.59375, 9.375, 10.15625, 10.9375, 11.71875, 12.5, 13.28125, 14.0625, 14.84375, 15.625, 16.40625, 17.1875, 17.96875, 18.75, 19.53125, 20.3125, 21.09375, 21.875, 22.65625, 23.4375, 24.21875, 25.0, 25.78125, 26.5625, 27.34375, 28.125, 28.90625, 29.6875, 30.46875, 31.25, 32.03125, 32.8125, 33.59375, 34.375, 35.15625, 35.9375, 36.71875, 37.5, 38.28125, 39.0625, 39.84375, 40.625, 41.40625, 42.1875, 42.96875, 43.75, 44.53125, 45.3125, 46.09375, 46.875, 47.65625, 48.4375, 49.21875, 50.0, 50.78125, 51.5625, 52.34375, 53.125, 53.90625, 54.6875, 55.46875, 56.25, 57.03125, 57.8125, 58.59375, 59.375, 60.15625, 60.9375, 61.71875, 62.5, 63.28125, 64.0625, 64.84375, 65.625, 66.40625, 67.1875, 67.96875, 68.75, 69.53125, 70.3125, 71.09375, 71.875, 72.65625, 73.4375, 74.21875, 75.0, 75.78125, 76.5625, 77.34375, 78.125, 78.90625, 79.6875, 80.46875, 81.25, 82.03125, 82.8125, 83.59375, 84.375, 85.15625, 85.9375, 86.71875, 87.5, 88.28125, 89.0625, 89.84375, 90.625, 91.40625, 92.1875, 92.96875, 93.75, 94.53125, 95.3125, 96.09375, 96.875, 97.65625, 98.4375, 99.21875, 100.0]}