{"psd": [52.36570491211126, 61.17626021388431, 59.263836449326355, 57.14728928265754, 54.7456974460256, 50.930347166564374, 46.854392324354194, 45.42038458324597, 43.89117680093074, 44.24624310068478, 56.559456780238584, 61.30057257236716, 55.812001734262495, 53.81136544356565, 57.26777997481367, 59.336245328271346, 55.20874989056868, 52.0856040169821, 52.75534598456077, 54.5543827079593, 54.653381485396395, 62.73057584154558, 65.8946145247013, 58.36448299056301, 54.18128842208431, 53.700678204765914, 54.502772917777904, 54.90235361525801, 55.581633576954914, 56.88360906456455, 58.29774791848155, 57.81113525398251, 56.70791044793626, 57.90041381333532, 58.66315110135627, 58.36679321331375, 58.18156033099997, 59.250097369545784, 62.28035543726183, 61.565026890690646, 60.27778994388355, 60.84704655836035, 60.148299966573575, 61.032436756623596, 62.13085431188815, 58.98548428022962, 59.67233054541465, 61.23169557475377, 63.366334297555454, 64.97796730272148, 62.64651685175502, 61.81223301373891, 61.39077999122037, 62.62424458588676, 64.40973280331436, 64.44509566834974, 63.85219323811596, 65.55058537707092, 66.31973183788571, 65.05074952498867, 67.45458556638846, 65.63206466989102, 65.65424006751942, 65.5930815067036, 64.69032548761464, 64.88565343131732, 64.27909857204756, 63.47821125418874, 63.37107533385953, 63.331842624065985, 63.67245090291334, 63.93084116233623, 62.68031146174093, 62.47926384112332, 63.37139949894411, 69.91865216793285, 78.71447571301822, 76.54231407417795, 65.88079131499248, 63.029697400085965, 61.72364020943475, 62.57680818779316, 62.63768270380577, 62.011585335699586, 61.119747177614265, 60.991394052649426, 61.02270852849699, 61.62698813519061, 61.2215427395142, 60.80669018016013, 60.3657262546769, 60.03254536051333, 60.37837205745024, 60.22427005903453, 60.34164097454589, 64.62686202676312, 69.56472739065993, 64.66661828503818, 60.432502514386144, 60.27789765581274, 59.55808843499074, 59.70209423579447, 59.771581670104375, 59.56771128891809, 59.5790754768477, 58.78408240390256, 58.8401647018045, 58.91836995962877, 59.26641373471717, 59.62653611627797, 59.14663399739321, 58.40286545209434, 58.95739838329891, 57.82379331919593, 59.21161997205181, 64.67108846989495, 60.74445031609844, 48.68508359196465, 44.86193576770687, 40.78622645571964, 35.721317658882974, 29.50916641928885, 24.147060957198356, 22.31290245368658, 21.381659755950153, 21.878414565049486, 22.13233000236098, 21.628330252863694, 16.637726957592427], "f": [0.0, 0.78125, 1.5625, 2.34375, 3.125, 3.90625, 4.6875, 5.46875, 6.25, 7.03125, 7.8125, 8.59375, 9.375, 10.15625, 10.9375, 11.71875, 12.5, 13.28125, 14.0625, 14.84375, 15.625, 16.40625, 17.1875, 17.96875, 18.75, 19.53125, 20.3125, 21.09375, 21.875, 22.65625, 23.4375, 24.21875, 25.0, 25.78125, 26.5625, 27.34375, 28.125, 28.90625, 29.6875, 30.46875, 31.25, 32.03125, 32.8125, 33.59375, 34.375, 35.15625, 35.9375, 36.71875, 37.5, 38.28125, 39.0625, 39.84375, 40.625, 41.40625, 42.1875, 42.96875, 43.75, 44.53125, 45.3125, 46.09375, 46.875, 47.65625, 48.4375, 49.21875, 50.0, 50.78125, 51.5625, 52.34375, 53.125, 53.90625, 54.6875, 55.46875, 56.25, 57.03125, 57.8125, 58.59375, 59.375, 60.15625, 60.9375, 61.71875, 62.5, 63.28125, 64.0625, 64.84375, 65.625, 66.40625, 67.1875, 67.96875, 68.75, 69.53125, 70.3125, 71.09375, 71.875, 72.65625, 73.4375, 74.21875, 75.0, 75.78125, 76.5625, 77.34375, 78.125, 78.90625, 79.6875, 80.46875, 81.25, 82.03125, 82.8125, 83.59375, 84.375, 85.15625, 85.9375, 86.71875, 87.5, 88.28125, 89.0625, 89.84375, 90.625, 91.40625, 92.1875, 92.96875, 93.75, 94.53125, 95.3125, 96.09375, 96.875, 97.65625, 98.4375, 99.21875, 100.0]}