{"psd": [57.672413319303814, 66.14994669743166, 64.66960727830795, 62.20910779516341, 58.2939039402918, 54.72175943665833, 49.98254216624219, 46.82603904625782, 45.86330241508403, 47.96974898680099, 48.01663918300265, 48.45129872733409, 47.97536058914485, 48.851839488737774, 52.53033012142308, 53.14091392569693, 52.19030655752671, 51.291141157776615, 53.000325128399254, 56.48918098946368, 55.13776264199955, 53.86367393347281, 55.07575972046667, 56.240620356388405, 59.02559836589808, 60.869061379482474, 58.78269752793365, 58.041386689615884, 60.43755954550933, 61.31036015523485, 60.319103190820364, 59.89516010125685, 59.88078355902598, 59.21599614503067, 58.94386539430714, 58.82461610655673, 59.42399427831458, 61.96881262429657, 63.10438111768256, 60.97105774267347, 59.7176135692244, 59.19321258639052, 59.50982496307773, 60.403406589169116, 62.32395806040775, 64.66563468996479, 63.99193502811022, 60.44929416881416, 60.78702828326026, 59.61011143145734, 59.0759104598368, 59.19219565345891, 59.82661040992682, 60.24675166814263, 60.86661892684866, 60.00396054541818, 60.150423986703, 61.809845454215086, 62.44303456405257, 60.84016261299327, 60.89030983175935, 61.46157193469015, 61.8501508439804, 62.03008809330235, 62.04209953143895, 61.17213617394371, 60.81374481840177, 60.14567235035731, 60.16824056552686, 60.01633831535247, 60.466143017089266, 59.96557900849776, 60.379555847305724, 61.56506828773611, 65.31535515075029, 68.8530105056811, 68.37206341430183, 67.69446433036953, 64.34484331698009, 61.83403648965779, 62.87868240009726, 63.94799089908651, 63.077760608316844, 61.266470693506164, 61.50349564979348, 62.20198960788994, 62.773791209783454, 62.512816450097304, 62.06398648291191, 62.77268597126226, 64.09829052144642, 65.13468823612867, 64.0482161818066, 63.65657714214805, 64.3381058295295, 65.73609354506671, 67.10114065024753, 67.00289922882044, 67.70076606612005, 67.78225724956256, 68.21464321882422, 69.39751366360899, 69.73590464412338, 69.10830833090137, 68.3869338986924, 69.86166641915169, 70.34637105525252, 68.74694649743988, 67.76402206340447, 65.8350718617321, 65.40581640535252, 64.79753438478602, 64.31362352573123, 61.73670522042755, 59.80187013770204, 59.50487640471557, 56.98290634745808, 52.26825777917373, 47.38321318921318, 42.1814425797567, 36.692840403966656, 30.585579395114685, 25.787267458381127, 22.194740445248918, 21.465932617488043, 21.055482863240755, 21.54108805650623, 21.37668273818431, 17.152903008921168], "f": [0.0, 0.78125, 1.5625, 2.34375, 3.125, 3.90625, 4.6875, 5.46875, 6.25, 7.03125, 7.8125, 8.59375, 9.375, 10.15625, 10.9375, 11.71875, 12.5, 13.28125, 14.0625, 14.84375, 15.625, 16.40625, 17.1875, 17.96875, 18.75, 19.53125, 20.3125, 21.09375, 21.875, 22.65625, 23.4375, 24.21875, 25.0, 25.78125, 26.5625, 27.34375, 28.125, 28.90625, 29.6875, 30.46875, 31.25, 32.03125, 32.8125, 33.59375, 34.375, 35.15625, 35.9375, 36.71875, 37.5, 38.28125, 39.0625, 39.84375, 40.625, 41.40625, 42.1875, 42.96875, 43.75, 44.53125, 45.3125, 46.09375, 46.875, 47.65625, 48.4375, 49.21875, 50.0, 50.78125, 51.5625, 52.34375, 53.125, 53.90625, 54.6875, 55.46875, 56.25, 57.03125, 57.8125, 58.59375, 59.375, 60.15625, 60.9375, 61.71875, 62.5, 63.28125, 64.0625, 64.84375, 65.625, 66.40625, 67.1875, 67.96875, 68.75, 69.53125, 70.3125, 71.09375, 71.875, 72.65625, 73.4375, 74.21875, 75.0, 75.78125, 76.5625, 77.34375, 78.125, 78.90625, 79.6875, 80.46875, 81.25, 82.03125, 82.8125, 83.59375, 84.375, 85.15625, 85.9375, 86.71875, 87.5, 88.28125, 89.0625, 89.84375, 90.625, 91.40625, 92.1875, 92.96875, 93.75, 94.53125, 95.3125, 96.09375, 96.875, 97.65625, 98.4375, 99.21875, 100.0]}