{"psd": [46.31357174027706, 55.41153956220745, 56.91406952820433, 56.498947885973095, 53.299460873518385, 48.95891973007835, 44.86950613109904, 43.4652561010087, 44.7506880090605, 46.33472905889593, 47.564128307179246, 49.175653530873824, 51.57941739469006, 50.57941021990728, 49.90288186453042, 49.816259313510386, 48.764199095547255, 51.46028058109919, 52.17248937071835, 52.302077915963864, 52.76391254453984, 53.354397895249605, 53.67348824970129, 54.5936954284693, 54.87677324021402, 56.35833362358718, 57.02989119612151, 55.31313915949495, 55.35632034137283, 56.18514351641947, 56.1930285606931, 56.28145476431086, 57.16463234019891, 60.32984525385548, 61.31230087186266, 59.291987618936915, 58.27245161688665, 59.29818518499214, 62.425545577709244, 61.31322586187369, 58.39810984857587, 59.0857805952626, 59.468276683670005, 58.905600215228645, 58.60743905914931, 58.36506117629604, 58.67368620097176, 58.52554012283229, 60.19750635457647, 60.914059420159745, 59.984841605230656, 59.52678389034354, 59.65591095495892, 59.71162370939999, 61.5269235963887, 61.42516070643228, 61.31122730218763, 63.84307188930748, 64.10921023948558, 62.244760355249646, 61.69195642049346, 62.1259616215807, 63.403809956061295, 65.03791664578374, 64.08352073702402, 63.52857741312764, 63.84539906181254, 62.80927907275086, 61.96639640746001, 61.032935353150194, 60.985019486084425, 61.272804247230745, 60.945839249725815, 61.06144433264043, 60.283575428005456, 61.52453554310718, 64.8833623072918, 65.77936450690972, 60.85787305188382, 59.852250640679294, 60.67842629621691, 60.056105559418256, 59.95954877088691, 60.504970738349954, 59.209697465948146, 58.970095774181914, 59.217996240852656, 59.56714376198435, 59.05913657512617, 58.41708685402761, 58.54935971900537, 57.55496047698193, 57.60893100078772, 57.38122911341867, 57.87348940823357, 61.1821114277602, 64.76076253948582, 60.89401375634605, 58.27703390596086, 59.519033477279386, 59.40742096154689, 58.28799075219273, 59.5337841955956, 59.098857427501194, 58.82859026144654, 58.875213606086334, 58.80974735612169, 58.873612045606606, 59.168269572437865, 58.35368205895965, 58.82702788259428, 58.936118763231704, 58.78000506041748, 57.78053725562834, 58.12510054278543, 60.1475094238444, 57.298364283610894, 51.32213583475494, 47.938251007737875, 43.62685144596844, 37.603520410660245, 30.219123804987976, 25.995887514168544, 22.859959528468142, 21.984621174567557, 21.72239406282879, 21.696300104741333, 21.234857926820098, 16.29643502255077], "f": [0.0, 0.78125, 1.5625, 2.34375, 3.125, 3.90625, 4.6875, 5.46875, 6.25, 7.03125, 7.8125, 8.59375, 9.375, 10.15625, 10.9375, 11.71875, 12.5, 13.28125, 14.0625, 14.84375, 15.625, 16.40625, 17.1875, 17.96875, 18.75, 19.53125, 20.3125, 21.09375, 21.875, 22.65625, 23.4375, 24.21875, 25.0, 25.78125, 26.5625, 27.34375, 28.125, 28.90625, 29.6875, 30.46875, 31.25, 32.03125, 32.8125, 33.59375, 34.375, 35.15625, 35.9375, 36.71875, 37.5, 38.28125, 39.0625, 39.84375, 40.625, 41.40625, 42.1875, 42.96875, 43.75, 44.53125, 45.3125, 46.09375, 46.875, 47.65625, 48.4375, 49.21875, 50.0, 50.78125, 51.5625, 52.34375, 53.125, 53.90625, 54.6875, 55.46875, 56.25, 57.03125, 57.8125, 58.59375, 59.375, 60.15625, 60.9375, 61.71875, 62.5, 63.28125, 64.0625, 64.84375, 65.625, 66.40625, 67.1875, 67.96875, 68.75, 69.53125, 70.3125, 71.09375, 71.875, 72.65625, 73.4375, 74.21875, 75.0, 75.78125, 76.5625, 77.34375, 78.125, 78.90625, 79.6875, 80.46875, 81.25, 82.03125, 82.8125, 83.59375, 84.375, 85.15625, 85.9375, 86.71875, 87.5, 88.28125, 89.0625, 89.84375, 90.625, 91.40625, 92.1875, 92.96875, 93.75, 94.53125, 95.3125, 96.09375, 96.875, 97.65625, 98.4375, 99.21875, 100.0]}