{"psd": [48.938066022589, 58.449294598390765, 52.593568924242355, 47.73246751296382, 45.9055829319696, 44.53306373671914, 42.50941458078699, 42.30236208210026, 41.654041314270756, 42.088736529528255, 43.62583777724559, 45.21259663330036, 46.60686996086328, 46.61313640601953, 47.23708839320516, 47.25852205652793, 48.778590741159434, 49.32792488741606, 48.77593805297606, 51.929497226315824, 51.73397595649654, 51.31439768127607, 54.06075231098413, 55.619887745912386, 50.49782635623152, 52.606453978670025, 58.920941785830784, 56.01564153203824, 51.962495630839655, 52.29701192184284, 53.24192826836844, 53.78552981700663, 53.684939834896845, 54.20309432953842, 54.66702766858014, 53.63617911454416, 55.35963901001368, 60.198624709631034, 67.51647106269303, 66.25241663984498, 57.02667538099766, 55.43773212108186, 56.14135134253071, 57.08435510423822, 57.37196547686771, 57.13690482226562, 57.85952552828503, 57.853284967915556, 63.437020957026746, 66.42375760748833, 60.85757116562733, 59.99984408338175, 59.93257792446536, 59.30037816689688, 59.69874369232297, 59.24023427540565, 59.293048394436326, 62.64849803847703, 63.91538735183994, 60.82797661038407, 61.058679148035296, 60.71486930464398, 60.57874951041059, 60.9099038170989, 61.0602269272482, 61.96187884794209, 61.55196615417039, 61.073507767060995, 60.63487830004949, 60.17263789884049, 60.30263134925497, 61.239174202039464, 59.89845079126003, 59.85770077164359, 64.8178404294398, 73.12017603184478, 83.07105187738708, 81.15495244086887, 70.91100751605003, 65.87503741907226, 59.92376616168383, 59.20356663023452, 64.93655660825826, 70.61722753041089, 65.3128998454472, 58.60428342483687, 59.373184257553746, 59.73219274640592, 59.50080536991926, 59.9813255024437, 59.97739600400291, 60.175796921832344, 60.15791734651287, 59.53070430192486, 59.03726214802376, 61.67765299050748, 64.95957143359864, 61.686135741130656, 58.99365127593264, 57.68495420792374, 57.72634556386762, 58.127926067024006, 58.014200019450534, 58.469714054409714, 58.44268603465387, 58.179345808097324, 57.938141242527635, 57.97585627898049, 58.022498079268004, 58.122990943191404, 57.75701490957334, 57.31028290267318, 57.213403011236004, 58.25565072891977, 59.37240865580755, 65.88988945628583, 62.364595307985894, 47.82182355138167, 43.959167740677636, 39.00800088885245, 34.3487825800607, 28.285658693839192, 23.69648913636979, 21.730623128597006, 21.7688420331572, 21.528930059846875, 21.300035025457706, 21.88729535993408, 17.54205249123076], "f": [0.0, 0.78125, 1.5625, 2.34375, 3.125, 3.90625, 4.6875, 5.46875, 6.25, 7.03125, 7.8125, 8.59375, 9.375, 10.15625, 10.9375, 11.71875, 12.5, 13.28125, 14.0625, 14.84375, 15.625, 16.40625, 17.1875, 17.96875, 18.75, 19.53125, 20.3125, 21.09375, 21.875, 22.65625, 23.4375, 24.21875, 25.0, 25.78125, 26.5625, 27.34375, 28.125, 28.90625, 29.6875, 30.46875, 31.25, 32.03125, 32.8125, 33.59375, 34.375, 35.15625, 35.9375, 36.71875, 37.5, 38.28125, 39.0625, 39.84375, 40.625, 41.40625, 42.1875, 42.96875, 43.75, 44.53125, 45.3125, 46.09375, 46.875, 47.65625, 48.4375, 49.21875, 50.0, 50.78125, 51.5625, 52.34375, 53.125, 53.90625, 54.6875, 55.46875, 56.25, 57.03125, 57.8125, 58.59375, 59.375, 60.15625, 60.9375, 61.71875, 62.5, 63.28125, 64.0625, 64.84375, 65.625, 66.40625, 67.1875, 67.96875, 68.75, 69.53125, 70.3125, 71.09375, 71.875, 72.65625, 73.4375, 74.21875, 75.0, 75.78125, 76.5625, 77.34375, 78.125, 78.90625, 79.6875, 80.46875, 81.25, 82.03125, 82.8125, 83.59375, 84.375, 85.15625, 85.9375, 86.71875, 87.5, 88.28125, 89.0625, 89.84375, 90.625, 91.40625, 92.1875, 92.96875, 93.75, 94.53125, 95.3125, 96.09375, 96.875, 97.65625, 98.4375, 99.21875, 100.0]}