{"psd": [53.03203823226618, 61.14840848301532, 57.73055135553976, 55.957224711317544, 54.447562305628345, 51.01999035861916, 47.11937536068464, 44.42858075551022, 45.37067701763484, 45.18892037825756, 47.24040046902378, 46.75142798658104, 46.86989907256213, 45.53982513402504, 46.36985023825809, 48.484844127697706, 50.0799858597268, 48.87799261479465, 49.752164725886054, 50.176917488437134, 53.22021343187281, 50.88495925868124, 50.35332901699398, 50.93745676592843, 51.32718859032667, 52.49193956688259, 53.44359245081506, 54.378032038640654, 56.28162278482737, 58.20089132745038, 57.82831917423097, 56.51613681365448, 56.594835094911474, 57.437824183300776, 58.66640019639412, 58.03956702655837, 58.711540011259885, 62.023497658503, 70.96936276204947, 70.04873637989245, 60.82128431433696, 60.14033469162017, 59.405996043764304, 59.112544750171324, 59.576553016567466, 60.41332308225988, 61.60447421322041, 64.08905072150861, 72.13785222808778, 72.06745294893169, 63.67243179156916, 61.811599346395525, 61.54033285117642, 61.44430754004113, 60.85572227079962, 61.17990162036793, 61.59398361290287, 68.74618488406925, 69.90039422043027, 62.5165886051601, 61.32839919347545, 61.14835450961862, 61.886807474230245, 64.43312189760653, 66.42688562761212, 65.36021708689815, 63.12539922352506, 61.53208361103205, 61.20335522870431, 61.20440090690381, 61.15392948119813, 62.86895714732893, 62.3550575079113, 61.285861539324685, 65.85944622371227, 72.83144358651694, 81.75106602500576, 79.64839417685698, 65.88692128754536, 61.64233355272059, 61.27225784681568, 60.192046485166344, 63.563769910091224, 68.69443055551972, 64.5286304715104, 60.58330711036468, 61.306794908527436, 61.550046823966326, 62.16125878837613, 61.7182424777224, 60.24234290357903, 59.80603995379809, 59.57480886661373, 59.52046716705194, 59.85377469206301, 71.33124527639549, 77.42357031744143, 71.72631372101836, 58.91872619132748, 58.57580308884838, 58.08966883786781, 58.50431873732522, 58.74912092479211, 59.084733827490766, 59.18884958288288, 58.865038376354036, 58.6715106061099, 58.835941073676096, 57.95474315624492, 57.118938111167246, 56.730297844125566, 56.00043589785909, 56.24228298213175, 57.37570892735959, 57.6986214478989, 62.796713809806015, 59.89434274080903, 47.72521138042023, 43.656002179382526, 40.310539063991015, 34.51193918043494, 28.21799588879616, 23.68217408933767, 21.543200821414615, 21.15146161537098, 21.29345529781081, 21.574683136886563, 21.42644592395101, 16.769092675656353], "f": [0.0, 0.78125, 1.5625, 2.34375, 3.125, 3.90625, 4.6875, 5.46875, 6.25, 7.03125, 7.8125, 8.59375, 9.375, 10.15625, 10.9375, 11.71875, 12.5, 13.28125, 14.0625, 14.84375, 15.625, 16.40625, 17.1875, 17.96875, 18.75, 19.53125, 20.3125, 21.09375, 21.875, 22.65625, 23.4375, 24.21875, 25.0, 25.78125, 26.5625, 27.34375, 28.125, 28.90625, 29.6875, 30.46875, 31.25, 32.03125, 32.8125, 33.59375, 34.375, 35.15625, 35.9375, 36.71875, 37.5, 38.28125, 39.0625, 39.84375, 40.625, 41.40625, 42.1875, 42.96875, 43.75, 44.53125, 45.3125, 46.09375, 46.875, 47.65625, 48.4375, 49.21875, 50.0, 50.78125, 51.5625, 52.34375, 53.125, 53.90625, 54.6875, 55.46875, 56.25, 57.03125, 57.8125, 58.59375, 59.375, 60.15625, 60.9375, 61.71875, 62.5, 63.28125, 64.0625, 64.84375, 65.625, 66.40625, 67.1875, 67.96875, 68.75, 69.53125, 70.3125, 71.09375, 71.875, 72.65625, 73.4375, 74.21875, 75.0, 75.78125, 76.5625, 77.34375, 78.125, 78.90625, 79.6875, 80.46875, 81.25, 82.03125, 82.8125, 83.59375, 84.375, 85.15625, 85.9375, 86.71875, 87.5, 88.28125, 89.0625, 89.84375, 90.625, 91.40625, 92.1875, 92.96875, 93.75, 94.53125, 95.3125, 96.09375, 96.875, 97.65625, 98.4375, 99.21875, 100.0]}