{"psd": [56.25463722543918, 65.82268971214108, 58.79786918406317, 54.84949624442929, 51.62993249971254, 47.884042135364666, 44.906688612656865, 41.838105107353584, 42.18055285383542, 46.462408379259585, 47.97313027051387, 47.08107818838955, 46.96259498058647, 48.6182546791443, 48.65779478495668, 48.05824882895544, 47.101644790604375, 48.57943835202428, 49.425381443598546, 53.941528262416426, 52.97132935414956, 51.067510979245576, 51.308369425532916, 51.75347716231734, 52.29427385713909, 53.37450344670138, 53.413490494208745, 52.91760738547545, 53.4296068682201, 55.91676801932455, 55.47120837774252, 54.72869538239702, 54.58882758500338, 55.14579258943675, 55.54380696016224, 54.593387475497366, 54.52646907547045, 56.8214637722652, 64.66868899446213, 63.85737151599951, 57.70931211046674, 58.606635147752115, 57.027282796695815, 56.3593251896689, 56.836344006811274, 57.13913144792619, 58.2855839484868, 58.942704978765086, 60.42080991948276, 60.39742046431002, 59.98624257107954, 60.06907656166659, 59.70223840521971, 59.235778411402926, 59.77689402039601, 59.208020457665675, 60.44382527432048, 65.97327503571509, 66.90444779474151, 62.29832203139174, 60.89012648111519, 60.80951141675625, 60.66071281021563, 60.54232505860385, 61.28625673005226, 62.15779178443049, 63.1217105346738, 64.38616249911482, 63.56402837758307, 62.33657740866033, 62.041549318982064, 61.79970548493208, 61.91332060638327, 62.21217829253854, 62.46866743180588, 70.4173592841103, 80.86849098344894, 78.93195344225794, 66.37988583602174, 63.808710623822336, 63.84798778213213, 63.09175655455518, 62.51858958618832, 62.89422871113898, 62.05578381876996, 62.472472113640805, 63.5814464364754, 63.57987031126032, 62.71793313809718, 62.86272349622902, 63.111798284866225, 63.55074327476798, 63.86781892078642, 63.57473952918592, 63.468756092423256, 64.04835611933179, 65.7847317177947, 64.48388289235042, 63.75828770583851, 63.79678231830599, 63.230026509262885, 63.96586942146301, 63.786805698646845, 64.75053534547898, 64.4297438906286, 63.19248223763783, 62.64193915210963, 62.76066580021636, 62.15806479264553, 62.19017010501346, 62.49929494804758, 62.39258758158526, 61.369982011818976, 60.381778143375975, 60.181138982821935, 62.2867604907918, 59.33991620899214, 52.0663567093363, 47.95382251437018, 43.53874523919969, 38.59274258284211, 32.391532302863176, 26.284958244295677, 22.631044298118578, 21.90322103449956, 21.81913107415771, 21.377463904184147, 21.142963411689525, 16.684037808919005], "f": [0.0, 0.78125, 1.5625, 2.34375, 3.125, 3.90625, 4.6875, 5.46875, 6.25, 7.03125, 7.8125, 8.59375, 9.375, 10.15625, 10.9375, 11.71875, 12.5, 13.28125, 14.0625, 14.84375, 15.625, 16.40625, 17.1875, 17.96875, 18.75, 19.53125, 20.3125, 21.09375, 21.875, 22.65625, 23.4375, 24.21875, 25.0, 25.78125, 26.5625, 27.34375, 28.125, 28.90625, 29.6875, 30.46875, 31.25, 32.03125, 32.8125, 33.59375, 34.375, 35.15625, 35.9375, 36.71875, 37.5, 38.28125, 39.0625, 39.84375, 40.625, 41.40625, 42.1875, 42.96875, 43.75, 44.53125, 45.3125, 46.09375, 46.875, 47.65625, 48.4375, 49.21875, 50.0, 50.78125, 51.5625, 52.34375, 53.125, 53.90625, 54.6875, 55.46875, 56.25, 57.03125, 57.8125, 58.59375, 59.375, 60.15625, 60.9375, 61.71875, 62.5, 63.28125, 64.0625, 64.84375, 65.625, 66.40625, 67.1875, 67.96875, 68.75, 69.53125, 70.3125, 71.09375, 71.875, 72.65625, 73.4375, 74.21875, 75.0, 75.78125, 76.5625, 77.34375, 78.125, 78.90625, 79.6875, 80.46875, 81.25, 82.03125, 82.8125, 83.59375, 84.375, 85.15625, 85.9375, 86.71875, 87.5, 88.28125, 89.0625, 89.84375, 90.625, 91.40625, 92.1875, 92.96875, 93.75, 94.53125, 95.3125, 96.09375, 96.875, 97.65625, 98.4375, 99.21875, 100.0]}