{"psd": [45.01002316837284, 53.81601314467619, 50.228094228715335, 49.245650410301955, 48.83215984878242, 46.980885277480084, 44.97196858027772, 43.88178106023681, 45.653695424826196, 47.931690399901996, 50.95233957121458, 54.08794422643009, 51.75025851801843, 50.10520147717516, 49.559225392312136, 50.364326136600816, 51.594760335836014, 51.340794701464574, 52.36527454889452, 52.554790206756735, 53.136775905178446, 52.96731328610795, 52.75831477497381, 53.963047749276924, 53.88266139757913, 54.055380791443184, 55.1275237779139, 55.93785830687199, 56.24865097967336, 58.69591818794832, 65.17229631350895, 65.91826000873196, 61.04212434220563, 59.493635338732396, 59.636355968732516, 60.34797804201352, 60.44495149552847, 60.50865174328887, 67.4777256450744, 66.68668812598911, 63.67233046970468, 65.49556947967092, 63.04724096259521, 61.65173098077587, 61.25843635528384, 60.13714393890826, 60.53816405106587, 62.4179877851406, 72.19822376381964, 72.70625441651458, 63.569713569638935, 62.30316166339584, 62.26362984137383, 62.00359975770751, 61.76661893450031, 62.128223601375964, 63.55803768420546, 65.85942238983269, 65.69850594851167, 63.09290900578304, 62.68362367102093, 62.34720842101579, 62.771094784666694, 64.5928542112581, 67.81353987994822, 66.59878812430509, 64.08116176072551, 62.770595622448695, 61.91557650296318, 61.51995020269559, 61.824272801912485, 63.51147386721223, 63.943731326074186, 63.23391567314917, 64.83403835469709, 73.1831984167131, 83.00789096331218, 81.20943054589875, 67.03403375087804, 62.34205626662198, 62.023937982429935, 62.28510030241944, 62.73581729782988, 64.07776237221671, 63.22686903907301, 61.947525840997784, 61.75977571930319, 62.027117365613826, 61.65030613541103, 61.63748083416051, 61.452931880649615, 60.38345366154478, 59.81102509523445, 59.103025493160516, 59.76274164703905, 68.71806618395951, 74.1723764304626, 68.62723031364729, 60.18942660893836, 59.048327723306244, 59.06759424030334, 58.84689609716951, 58.873170116070305, 59.54065345286517, 59.78245285647191, 59.43046889715362, 59.23674644092965, 58.6306182552218, 58.81363670317019, 58.75600563282233, 58.22777819271947, 57.17498938671092, 58.06068913126691, 59.27250542749324, 57.8598204913915, 62.43447658031293, 59.11315886487053, 48.73207876890742, 44.71267827762926, 40.262062717785156, 34.38313304717121, 28.72263901153105, 24.20319524078665, 22.236974233146235, 21.814291550280558, 21.77889739892008, 22.12241667954936, 22.126565994033488, 17.516411612874542], "f": [0.0, 0.78125, 1.5625, 2.34375, 3.125, 3.90625, 4.6875, 5.46875, 6.25, 7.03125, 7.8125, 8.59375, 9.375, 10.15625, 10.9375, 11.71875, 12.5, 13.28125, 14.0625, 14.84375, 15.625, 16.40625, 17.1875, 17.96875, 18.75, 19.53125, 20.3125, 21.09375, 21.875, 22.65625, 23.4375, 24.21875, 25.0, 25.78125, 26.5625, 27.34375, 28.125, 28.90625, 29.6875, 30.46875, 31.25, 32.03125, 32.8125, 33.59375, 34.375, 35.15625, 35.9375, 36.71875, 37.5, 38.28125, 39.0625, 39.84375, 40.625, 41.40625, 42.1875, 42.96875, 43.75, 44.53125, 45.3125, 46.09375, 46.875, 47.65625, 48.4375, 49.21875, 50.0, 50.78125, 51.5625, 52.34375, 53.125, 53.90625, 54.6875, 55.46875, 56.25, 57.03125, 57.8125, 58.59375, 59.375, 60.15625, 60.9375, 61.71875, 62.5, 63.28125, 64.0625, 64.84375, 65.625, 66.40625, 67.1875, 67.96875, 68.75, 69.53125, 70.3125, 71.09375, 71.875, 72.65625, 73.4375, 74.21875, 75.0, 75.78125, 76.5625, 77.34375, 78.125, 78.90625, 79.6875, 80.46875, 81.25, 82.03125, 82.8125, 83.59375, 84.375, 85.15625, 85.9375, 86.71875, 87.5, 88.28125, 89.0625, 89.84375, 90.625, 91.40625, 92.1875, 92.96875, 93.75, 94.53125, 95.3125, 96.09375, 96.875, 97.65625, 98.4375, 99.21875, 100.0]}