{"psd": [57.44354928678632, 66.35411790138807, 63.27980764085694, 57.52696254262759, 52.03517075508301, 48.05380057483867, 46.075829014580464, 46.86592658070165, 47.54614921535606, 49.13643267089064, 50.04407773343328, 50.302406847661, 51.39588357928402, 51.87225400731113, 52.48894625660928, 53.18662378095087, 53.5959814068837, 54.60322870741983, 56.06975347867558, 57.43757433237404, 56.81596221928569, 56.87791782336138, 57.79809761621018, 60.53476945868064, 60.17827819964392, 59.2298741541072, 59.17174910924621, 59.304625216567956, 61.105285427121785, 63.17881480623805, 62.29395745489964, 60.65630805976902, 60.68825602842538, 61.691929138544204, 61.43283251913804, 61.66634378293884, 61.745342067939, 62.40111988682592, 62.81821411753136, 62.40057064242113, 62.49243020722883, 62.41217090588539, 62.90018142716826, 63.01640230155405, 62.80999840114822, 63.50395885447041, 65.75824721101468, 65.44102885082411, 63.49220041346058, 63.79938072724236, 64.00474374799435, 64.35062797816879, 64.30253638739907, 64.07800995144937, 64.15821071984186, 64.24915966289346, 64.65042822422706, 64.56945679418439, 65.04990045068297, 65.08309320775905, 65.27779340168239, 64.50629178144376, 64.47931344420921, 65.00215462486184, 64.93803292563724, 65.41812997500642, 65.83041515788591, 65.44198323159839, 65.44031333140863, 65.3283481282237, 65.02301815970065, 65.33597663590012, 65.44379573536752, 65.58081183538918, 66.0167303251853, 66.44774971078719, 66.20595155125845, 66.1680799664576, 65.93242908981362, 65.7680926599784, 65.68668280333036, 65.5498687825317, 65.80595406742117, 66.13124213661195, 66.12128152644205, 65.91089412685245, 65.63776587555134, 65.80914240464661, 65.83608319168192, 65.84361227538396, 65.90853889934377, 66.47751735682021, 66.46560052084415, 66.15613663757237, 66.21568020633829, 66.64362295500086, 67.69654110465206, 66.97760666666633, 66.54978005012849, 68.53603048865612, 66.68858104859864, 65.9057126081326, 66.45476328937094, 67.04700022663938, 66.57006896852755, 66.7261095891617, 66.71529529209889, 66.89913687048491, 66.8986208054381, 66.24773248435807, 66.15940146088056, 65.8217917677905, 65.65875805766504, 64.91548442407606, 63.78369919204161, 63.15737528913006, 60.9235573996571, 57.024777623002194, 53.09782931161597, 48.577776226194096, 43.47771226302782, 36.76352549149399, 29.947428644300373, 24.360697183233086, 22.163223550899232, 21.46569134392131, 21.643069283414597, 21.645275062259373, 16.65303086989571], "f": [0.0, 0.78125, 1.5625, 2.34375, 3.125, 3.90625, 4.6875, 5.46875, 6.25, 7.03125, 7.8125, 8.59375, 9.375, 10.15625, 10.9375, 11.71875, 12.5, 13.28125, 14.0625, 14.84375, 15.625, 16.40625, 17.1875, 17.96875, 18.75, 19.53125, 20.3125, 21.09375, 21.875, 22.65625, 23.4375, 24.21875, 25.0, 25.78125, 26.5625, 27.34375, 28.125, 28.90625, 29.6875, 30.46875, 31.25, 32.03125, 32.8125, 33.59375, 34.375, 35.15625, 35.9375, 36.71875, 37.5, 38.28125, 39.0625, 39.84375, 40.625, 41.40625, 42.1875, 42.96875, 43.75, 44.53125, 45.3125, 46.09375, 46.875, 47.65625, 48.4375, 49.21875, 50.0, 50.78125, 51.5625, 52.34375, 53.125, 53.90625, 54.6875, 55.46875, 56.25, 57.03125, 57.8125, 58.59375, 59.375, 60.15625, 60.9375, 61.71875, 62.5, 63.28125, 64.0625, 64.84375, 65.625, 66.40625, 67.1875, 67.96875, 68.75, 69.53125, 70.3125, 71.09375, 71.875, 72.65625, 73.4375, 74.21875, 75.0, 75.78125, 76.5625, 77.34375, 78.125, 78.90625, 79.6875, 80.46875, 81.25, 82.03125, 82.8125, 83.59375, 84.375, 85.15625, 85.9375, 86.71875, 87.5, 88.28125, 89.0625, 89.84375, 90.625, 91.40625, 92.1875, 92.96875, 93.75, 94.53125, 95.3125, 96.09375, 96.875, 97.65625, 98.4375, 99.21875, 100.0]}