{"psd": [42.94070097366405, 52.19457799864358, 47.236009400594334, 45.364364223447495, 44.285516518693164, 42.334694311295905, 40.35265688147379, 40.5304342848197, 43.85154133448975, 44.43756118179817, 48.071759790305336, 51.44110429800926, 50.812312799629986, 57.01596405254306, 61.746643440823405, 55.96161514594131, 49.2089101772148, 49.93128777439825, 50.23965131099967, 49.616285206536126, 50.21487700806561, 51.090659098068784, 51.56920390834681, 52.20395865252503, 51.017242672500046, 51.28676386945447, 53.59242864135353, 54.504454498594555, 53.494508128854214, 54.3746472149213, 55.918087273540166, 58.24801131843951, 57.32870824430985, 56.96775801694273, 56.599622083864325, 58.68513422656143, 56.85422838811639, 58.54751931465196, 66.23592244495592, 65.48640081432737, 60.973862888836486, 58.8801057407143, 58.06937068591621, 59.0622122418996, 58.36424252913162, 58.28155914620716, 59.93403028659024, 59.84985749541002, 59.63463260146696, 59.393301843729134, 58.64830516543848, 60.61363984191494, 61.522515464365206, 60.58342912870322, 60.518729290028794, 60.33807479863018, 61.01437520561533, 67.13496477096892, 68.03289310341148, 61.033610177835165, 60.25873731860102, 59.97570333220294, 60.71002084869341, 63.32154997735502, 66.02956622125487, 63.351833482280114, 60.192892163483705, 60.863584634950165, 60.95217903853475, 60.350707721269494, 61.03324423144446, 61.20728626166234, 60.86535086748483, 60.87972961787732, 61.68114510038854, 65.84531106078369, 76.75586749494533, 78.38500983604172, 68.98720144013967, 60.82748107601529, 60.32902779528516, 60.299867977489114, 61.85571261252811, 65.2794221981865, 62.16132752457093, 59.85924261964139, 60.048070560837246, 59.658988197900065, 60.70239763455736, 59.7640262338258, 58.9106961833027, 59.01046163809961, 62.60061716694567, 69.63875739798108, 68.26116170415028, 64.95381977866207, 69.98418456958198, 64.7143054104265, 60.78373019041199, 60.8815605355257, 59.9109327228588, 59.80523262092702, 59.602055797965136, 61.919002441789736, 61.922491947873304, 59.770018809382, 58.905531573979026, 59.358252475246246, 60.285574443506476, 61.19738964827305, 59.53339593531019, 58.19446721281583, 57.9579115300922, 58.48061209026951, 60.678695263064014, 65.13744683975384, 61.62694149400616, 49.7846706874261, 45.79579299966269, 43.271961423598036, 37.68787424414451, 29.622084176814077, 24.353935726724586, 22.293276261440717, 21.65471964602943, 21.519284518806906, 21.43073062953175, 21.612034459109353, 16.42695921333234], "f": [0.0, 0.78125, 1.5625, 2.34375, 3.125, 3.90625, 4.6875, 5.46875, 6.25, 7.03125, 7.8125, 8.59375, 9.375, 10.15625, 10.9375, 11.71875, 12.5, 13.28125, 14.0625, 14.84375, 15.625, 16.40625, 17.1875, 17.96875, 18.75, 19.53125, 20.3125, 21.09375, 21.875, 22.65625, 23.4375, 24.21875, 25.0, 25.78125, 26.5625, 27.34375, 28.125, 28.90625, 29.6875, 30.46875, 31.25, 32.03125, 32.8125, 33.59375, 34.375, 35.15625, 35.9375, 36.71875, 37.5, 38.28125, 39.0625, 39.84375, 40.625, 41.40625, 42.1875, 42.96875, 43.75, 44.53125, 45.3125, 46.09375, 46.875, 47.65625, 48.4375, 49.21875, 50.0, 50.78125, 51.5625, 52.34375, 53.125, 53.90625, 54.6875, 55.46875, 56.25, 57.03125, 57.8125, 58.59375, 59.375, 60.15625, 60.9375, 61.71875, 62.5, 63.28125, 64.0625, 64.84375, 65.625, 66.40625, 67.1875, 67.96875, 68.75, 69.53125, 70.3125, 71.09375, 71.875, 72.65625, 73.4375, 74.21875, 75.0, 75.78125, 76.5625, 77.34375, 78.125, 78.90625, 79.6875, 80.46875, 81.25, 82.03125, 82.8125, 83.59375, 84.375, 85.15625, 85.9375, 86.71875, 87.5, 88.28125, 89.0625, 89.84375, 90.625, 91.40625, 92.1875, 92.96875, 93.75, 94.53125, 95.3125, 96.09375, 96.875, 97.65625, 98.4375, 99.21875, 100.0]}