{"psd": [65.17087390126213, 73.50559971197093, 69.87668776174542, 66.84919783277182, 63.93340003304669, 59.84536637866404, 55.887462239845924, 54.26390283348381, 58.212021188065734, 58.27303114202554, 68.78169193038242, 72.58683474448256, 66.026691320725, 59.79991266589775, 60.287685299626126, 59.920610473297494, 64.46973595922694, 62.79691681194517, 68.40018879978086, 72.86957031285205, 67.3495803782272, 68.17906752292427, 69.20736177078662, 64.1038459650246, 64.5775439907239, 65.42152435100337, 66.27090312324567, 68.4059397027175, 65.52106678288006, 64.63262003304516, 64.34844428261196, 64.38395668803969, 66.68187832579943, 65.28142152163709, 63.24211299872672, 64.14258726017465, 63.95706238224811, 65.9925617526539, 68.87774440567158, 66.63487409162866, 65.77275528750313, 65.76331555740165, 64.6723084341705, 65.28388840340622, 63.88136299558346, 65.42254060585661, 66.84652218405643, 63.96853355698382, 66.46640473114924, 66.65477452052929, 62.7416091302095, 63.85970208168375, 63.430833433554106, 64.82747110302907, 67.54781086279708, 65.52923336861498, 67.99012245842417, 69.40545673746496, 66.38603320454544, 64.5848579527386, 63.78883658398175, 65.18644349574376, 69.00665187786922, 67.18276139033921, 67.24074629391257, 68.47815188203838, 66.43312527803852, 66.29756850728327, 66.23771181253821, 65.02973060159181, 67.385404117162, 66.66760531755789, 66.92252649683664, 68.52542084733435, 68.13072633517193, 70.08793374210764, 70.6907434104204, 68.94584103751774, 68.9939906070581, 68.57540787556039, 66.68751696825646, 66.85507047530449, 66.93284607783221, 67.88894586814716, 69.43494167225114, 71.18848398464067, 74.04915426125224, 73.8005929040646, 71.4804788600571, 70.6276348574189, 70.2000154834389, 70.07778162054422, 70.6536766195713, 70.24377713656942, 71.3995718977485, 72.1998329263623, 72.2747947865, 74.02512023378998, 73.02249526857747, 71.75360655451337, 71.68520259590362, 70.71438251454266, 71.21959187361861, 71.06324377382519, 70.21309741675397, 70.60568947123977, 71.38946220376505, 71.51218754649186, 71.90183927328503, 71.34796711311027, 71.02341648703124, 70.73567562262555, 70.83144522750298, 70.5386147567924, 69.17498388155961, 67.65433941751428, 66.09791084494661, 63.514267215256474, 60.735549515814014, 57.45878049180221, 51.581548346901165, 44.23312804636984, 36.53492129998106, 28.564376997604807, 23.287913394122718, 21.729564141970606, 21.3872136652456, 21.504210722385885, 16.427240035217515], "f": [0.0, 0.78125, 1.5625, 2.34375, 3.125, 3.90625, 4.6875, 5.46875, 6.25, 7.03125, 7.8125, 8.59375, 9.375, 10.15625, 10.9375, 11.71875, 12.5, 13.28125, 14.0625, 14.84375, 15.625, 16.40625, 17.1875, 17.96875, 18.75, 19.53125, 20.3125, 21.09375, 21.875, 22.65625, 23.4375, 24.21875, 25.0, 25.78125, 26.5625, 27.34375, 28.125, 28.90625, 29.6875, 30.46875, 31.25, 32.03125, 32.8125, 33.59375, 34.375, 35.15625, 35.9375, 36.71875, 37.5, 38.28125, 39.0625, 39.84375, 40.625, 41.40625, 42.1875, 42.96875, 43.75, 44.53125, 45.3125, 46.09375, 46.875, 47.65625, 48.4375, 49.21875, 50.0, 50.78125, 51.5625, 52.34375, 53.125, 53.90625, 54.6875, 55.46875, 56.25, 57.03125, 57.8125, 58.59375, 59.375, 60.15625, 60.9375, 61.71875, 62.5, 63.28125, 64.0625, 64.84375, 65.625, 66.40625, 67.1875, 67.96875, 68.75, 69.53125, 70.3125, 71.09375, 71.875, 72.65625, 73.4375, 74.21875, 75.0, 75.78125, 76.5625, 77.34375, 78.125, 78.90625, 79.6875, 80.46875, 81.25, 82.03125, 82.8125, 83.59375, 84.375, 85.15625, 85.9375, 86.71875, 87.5, 88.28125, 89.0625, 89.84375, 90.625, 91.40625, 92.1875, 92.96875, 93.75, 94.53125, 95.3125, 96.09375, 96.875, 97.65625, 98.4375, 99.21875, 100.0]}