{"psd": [59.88343737709579, 68.34284736786515, 67.34168363453259, 64.08671129320145, 59.744728662577884, 54.93221214147581, 50.79501330854455, 48.05989085370981, 47.913135190174934, 52.16390965998335, 51.663467911413505, 49.44564271074928, 52.262264259759746, 51.94470981213482, 51.10719804993002, 52.26936759785385, 52.949985806737764, 53.44690638524263, 54.90095444833034, 57.57918222774799, 56.481023375405314, 56.28169930686858, 56.84197919638442, 58.69489000194517, 59.00124535871774, 59.19884352975575, 59.37853866048792, 60.03433275636518, 61.09762293424748, 61.72474859309965, 61.76310215113731, 61.36921957666354, 61.49000859805238, 61.28428094244317, 60.299650999955546, 60.65696292213143, 60.61722624307634, 61.254586042068254, 64.27355853974984, 62.9082382227036, 60.27025607864702, 60.069109597032444, 59.64214508510527, 60.26245369377747, 62.905226593746676, 65.19778750992275, 63.57120116424079, 61.06633928969291, 61.532543913365885, 60.42292787336319, 59.45371972249539, 60.83452770607016, 59.710601873078836, 59.75540330455082, 60.98931543896006, 60.28121983660952, 60.411524717692174, 65.00555932567278, 65.97967506234659, 61.282758936399794, 60.77098639143745, 61.09196334983444, 60.94780924975274, 61.56408598715002, 61.863246230179236, 61.58219887237138, 61.5053497212027, 61.29089437980592, 61.393391398666274, 61.50572443732094, 61.45753241645539, 61.23658158816234, 61.02929065761992, 61.51297955940204, 64.80695037158065, 68.56117863088909, 77.06916925518355, 80.35563385672438, 71.88946640312841, 62.7917363621001, 62.989189155760656, 63.359498791057135, 62.79246491710896, 62.073584134559866, 61.62732286816049, 61.49779304468374, 61.65254103535303, 61.37343062910449, 62.09421363978212, 63.62117868113019, 64.41622648640278, 64.64531990541212, 64.48897140543669, 64.65388577157921, 65.0529491893383, 66.64255086248426, 67.98264472946687, 66.85874802726005, 65.9722408522557, 66.00754421537056, 66.69339917117239, 66.38195304830995, 67.328097437536, 66.4612363117063, 65.72644288998251, 66.29216354647893, 66.8037766869296, 66.0049149759953, 65.87207370330482, 64.60451120401392, 63.52137905315811, 62.44402367967769, 61.61257308114174, 59.68916500951393, 60.63440969301532, 63.29174663451888, 60.34911341620024, 53.312915652949, 48.43852899365305, 43.48571535639703, 38.04923633778997, 32.15149865402577, 26.215685852571763, 22.772189495897518, 22.187075332189345, 21.503233576061646, 21.49833538038738, 21.586722576889642, 16.770763588461], "f": [0.0, 0.78125, 1.5625, 2.34375, 3.125, 3.90625, 4.6875, 5.46875, 6.25, 7.03125, 7.8125, 8.59375, 9.375, 10.15625, 10.9375, 11.71875, 12.5, 13.28125, 14.0625, 14.84375, 15.625, 16.40625, 17.1875, 17.96875, 18.75, 19.53125, 20.3125, 21.09375, 21.875, 22.65625, 23.4375, 24.21875, 25.0, 25.78125, 26.5625, 27.34375, 28.125, 28.90625, 29.6875, 30.46875, 31.25, 32.03125, 32.8125, 33.59375, 34.375, 35.15625, 35.9375, 36.71875, 37.5, 38.28125, 39.0625, 39.84375, 40.625, 41.40625, 42.1875, 42.96875, 43.75, 44.53125, 45.3125, 46.09375, 46.875, 47.65625, 48.4375, 49.21875, 50.0, 50.78125, 51.5625, 52.34375, 53.125, 53.90625, 54.6875, 55.46875, 56.25, 57.03125, 57.8125, 58.59375, 59.375, 60.15625, 60.9375, 61.71875, 62.5, 63.28125, 64.0625, 64.84375, 65.625, 66.40625, 67.1875, 67.96875, 68.75, 69.53125, 70.3125, 71.09375, 71.875, 72.65625, 73.4375, 74.21875, 75.0, 75.78125, 76.5625, 77.34375, 78.125, 78.90625, 79.6875, 80.46875, 81.25, 82.03125, 82.8125, 83.59375, 84.375, 85.15625, 85.9375, 86.71875, 87.5, 88.28125, 89.0625, 89.84375, 90.625, 91.40625, 92.1875, 92.96875, 93.75, 94.53125, 95.3125, 96.09375, 96.875, 97.65625, 98.4375, 99.21875, 100.0]}