{"psd": [57.56845419230644, 66.36308699588702, 63.37595053640851, 57.654402660450934, 51.65543856910682, 47.20305562208273, 45.97070897321843, 45.92405006558942, 46.67687603990879, 48.29291067995915, 50.729331203018255, 50.99873878836674, 51.5760637008801, 51.73315730500452, 52.14071998401572, 52.42865681483075, 54.95756433173584, 54.70252589683005, 54.015512145397636, 54.93636120571117, 55.38865742733654, 55.319802583194885, 57.38737327806174, 58.864472590152744, 59.02889007724667, 58.1129600780638, 57.9347750880234, 58.31777526261472, 59.5852539455582, 61.303756689659906, 61.337971410734546, 61.350057586951756, 62.36665401965817, 62.72712578877708, 61.39988285226498, 61.456486578946354, 61.18924759489863, 61.499511466911116, 62.222551538533764, 61.78375023880229, 61.4034034704617, 61.18609883326208, 61.404388527778224, 61.621732993499165, 61.624593726485095, 62.08160845026291, 62.956999494781684, 63.76717109047527, 62.353818601989985, 62.07599447602792, 61.775620531728414, 62.44949577325818, 63.11065912182218, 62.29052309912478, 62.47176823875668, 63.48333814656702, 63.742344875242225, 63.291840016825006, 63.69778549215086, 63.16965720649399, 63.80178000861659, 63.880596216287735, 63.73972405361178, 63.40248147425211, 63.81029138228069, 63.75415044736454, 63.75131183734848, 63.55137061219015, 63.55789784002958, 63.816374782835, 63.74451659666753, 63.523180311439226, 63.61196236011981, 64.06001572925496, 63.758495892873114, 63.76809466324307, 64.80137789577677, 65.51366153487538, 64.06574002267857, 63.86520311328703, 63.85625970455408, 64.23541064047176, 64.04424096357599, 63.583322045260154, 63.984465507677825, 64.25877627441979, 64.88217358592453, 64.58740099946115, 64.50004129434312, 64.82904028395427, 65.05990870107227, 65.16383274113183, 65.87287796967867, 65.97476282759858, 66.6256459242172, 66.56549471152512, 67.77889435759404, 66.61636052731325, 65.61623121972482, 65.7503906956544, 65.89952737744102, 65.9650408292595, 65.62440288949747, 65.3242302232882, 65.69339983267132, 66.23073371773938, 66.52878997288221, 66.26056040227208, 65.84378707821286, 65.59164967845591, 65.70029857523909, 64.80472906423606, 64.40290327776673, 63.5350447184627, 62.29286229081828, 61.428175213934836, 59.00904013873024, 55.23307900683208, 51.02578149067864, 47.0199753010963, 41.251301756334755, 35.21354490637732, 28.16461773408271, 23.594748528489195, 21.835991315510746, 21.236398318970977, 21.42393378688571, 21.24824240022031, 16.64124267720062], "f": [0.0, 0.78125, 1.5625, 2.34375, 3.125, 3.90625, 4.6875, 5.46875, 6.25, 7.03125, 7.8125, 8.59375, 9.375, 10.15625, 10.9375, 11.71875, 12.5, 13.28125, 14.0625, 14.84375, 15.625, 16.40625, 17.1875, 17.96875, 18.75, 19.53125, 20.3125, 21.09375, 21.875, 22.65625, 23.4375, 24.21875, 25.0, 25.78125, 26.5625, 27.34375, 28.125, 28.90625, 29.6875, 30.46875, 31.25, 32.03125, 32.8125, 33.59375, 34.375, 35.15625, 35.9375, 36.71875, 37.5, 38.28125, 39.0625, 39.84375, 40.625, 41.40625, 42.1875, 42.96875, 43.75, 44.53125, 45.3125, 46.09375, 46.875, 47.65625, 48.4375, 49.21875, 50.0, 50.78125, 51.5625, 52.34375, 53.125, 53.90625, 54.6875, 55.46875, 56.25, 57.03125, 57.8125, 58.59375, 59.375, 60.15625, 60.9375, 61.71875, 62.5, 63.28125, 64.0625, 64.84375, 65.625, 66.40625, 67.1875, 67.96875, 68.75, 69.53125, 70.3125, 71.09375, 71.875, 72.65625, 73.4375, 74.21875, 75.0, 75.78125, 76.5625, 77.34375, 78.125, 78.90625, 79.6875, 80.46875, 81.25, 82.03125, 82.8125, 83.59375, 84.375, 85.15625, 85.9375, 86.71875, 87.5, 88.28125, 89.0625, 89.84375, 90.625, 91.40625, 92.1875, 92.96875, 93.75, 94.53125, 95.3125, 96.09375, 96.875, 97.65625, 98.4375, 99.21875, 100.0]}