{"psd": [49.23168533375065, 57.33972102371347, 56.572397387592154, 55.92069158998542, 53.40812318620311, 49.56111965998956, 45.17474076128258, 44.029164082482204, 44.411436908619635, 43.645010872856076, 45.11315514285126, 45.56493130463211, 46.862554879847956, 50.14041781696725, 51.27448980065645, 50.917703897625664, 48.41788415780521, 49.063000984548985, 49.008374441475624, 50.71491905354526, 50.506514276065545, 49.97738517158007, 53.39233728304775, 54.965916967657705, 51.7267654533578, 53.30540273347685, 57.64879149717119, 55.6203536514043, 54.65544031066044, 56.14936853186742, 55.76155766652196, 56.26155164616815, 56.36141748047157, 55.75646032690176, 56.13698764118641, 56.754092592750524, 57.506582821883285, 60.54994287032861, 66.91016823544595, 65.76457872215882, 59.40563103082448, 58.58600447894987, 58.80407687679206, 59.55821399598161, 59.62377870569871, 60.21779040890521, 61.43523952927819, 61.82820475323788, 62.96726778982145, 63.009031968394595, 62.57046300720222, 63.41789537109371, 64.82397688366822, 63.93419638998238, 62.954861829724805, 63.765146081249576, 64.68767345701505, 67.84155193898305, 68.66354042902181, 65.38461505148672, 63.92218870628461, 63.556601341781345, 63.48049502391247, 63.65241372209722, 63.49735662395443, 63.333723560830165, 63.39535379928527, 64.29800628730702, 64.53077398810504, 63.43200450580346, 62.8530470268162, 62.69868875398863, 62.413654737501034, 62.57478425353302, 67.67164341258892, 76.3296165814033, 85.85014569004089, 83.97007759352489, 73.16791890718547, 67.87224578754842, 62.47232334959334, 62.91647903312779, 68.05041347556063, 73.1578356773077, 68.0421424023719, 62.032517821805925, 61.88924229610663, 61.843974700881205, 62.42340944773461, 62.30866578687497, 61.89033528019645, 61.716183458441314, 62.78071996386146, 62.24623677232099, 62.03002698951194, 66.14903435599943, 69.79058503260981, 66.23645903007923, 60.816555622250036, 60.89058383587643, 60.80225310221078, 60.6757511338877, 60.92485112652493, 61.17906575146798, 62.23138655846708, 63.01433357144448, 61.81807552876471, 61.942701278159106, 62.03552819708567, 62.454901556488885, 62.38326542688452, 60.8944094527439, 60.24959740378772, 61.390521431848306, 62.216038711199786, 67.7832716841817, 64.11168234917926, 50.76164254324653, 46.48174317998912, 42.620307840100004, 37.27995714082808, 30.663813683303665, 24.900479078643336, 22.56858697331026, 21.69642063300346, 21.67927204526353, 21.698381592666284, 21.209014066687622, 16.396616510475116], "f": [0.0, 0.78125, 1.5625, 2.34375, 3.125, 3.90625, 4.6875, 5.46875, 6.25, 7.03125, 7.8125, 8.59375, 9.375, 10.15625, 10.9375, 11.71875, 12.5, 13.28125, 14.0625, 14.84375, 15.625, 16.40625, 17.1875, 17.96875, 18.75, 19.53125, 20.3125, 21.09375, 21.875, 22.65625, 23.4375, 24.21875, 25.0, 25.78125, 26.5625, 27.34375, 28.125, 28.90625, 29.6875, 30.46875, 31.25, 32.03125, 32.8125, 33.59375, 34.375, 35.15625, 35.9375, 36.71875, 37.5, 38.28125, 39.0625, 39.84375, 40.625, 41.40625, 42.1875, 42.96875, 43.75, 44.53125, 45.3125, 46.09375, 46.875, 47.65625, 48.4375, 49.21875, 50.0, 50.78125, 51.5625, 52.34375, 53.125, 53.90625, 54.6875, 55.46875, 56.25, 57.03125, 57.8125, 58.59375, 59.375, 60.15625, 60.9375, 61.71875, 62.5, 63.28125, 64.0625, 64.84375, 65.625, 66.40625, 67.1875, 67.96875, 68.75, 69.53125, 70.3125, 71.09375, 71.875, 72.65625, 73.4375, 74.21875, 75.0, 75.78125, 76.5625, 77.34375, 78.125, 78.90625, 79.6875, 80.46875, 81.25, 82.03125, 82.8125, 83.59375, 84.375, 85.15625, 85.9375, 86.71875, 87.5, 88.28125, 89.0625, 89.84375, 90.625, 91.40625, 92.1875, 92.96875, 93.75, 94.53125, 95.3125, 96.09375, 96.875, 97.65625, 98.4375, 99.21875, 100.0]}