{"psd": [55.92648500868694, 65.84272858540307, 64.32319287614166, 62.37267495314737, 57.81063546307096, 52.84753727826875, 48.10370713187348, 45.538042861399035, 46.88407925736186, 46.932495805066814, 51.277831830727465, 54.1773372091877, 50.8252205235802, 49.225452723051106, 50.51011998913536, 50.25081256331784, 52.40065724145131, 51.9399753568588, 61.11426754192419, 66.56517930430813, 61.88525125492906, 56.71529529209889, 57.24371118722455, 56.88251226306991, 57.457146257424235, 58.362775271488054, 58.64618389113073, 58.85400763843985, 59.477008938287, 59.4656194958793, 60.09156063556603, 59.235733332533655, 59.515059450493474, 58.823320074561984, 58.25016890977694, 59.24461367782432, 59.2914178285499, 61.31618048816161, 63.10839682483922, 60.51725603284418, 59.2629297047485, 59.4306010222056, 58.802219829855844, 59.32763100615322, 59.508890614482375, 59.40541913909595, 60.649722664529804, 60.160821871026464, 60.565718881842486, 61.21146876248571, 61.587783943177776, 61.39104417785322, 60.59770967938388, 61.135628730787644, 62.300897072476566, 61.83411616347655, 61.34714924441239, 62.60340016626885, 62.80100971498438, 61.964084493172564, 62.183328543388534, 62.22603581415434, 62.150451967475966, 61.6866969313331, 61.35106931323505, 61.72214750656555, 61.34388608134422, 61.81410600537001, 62.366537236526725, 62.268111755481954, 62.34731584694355, 62.060286582162696, 60.99006768008039, 61.46437113585688, 62.82159185276251, 65.10135284746345, 65.36774634280366, 66.09002142132651, 63.80514077873884, 62.63787287467392, 62.86625161590852, 63.88425310314454, 63.95717659350829, 62.802889806911104, 62.062512262553696, 62.424422046906685, 63.94182236342921, 64.21847927262324, 63.755572925759964, 63.432896386777344, 63.23114956751374, 63.26480960648952, 64.11995616874484, 64.07238620243982, 64.46526330529169, 64.34566096492084, 64.62417192002171, 65.52296188644975, 66.10461998664093, 64.65312003216236, 63.868672626222306, 63.38426137039323, 63.333030195513295, 63.214351668822914, 62.91255535960131, 62.9003205828499, 62.88795893576445, 62.30992843264101, 61.82907345096573, 61.956326727592064, 61.63085178346152, 61.04821614452834, 61.54355526221138, 60.858397895417326, 59.92987857053017, 59.621511071522605, 56.74826630498554, 52.92495800508385, 48.90553305136834, 44.74161851103603, 39.71080447284275, 33.32585945302781, 26.74853351182294, 22.353752391538045, 20.996529218671235, 21.036626980098468, 21.11762398735722, 21.508900282588392, 16.8267450183516], "f": [0.0, 0.78125, 1.5625, 2.34375, 3.125, 3.90625, 4.6875, 5.46875, 6.25, 7.03125, 7.8125, 8.59375, 9.375, 10.15625, 10.9375, 11.71875, 12.5, 13.28125, 14.0625, 14.84375, 15.625, 16.40625, 17.1875, 17.96875, 18.75, 19.53125, 20.3125, 21.09375, 21.875, 22.65625, 23.4375, 24.21875, 25.0, 25.78125, 26.5625, 27.34375, 28.125, 28.90625, 29.6875, 30.46875, 31.25, 32.03125, 32.8125, 33.59375, 34.375, 35.15625, 35.9375, 36.71875, 37.5, 38.28125, 39.0625, 39.84375, 40.625, 41.40625, 42.1875, 42.96875, 43.75, 44.53125, 45.3125, 46.09375, 46.875, 47.65625, 48.4375, 49.21875, 50.0, 50.78125, 51.5625, 52.34375, 53.125, 53.90625, 54.6875, 55.46875, 56.25, 57.03125, 57.8125, 58.59375, 59.375, 60.15625, 60.9375, 61.71875, 62.5, 63.28125, 64.0625, 64.84375, 65.625, 66.40625, 67.1875, 67.96875, 68.75, 69.53125, 70.3125, 71.09375, 71.875, 72.65625, 73.4375, 74.21875, 75.0, 75.78125, 76.5625, 77.34375, 78.125, 78.90625, 79.6875, 80.46875, 81.25, 82.03125, 82.8125, 83.59375, 84.375, 85.15625, 85.9375, 86.71875, 87.5, 88.28125, 89.0625, 89.84375, 90.625, 91.40625, 92.1875, 92.96875, 93.75, 94.53125, 95.3125, 96.09375, 96.875, 97.65625, 98.4375, 99.21875, 100.0]}