{"psd": [48.20772401910317, 56.53373205813057, 52.81330729389363, 49.87161450860822, 46.65278011121052, 42.12984717095132, 39.044798373374086, 39.62713524068707, 41.58058858101893, 42.66240517802884, 43.87385351322044, 45.776743697344145, 46.593746767271405, 48.88926412261421, 52.676839352608496, 50.08128946016253, 49.428443920315885, 49.69996935756101, 51.09319386798357, 53.25058230504075, 50.986846883168795, 51.34958406831174, 53.30230440095037, 54.23989267338348, 51.547379885791365, 54.68918960715814, 60.2698938505974, 57.729554744614106, 55.183709958665055, 56.344272104942796, 56.323051662187844, 56.36023607063491, 56.67444733223376, 56.329499026358356, 56.03267775797826, 55.42771997177908, 55.56991385687647, 60.668108674149074, 66.83942323492046, 64.45836519177614, 56.77476500879766, 57.66155505188387, 57.97324753599344, 58.09797628103137, 57.83207033825701, 56.99917299151453, 56.91792981875913, 57.436486803509965, 64.70218841125713, 67.91474796537437, 61.88318061883859, 61.18042018753444, 61.79387886287714, 60.620509850577875, 59.56096212908015, 60.45306944029788, 60.47982910757007, 63.33220516304528, 64.04926796756979, 62.00736605151231, 62.07329611885075, 61.74574155005999, 62.14855529152226, 63.32112800152473, 63.35819092582847, 63.90653185049882, 63.74419077340435, 63.08423905368813, 61.94259059123727, 61.44092592570856, 61.73198817025509, 62.16078877549242, 61.852400576780525, 62.18219229376419, 64.1050936087183, 72.9424925361322, 82.60683421860546, 80.76351209204383, 71.7208380108411, 67.11102098298693, 62.56413790846458, 62.257839327760266, 64.6213957877772, 69.42363206608698, 64.56660693646631, 59.5748786148902, 60.102979138649175, 60.69952036299456, 60.53559625870025, 60.10134611191597, 60.51288192460804, 60.71564664103083, 59.96149692462316, 60.214157012553756, 60.61785362019108, 62.644010073923795, 65.31351525718412, 61.65507842147666, 59.39247334224774, 58.75027863536799, 58.62448915199786, 57.89720004419063, 58.414039219929734, 58.29829244881708, 58.56206971942318, 59.0780665410436, 58.94198468921425, 58.144667671398025, 57.968630025927496, 57.83221788457493, 57.36161840092663, 56.86048874383061, 57.42398234782499, 57.27970074632728, 58.41601286938928, 64.00609350612864, 60.279956594224004, 47.35264234739674, 44.52958466999455, 39.757436733398066, 33.56300847782713, 27.476588592330216, 22.863632563691848, 22.118228440756276, 21.632829119165468, 21.540346969476616, 21.646992714360948, 21.07733231292996, 16.359511535481303], "f": [0.0, 0.78125, 1.5625, 2.34375, 3.125, 3.90625, 4.6875, 5.46875, 6.25, 7.03125, 7.8125, 8.59375, 9.375, 10.15625, 10.9375, 11.71875, 12.5, 13.28125, 14.0625, 14.84375, 15.625, 16.40625, 17.1875, 17.96875, 18.75, 19.53125, 20.3125, 21.09375, 21.875, 22.65625, 23.4375, 24.21875, 25.0, 25.78125, 26.5625, 27.34375, 28.125, 28.90625, 29.6875, 30.46875, 31.25, 32.03125, 32.8125, 33.59375, 34.375, 35.15625, 35.9375, 36.71875, 37.5, 38.28125, 39.0625, 39.84375, 40.625, 41.40625, 42.1875, 42.96875, 43.75, 44.53125, 45.3125, 46.09375, 46.875, 47.65625, 48.4375, 49.21875, 50.0, 50.78125, 51.5625, 52.34375, 53.125, 53.90625, 54.6875, 55.46875, 56.25, 57.03125, 57.8125, 58.59375, 59.375, 60.15625, 60.9375, 61.71875, 62.5, 63.28125, 64.0625, 64.84375, 65.625, 66.40625, 67.1875, 67.96875, 68.75, 69.53125, 70.3125, 71.09375, 71.875, 72.65625, 73.4375, 74.21875, 75.0, 75.78125, 76.5625, 77.34375, 78.125, 78.90625, 79.6875, 80.46875, 81.25, 82.03125, 82.8125, 83.59375, 84.375, 85.15625, 85.9375, 86.71875, 87.5, 88.28125, 89.0625, 89.84375, 90.625, 91.40625, 92.1875, 92.96875, 93.75, 94.53125, 95.3125, 96.09375, 96.875, 97.65625, 98.4375, 99.21875, 100.0]}