{"psd": [53.526820585078916, 61.51354013623454, 61.03588370161017, 60.83760566760609, 58.972751299137315, 55.498500178045816, 50.75608325591597, 49.86623793464135, 51.11812324038395, 53.9762348768108, 54.38184643584151, 54.590373352809124, 56.8077749086381, 64.99651861470528, 63.326196892187866, 58.902731814007126, 56.71617852294069, 55.6847179257752, 57.70395882863386, 60.818098769975926, 59.00384858061102, 60.36950734633394, 62.70591904249446, 63.51396109205686, 63.12046856330216, 62.380945848572374, 62.76572755729446, 62.92427647970089, 63.41501067675211, 64.89087553870716, 65.88635976991023, 66.68022955942018, 66.3980913663224, 64.9778006507995, 65.51494742929913, 64.99153939894126, 65.44492942682808, 66.80619073059889, 68.10323212468704, 66.87288278234844, 64.64019537507838, 65.26774894165017, 66.53975089310637, 66.03506171370546, 66.43654354065022, 66.67402218296309, 66.84487251833258, 66.30927182351415, 66.19745295068144, 65.15237756351854, 65.12849893609199, 66.81999913627767, 68.83852006205574, 69.39561366052062, 67.92738722769377, 68.01507096875348, 67.11083956693022, 67.81869756245524, 69.4205401312763, 68.34917527222692, 67.33430360077719, 68.31769422624791, 69.80400637026696, 69.57158964170085, 67.93033213544368, 67.07529398903391, 66.85263824091915, 66.154193078895, 66.15751961742524, 67.64807094962589, 67.4020080745798, 68.232047837452, 67.78967307225838, 67.87389756662742, 69.11852600561836, 71.32522606792298, 71.54683724504481, 70.96081782864503, 68.23106249481012, 67.19733871078807, 67.6754316625543, 67.71896475578829, 67.16948544855951, 65.53165876289364, 65.49390450514682, 65.73664540922995, 65.75721308514598, 65.55575670636146, 66.14681821460361, 66.15621540289365, 66.93741341491713, 67.1984856416687, 67.84580393435802, 68.0407176082539, 67.83395756362282, 68.64461356771181, 69.20520021654079, 68.03951253586513, 68.21231374061054, 67.75256532006932, 68.21803455052121, 67.69149207594377, 67.52962045906949, 66.32132283501639, 66.29148044065906, 67.13116291464128, 66.82123253132211, 64.94041093565876, 64.47413339031938, 63.28434516771485, 63.18599169389042, 62.89244802030419, 61.92648067064303, 60.801014878825484, 61.842400280470414, 63.87260463760248, 59.64341444160966, 52.88282234541274, 48.55365293707357, 43.67797885390395, 37.40193126703218, 31.685448846389768, 25.791991570720253, 22.5266065709161, 21.76156263486945, 21.710591900567373, 21.494110162223407, 21.13658405696791, 16.946611761707867], "f": [0.0, 0.78125, 1.5625, 2.34375, 3.125, 3.90625, 4.6875, 5.46875, 6.25, 7.03125, 7.8125, 8.59375, 9.375, 10.15625, 10.9375, 11.71875, 12.5, 13.28125, 14.0625, 14.84375, 15.625, 16.40625, 17.1875, 17.96875, 18.75, 19.53125, 20.3125, 21.09375, 21.875, 22.65625, 23.4375, 24.21875, 25.0, 25.78125, 26.5625, 27.34375, 28.125, 28.90625, 29.6875, 30.46875, 31.25, 32.03125, 32.8125, 33.59375, 34.375, 35.15625, 35.9375, 36.71875, 37.5, 38.28125, 39.0625, 39.84375, 40.625, 41.40625, 42.1875, 42.96875, 43.75, 44.53125, 45.3125, 46.09375, 46.875, 47.65625, 48.4375, 49.21875, 50.0, 50.78125, 51.5625, 52.34375, 53.125, 53.90625, 54.6875, 55.46875, 56.25, 57.03125, 57.8125, 58.59375, 59.375, 60.15625, 60.9375, 61.71875, 62.5, 63.28125, 64.0625, 64.84375, 65.625, 66.40625, 67.1875, 67.96875, 68.75, 69.53125, 70.3125, 71.09375, 71.875, 72.65625, 73.4375, 74.21875, 75.0, 75.78125, 76.5625, 77.34375, 78.125, 78.90625, 79.6875, 80.46875, 81.25, 82.03125, 82.8125, 83.59375, 84.375, 85.15625, 85.9375, 86.71875, 87.5, 88.28125, 89.0625, 89.84375, 90.625, 91.40625, 92.1875, 92.96875, 93.75, 94.53125, 95.3125, 96.09375, 96.875, 97.65625, 98.4375, 99.21875, 100.0]}