{"psd": [63.74365066451912, 71.81318478433765, 68.24458335362648, 64.56915723488628, 60.626535642275314, 56.37210701151541, 51.47888308949626, 48.56666753093745, 49.97674094900049, 51.68107912433924, 51.01201566544796, 52.167581132490504, 53.33301117068507, 54.435740896966664, 54.68976925471647, 53.92470909943533, 57.79297753424723, 61.22449615284823, 57.94705796714172, 57.490764084127825, 60.50067459445949, 61.21944576481623, 60.60146337610498, 62.269802332675354, 61.57502611110346, 62.886692624745635, 63.72819451628689, 64.22918963058468, 63.88085702896327, 63.92278724508287, 66.02210256389291, 66.33019534346853, 64.5167722306764, 65.47824448221697, 66.17281393367855, 65.8201344472406, 65.77430551811, 63.09415195119342, 63.05413198412847, 62.61677054335393, 62.654206083091765, 65.78493240694037, 68.29055811136001, 67.3833491290129, 65.77061172929218, 66.19154347723976, 64.6377695356187, 64.38565954510368, 64.80879740216919, 66.10822916531662, 68.51650143433443, 68.81838021330354, 68.00048055917534, 66.88661278809812, 67.45070839824461, 66.05300885735365, 65.40352698402731, 66.37234454769383, 66.91786702934746, 66.34341051473213, 65.7914687562371, 65.18580509993355, 64.0557047072941, 63.363871132729756, 62.95417254384367, 62.54542529102656, 62.788874830334805, 63.188962347740855, 63.34297663258796, 63.03130245708428, 62.673861947985, 62.94313480660318, 65.43594255108349, 64.68473724361003, 62.93501205433185, 64.94866697734446, 65.54679592908445, 65.07028884505432, 62.568432983799994, 61.73916930104827, 61.965244649105394, 62.4466199923183, 62.833725210108284, 62.86635205374047, 62.74071109170698, 63.577428000075706, 63.86151126574303, 63.40790322958046, 63.59384214231335, 64.92705055360386, 65.88613419501438, 66.24859281462355, 64.16965766647165, 63.31371486968813, 62.98660938734639, 62.891594801261725, 63.81919671234706, 62.69420982507715, 62.54844900266289, 62.563635919519996, 61.97244093698241, 60.7165047259475, 60.76862815189202, 60.93988717402642, 60.42699192567271, 60.025423888642145, 60.19524108182661, 59.63009632059284, 60.28504772718266, 59.745862003754624, 58.56252773962239, 58.73946745603494, 58.26514992041442, 57.64573258189162, 56.682093669224464, 58.4712224966374, 56.93053360132694, 50.83235759961021, 45.824678302542964, 40.874333919272054, 35.83573768773145, 30.413810753156277, 25.03640909697286, 22.35215273063785, 21.860497145245038, 21.486108704186726, 21.57568514879662, 21.464725192120166, 16.788594505550062], "f": [0.0, 0.78125, 1.5625, 2.34375, 3.125, 3.90625, 4.6875, 5.46875, 6.25, 7.03125, 7.8125, 8.59375, 9.375, 10.15625, 10.9375, 11.71875, 12.5, 13.28125, 14.0625, 14.84375, 15.625, 16.40625, 17.1875, 17.96875, 18.75, 19.53125, 20.3125, 21.09375, 21.875, 22.65625, 23.4375, 24.21875, 25.0, 25.78125, 26.5625, 27.34375, 28.125, 28.90625, 29.6875, 30.46875, 31.25, 32.03125, 32.8125, 33.59375, 34.375, 35.15625, 35.9375, 36.71875, 37.5, 38.28125, 39.0625, 39.84375, 40.625, 41.40625, 42.1875, 42.96875, 43.75, 44.53125, 45.3125, 46.09375, 46.875, 47.65625, 48.4375, 49.21875, 50.0, 50.78125, 51.5625, 52.34375, 53.125, 53.90625, 54.6875, 55.46875, 56.25, 57.03125, 57.8125, 58.59375, 59.375, 60.15625, 60.9375, 61.71875, 62.5, 63.28125, 64.0625, 64.84375, 65.625, 66.40625, 67.1875, 67.96875, 68.75, 69.53125, 70.3125, 71.09375, 71.875, 72.65625, 73.4375, 74.21875, 75.0, 75.78125, 76.5625, 77.34375, 78.125, 78.90625, 79.6875, 80.46875, 81.25, 82.03125, 82.8125, 83.59375, 84.375, 85.15625, 85.9375, 86.71875, 87.5, 88.28125, 89.0625, 89.84375, 90.625, 91.40625, 92.1875, 92.96875, 93.75, 94.53125, 95.3125, 96.09375, 96.875, 97.65625, 98.4375, 99.21875, 100.0]}