{"psd": [50.239915020562684, 59.122681905509594, 58.77724069169069, 58.010401596868, 55.1000773345462, 50.97991466644021, 46.7392464525972, 43.483691584295286, 42.962204856840984, 45.723930312690165, 48.406653747127905, 51.53953127425744, 50.0623991309761, 50.63481938350756, 52.194337653367086, 53.36874165548476, 53.530864239248295, 51.90765762935556, 51.99531717008733, 52.69684132351411, 51.572140094328056, 52.82784912975486, 52.54368566375288, 51.99068897753265, 53.26080444711061, 54.492082641091585, 54.54634890918832, 54.53834899370779, 54.96723119741421, 54.40931603299983, 56.02601526111583, 56.586184801729964, 56.92126267634479, 58.2893695487202, 59.03139906589264, 59.5221855504013, 61.043607181431824, 61.70556834025649, 68.96992145836585, 67.83435642311585, 58.70298818404003, 58.72648721706069, 59.88280982836422, 60.68993495803862, 60.65384293591711, 61.022739797240476, 61.51866974304724, 60.60545817335819, 60.18739264696751, 61.207999542698765, 62.733524609547516, 63.35742350068437, 62.76846429738893, 62.878927856408225, 63.700121278044804, 64.36501243097543, 64.37182273653731, 65.47425071903211, 66.27403883769487, 66.5510219443338, 65.50336383391421, 66.50798061439562, 66.58666492558507, 66.34981014354642, 66.33443187500339, 65.9889319918918, 65.43436090800348, 65.43363984017373, 65.67889669563252, 64.96124286867521, 64.70099979374982, 64.80149017325586, 64.83212073827832, 64.61037027496899, 68.93517299600184, 72.63979644293015, 68.3954859871831, 64.07819866587167, 62.7865355894905, 63.345914135082175, 64.5521149976681, 65.45226624825011, 65.61049155953421, 64.36017060214051, 63.02600499484122, 62.09457792514061, 62.00792372680119, 62.11016902155131, 61.997700626183914, 62.0232741537491, 61.80774553385869, 62.21758726162271, 62.55454348574772, 62.402448193825755, 60.78739376476652, 62.2834215185855, 64.79867955638629, 63.406218648608785, 61.83876852451671, 61.148445640190026, 61.15610272399957, 61.46291575623391, 61.92633147707181, 62.35679384681642, 63.31009308140217, 62.7323032307563, 62.46337294063059, 62.71971089446217, 64.0116679106679, 64.01909559257707, 63.984266746818584, 63.060500807182116, 63.03228932184629, 62.09273524379681, 63.10964708730262, 65.22434777221366, 62.36608605534925, 55.28425652533005, 51.48998791479451, 46.60566007091126, 40.716089374396454, 34.16619816247983, 27.94328311175645, 23.676921754105198, 21.79230041133875, 21.496971328138727, 21.45521626714975, 21.61583766576932, 16.113625716410304], "f": [0.0, 0.78125, 1.5625, 2.34375, 3.125, 3.90625, 4.6875, 5.46875, 6.25, 7.03125, 7.8125, 8.59375, 9.375, 10.15625, 10.9375, 11.71875, 12.5, 13.28125, 14.0625, 14.84375, 15.625, 16.40625, 17.1875, 17.96875, 18.75, 19.53125, 20.3125, 21.09375, 21.875, 22.65625, 23.4375, 24.21875, 25.0, 25.78125, 26.5625, 27.34375, 28.125, 28.90625, 29.6875, 30.46875, 31.25, 32.03125, 32.8125, 33.59375, 34.375, 35.15625, 35.9375, 36.71875, 37.5, 38.28125, 39.0625, 39.84375, 40.625, 41.40625, 42.1875, 42.96875, 43.75, 44.53125, 45.3125, 46.09375, 46.875, 47.65625, 48.4375, 49.21875, 50.0, 50.78125, 51.5625, 52.34375, 53.125, 53.90625, 54.6875, 55.46875, 56.25, 57.03125, 57.8125, 58.59375, 59.375, 60.15625, 60.9375, 61.71875, 62.5, 63.28125, 64.0625, 64.84375, 65.625, 66.40625, 67.1875, 67.96875, 68.75, 69.53125, 70.3125, 71.09375, 71.875, 72.65625, 73.4375, 74.21875, 75.0, 75.78125, 76.5625, 77.34375, 78.125, 78.90625, 79.6875, 80.46875, 81.25, 82.03125, 82.8125, 83.59375, 84.375, 85.15625, 85.9375, 86.71875, 87.5, 88.28125, 89.0625, 89.84375, 90.625, 91.40625, 92.1875, 92.96875, 93.75, 94.53125, 95.3125, 96.09375, 96.875, 97.65625, 98.4375, 99.21875, 100.0]}