{"psd": [56.42910490418374, 66.10290562419976, 59.59245139069343, 55.81916195676955, 52.68469096968015, 48.58406726241222, 44.73783979775327, 41.96048138781353, 41.83048914748073, 47.17883364390556, 49.013421638542816, 48.406538058178924, 48.391579968631376, 49.63506898352143, 52.465358330183456, 54.30915855840474, 53.04149262363636, 55.18839497701292, 52.16651686441623, 56.505545979522786, 56.51704809234437, 54.05117915379265, 54.833078491261524, 55.054805903476655, 56.07100917775305, 55.8886875359012, 56.3427284515982, 55.741429033102385, 57.514337408755026, 61.7113892575325, 61.69291309485808, 60.46177491634947, 57.826253253338194, 59.7941872146324, 59.775566355871625, 56.31482946969777, 57.38422872205649, 57.921035984149675, 61.729833174176235, 61.25990795876901, 59.65170848305856, 60.71138036575477, 59.71226100809546, 58.589788449608456, 59.941810876504434, 60.323028064975006, 61.826199081480524, 61.28110065995447, 63.66549883825253, 63.631860208969336, 62.901653207532185, 63.296049406695246, 61.798631481162325, 61.63094255437558, 62.4481423706103, 61.84664981399447, 63.267507743278344, 66.8410986634264, 69.10061796821915, 67.32786028148185, 64.65863691989979, 63.1650084204114, 62.464012867645366, 64.05010620945451, 63.27768626786417, 63.7729731025764, 64.49417899292976, 65.97669947892841, 66.04519370718481, 64.85723012318456, 63.81662334116549, 63.67431036817101, 63.63344757904174, 64.73709686593152, 67.65472698583343, 70.682119235704, 74.86814452846546, 73.82840100931887, 68.34012175465674, 65.66061360921114, 64.65090337040726, 64.24677337488866, 66.65695025685358, 71.00567070094395, 67.43753678975537, 64.7630767675252, 65.35170672516901, 65.907899672215, 66.44742115158722, 65.8327622117503, 66.07440499393067, 66.33536425799613, 65.91925504669743, 65.14524063076625, 65.21798496238519, 66.51671220615982, 69.43349178215706, 67.21255606197738, 66.05027471557923, 66.54452520135912, 66.49648316559518, 66.14302526579776, 66.5245633966131, 66.63674833953957, 66.7477402144147, 66.92892034769562, 67.43813539331887, 67.70266521509228, 66.64669143581033, 67.26682887576324, 66.74642837110515, 66.14860212736421, 65.84106819002702, 65.16937150682735, 64.37902251229491, 64.7190414924649, 62.028874269260626, 57.063384870651355, 52.792694121023814, 47.64997054615983, 41.904131109520094, 36.11498448523179, 29.182793707350054, 23.79033848197588, 21.972085820220258, 21.461601503206328, 21.49196113823198, 21.244707721053793, 16.96638888582218], "f": [0.0, 0.78125, 1.5625, 2.34375, 3.125, 3.90625, 4.6875, 5.46875, 6.25, 7.03125, 7.8125, 8.59375, 9.375, 10.15625, 10.9375, 11.71875, 12.5, 13.28125, 14.0625, 14.84375, 15.625, 16.40625, 17.1875, 17.96875, 18.75, 19.53125, 20.3125, 21.09375, 21.875, 22.65625, 23.4375, 24.21875, 25.0, 25.78125, 26.5625, 27.34375, 28.125, 28.90625, 29.6875, 30.46875, 31.25, 32.03125, 32.8125, 33.59375, 34.375, 35.15625, 35.9375, 36.71875, 37.5, 38.28125, 39.0625, 39.84375, 40.625, 41.40625, 42.1875, 42.96875, 43.75, 44.53125, 45.3125, 46.09375, 46.875, 47.65625, 48.4375, 49.21875, 50.0, 50.78125, 51.5625, 52.34375, 53.125, 53.90625, 54.6875, 55.46875, 56.25, 57.03125, 57.8125, 58.59375, 59.375, 60.15625, 60.9375, 61.71875, 62.5, 63.28125, 64.0625, 64.84375, 65.625, 66.40625, 67.1875, 67.96875, 68.75, 69.53125, 70.3125, 71.09375, 71.875, 72.65625, 73.4375, 74.21875, 75.0, 75.78125, 76.5625, 77.34375, 78.125, 78.90625, 79.6875, 80.46875, 81.25, 82.03125, 82.8125, 83.59375, 84.375, 85.15625, 85.9375, 86.71875, 87.5, 88.28125, 89.0625, 89.84375, 90.625, 91.40625, 92.1875, 92.96875, 93.75, 94.53125, 95.3125, 96.09375, 96.875, 97.65625, 98.4375, 99.21875, 100.0]}