{"psd": [53.326954252229385, 62.27782673622387, 62.2262766335505, 61.45891586953758, 58.76473835985897, 55.30154061202252, 51.63254317217421, 48.86530696133727, 48.95570546917107, 49.25646251096096, 51.288311654464074, 54.084305490231124, 52.99354356530194, 52.93490069913333, 52.934502079841856, 54.694650884933864, 53.983544891710935, 53.98849367729338, 55.262820841850385, 56.293180620729075, 55.742802631172275, 56.21988046341727, 58.22500388510334, 59.045524797369964, 58.38024404846537, 58.39120948935762, 59.035238368474516, 59.783231380264, 59.96851963542882, 59.840506659845786, 59.5131568382067, 60.68153320789128, 61.08152138173363, 61.120172790668576, 61.85035574893491, 61.84219453746043, 61.59338925935166, 61.691271448114826, 62.08772074697607, 61.04942471210424, 60.2275034124265, 62.24387569715769, 63.21240515033918, 63.88105971181214, 63.77357270504361, 64.10336581643429, 63.59820247402273, 63.507647565029245, 62.62112867976681, 63.72771860822709, 64.24521191981115, 63.25941663942166, 62.85222743600733, 63.2633795806914, 64.43929444966996, 63.69450537232403, 63.89865240118493, 64.46125254268877, 63.27676459090215, 63.02639679976876, 62.382241551737366, 62.237200183311415, 61.77875000951939, 61.823316307178885, 62.24523105982664, 62.13728135684071, 61.27697997580641, 60.48147102322326, 61.442767865899135, 61.7578937581611, 61.23946636521765, 59.94828556008021, 60.00618102331398, 60.54654906428071, 61.49179776573844, 64.0785722023046, 63.58852373424184, 63.24886775898153, 61.98055517081669, 65.32571482715304, 64.82270242929647, 59.92211972014292, 59.9264243972664, 59.60904377695411, 59.371391999553, 59.032579291037344, 59.54256682840299, 59.57142726463145, 58.91473073442596, 58.24093617737316, 57.95586053841604, 58.482288637939696, 58.179461598276944, 57.71508036912377, 58.01764908428041, 59.033128010780715, 61.80698629345482, 59.19167858578281, 58.84948295739566, 58.84077196069153, 58.968354989411004, 58.44104623338548, 57.951751117176514, 58.32465783300134, 58.17915075779841, 58.534289794882056, 59.1097491494118, 58.71149960657089, 58.877188874557675, 59.06120626661547, 58.67188143598525, 59.91459994503059, 65.82300735063299, 69.62164290728366, 67.70990056582862, 67.16093477158454, 64.06380633548663, 55.34293197475533, 48.9121013268014, 43.48495624305557, 37.62524323596632, 31.08666285512108, 25.055861336838305, 22.604618343010564, 21.87152130048033, 21.543414248152946, 21.283847145415734, 21.471799684871755, 16.673982311211336], "f": [0.0, 0.78125, 1.5625, 2.34375, 3.125, 3.90625, 4.6875, 5.46875, 6.25, 7.03125, 7.8125, 8.59375, 9.375, 10.15625, 10.9375, 11.71875, 12.5, 13.28125, 14.0625, 14.84375, 15.625, 16.40625, 17.1875, 17.96875, 18.75, 19.53125, 20.3125, 21.09375, 21.875, 22.65625, 23.4375, 24.21875, 25.0, 25.78125, 26.5625, 27.34375, 28.125, 28.90625, 29.6875, 30.46875, 31.25, 32.03125, 32.8125, 33.59375, 34.375, 35.15625, 35.9375, 36.71875, 37.5, 38.28125, 39.0625, 39.84375, 40.625, 41.40625, 42.1875, 42.96875, 43.75, 44.53125, 45.3125, 46.09375, 46.875, 47.65625, 48.4375, 49.21875, 50.0, 50.78125, 51.5625, 52.34375, 53.125, 53.90625, 54.6875, 55.46875, 56.25, 57.03125, 57.8125, 58.59375, 59.375, 60.15625, 60.9375, 61.71875, 62.5, 63.28125, 64.0625, 64.84375, 65.625, 66.40625, 67.1875, 67.96875, 68.75, 69.53125, 70.3125, 71.09375, 71.875, 72.65625, 73.4375, 74.21875, 75.0, 75.78125, 76.5625, 77.34375, 78.125, 78.90625, 79.6875, 80.46875, 81.25, 82.03125, 82.8125, 83.59375, 84.375, 85.15625, 85.9375, 86.71875, 87.5, 88.28125, 89.0625, 89.84375, 90.625, 91.40625, 92.1875, 92.96875, 93.75, 94.53125, 95.3125, 96.09375, 96.875, 97.65625, 98.4375, 99.21875, 100.0]}