{"psd": [54.46165499981476, 63.484167277790036, 57.1119536442433, 53.00144536163026, 51.84071966423144, 49.893385820972, 47.682426981376516, 46.01752302988472, 45.154192625230095, 48.79021768400308, 49.57209219613269, 48.44745466784444, 48.721733858746305, 49.225869194988896, 50.45479794770519, 57.10036706556055, 56.285307204263475, 53.00483926274147, 58.619699361393984, 58.07914769968413, 57.30076621526602, 58.685081140924325, 59.21160217889499, 60.61696692933698, 60.07476780196822, 61.15001896834728, 63.008027784933596, 63.27324054639384, 63.87544180915807, 63.407824883966725, 63.308782125177075, 63.36301545434416, 61.217427327506215, 61.072951989125016, 60.44167057449592, 60.95585384190355, 64.65159928581127, 64.1945896722107, 61.29581076018568, 59.58471708691414, 59.29515753238475, 59.64133010768642, 59.9489930930541, 59.2787633754908, 60.24717858062711, 62.79487968030935, 63.08372424619736, 59.98261550819308, 59.3965927530987, 60.149429014995526, 59.8805442363511, 60.79319873177464, 61.104498360926975, 61.82202888560105, 62.977726167718174, 64.68418744377576, 63.0208642544405, 61.973465634275954, 61.11017256341672, 60.90818255966214, 60.63481053069385, 61.80742255830679, 62.999687028403635, 62.8670849969719, 61.5768730012119, 60.893038452353856, 60.455720199856415, 60.532871940126356, 60.65769846144916, 60.556875762250364, 59.95940861559363, 60.40563506058487, 60.179156398479456, 61.0685924336456, 62.371718565727825, 66.28178256464489, 65.69881301498509, 62.48277162234332, 60.244367663684514, 59.81228552065392, 59.129017722703104, 58.646232628869, 58.95304539919838, 58.01469004061289, 57.37293827575992, 57.69168679875357, 57.47372901639168, 57.25461958272373, 57.6530897107036, 57.820737084563156, 57.80550877488949, 59.13281702433462, 58.25720396888953, 57.73401551759818, 58.22002407881709, 59.1401610550009, 62.42499456239702, 63.04149534224769, 60.34097827616801, 59.37667764648663, 59.6715181647324, 59.722132094373436, 58.78164946025123, 58.450808129365804, 58.33689177825114, 58.71643475277375, 58.32037938365484, 58.21539533033772, 58.060956111458076, 59.15073715009619, 58.76995016344522, 57.9319086185064, 57.81119958801389, 57.89446988310165, 57.08632514706408, 57.07194785760595, 54.06740362932052, 50.31603343764809, 46.44088034322982, 41.578593952638144, 35.72757763801078, 30.585714471113473, 25.225727125596077, 22.069471057618188, 21.792472254691646, 21.65626627052798, 21.57694371307301, 21.576650930673843, 16.84410451962126], "f": [0.0, 0.78125, 1.5625, 2.34375, 3.125, 3.90625, 4.6875, 5.46875, 6.25, 7.03125, 7.8125, 8.59375, 9.375, 10.15625, 10.9375, 11.71875, 12.5, 13.28125, 14.0625, 14.84375, 15.625, 16.40625, 17.1875, 17.96875, 18.75, 19.53125, 20.3125, 21.09375, 21.875, 22.65625, 23.4375, 24.21875, 25.0, 25.78125, 26.5625, 27.34375, 28.125, 28.90625, 29.6875, 30.46875, 31.25, 32.03125, 32.8125, 33.59375, 34.375, 35.15625, 35.9375, 36.71875, 37.5, 38.28125, 39.0625, 39.84375, 40.625, 41.40625, 42.1875, 42.96875, 43.75, 44.53125, 45.3125, 46.09375, 46.875, 47.65625, 48.4375, 49.21875, 50.0, 50.78125, 51.5625, 52.34375, 53.125, 53.90625, 54.6875, 55.46875, 56.25, 57.03125, 57.8125, 58.59375, 59.375, 60.15625, 60.9375, 61.71875, 62.5, 63.28125, 64.0625, 64.84375, 65.625, 66.40625, 67.1875, 67.96875, 68.75, 69.53125, 70.3125, 71.09375, 71.875, 72.65625, 73.4375, 74.21875, 75.0, 75.78125, 76.5625, 77.34375, 78.125, 78.90625, 79.6875, 80.46875, 81.25, 82.03125, 82.8125, 83.59375, 84.375, 85.15625, 85.9375, 86.71875, 87.5, 88.28125, 89.0625, 89.84375, 90.625, 91.40625, 92.1875, 92.96875, 93.75, 94.53125, 95.3125, 96.09375, 96.875, 97.65625, 98.4375, 99.21875, 100.0]}