{"psd": [53.05401043761465, 61.72181810187938, 59.36324485196089, 57.33150953423974, 53.47767914825827, 48.58256605494269, 44.30980954614019, 42.01972724819268, 40.95753098308808, 41.80197873872575, 44.516325080263826, 45.709987251653175, 46.84146987556902, 45.205249105394934, 43.96559188422582, 44.85912494384038, 45.266207961075786, 48.90940464152044, 49.45258676475565, 48.90645490112103, 48.10683925974789, 51.23440092591586, 53.142810754416786, 52.93117598027643, 54.23828420406585, 52.8186643570998, 53.384407972404155, 54.13683770008278, 55.80824119082101, 57.914458080113384, 59.04336570732355, 58.48774483887454, 61.00335695987304, 61.35576293784556, 60.64886436562688, 59.38103900873445, 57.83918003577505, 58.76474446413318, 62.51951496555669, 61.21244781483159, 57.72687661658808, 57.850205952817994, 59.53038623269492, 61.72182618281276, 60.97268224818449, 59.1288290305141, 59.606876350201674, 58.91886079035548, 60.3401821858741, 59.98960028391252, 58.99330202850115, 60.0865162308779, 61.73208396519775, 62.459086565704986, 64.32313229094169, 62.85229339002905, 60.974440808512654, 61.12487823492338, 61.301386167120214, 60.85835179291871, 60.557238447563186, 60.69517950338848, 61.27150547827905, 61.67783402520409, 63.60321655060676, 65.0962791448033, 64.8625515408085, 62.65387625385224, 60.88693545864375, 60.00920817697849, 59.93113907610011, 60.72251645039519, 61.36482226653543, 60.941133658960034, 61.72829418559491, 62.522189900154075, 67.32068928434396, 71.02826189882559, 65.39106160675595, 58.65720832251891, 58.630373198980735, 58.54675459448184, 58.68298876312803, 59.18146548929161, 59.591007886546166, 60.37411409368449, 60.770236060334106, 61.152973722544566, 59.85681644420421, 59.32888929693344, 59.16099653409737, 59.5182345413912, 60.22250411492058, 60.23086803763432, 59.61973513906946, 61.41406610415012, 64.63189042342694, 62.614819332110365, 60.931420336178746, 61.80192176255906, 60.01519982873343, 57.78875272423396, 57.822882332426445, 58.025125572286996, 58.6070597639553, 59.20744123914826, 58.65021569274048, 58.92389098603096, 58.63253222074526, 57.51707190279049, 57.53905079242859, 57.71391333462994, 57.07983756842613, 56.50652937998029, 55.549694045465614, 58.08152628106078, 56.25536280312652, 47.61153563960109, 43.92408792338718, 39.61407131291116, 34.92732222429572, 30.01085017931222, 24.926970216829268, 22.028530503780388, 21.98863953733764, 21.537625944518645, 21.74105237317451, 21.41645432245118, 15.34648850474552], "f": [0.0, 0.78125, 1.5625, 2.34375, 3.125, 3.90625, 4.6875, 5.46875, 6.25, 7.03125, 7.8125, 8.59375, 9.375, 10.15625, 10.9375, 11.71875, 12.5, 13.28125, 14.0625, 14.84375, 15.625, 16.40625, 17.1875, 17.96875, 18.75, 19.53125, 20.3125, 21.09375, 21.875, 22.65625, 23.4375, 24.21875, 25.0, 25.78125, 26.5625, 27.34375, 28.125, 28.90625, 29.6875, 30.46875, 31.25, 32.03125, 32.8125, 33.59375, 34.375, 35.15625, 35.9375, 36.71875, 37.5, 38.28125, 39.0625, 39.84375, 40.625, 41.40625, 42.1875, 42.96875, 43.75, 44.53125, 45.3125, 46.09375, 46.875, 47.65625, 48.4375, 49.21875, 50.0, 50.78125, 51.5625, 52.34375, 53.125, 53.90625, 54.6875, 55.46875, 56.25, 57.03125, 57.8125, 58.59375, 59.375, 60.15625, 60.9375, 61.71875, 62.5, 63.28125, 64.0625, 64.84375, 65.625, 66.40625, 67.1875, 67.96875, 68.75, 69.53125, 70.3125, 71.09375, 71.875, 72.65625, 73.4375, 74.21875, 75.0, 75.78125, 76.5625, 77.34375, 78.125, 78.90625, 79.6875, 80.46875, 81.25, 82.03125, 82.8125, 83.59375, 84.375, 85.15625, 85.9375, 86.71875, 87.5, 88.28125, 89.0625, 89.84375, 90.625, 91.40625, 92.1875, 92.96875, 93.75, 94.53125, 95.3125, 96.09375, 96.875, 97.65625, 98.4375, 99.21875, 100.0]}