{"psd": [61.243392459063834, 70.92842232502124, 64.316673816535, 58.92068584952944, 57.71132817712829, 56.031700796497255, 52.39717413121652, 50.41379287348454, 49.95514625209257, 51.9688408033161, 57.36553214557183, 60.87959573762067, 56.852888964011434, 53.59138102074496, 54.7749949440628, 56.30784647280905, 55.60799120814849, 55.42570767837255, 58.133579751746524, 60.522554977957476, 59.56175676145848, 60.14667433150744, 60.91713303828142, 63.366396794601876, 64.50551709726955, 64.04548886470727, 64.30867922759656, 64.65181670624419, 64.87229632369915, 64.98118140034576, 63.87064907574489, 63.75458447321517, 63.470437251138165, 62.758173521332296, 62.84032466924732, 63.19122069275211, 62.78047746151992, 63.54832572780512, 65.24289575803867, 63.82538890478399, 63.17831890701812, 62.62786952687931, 62.583316804700814, 63.449645843156944, 64.53604013389636, 64.45883195419131, 63.260396373273544, 63.78970388876448, 63.71551859285488, 62.78191253561956, 62.69682603809554, 62.96867634788558, 63.4303853796309, 63.39851588311251, 63.35266393766908, 63.4724100104961, 64.38063246844527, 70.32978611117537, 71.71155097601053, 66.6283376433137, 64.34761131829345, 65.14872462204838, 65.76623377394243, 65.43342102923143, 65.22957892235804, 64.82599113655952, 63.30679564354317, 62.73030263638296, 63.18518575973822, 63.71622408259408, 63.90087717287266, 62.724514185857316, 61.275027622375234, 61.582356932707285, 66.12482549528632, 72.80132188438503, 71.94587963521887, 67.9150554190613, 62.00129865434495, 61.7356325795328, 62.214304154263054, 62.50170154056918, 62.11072321372943, 61.264992335229906, 61.108363833373346, 61.5908464270924, 62.247445257321786, 64.65993820097167, 64.38892539052988, 62.90523310919552, 61.28998982291661, 61.731848267903935, 61.582173837442625, 61.649789036244236, 62.24525507829824, 65.09201560688128, 67.99990762339456, 65.10533897523689, 64.30734746092017, 63.57346667057878, 63.562375599924835, 65.0576666939005, 64.98068134638899, 64.48659237735573, 65.14174086540605, 65.38019683412743, 65.7783473525564, 65.45470642036365, 64.16616117266197, 62.99909267084474, 62.841925588876734, 61.4660448499367, 60.45420090473968, 60.920993654032245, 60.71856475581374, 60.03731969041456, 56.90758534870185, 52.168723944811546, 47.74526672642886, 42.1148341568881, 36.5769376836356, 30.24445894783988, 24.7720623905648, 22.011009423253878, 21.66748415565692, 21.59404797907895, 21.464284365898525, 21.48068114119394, 17.295174111876864], "f": [0.0, 0.78125, 1.5625, 2.34375, 3.125, 3.90625, 4.6875, 5.46875, 6.25, 7.03125, 7.8125, 8.59375, 9.375, 10.15625, 10.9375, 11.71875, 12.5, 13.28125, 14.0625, 14.84375, 15.625, 16.40625, 17.1875, 17.96875, 18.75, 19.53125, 20.3125, 21.09375, 21.875, 22.65625, 23.4375, 24.21875, 25.0, 25.78125, 26.5625, 27.34375, 28.125, 28.90625, 29.6875, 30.46875, 31.25, 32.03125, 32.8125, 33.59375, 34.375, 35.15625, 35.9375, 36.71875, 37.5, 38.28125, 39.0625, 39.84375, 40.625, 41.40625, 42.1875, 42.96875, 43.75, 44.53125, 45.3125, 46.09375, 46.875, 47.65625, 48.4375, 49.21875, 50.0, 50.78125, 51.5625, 52.34375, 53.125, 53.90625, 54.6875, 55.46875, 56.25, 57.03125, 57.8125, 58.59375, 59.375, 60.15625, 60.9375, 61.71875, 62.5, 63.28125, 64.0625, 64.84375, 65.625, 66.40625, 67.1875, 67.96875, 68.75, 69.53125, 70.3125, 71.09375, 71.875, 72.65625, 73.4375, 74.21875, 75.0, 75.78125, 76.5625, 77.34375, 78.125, 78.90625, 79.6875, 80.46875, 81.25, 82.03125, 82.8125, 83.59375, 84.375, 85.15625, 85.9375, 86.71875, 87.5, 88.28125, 89.0625, 89.84375, 90.625, 91.40625, 92.1875, 92.96875, 93.75, 94.53125, 95.3125, 96.09375, 96.875, 97.65625, 98.4375, 99.21875, 100.0]}