{"psd": [47.44062589516752, 55.06749295811279, 50.57410245683337, 47.50469857413669, 45.49602272573834, 43.97194062116722, 41.57925253456472, 42.45647865736443, 43.7504709837367, 44.086473758081716, 47.820007636848004, 47.330074976834275, 45.04765810433003, 45.82851171991503, 47.98107848901854, 52.88749338040256, 51.49913096055479, 49.436786358433515, 50.23854447563541, 51.27850966727519, 50.71958572274937, 50.80105483650379, 53.81337166406455, 53.48327176486998, 51.03671105961388, 51.99774958454122, 52.370556355464714, 53.40565337430428, 53.690289351963685, 55.23347951910959, 55.381215538588286, 55.39134249606426, 54.87966743558875, 55.457960935324195, 55.829188169844215, 56.17571451781718, 56.71160877152345, 62.262535815567816, 73.0846108443046, 71.88586795064666, 58.569811194203155, 56.47536286006449, 58.01173568095369, 58.56940305798635, 59.48445988637795, 60.28073366095904, 60.106091990617436, 62.5728136920214, 62.19219202245004, 60.538835410753855, 60.72066152025501, 60.66865180827201, 60.54791680874315, 60.48802806467072, 60.97171654428795, 60.98123399584439, 61.35966051730339, 71.98985793731802, 73.29919560850315, 63.66282331082948, 61.28101227090688, 61.98074953637638, 61.86043353216127, 62.22751353222677, 62.63561569464073, 62.70106022537783, 62.34389419894609, 62.50498962556296, 61.823884657602974, 60.912857539329394, 60.517799860289934, 61.110238778910556, 62.023243110512425, 61.97389132401652, 66.77621803372678, 78.24542948264362, 88.7026274239239, 86.77271357879759, 69.98194032525299, 61.155658414757184, 60.03325332456765, 59.681475721103865, 65.08376047035833, 70.70545825728925, 66.45884431501246, 62.05114859951317, 62.264071653992204, 61.65326160092817, 63.342198658314445, 64.74926519417345, 63.596435775162846, 62.95337826210012, 61.5510253829359, 60.86458858014038, 60.83065624669983, 69.18488954618014, 74.4572442508531, 69.76221038938432, 62.27745407991137, 61.17931647517081, 61.14136539308258, 60.874118113615665, 61.41660541652535, 61.93697076629601, 62.80799627080876, 63.03883941252082, 63.357693240149246, 64.27433267363259, 62.841131447807406, 62.36927118668687, 62.73134562241179, 61.64927622570795, 60.23737003559638, 60.32157679003205, 60.646367610615584, 66.25078410978723, 63.30523346788734, 51.52244411004527, 46.1643122255773, 42.29290437253666, 35.9340136355719, 29.380933933170148, 24.318070456513844, 22.073809296637474, 21.833283706477033, 21.90631975939823, 21.39274420675338, 21.295873459947963, 16.956849690270857], "f": [0.0, 0.78125, 1.5625, 2.34375, 3.125, 3.90625, 4.6875, 5.46875, 6.25, 7.03125, 7.8125, 8.59375, 9.375, 10.15625, 10.9375, 11.71875, 12.5, 13.28125, 14.0625, 14.84375, 15.625, 16.40625, 17.1875, 17.96875, 18.75, 19.53125, 20.3125, 21.09375, 21.875, 22.65625, 23.4375, 24.21875, 25.0, 25.78125, 26.5625, 27.34375, 28.125, 28.90625, 29.6875, 30.46875, 31.25, 32.03125, 32.8125, 33.59375, 34.375, 35.15625, 35.9375, 36.71875, 37.5, 38.28125, 39.0625, 39.84375, 40.625, 41.40625, 42.1875, 42.96875, 43.75, 44.53125, 45.3125, 46.09375, 46.875, 47.65625, 48.4375, 49.21875, 50.0, 50.78125, 51.5625, 52.34375, 53.125, 53.90625, 54.6875, 55.46875, 56.25, 57.03125, 57.8125, 58.59375, 59.375, 60.15625, 60.9375, 61.71875, 62.5, 63.28125, 64.0625, 64.84375, 65.625, 66.40625, 67.1875, 67.96875, 68.75, 69.53125, 70.3125, 71.09375, 71.875, 72.65625, 73.4375, 74.21875, 75.0, 75.78125, 76.5625, 77.34375, 78.125, 78.90625, 79.6875, 80.46875, 81.25, 82.03125, 82.8125, 83.59375, 84.375, 85.15625, 85.9375, 86.71875, 87.5, 88.28125, 89.0625, 89.84375, 90.625, 91.40625, 92.1875, 92.96875, 93.75, 94.53125, 95.3125, 96.09375, 96.875, 97.65625, 98.4375, 99.21875, 100.0]}