{"psd": [53.96915549183067, 62.48685773251002, 58.183484933924525, 54.230388646124084, 53.75100149384284, 53.33257980954059, 54.6256139430863, 56.893733331670056, 58.229304249653254, 59.09525152571332, 58.75268353812214, 59.67143661343813, 59.74557654204172, 60.032593403329, 59.413329500766785, 59.33128815361816, 59.64233422701823, 59.70112352177007, 59.64010581935938, 60.81353799228217, 60.17721971711212, 60.62775643167889, 63.114375142650445, 62.38697393250369, 60.466339140388584, 59.78362875988754, 59.88271363734552, 59.95180885424592, 59.644510109249644, 60.82345659825528, 62.613230786594855, 66.08474338799654, 64.97697583177981, 61.74519408476124, 60.51684921542815, 59.70194816950134, 59.53174691752736, 61.17192873613422, 64.67596964290993, 64.22213465340829, 63.15054570579747, 64.78178365919598, 64.85134631538264, 62.81124177383042, 61.8131779887106, 61.60057675158984, 61.675367558926396, 62.06295260372892, 62.515493136670145, 62.82548351069189, 62.68169960473458, 63.79880648214315, 63.34338732846854, 63.6610011974578, 62.7781210195403, 61.478361761158155, 62.05833075227613, 63.31054118926264, 63.8240922323369, 62.62564149797513, 61.8566477142334, 62.490497579536395, 62.620618162665835, 62.20404814543053, 62.22401011726711, 62.221503464978284, 62.032864751723565, 63.03877658252218, 63.81244467332232, 63.79666616846579, 62.38761828318923, 61.64081505746118, 62.03345765451747, 61.988113341594556, 64.59459241642828, 71.39562431154306, 80.89823500091296, 79.20142125857997, 64.77306637718199, 62.06885817543531, 62.031923020319155, 60.928955657660104, 61.232316802849745, 62.30073524107152, 61.51292818619753, 60.39623250437151, 61.15600200705857, 61.336113565609736, 60.81606112527935, 61.671721252153006, 64.10550108185774, 64.7887590779942, 63.98153851245091, 62.497572921387736, 63.01198343933311, 64.523616668788, 67.13366394914382, 64.94048886630392, 65.96021769377062, 66.42937825450115, 64.92769405699104, 63.847579016711144, 64.42686049664292, 64.71188003345758, 65.11366556225406, 66.06337725843758, 67.36597325394726, 66.54859818517276, 65.32283307104927, 64.57583787608156, 64.24034398943499, 63.673897053992555, 63.20576734870499, 62.466622889238806, 61.61246096427486, 60.94193809337174, 58.17285474255688, 54.43244851813995, 50.13060239787358, 45.06896925982388, 39.40610428081345, 34.05081165154506, 27.303365761092895, 22.80101616056976, 21.366544370325578, 21.279889743280357, 21.675504655627428, 21.374039803812742, 16.88218422427888], "f": [0.0, 0.78125, 1.5625, 2.34375, 3.125, 3.90625, 4.6875, 5.46875, 6.25, 7.03125, 7.8125, 8.59375, 9.375, 10.15625, 10.9375, 11.71875, 12.5, 13.28125, 14.0625, 14.84375, 15.625, 16.40625, 17.1875, 17.96875, 18.75, 19.53125, 20.3125, 21.09375, 21.875, 22.65625, 23.4375, 24.21875, 25.0, 25.78125, 26.5625, 27.34375, 28.125, 28.90625, 29.6875, 30.46875, 31.25, 32.03125, 32.8125, 33.59375, 34.375, 35.15625, 35.9375, 36.71875, 37.5, 38.28125, 39.0625, 39.84375, 40.625, 41.40625, 42.1875, 42.96875, 43.75, 44.53125, 45.3125, 46.09375, 46.875, 47.65625, 48.4375, 49.21875, 50.0, 50.78125, 51.5625, 52.34375, 53.125, 53.90625, 54.6875, 55.46875, 56.25, 57.03125, 57.8125, 58.59375, 59.375, 60.15625, 60.9375, 61.71875, 62.5, 63.28125, 64.0625, 64.84375, 65.625, 66.40625, 67.1875, 67.96875, 68.75, 69.53125, 70.3125, 71.09375, 71.875, 72.65625, 73.4375, 74.21875, 75.0, 75.78125, 76.5625, 77.34375, 78.125, 78.90625, 79.6875, 80.46875, 81.25, 82.03125, 82.8125, 83.59375, 84.375, 85.15625, 85.9375, 86.71875, 87.5, 88.28125, 89.0625, 89.84375, 90.625, 91.40625, 92.1875, 92.96875, 93.75, 94.53125, 95.3125, 96.09375, 96.875, 97.65625, 98.4375, 99.21875, 100.0]}