{"psd": [60.09652835053856, 68.56688709014446, 66.0776338315864, 60.47315827643354, 53.98258926918366, 50.90829872158246, 50.01028981181385, 50.5548566644594, 49.90077673987053, 50.528692320243735, 52.09094630311754, 53.2358074601799, 53.96509182585072, 54.966767082447625, 55.47086604234279, 56.04374241670474, 56.862149663164644, 56.82963597241121, 57.3037758834848, 58.361029779058, 58.45460679755944, 58.62117699123046, 59.25592934600667, 59.828985893089964, 60.14201980706102, 60.26029426427624, 59.71588179236598, 60.3318738251453, 61.20918772755487, 61.787453092163965, 62.02182064878825, 62.08383460379166, 61.70639369912021, 62.1440543184474, 62.78546447355698, 63.58850239433086, 64.28023912018219, 64.38009588270582, 68.81853456179965, 68.11326052575409, 63.34474938267781, 63.26174068740052, 63.923973196477846, 63.81388136958948, 63.84773984704137, 64.29243458222274, 64.1896188554922, 74.98802321110178, 81.0042986639761, 75.72761348616679, 66.30368744314912, 66.26520336456781, 65.57203154973182, 65.37198771662779, 65.62620082385448, 65.71056717919667, 66.60395706702315, 72.30098460036893, 72.90381678272709, 68.18228184158941, 67.32545922976293, 67.00445530956547, 67.70890525194554, 67.38647020112573, 67.10612091306854, 68.12265572917138, 68.93973569763074, 69.32240802893662, 69.28786089665505, 69.4532706221094, 69.54310232832333, 69.20811415999052, 68.83902489312709, 69.17196655723538, 69.92311183165509, 70.56790375548667, 71.0117833074618, 71.41154389032639, 71.00211614701584, 70.05956047654831, 70.22451190592237, 70.05325828479093, 70.52473856233453, 71.22456624468681, 72.29500502009859, 73.0080190180718, 75.04910600505599, 74.65572193118423, 73.07343406422467, 73.11721019657023, 73.23397540696621, 73.18147381779373, 73.09267042771596, 72.0479961151957, 71.2863125373344, 72.16051989150212, 74.30022635375808, 73.1349798469378, 71.98222284894676, 71.28405907669068, 70.78203248771145, 70.80168235887302, 70.16305459538711, 69.43499382450118, 69.10807786664424, 69.37717723008076, 69.70735797036102, 68.22908688901957, 67.46091624991554, 67.48037371648999, 67.10122935812463, 66.49419446551173, 66.64395506018283, 66.39662934363906, 66.43849186712447, 71.00492037287565, 68.36388155453719, 58.289945773250025, 53.421649360625274, 49.2733820874226, 43.74844489654775, 37.45463250518699, 30.338050851206397, 23.914669754299712, 21.911979930670338, 21.71329363747761, 21.178146734220395, 21.273158119126773, 17.08405701490124], "f": [0.0, 0.78125, 1.5625, 2.34375, 3.125, 3.90625, 4.6875, 5.46875, 6.25, 7.03125, 7.8125, 8.59375, 9.375, 10.15625, 10.9375, 11.71875, 12.5, 13.28125, 14.0625, 14.84375, 15.625, 16.40625, 17.1875, 17.96875, 18.75, 19.53125, 20.3125, 21.09375, 21.875, 22.65625, 23.4375, 24.21875, 25.0, 25.78125, 26.5625, 27.34375, 28.125, 28.90625, 29.6875, 30.46875, 31.25, 32.03125, 32.8125, 33.59375, 34.375, 35.15625, 35.9375, 36.71875, 37.5, 38.28125, 39.0625, 39.84375, 40.625, 41.40625, 42.1875, 42.96875, 43.75, 44.53125, 45.3125, 46.09375, 46.875, 47.65625, 48.4375, 49.21875, 50.0, 50.78125, 51.5625, 52.34375, 53.125, 53.90625, 54.6875, 55.46875, 56.25, 57.03125, 57.8125, 58.59375, 59.375, 60.15625, 60.9375, 61.71875, 62.5, 63.28125, 64.0625, 64.84375, 65.625, 66.40625, 67.1875, 67.96875, 68.75, 69.53125, 70.3125, 71.09375, 71.875, 72.65625, 73.4375, 74.21875, 75.0, 75.78125, 76.5625, 77.34375, 78.125, 78.90625, 79.6875, 80.46875, 81.25, 82.03125, 82.8125, 83.59375, 84.375, 85.15625, 85.9375, 86.71875, 87.5, 88.28125, 89.0625, 89.84375, 90.625, 91.40625, 92.1875, 92.96875, 93.75, 94.53125, 95.3125, 96.09375, 96.875, 97.65625, 98.4375, 99.21875, 100.0]}