{"psd": [51.76712683713174, 59.956779419956625, 58.207035006850425, 56.9637733112819, 54.3910552807813, 50.924135983100186, 46.6694450139154, 44.4190485212651, 44.80861280451279, 46.503170385898045, 50.72204957574371, 50.09365526797336, 48.11020627913148, 48.72638507130601, 49.61569272570172, 54.36839074907753, 54.254421414528466, 51.89413800123536, 51.745482068148654, 53.4058928789624, 54.96485944034117, 55.971624601172884, 54.57885729904219, 54.417117120391445, 53.59936390915201, 54.39635200994484, 55.6530626356797, 55.70017990126529, 55.738272868091265, 57.37194638751306, 61.518295145943576, 62.677394611255394, 58.283610963114654, 57.423384156253185, 56.76149471956167, 59.4252660986766, 60.406609395959606, 59.78106743730944, 64.00265197431254, 63.27616310284452, 60.942516010839746, 60.599297171619746, 59.442946630236875, 60.1847472746593, 60.57334224867488, 60.828783010378416, 61.63313843814365, 61.753782468864856, 61.51632050514803, 61.883412824661555, 61.989932121857365, 62.45892731380154, 61.96448682953783, 62.51073907914251, 62.55073190138173, 62.41419260261246, 62.26677986826389, 68.2222515861047, 69.18366174019677, 62.85500140323955, 62.587701225386276, 62.728232878797186, 63.277789587154714, 62.73483862987135, 62.17306630107754, 62.72159667436624, 62.14147345615329, 60.98895615143259, 61.20114146994627, 61.090976265703915, 61.450277608793854, 61.385422000161505, 61.49295188655198, 60.89620602451375, 63.10960184927432, 75.13524607537693, 85.30270903211553, 83.14454612345747, 68.59896006911947, 60.65953949674572, 59.31868337776393, 59.66305992688473, 60.965935910180406, 62.59663286119714, 61.69716652312764, 61.46817703103046, 61.03702725228835, 59.85006303955596, 59.93243976690096, 59.572953696904136, 59.87674562944488, 60.46499942284113, 60.17727330877825, 60.00761674196579, 60.08659415857139, 72.12952569715956, 77.9442476611107, 72.0088773502807, 60.61556250404593, 60.29950722163656, 60.36546804516479, 60.63992658454676, 60.86102029276987, 61.11712514753009, 60.9710294899407, 60.52499461262386, 59.53498022820598, 59.58335851090104, 59.41303143351419, 59.63348600091777, 59.839214068947925, 59.31801207864818, 59.21814133572497, 58.13989523668831, 57.526398977700055, 61.37248385885857, 58.219413213240216, 49.63013575516062, 45.86608234025636, 42.386796655575196, 35.914892638707045, 30.112686411444166, 24.5397698686963, 22.286538661564297, 21.382931585922687, 21.19568415583686, 21.080072934149868, 20.97764716525235, 16.213003613721174], "f": [0.0, 0.78125, 1.5625, 2.34375, 3.125, 3.90625, 4.6875, 5.46875, 6.25, 7.03125, 7.8125, 8.59375, 9.375, 10.15625, 10.9375, 11.71875, 12.5, 13.28125, 14.0625, 14.84375, 15.625, 16.40625, 17.1875, 17.96875, 18.75, 19.53125, 20.3125, 21.09375, 21.875, 22.65625, 23.4375, 24.21875, 25.0, 25.78125, 26.5625, 27.34375, 28.125, 28.90625, 29.6875, 30.46875, 31.25, 32.03125, 32.8125, 33.59375, 34.375, 35.15625, 35.9375, 36.71875, 37.5, 38.28125, 39.0625, 39.84375, 40.625, 41.40625, 42.1875, 42.96875, 43.75, 44.53125, 45.3125, 46.09375, 46.875, 47.65625, 48.4375, 49.21875, 50.0, 50.78125, 51.5625, 52.34375, 53.125, 53.90625, 54.6875, 55.46875, 56.25, 57.03125, 57.8125, 58.59375, 59.375, 60.15625, 60.9375, 61.71875, 62.5, 63.28125, 64.0625, 64.84375, 65.625, 66.40625, 67.1875, 67.96875, 68.75, 69.53125, 70.3125, 71.09375, 71.875, 72.65625, 73.4375, 74.21875, 75.0, 75.78125, 76.5625, 77.34375, 78.125, 78.90625, 79.6875, 80.46875, 81.25, 82.03125, 82.8125, 83.59375, 84.375, 85.15625, 85.9375, 86.71875, 87.5, 88.28125, 89.0625, 89.84375, 90.625, 91.40625, 92.1875, 92.96875, 93.75, 94.53125, 95.3125, 96.09375, 96.875, 97.65625, 98.4375, 99.21875, 100.0]}