{"psd": [55.69843174703615, 64.8238600664961, 63.91571090750317, 62.30946468860651, 57.78019650905399, 52.32802895488155, 48.1114723320627, 45.541076821133956, 46.827131769904106, 47.498808314951376, 53.623065747119355, 56.89234894881426, 53.16359195767894, 50.57113695416034, 50.41628191890795, 50.464508549849675, 52.60723085897578, 51.89328787704055, 61.90870148115443, 67.54497129787262, 62.10831076640488, 56.63548533497099, 57.47203242074433, 57.50414019412483, 57.47875737527714, 57.45780008841521, 58.047009787140325, 59.42000537397856, 59.37335650398648, 59.38784724558684, 60.36216940798689, 59.306115283816524, 59.47078617703105, 58.91138672497415, 58.40148164043771, 58.62510793110766, 58.44339952410878, 61.417746552249845, 63.22045631517965, 60.99158695605226, 59.19684054310099, 59.232953969667285, 58.692459079856434, 59.48308032301328, 59.285636677565606, 59.0583809226755, 60.27491089135597, 59.59349791255174, 60.6704715546187, 60.95572512317892, 61.1482210649746, 61.26399363063334, 61.09499931546975, 61.22419738369299, 62.06098346630597, 61.77592287723318, 61.555176984519484, 62.237981949159824, 62.65288086144284, 62.48730570666428, 63.09072449753483, 62.0537532988335, 63.07124740023643, 62.76889721991022, 62.16930384122086, 62.12199901933032, 61.94029625198446, 62.48879277706011, 63.07259617051561, 61.954043240258315, 63.18836790473404, 62.55529488659127, 61.78811697668998, 62.17521395911339, 62.95638853406971, 65.86359499185265, 65.75861463238647, 65.67221958132168, 63.83365132795886, 62.80409075661831, 62.6093564646099, 63.454201469818784, 62.79673941754582, 62.65167687978705, 62.12604044696626, 62.626619995445424, 63.92363078698256, 64.19844097429711, 63.265072831885966, 62.980220851365104, 62.58909514595099, 62.9961593630841, 63.93038723755072, 63.25437270081235, 63.930597340877576, 64.21195880354189, 64.64336804666358, 66.25695488318571, 66.68126872237386, 64.46936783266621, 64.08843579946333, 63.7415928609418, 63.3787905268919, 62.917719726356005, 62.558017282277866, 62.83429737879027, 63.39714408717181, 62.85456123251472, 62.288805945183185, 62.430090100890524, 61.86164149867946, 62.309556444936824, 61.914699930090684, 60.48938374180644, 60.12996062033395, 60.073069933155054, 57.21709951610727, 53.104068898150445, 49.30955315337385, 45.491452964679084, 40.2441804710229, 33.62647027009291, 27.377127681937267, 22.464879601040973, 21.134970317473886, 21.097339123846407, 21.98542509001099, 21.297937467924157, 16.61024388221069], "f": [0.0, 0.78125, 1.5625, 2.34375, 3.125, 3.90625, 4.6875, 5.46875, 6.25, 7.03125, 7.8125, 8.59375, 9.375, 10.15625, 10.9375, 11.71875, 12.5, 13.28125, 14.0625, 14.84375, 15.625, 16.40625, 17.1875, 17.96875, 18.75, 19.53125, 20.3125, 21.09375, 21.875, 22.65625, 23.4375, 24.21875, 25.0, 25.78125, 26.5625, 27.34375, 28.125, 28.90625, 29.6875, 30.46875, 31.25, 32.03125, 32.8125, 33.59375, 34.375, 35.15625, 35.9375, 36.71875, 37.5, 38.28125, 39.0625, 39.84375, 40.625, 41.40625, 42.1875, 42.96875, 43.75, 44.53125, 45.3125, 46.09375, 46.875, 47.65625, 48.4375, 49.21875, 50.0, 50.78125, 51.5625, 52.34375, 53.125, 53.90625, 54.6875, 55.46875, 56.25, 57.03125, 57.8125, 58.59375, 59.375, 60.15625, 60.9375, 61.71875, 62.5, 63.28125, 64.0625, 64.84375, 65.625, 66.40625, 67.1875, 67.96875, 68.75, 69.53125, 70.3125, 71.09375, 71.875, 72.65625, 73.4375, 74.21875, 75.0, 75.78125, 76.5625, 77.34375, 78.125, 78.90625, 79.6875, 80.46875, 81.25, 82.03125, 82.8125, 83.59375, 84.375, 85.15625, 85.9375, 86.71875, 87.5, 88.28125, 89.0625, 89.84375, 90.625, 91.40625, 92.1875, 92.96875, 93.75, 94.53125, 95.3125, 96.09375, 96.875, 97.65625, 98.4375, 99.21875, 100.0]}