{"psd": [52.6638690220573, 60.988876524566166, 58.92733801021653, 56.626228503292495, 53.277626384738625, 48.99000997175942, 44.646197067858004, 42.05756398014045, 42.41357684641582, 47.52428230228401, 51.98628088451463, 54.74299912872215, 53.053702183900604, 45.69506459157718, 46.411684889260215, 48.52550960965358, 51.701829480459054, 54.47884535073256, 60.65906443619433, 60.08191151291079, 59.14978370413783, 56.45395076479984, 55.69528938784437, 57.421646023816635, 55.35641091691299, 54.00864219384297, 54.917673782054344, 59.66578870159818, 59.102571115807365, 58.67119779872404, 61.527248234429536, 60.18189157873123, 59.014600995645864, 58.884989630350745, 60.959823819542294, 62.247003855983124, 61.875875601046715, 61.15908851569727, 61.70820941351722, 61.677473388948414, 62.52450205056495, 62.05944973376109, 60.682065908812895, 62.06647548308915, 63.25300872984673, 65.02360715174291, 64.83249559692473, 63.34836298841416, 64.3542726380758, 63.93862938253421, 64.65534669113526, 64.80750400263946, 64.86418971736444, 65.6321562417678, 66.6284322533124, 66.81228195570533, 66.50313021355332, 66.69949371758806, 65.4893889132752, 65.1381408708846, 65.01263969490056, 66.0136745756069, 65.88111202943863, 67.5357420824004, 68.20730680771241, 67.90086843239786, 68.52108938448328, 66.78203743332756, 66.12892488431359, 65.04886914553487, 66.58313160995539, 67.01386780321653, 67.29282797362985, 68.58650959028625, 69.14968194504209, 70.17017269282339, 71.73059330828711, 72.39330025217879, 71.05303947097735, 71.20028689939359, 70.96170945631027, 70.46827711130832, 70.43632844935723, 71.02542985298581, 71.93098924895233, 72.7751888105978, 74.34644827649329, 74.839306626546, 74.53475481412542, 74.31521860922003, 73.76380028318468, 73.46041595235502, 72.3263699746661, 71.9898357710893, 73.4026911018581, 74.36097516993166, 74.37278594388455, 73.37025756301036, 72.6326678119984, 72.37142853860662, 71.4090136719716, 70.33239469683193, 69.63748184003704, 70.75455385868437, 71.71397764993728, 71.8210289663979, 71.8784984967167, 71.71197406481427, 70.86858919807706, 70.04944513301217, 68.64457958345125, 68.50179460191308, 67.85333223122434, 67.10609009309317, 66.4480820874923, 65.26604219820145, 62.97571514286532, 59.23652488315143, 55.8739606608373, 51.47317152229772, 45.97843365525847, 39.52930738429357, 32.88383007025871, 25.779324141209813, 22.016273797056822, 22.00016053982846, 21.54148395689258, 21.02157883014336, 15.744859587610605], "f": [0.0, 0.78125, 1.5625, 2.34375, 3.125, 3.90625, 4.6875, 5.46875, 6.25, 7.03125, 7.8125, 8.59375, 9.375, 10.15625, 10.9375, 11.71875, 12.5, 13.28125, 14.0625, 14.84375, 15.625, 16.40625, 17.1875, 17.96875, 18.75, 19.53125, 20.3125, 21.09375, 21.875, 22.65625, 23.4375, 24.21875, 25.0, 25.78125, 26.5625, 27.34375, 28.125, 28.90625, 29.6875, 30.46875, 31.25, 32.03125, 32.8125, 33.59375, 34.375, 35.15625, 35.9375, 36.71875, 37.5, 38.28125, 39.0625, 39.84375, 40.625, 41.40625, 42.1875, 42.96875, 43.75, 44.53125, 45.3125, 46.09375, 46.875, 47.65625, 48.4375, 49.21875, 50.0, 50.78125, 51.5625, 52.34375, 53.125, 53.90625, 54.6875, 55.46875, 56.25, 57.03125, 57.8125, 58.59375, 59.375, 60.15625, 60.9375, 61.71875, 62.5, 63.28125, 64.0625, 64.84375, 65.625, 66.40625, 67.1875, 67.96875, 68.75, 69.53125, 70.3125, 71.09375, 71.875, 72.65625, 73.4375, 74.21875, 75.0, 75.78125, 76.5625, 77.34375, 78.125, 78.90625, 79.6875, 80.46875, 81.25, 82.03125, 82.8125, 83.59375, 84.375, 85.15625, 85.9375, 86.71875, 87.5, 88.28125, 89.0625, 89.84375, 90.625, 91.40625, 92.1875, 92.96875, 93.75, 94.53125, 95.3125, 96.09375, 96.875, 97.65625, 98.4375, 99.21875, 100.0]}