{"psd": [58.77960404119542, 67.36191806175506, 66.15915643613765, 63.81820679617353, 59.20523008521649, 54.13575197188072, 49.542784007840616, 47.073948139014455, 52.025801603579836, 59.243185210126725, 56.17039161589063, 49.37761110748614, 51.533684589987736, 53.2452105415122, 55.20328402055406, 58.82491111055006, 58.00842387387419, 56.364334304589136, 60.372366219626066, 60.86199528041507, 58.885304310500544, 58.808396208891615, 62.58772536971741, 62.13628681804576, 63.24052168176355, 64.87293648630798, 64.7036996829005, 60.5321124504464, 61.653041870074894, 62.419017438206836, 62.262862331598754, 62.37406230220755, 61.420902234869516, 61.88741882429422, 61.83697696717596, 62.05301297075952, 62.440433689289236, 63.954316430481825, 67.26213449726978, 66.67956265244351, 66.31733319440309, 65.79131828037917, 64.64224523347764, 64.05116282005442, 64.40679151629156, 66.18185961047261, 66.04083512700085, 63.008662981815476, 63.90231196053868, 63.179519980057904, 63.850729565505794, 63.86798973329907, 64.58345133729438, 66.32349916631307, 65.96027823994714, 64.76633121746383, 64.44202172337533, 66.51524670416676, 67.08633523691292, 64.54690750848445, 65.94796571577005, 67.1516238855655, 66.24395554320022, 67.49046883854422, 68.64410532079228, 68.1144614542214, 66.92616087335051, 66.07282493308765, 64.7524878986651, 64.77829668233827, 65.38257797523515, 65.88648803990817, 66.12383195740827, 66.68902635791282, 68.24890076403565, 71.97421264952061, 72.5979522005259, 72.43789059176113, 70.55769668682441, 69.50518248924021, 68.40348529346959, 67.57128759714183, 68.11423150561724, 67.90919589314893, 68.17617819285202, 69.15260553768906, 70.1047194375471, 71.11429318319973, 72.61391102151504, 74.35476964772162, 74.45052895578715, 74.26884071014798, 73.05239146344873, 71.74646695346085, 71.68492761821884, 71.76319632055636, 72.57724580836748, 72.9638085338788, 73.09490579445216, 73.35349469134941, 73.69931295546264, 74.486108165248, 75.52108065636244, 75.00996142963403, 74.34525119886531, 74.0729927231934, 73.54546018930972, 72.37503093358484, 72.26710732316373, 71.44862159804583, 71.38689649188035, 70.86029329921392, 70.02834099422766, 69.33037213555731, 68.47975587408301, 67.54646043611777, 65.09966329090358, 61.68133318660565, 57.60170024239197, 52.86614825382354, 46.943769405372294, 40.069787255592715, 32.87864556565877, 25.850800015701996, 22.119040834875015, 21.604963790029828, 21.654680163070896, 21.41004501913772, 16.477263454808824], "f": [0.0, 0.78125, 1.5625, 2.34375, 3.125, 3.90625, 4.6875, 5.46875, 6.25, 7.03125, 7.8125, 8.59375, 9.375, 10.15625, 10.9375, 11.71875, 12.5, 13.28125, 14.0625, 14.84375, 15.625, 16.40625, 17.1875, 17.96875, 18.75, 19.53125, 20.3125, 21.09375, 21.875, 22.65625, 23.4375, 24.21875, 25.0, 25.78125, 26.5625, 27.34375, 28.125, 28.90625, 29.6875, 30.46875, 31.25, 32.03125, 32.8125, 33.59375, 34.375, 35.15625, 35.9375, 36.71875, 37.5, 38.28125, 39.0625, 39.84375, 40.625, 41.40625, 42.1875, 42.96875, 43.75, 44.53125, 45.3125, 46.09375, 46.875, 47.65625, 48.4375, 49.21875, 50.0, 50.78125, 51.5625, 52.34375, 53.125, 53.90625, 54.6875, 55.46875, 56.25, 57.03125, 57.8125, 58.59375, 59.375, 60.15625, 60.9375, 61.71875, 62.5, 63.28125, 64.0625, 64.84375, 65.625, 66.40625, 67.1875, 67.96875, 68.75, 69.53125, 70.3125, 71.09375, 71.875, 72.65625, 73.4375, 74.21875, 75.0, 75.78125, 76.5625, 77.34375, 78.125, 78.90625, 79.6875, 80.46875, 81.25, 82.03125, 82.8125, 83.59375, 84.375, 85.15625, 85.9375, 86.71875, 87.5, 88.28125, 89.0625, 89.84375, 90.625, 91.40625, 92.1875, 92.96875, 93.75, 94.53125, 95.3125, 96.09375, 96.875, 97.65625, 98.4375, 99.21875, 100.0]}