{"psd": [55.90355248155922, 65.31415594120604, 58.71136840757694, 55.94952424496163, 52.54729157705195, 48.74552720607824, 44.981566305042975, 42.76569885750726, 43.26609877967553, 44.35839079233262, 46.25084092614297, 49.9366924664399, 48.3895608827845, 45.57175619394066, 46.62329935326881, 49.19132394390392, 48.79063633684214, 46.932454187154605, 47.42393455307706, 50.77285181958451, 50.737453777227984, 49.95255242649682, 50.22354977344821, 50.8239186897009, 49.84501040002673, 50.88395770603398, 53.29515982716684, 51.71205385388548, 52.324078994148344, 55.19029783390479, 54.33173150036549, 55.0694789334396, 54.463268817183355, 55.38472232029186, 55.71416640066009, 53.59324585718227, 54.14744656965718, 56.06233194323258, 62.244096562459504, 61.455933244194256, 56.8387648957918, 57.68570375907581, 56.43779544881212, 55.375992060937726, 55.984626012258246, 56.72473283550435, 57.12225016575146, 57.81077993750661, 59.03488406594994, 58.392380689471366, 58.69748790869602, 59.72029020415063, 59.35308376784307, 57.893741741468006, 58.89543769198076, 58.59949469827506, 59.09054194810224, 67.36451296010702, 68.51727299098404, 60.68335028279059, 59.754027923463596, 62.10442777792352, 62.25211512893057, 60.26270845626782, 59.82410559219367, 59.51593480680192, 60.47641455485212, 60.742761365214044, 60.4031892495987, 59.8290399163599, 59.92080262110164, 61.40476643179615, 62.42760308071907, 60.899295459040815, 61.54871535280571, 70.4801860738076, 80.71680651342008, 78.788131282167, 66.67751697396211, 61.83007087082828, 60.44880382743611, 60.88730414987828, 61.73832599741197, 61.22328842340126, 59.684111639215594, 59.232392824096955, 59.48371385446103, 59.99192510441646, 59.68908986154101, 59.576464988257825, 60.30049675540443, 61.09951404188994, 60.5366402319592, 59.868764096543984, 59.35424943623844, 62.42549019635166, 66.98905226364114, 63.11105337508667, 59.805189016985466, 59.75917803631536, 59.25073936281058, 59.64412165249226, 60.431453356444024, 60.86633906519378, 61.70658785035228, 62.19379216412757, 60.95017241149158, 60.516996012845546, 60.804118730351114, 60.759941728975676, 60.05201695483023, 59.03715366066395, 58.31131936575872, 57.08168859348605, 57.79089443504732, 62.85526760797659, 59.36402331895286, 49.185794415228045, 45.03194498314778, 40.83407762168686, 35.418341506824184, 29.779296613538865, 24.799011513208118, 22.09932497133346, 21.792181943938296, 21.855905508679584, 21.652401918916166, 21.47883045569514, 16.782613007487395], "f": [0.0, 0.78125, 1.5625, 2.34375, 3.125, 3.90625, 4.6875, 5.46875, 6.25, 7.03125, 7.8125, 8.59375, 9.375, 10.15625, 10.9375, 11.71875, 12.5, 13.28125, 14.0625, 14.84375, 15.625, 16.40625, 17.1875, 17.96875, 18.75, 19.53125, 20.3125, 21.09375, 21.875, 22.65625, 23.4375, 24.21875, 25.0, 25.78125, 26.5625, 27.34375, 28.125, 28.90625, 29.6875, 30.46875, 31.25, 32.03125, 32.8125, 33.59375, 34.375, 35.15625, 35.9375, 36.71875, 37.5, 38.28125, 39.0625, 39.84375, 40.625, 41.40625, 42.1875, 42.96875, 43.75, 44.53125, 45.3125, 46.09375, 46.875, 47.65625, 48.4375, 49.21875, 50.0, 50.78125, 51.5625, 52.34375, 53.125, 53.90625, 54.6875, 55.46875, 56.25, 57.03125, 57.8125, 58.59375, 59.375, 60.15625, 60.9375, 61.71875, 62.5, 63.28125, 64.0625, 64.84375, 65.625, 66.40625, 67.1875, 67.96875, 68.75, 69.53125, 70.3125, 71.09375, 71.875, 72.65625, 73.4375, 74.21875, 75.0, 75.78125, 76.5625, 77.34375, 78.125, 78.90625, 79.6875, 80.46875, 81.25, 82.03125, 82.8125, 83.59375, 84.375, 85.15625, 85.9375, 86.71875, 87.5, 88.28125, 89.0625, 89.84375, 90.625, 91.40625, 92.1875, 92.96875, 93.75, 94.53125, 95.3125, 96.09375, 96.875, 97.65625, 98.4375, 99.21875, 100.0]}