{"psd": [53.55883056848136, 63.13223786030149, 63.54281185895704, 62.97812947117724, 60.15743011711144, 55.77343650342427, 51.80699800466229, 49.431893863186346, 48.49405598576326, 49.414590903569724, 53.67792867451898, 56.56839557052113, 54.025776989013565, 52.47352041577096, 54.518274820765605, 55.92871622181944, 55.51347798894554, 53.951703649669454, 57.4884413716239, 60.12533482338563, 56.8463328082084, 56.52084401401893, 58.826715431945715, 62.49036695479727, 62.480198435402215, 61.14340780812316, 60.870456739367434, 61.41417478734035, 61.32186559856564, 62.932315359548234, 62.80926871118335, 62.031998702710034, 61.21376195853208, 60.74370193556256, 60.730443708997406, 62.471471457315445, 62.07007052892649, 62.24407422354071, 64.29553000954638, 62.26817295294792, 59.752107119324705, 61.63794415460228, 62.17222305283475, 62.17653526472057, 63.68900368131189, 64.65697011125594, 64.08816179898339, 63.02990633021744, 61.891370846041525, 60.856424328583785, 61.99131592279464, 63.84365022690588, 63.10662926531723, 63.225518592934044, 64.15350329492996, 63.54570475657866, 65.56415902478348, 66.59589264666513, 66.81429634050713, 64.05340142896011, 63.359466840928334, 64.37825108903832, 65.92455048338235, 65.73819123626544, 65.37635445623833, 64.88603103865626, 63.6932707636642, 63.842609572148746, 64.03628377918838, 65.07872628926631, 65.975201282547, 65.59445751979895, 64.14843517876076, 65.42458861405892, 68.22287593672539, 71.16110390108122, 73.06085326273514, 74.31276704986493, 67.49037463781968, 65.10361300423082, 65.04818589252734, 65.93278783579854, 66.33439769149172, 64.51352717525278, 64.06628391624476, 63.895614530866126, 65.18888446203924, 63.98625309955985, 64.07739484576722, 64.17049111556346, 64.56811034235037, 64.98290601005151, 64.52293585265315, 64.67738079268071, 65.36589688427597, 70.17814031646996, 74.65184333828833, 69.96108091173292, 65.7760506885528, 65.37010230654202, 65.7415374487137, 65.98129721654593, 65.92848778383244, 64.57296311158413, 64.42160112351218, 65.21173455402905, 64.12017426420167, 63.43954637547297, 62.90849756728902, 62.16666371620701, 61.647260646513516, 60.68419334297121, 59.93293065488271, 59.50499005051747, 65.25391557471923, 72.23501758580775, 68.07066573521595, 52.510771979253164, 48.834969018640564, 44.30942561271316, 38.202671839827545, 32.329850561808236, 26.54830046009437, 22.12148186903393, 21.625368959232883, 21.741509595781995, 21.30672227758932, 21.482311839279213, 16.498798469635144], "f": [0.0, 0.78125, 1.5625, 2.34375, 3.125, 3.90625, 4.6875, 5.46875, 6.25, 7.03125, 7.8125, 8.59375, 9.375, 10.15625, 10.9375, 11.71875, 12.5, 13.28125, 14.0625, 14.84375, 15.625, 16.40625, 17.1875, 17.96875, 18.75, 19.53125, 20.3125, 21.09375, 21.875, 22.65625, 23.4375, 24.21875, 25.0, 25.78125, 26.5625, 27.34375, 28.125, 28.90625, 29.6875, 30.46875, 31.25, 32.03125, 32.8125, 33.59375, 34.375, 35.15625, 35.9375, 36.71875, 37.5, 38.28125, 39.0625, 39.84375, 40.625, 41.40625, 42.1875, 42.96875, 43.75, 44.53125, 45.3125, 46.09375, 46.875, 47.65625, 48.4375, 49.21875, 50.0, 50.78125, 51.5625, 52.34375, 53.125, 53.90625, 54.6875, 55.46875, 56.25, 57.03125, 57.8125, 58.59375, 59.375, 60.15625, 60.9375, 61.71875, 62.5, 63.28125, 64.0625, 64.84375, 65.625, 66.40625, 67.1875, 67.96875, 68.75, 69.53125, 70.3125, 71.09375, 71.875, 72.65625, 73.4375, 74.21875, 75.0, 75.78125, 76.5625, 77.34375, 78.125, 78.90625, 79.6875, 80.46875, 81.25, 82.03125, 82.8125, 83.59375, 84.375, 85.15625, 85.9375, 86.71875, 87.5, 88.28125, 89.0625, 89.84375, 90.625, 91.40625, 92.1875, 92.96875, 93.75, 94.53125, 95.3125, 96.09375, 96.875, 97.65625, 98.4375, 99.21875, 100.0]}