{"psd": [55.61481136878094, 64.82203340053103, 59.48221304690123, 56.64173123121071, 53.45628906501673, 49.30295330939985, 45.38527702850764, 42.22881530968037, 42.08871502881729, 43.03339342299527, 44.30900357423249, 45.004139080609356, 48.46935219155292, 51.36057108526146, 49.91731060968565, 46.428378030230384, 46.19046749126588, 47.34883219474166, 47.55501119403388, 47.158236389707824, 47.438439427730515, 47.53618430741916, 50.07116077485611, 49.923531982842704, 48.87515134947414, 49.35718743461877, 50.31325696911884, 51.64731033412274, 51.69350750032412, 51.62472284779934, 52.1089561806238, 54.00324550012017, 54.69878492849116, 60.750638711510526, 61.7361798300524, 56.74967273520572, 57.2368849656078, 56.186490425565296, 63.362586411660345, 62.320865813114054, 55.09109015417585, 55.22628107961819, 54.956730469086594, 54.084127525934306, 55.38043205908731, 56.86914082797904, 55.95526545560244, 55.401429086669026, 58.35406659200157, 59.90667582950314, 57.25751522984092, 56.85012751363828, 57.30731320938682, 57.98578349448797, 57.92502187538264, 57.65468157324953, 58.01136624464555, 59.53506123659034, 60.360576704411926, 58.39477225163221, 59.496491282415576, 60.26558198012205, 60.46720572162205, 61.26126384608047, 60.29568083799789, 59.828284632121566, 59.640699968522966, 60.35433029886754, 60.1991306259511, 60.525178704016724, 60.10426800929306, 61.75780937365876, 62.826483985797346, 61.34253681557408, 61.584759036181154, 65.39594247199865, 72.6592026921524, 71.55791227261771, 68.63652863758999, 64.76558127781718, 62.143010423135976, 62.23840738677378, 62.033748324302664, 63.930171406542975, 61.482492965857595, 60.74444882780053, 61.02999587176982, 61.49977462471814, 62.328139233378394, 62.153076999217554, 62.22825347183942, 62.011585335699586, 61.573115471569764, 61.76702493205829, 61.55774324962033, 61.97377200949908, 63.28452793681041, 62.175368974298394, 61.774752814704634, 61.88654844817351, 60.83242395972774, 60.28719521734487, 60.910517527130715, 60.986554886310714, 60.85922562744394, 60.43899270089058, 61.007699256456256, 61.58650518640136, 60.93296225912995, 60.37609617643925, 60.19469957827111, 59.66942135275688, 59.239983433438624, 58.348300703304744, 58.11347617840573, 57.78349182382084, 54.51235921901408, 49.91521066763552, 46.231806600455585, 42.19782029369756, 37.056872354407744, 30.863455643329686, 25.636012254411654, 22.88910552084132, 21.5538400301595, 21.828563547288447, 21.323739247658327, 21.66562469966518, 17.028845008562], "f": [0.0, 0.78125, 1.5625, 2.34375, 3.125, 3.90625, 4.6875, 5.46875, 6.25, 7.03125, 7.8125, 8.59375, 9.375, 10.15625, 10.9375, 11.71875, 12.5, 13.28125, 14.0625, 14.84375, 15.625, 16.40625, 17.1875, 17.96875, 18.75, 19.53125, 20.3125, 21.09375, 21.875, 22.65625, 23.4375, 24.21875, 25.0, 25.78125, 26.5625, 27.34375, 28.125, 28.90625, 29.6875, 30.46875, 31.25, 32.03125, 32.8125, 33.59375, 34.375, 35.15625, 35.9375, 36.71875, 37.5, 38.28125, 39.0625, 39.84375, 40.625, 41.40625, 42.1875, 42.96875, 43.75, 44.53125, 45.3125, 46.09375, 46.875, 47.65625, 48.4375, 49.21875, 50.0, 50.78125, 51.5625, 52.34375, 53.125, 53.90625, 54.6875, 55.46875, 56.25, 57.03125, 57.8125, 58.59375, 59.375, 60.15625, 60.9375, 61.71875, 62.5, 63.28125, 64.0625, 64.84375, 65.625, 66.40625, 67.1875, 67.96875, 68.75, 69.53125, 70.3125, 71.09375, 71.875, 72.65625, 73.4375, 74.21875, 75.0, 75.78125, 76.5625, 77.34375, 78.125, 78.90625, 79.6875, 80.46875, 81.25, 82.03125, 82.8125, 83.59375, 84.375, 85.15625, 85.9375, 86.71875, 87.5, 88.28125, 89.0625, 89.84375, 90.625, 91.40625, 92.1875, 92.96875, 93.75, 94.53125, 95.3125, 96.09375, 96.875, 97.65625, 98.4375, 99.21875, 100.0]}