{"psd": [47.154178586335085, 57.038422238625365, 55.36839857883605, 53.3843407095199, 49.62850421157874, 45.8990138486934, 43.03157130063626, 43.368849622176384, 44.43529445451816, 43.40858750473138, 45.176416681044785, 45.49639709339564, 45.38849396141142, 48.053964074835676, 50.24796695664308, 50.65048802305714, 48.35090227912336, 47.64731385731914, 48.05017641568479, 51.90202505200932, 50.58767855616825, 49.423103217487636, 52.882990618982504, 54.3856401104508, 51.2148265695744, 50.654901943830026, 52.56547942605646, 51.54503437249965, 52.54093793045581, 52.89419523464276, 52.85181171941238, 54.33703758308926, 55.71369670632016, 54.850635429983186, 54.29784730934058, 54.88052943243311, 56.933613790372696, 61.188827085767066, 66.52836250243136, 63.51592707807232, 56.994091221540835, 56.65181677208874, 58.03432152198227, 58.143451554827585, 57.94553914234336, 57.478724227833055, 58.58469837346571, 59.322407533366295, 63.741167089677695, 66.47074018107409, 61.039367405809244, 61.44579500156677, 62.00398820482745, 62.15301458863419, 60.99211078897576, 62.08100720624457, 62.2772666940608, 64.80740776467098, 65.0890252665366, 62.753850754995796, 62.851226644032174, 63.62656672284623, 63.403138987979915, 63.114296838086176, 63.211295787422046, 63.51529365591909, 63.712133711980556, 62.55036269606815, 62.214067338589075, 61.93889835691827, 60.96139703368423, 61.137478893439834, 61.26065626003739, 62.068689217661365, 66.55892596160822, 76.5294950186018, 86.90339145762591, 84.50022838834279, 71.17096662387101, 65.97470962443458, 61.054426629757586, 60.46415367404467, 64.27170438903345, 69.53886142665503, 65.64522540231096, 61.24470868059808, 60.48471096500984, 61.73683454482926, 63.5008117386913, 62.10253571156801, 63.59092550508628, 63.82055846825899, 61.41673902342566, 60.07544148574424, 60.111098913109835, 62.75785261792085, 65.70038491612439, 62.8373740223551, 61.2550923280175, 59.636736669582014, 59.146528208074486, 59.26975995613962, 59.24179834383989, 58.98700719828498, 59.94877644790432, 60.47878973977994, 61.05997809064501, 61.210557133958645, 60.89604218174863, 60.26623003059798, 60.077704853358014, 59.01663352648512, 58.144723729140395, 58.87101202972956, 60.862647661051625, 67.34754819058898, 63.851834643196035, 49.90391372567795, 45.67494085770426, 41.14832111493867, 34.73799945772136, 29.242822791693413, 24.89235223513902, 22.24427429831526, 21.553165361410432, 21.367859979919352, 21.188245258877192, 21.621588048326437, 17.18210776669884], "f": [0.0, 0.78125, 1.5625, 2.34375, 3.125, 3.90625, 4.6875, 5.46875, 6.25, 7.03125, 7.8125, 8.59375, 9.375, 10.15625, 10.9375, 11.71875, 12.5, 13.28125, 14.0625, 14.84375, 15.625, 16.40625, 17.1875, 17.96875, 18.75, 19.53125, 20.3125, 21.09375, 21.875, 22.65625, 23.4375, 24.21875, 25.0, 25.78125, 26.5625, 27.34375, 28.125, 28.90625, 29.6875, 30.46875, 31.25, 32.03125, 32.8125, 33.59375, 34.375, 35.15625, 35.9375, 36.71875, 37.5, 38.28125, 39.0625, 39.84375, 40.625, 41.40625, 42.1875, 42.96875, 43.75, 44.53125, 45.3125, 46.09375, 46.875, 47.65625, 48.4375, 49.21875, 50.0, 50.78125, 51.5625, 52.34375, 53.125, 53.90625, 54.6875, 55.46875, 56.25, 57.03125, 57.8125, 58.59375, 59.375, 60.15625, 60.9375, 61.71875, 62.5, 63.28125, 64.0625, 64.84375, 65.625, 66.40625, 67.1875, 67.96875, 68.75, 69.53125, 70.3125, 71.09375, 71.875, 72.65625, 73.4375, 74.21875, 75.0, 75.78125, 76.5625, 77.34375, 78.125, 78.90625, 79.6875, 80.46875, 81.25, 82.03125, 82.8125, 83.59375, 84.375, 85.15625, 85.9375, 86.71875, 87.5, 88.28125, 89.0625, 89.84375, 90.625, 91.40625, 92.1875, 92.96875, 93.75, 94.53125, 95.3125, 96.09375, 96.875, 97.65625, 98.4375, 99.21875, 100.0]}