{"psd": [54.8561981101829, 62.99158642653484, 61.93210275547396, 59.80405663930579, 55.61768782257607, 50.36315638621586, 46.20938694140284, 45.13726146098712, 45.09296667203134, 50.16784083430132, 54.34393974999169, 50.41382941067209, 49.969845648127574, 52.265559975804564, 52.235917636914365, 54.527512163392444, 55.09315777867505, 51.28376983242671, 52.35282835315965, 57.3014959735272, 60.05285857911126, 55.985386107024965, 54.11058194872041, 54.00937139893928, 55.09021998640584, 55.02620382077219, 55.68986532737824, 55.705710768648665, 55.85226135557957, 55.795010323696005, 57.10176969321757, 60.55458489279247, 62.12205754221965, 60.19039183239901, 58.79173846990731, 58.68965655715476, 57.96027435644299, 58.94230878922082, 63.5700598923825, 63.29569144625203, 61.3053969221496, 62.091208319717595, 62.56086493037331, 63.41292503855107, 62.96080283061332, 63.65243779782002, 65.69209330792103, 65.70696839038823, 65.23912447920469, 64.62554689843988, 64.75269796114675, 65.74840459518539, 68.01594364035023, 69.05773171134696, 67.29463508870155, 67.6116364186103, 69.74935562857338, 69.52683786679165, 68.51012089813216, 67.75794271780609, 68.15756461501766, 68.6225905599578, 68.07800808073947, 68.12707555735042, 68.71263260165954, 70.69963103940673, 71.09694195581659, 70.14761085357195, 68.40211546150718, 67.8738325405708, 68.33077908751171, 69.01191700566687, 69.70185613764572, 69.76710046078418, 68.98752048829117, 69.42685629798103, 74.5753147238353, 74.7778420454516, 70.2114643621216, 70.15336272004176, 69.89410220917607, 69.45631404292266, 70.12784989469588, 70.74675775500675, 71.16325166368499, 72.24617644456428, 73.30780143611284, 72.60036276542017, 72.0848940427785, 72.69354714541292, 73.52861083975894, 74.24241989168131, 74.0143101641121, 74.30889449415301, 74.00697882526768, 74.42854529191898, 75.74377222304688, 76.25491446566018, 75.6921474208601, 74.33830787990428, 72.2251499578986, 72.02012275424184, 73.17061279074844, 73.69015847570373, 74.05239828350349, 72.76575581536116, 71.4010010601533, 70.62593833350611, 70.88766094406137, 72.022770161534, 71.75284203706167, 71.14879772254466, 69.66424852303885, 68.03148839766385, 66.41352834846931, 65.80051008097504, 63.67553461470506, 59.55803523671597, 55.472737280100006, 50.33360976668155, 44.10654517740134, 37.365924788164676, 30.32542196280501, 24.100105166091783, 21.659975923650364, 21.254950698306494, 21.496632157941292, 21.421219033275484, 16.792665455596126], "f": [0.0, 0.78125, 1.5625, 2.34375, 3.125, 3.90625, 4.6875, 5.46875, 6.25, 7.03125, 7.8125, 8.59375, 9.375, 10.15625, 10.9375, 11.71875, 12.5, 13.28125, 14.0625, 14.84375, 15.625, 16.40625, 17.1875, 17.96875, 18.75, 19.53125, 20.3125, 21.09375, 21.875, 22.65625, 23.4375, 24.21875, 25.0, 25.78125, 26.5625, 27.34375, 28.125, 28.90625, 29.6875, 30.46875, 31.25, 32.03125, 32.8125, 33.59375, 34.375, 35.15625, 35.9375, 36.71875, 37.5, 38.28125, 39.0625, 39.84375, 40.625, 41.40625, 42.1875, 42.96875, 43.75, 44.53125, 45.3125, 46.09375, 46.875, 47.65625, 48.4375, 49.21875, 50.0, 50.78125, 51.5625, 52.34375, 53.125, 53.90625, 54.6875, 55.46875, 56.25, 57.03125, 57.8125, 58.59375, 59.375, 60.15625, 60.9375, 61.71875, 62.5, 63.28125, 64.0625, 64.84375, 65.625, 66.40625, 67.1875, 67.96875, 68.75, 69.53125, 70.3125, 71.09375, 71.875, 72.65625, 73.4375, 74.21875, 75.0, 75.78125, 76.5625, 77.34375, 78.125, 78.90625, 79.6875, 80.46875, 81.25, 82.03125, 82.8125, 83.59375, 84.375, 85.15625, 85.9375, 86.71875, 87.5, 88.28125, 89.0625, 89.84375, 90.625, 91.40625, 92.1875, 92.96875, 93.75, 94.53125, 95.3125, 96.09375, 96.875, 97.65625, 98.4375, 99.21875, 100.0]}