{"psd": [60.27191277893535, 68.39155919397261, 66.66416194644, 63.73301325422956, 59.39504934567144, 54.00095985756549, 49.54717384572795, 47.79157194845123, 49.19464179368071, 52.58008965784497, 51.437286139768226, 49.649020737647035, 51.682629596368514, 52.00556274141201, 51.709797719887156, 53.784770537566644, 55.298074219431314, 55.177339736676686, 56.02581940999364, 58.08268514068219, 57.40162196262766, 57.44243969620845, 58.08090688693717, 59.45799843176074, 60.97469402998202, 61.416563089817934, 60.718919576520875, 61.0221202433003, 61.98208880999211, 63.26358889843229, 63.33214381242232, 63.16447854778403, 63.07204201317647, 63.62686010616389, 62.68617469694654, 62.755695546698185, 62.514662344244734, 62.38314500752488, 64.44558670868749, 64.77164076342771, 65.38767153229821, 67.4069930841795, 64.6515711995272, 62.46959870669899, 63.82179786965048, 66.06984404436629, 65.66937539212626, 65.22618424908248, 66.22612989750665, 67.93820122323987, 66.4715504466527, 64.34718750455359, 63.30111789658089, 63.446926595121, 64.25840042644468, 64.16167323359603, 64.57299762793045, 66.57419397037073, 67.40412311215034, 64.46914764878139, 63.73712346702054, 63.48753413505747, 64.54122142239527, 65.63075579243754, 65.09554297873603, 64.33200371815462, 63.79451388645591, 63.76965052225789, 64.00427303217782, 64.0439563629516, 64.58486188668837, 63.90099488589869, 63.81281564021637, 64.33861380021551, 66.05373753095846, 67.24158282948221, 67.96673921310045, 67.49133720246162, 65.31994774079452, 64.98641145765754, 65.53375358965073, 66.02859719984804, 65.15214454390954, 63.77139145029232, 62.930553098775775, 63.29925583957882, 63.66899979035508, 64.15369174423387, 65.58942496311506, 66.04993958236535, 66.25973554431864, 66.23475827110211, 66.26756988280665, 66.16346869966284, 67.07295875435956, 67.8809022245787, 67.72778399694167, 68.28401911211286, 68.40962850143653, 68.25324304624681, 68.0883033397388, 68.73989713344966, 68.8659512796318, 67.38131228091291, 67.78928278433797, 69.28833875230895, 69.11149539688795, 68.02053354959038, 67.503501213239, 66.86923810862677, 66.12874878322869, 65.27891887055993, 64.26535311775142, 62.384273144799714, 63.02298694758795, 62.8974568465068, 59.84228032172932, 55.43292967558082, 51.07289072225943, 45.94573493698518, 39.782463060177626, 33.93340193895771, 27.279828692442084, 23.47056532803121, 22.03173293675047, 21.366580264461202, 21.467060639764757, 21.83600374999575, 17.383250291343035], "f": [0.0, 0.78125, 1.5625, 2.34375, 3.125, 3.90625, 4.6875, 5.46875, 6.25, 7.03125, 7.8125, 8.59375, 9.375, 10.15625, 10.9375, 11.71875, 12.5, 13.28125, 14.0625, 14.84375, 15.625, 16.40625, 17.1875, 17.96875, 18.75, 19.53125, 20.3125, 21.09375, 21.875, 22.65625, 23.4375, 24.21875, 25.0, 25.78125, 26.5625, 27.34375, 28.125, 28.90625, 29.6875, 30.46875, 31.25, 32.03125, 32.8125, 33.59375, 34.375, 35.15625, 35.9375, 36.71875, 37.5, 38.28125, 39.0625, 39.84375, 40.625, 41.40625, 42.1875, 42.96875, 43.75, 44.53125, 45.3125, 46.09375, 46.875, 47.65625, 48.4375, 49.21875, 50.0, 50.78125, 51.5625, 52.34375, 53.125, 53.90625, 54.6875, 55.46875, 56.25, 57.03125, 57.8125, 58.59375, 59.375, 60.15625, 60.9375, 61.71875, 62.5, 63.28125, 64.0625, 64.84375, 65.625, 66.40625, 67.1875, 67.96875, 68.75, 69.53125, 70.3125, 71.09375, 71.875, 72.65625, 73.4375, 74.21875, 75.0, 75.78125, 76.5625, 77.34375, 78.125, 78.90625, 79.6875, 80.46875, 81.25, 82.03125, 82.8125, 83.59375, 84.375, 85.15625, 85.9375, 86.71875, 87.5, 88.28125, 89.0625, 89.84375, 90.625, 91.40625, 92.1875, 92.96875, 93.75, 94.53125, 95.3125, 96.09375, 96.875, 97.65625, 98.4375, 99.21875, 100.0]}