{"psd": [45.11608712108728, 54.20735711643487, 50.512470850836976, 49.36428141356947, 47.49457036553469, 44.9287901733839, 42.6136882932797, 42.59184289837964, 44.697493574856566, 47.31707599472909, 49.381244759762154, 48.87882485017037, 46.4461170772731, 45.84645638620137, 46.8275856531626, 48.95563581783409, 50.55413599696665, 52.53218140743938, 51.23893321902692, 51.99276448698637, 53.905257386480976, 55.19650413157624, 53.50922098046687, 52.406873730092315, 53.0217642529136, 55.61727445563135, 55.582685448980556, 54.20788644433281, 53.893951746772544, 54.6742598571723, 57.11854917930981, 58.157318089732385, 58.07267490621457, 63.20194889581917, 63.8781770251905, 59.485360524290385, 58.212489124038235, 60.13769471988813, 63.91173621462045, 62.38308704176133, 58.39402055515087, 59.73322867666163, 63.08373432061356, 63.053106689450935, 61.51051994652934, 60.102656171086075, 59.47097215556654, 59.76253864532331, 60.262498594256826, 61.18187862858994, 63.245350449674234, 64.96776685220605, 63.79164546831652, 61.99585207230089, 61.69114554695879, 61.035825806393575, 61.06398237902365, 63.4620930823006, 64.54721009444216, 66.06895315221131, 66.86912593418491, 65.01900866919894, 64.16016411221919, 63.385351730993484, 62.497533559611355, 64.15748153191336, 67.30590039868402, 65.86403382577514, 65.86047168999292, 64.8441191887486, 62.86203807427266, 62.07692538616507, 61.79311999984762, 62.61346500197174, 64.88296380737589, 66.4395231313118, 71.41032329405594, 73.50054847134606, 65.94727153900425, 62.70458676449438, 62.48762133330178, 63.23428513712336, 62.744476047014494, 62.440188745023626, 62.24609479854229, 62.05269275408454, 62.191401969677884, 62.76048916427813, 62.454878268401536, 62.29560843027074, 63.55318161461028, 63.72515217869831, 63.369364043549545, 64.6114124073249, 64.49663316064485, 70.1485221804934, 74.99007489059551, 69.08200659784208, 64.17674728943493, 68.64008629946952, 66.39731684392721, 62.06645528519405, 63.2798408465382, 63.699590431995794, 64.74002162823021, 64.38883690644842, 64.25657930316585, 63.8666271063062, 62.953102609876204, 61.47176358829586, 60.58551588382248, 61.05399507853585, 60.22828992046199, 60.410003382468325, 62.37606337896196, 68.03220259101289, 63.92100083502139, 50.505250114286866, 46.77002043783907, 41.92542345112109, 36.14988564663704, 30.432610122208402, 24.137957770346908, 22.48046078682186, 21.8456782858263, 21.69358923228311, 21.327021159489206, 21.462144861301983, 17.332854579287943], "f": [0.0, 0.78125, 1.5625, 2.34375, 3.125, 3.90625, 4.6875, 5.46875, 6.25, 7.03125, 7.8125, 8.59375, 9.375, 10.15625, 10.9375, 11.71875, 12.5, 13.28125, 14.0625, 14.84375, 15.625, 16.40625, 17.1875, 17.96875, 18.75, 19.53125, 20.3125, 21.09375, 21.875, 22.65625, 23.4375, 24.21875, 25.0, 25.78125, 26.5625, 27.34375, 28.125, 28.90625, 29.6875, 30.46875, 31.25, 32.03125, 32.8125, 33.59375, 34.375, 35.15625, 35.9375, 36.71875, 37.5, 38.28125, 39.0625, 39.84375, 40.625, 41.40625, 42.1875, 42.96875, 43.75, 44.53125, 45.3125, 46.09375, 46.875, 47.65625, 48.4375, 49.21875, 50.0, 50.78125, 51.5625, 52.34375, 53.125, 53.90625, 54.6875, 55.46875, 56.25, 57.03125, 57.8125, 58.59375, 59.375, 60.15625, 60.9375, 61.71875, 62.5, 63.28125, 64.0625, 64.84375, 65.625, 66.40625, 67.1875, 67.96875, 68.75, 69.53125, 70.3125, 71.09375, 71.875, 72.65625, 73.4375, 74.21875, 75.0, 75.78125, 76.5625, 77.34375, 78.125, 78.90625, 79.6875, 80.46875, 81.25, 82.03125, 82.8125, 83.59375, 84.375, 85.15625, 85.9375, 86.71875, 87.5, 88.28125, 89.0625, 89.84375, 90.625, 91.40625, 92.1875, 92.96875, 93.75, 94.53125, 95.3125, 96.09375, 96.875, 97.65625, 98.4375, 99.21875, 100.0]}