{"psd": [62.73040890581275, 71.36123003656002, 65.21964101419313, 57.890453829868214, 55.70938935970747, 53.3806372123783, 50.71017873590436, 48.705865831505726, 50.10390676045915, 50.76666688461495, 54.72455371533692, 57.902825300518536, 54.934562658633496, 52.328281134015924, 54.110080739478875, 55.586162190691184, 54.67978202718519, 56.26037827494251, 57.94217616554218, 60.471628588725835, 58.98554988424927, 59.0095887337369, 60.51388020797675, 64.59661437595767, 65.1850586872476, 63.66911667291787, 63.17995288306621, 63.857786046476726, 64.30559604572777, 63.77559764090786, 63.462907814835674, 62.517039460418985, 63.18732497441204, 62.61706104137404, 62.16972834191468, 63.7733450851848, 63.3138614838805, 64.72376527135881, 66.52044071706425, 64.24429482829626, 62.71605635279333, 62.409040629151924, 62.764828884779135, 63.20891319050063, 63.715494263578314, 63.42482656643416, 62.550072808623725, 63.306867253169614, 63.402290689486954, 62.795418751985295, 62.7134047911849, 62.672612215339, 62.67393295774063, 63.276227243384355, 63.330143701186365, 63.63705886510242, 65.28154843838792, 70.78059171391371, 72.20607960087827, 66.97442953761467, 65.27998329153066, 66.45128415273135, 66.98397207422367, 66.05626099462467, 66.05371018160703, 65.54623280304926, 64.18797825226818, 63.358811811483434, 63.915854319856386, 64.80114491074676, 65.44016431733115, 63.90161908576627, 62.39554046434277, 62.27821357903981, 66.55479111188416, 72.09534478773352, 71.54367432273911, 67.90835686505449, 63.90470193289641, 63.91825290642595, 64.443415961762, 64.47963236382654, 64.3715035482286, 63.85416119908615, 63.33888981118477, 63.11379144647451, 63.42711803171255, 64.02212670272341, 63.89793647788152, 64.19959537683536, 64.23525741560196, 62.58782506101823, 62.14646294728478, 62.080229929054276, 63.99157679577974, 65.46075443643572, 67.80861342804135, 66.11431837200485, 64.56912219447523, 65.40440657727574, 66.15884705554248, 66.69322879776422, 67.00395639889753, 66.90966499610923, 67.278283088473, 67.23254713732861, 68.25627879567858, 67.61176133663353, 66.01796821502136, 63.99609889582202, 63.37634870805128, 61.802362269353736, 61.17921010114634, 61.42025008535941, 60.82310553956853, 60.29794052091439, 56.35033930902785, 51.67339626093023, 48.11203035622661, 43.04669384142162, 37.38809890366108, 30.869326534620683, 24.775133539509206, 22.238912570311648, 21.781909531579476, 21.28591302637203, 21.370160630311794, 21.277063481200194, 16.024751147055166], "f": [0.0, 0.78125, 1.5625, 2.34375, 3.125, 3.90625, 4.6875, 5.46875, 6.25, 7.03125, 7.8125, 8.59375, 9.375, 10.15625, 10.9375, 11.71875, 12.5, 13.28125, 14.0625, 14.84375, 15.625, 16.40625, 17.1875, 17.96875, 18.75, 19.53125, 20.3125, 21.09375, 21.875, 22.65625, 23.4375, 24.21875, 25.0, 25.78125, 26.5625, 27.34375, 28.125, 28.90625, 29.6875, 30.46875, 31.25, 32.03125, 32.8125, 33.59375, 34.375, 35.15625, 35.9375, 36.71875, 37.5, 38.28125, 39.0625, 39.84375, 40.625, 41.40625, 42.1875, 42.96875, 43.75, 44.53125, 45.3125, 46.09375, 46.875, 47.65625, 48.4375, 49.21875, 50.0, 50.78125, 51.5625, 52.34375, 53.125, 53.90625, 54.6875, 55.46875, 56.25, 57.03125, 57.8125, 58.59375, 59.375, 60.15625, 60.9375, 61.71875, 62.5, 63.28125, 64.0625, 64.84375, 65.625, 66.40625, 67.1875, 67.96875, 68.75, 69.53125, 70.3125, 71.09375, 71.875, 72.65625, 73.4375, 74.21875, 75.0, 75.78125, 76.5625, 77.34375, 78.125, 78.90625, 79.6875, 80.46875, 81.25, 82.03125, 82.8125, 83.59375, 84.375, 85.15625, 85.9375, 86.71875, 87.5, 88.28125, 89.0625, 89.84375, 90.625, 91.40625, 92.1875, 92.96875, 93.75, 94.53125, 95.3125, 96.09375, 96.875, 97.65625, 98.4375, 99.21875, 100.0]}