{"psd": [47.943768706644, 56.87526438645381, 54.07501505027159, 52.41458410382374, 48.6223253992365, 44.494416661459255, 41.419924865621894, 41.16061020693099, 41.85191441473643, 42.4918095578056, 44.09741450858742, 45.68324760996553, 46.72021512583149, 49.24763133185835, 48.813083451336354, 47.199481383022786, 47.74559849794564, 48.004430342091844, 49.851132754395834, 51.71691210216991, 51.63286583283144, 50.19693575765765, 52.54448319413852, 54.432224417114156, 50.80422420411725, 51.91814422268011, 55.10669944996547, 53.7461006087047, 53.880494286900046, 54.21072876015273, 53.32095013777648, 54.5881894691678, 55.24238078259429, 55.41348224376583, 55.64511359245358, 55.83706885504557, 57.19964735138575, 61.45161936461606, 67.54637340968804, 65.14617670954392, 58.7027829007784, 58.53077083161829, 59.59788303331001, 60.60145322454154, 60.55085175325037, 60.874955275668896, 61.95607361653507, 62.498637939487566, 64.22932278934513, 65.88018375341805, 63.483043777997906, 63.83867394648686, 64.18564678097198, 63.82123303024337, 63.81528794338567, 64.09841180398882, 63.70062282423493, 66.0966316545791, 66.19525934923202, 63.308363195358275, 63.389347163541494, 63.86153217675947, 64.49510279418418, 64.20646626513769, 64.27748668101522, 64.8003485502719, 64.12248316029772, 63.906384968058845, 64.09736580259516, 64.4815368289729, 64.4476538518345, 64.06815335990001, 64.68428981562661, 64.76342884509796, 67.14473499104723, 75.80661730967938, 85.94360799817605, 83.75731722033473, 72.03777579215982, 67.15117400735087, 64.80480198863538, 65.00913573943828, 66.95766275015993, 70.85961853474275, 67.51628678840729, 65.19890231052435, 64.76334389601737, 64.39454506496159, 64.3748972087647, 64.12648689535474, 64.75194755614284, 64.71404718176137, 64.32005595900178, 63.9230744571396, 63.85963583520936, 64.36472584979619, 66.6360955724054, 64.83429743966975, 63.077066549363764, 62.126100214711535, 61.91849092659279, 62.141680603012816, 63.06511483028103, 62.75909041802559, 62.28564388883315, 63.03814086029398, 62.76319031013543, 61.82869640276566, 62.023248875701725, 62.35816492840066, 61.576067879252705, 61.32676476369521, 60.87762341099862, 61.438970576307135, 62.05208749329624, 67.33103950104895, 63.90215313854554, 52.073894650647375, 48.28097439373617, 44.301029536594, 38.340624750869274, 32.03793439843616, 25.673749853583846, 22.57914579272196, 21.407780688545582, 21.52401674759869, 21.59864098226842, 21.528323404259382, 17.013141678766047], "f": [0.0, 0.78125, 1.5625, 2.34375, 3.125, 3.90625, 4.6875, 5.46875, 6.25, 7.03125, 7.8125, 8.59375, 9.375, 10.15625, 10.9375, 11.71875, 12.5, 13.28125, 14.0625, 14.84375, 15.625, 16.40625, 17.1875, 17.96875, 18.75, 19.53125, 20.3125, 21.09375, 21.875, 22.65625, 23.4375, 24.21875, 25.0, 25.78125, 26.5625, 27.34375, 28.125, 28.90625, 29.6875, 30.46875, 31.25, 32.03125, 32.8125, 33.59375, 34.375, 35.15625, 35.9375, 36.71875, 37.5, 38.28125, 39.0625, 39.84375, 40.625, 41.40625, 42.1875, 42.96875, 43.75, 44.53125, 45.3125, 46.09375, 46.875, 47.65625, 48.4375, 49.21875, 50.0, 50.78125, 51.5625, 52.34375, 53.125, 53.90625, 54.6875, 55.46875, 56.25, 57.03125, 57.8125, 58.59375, 59.375, 60.15625, 60.9375, 61.71875, 62.5, 63.28125, 64.0625, 64.84375, 65.625, 66.40625, 67.1875, 67.96875, 68.75, 69.53125, 70.3125, 71.09375, 71.875, 72.65625, 73.4375, 74.21875, 75.0, 75.78125, 76.5625, 77.34375, 78.125, 78.90625, 79.6875, 80.46875, 81.25, 82.03125, 82.8125, 83.59375, 84.375, 85.15625, 85.9375, 86.71875, 87.5, 88.28125, 89.0625, 89.84375, 90.625, 91.40625, 92.1875, 92.96875, 93.75, 94.53125, 95.3125, 96.09375, 96.875, 97.65625, 98.4375, 99.21875, 100.0]}