{"psd": [47.73798252298123, 56.14396514220056, 53.68493038229577, 50.4402406971061, 47.39408661839617, 44.20010395822732, 42.028403536079004, 41.64902608172664, 43.12941336316875, 45.48952002739191, 49.397946285297536, 48.57242958545249, 47.39126139577543, 50.05281137078536, 50.313725383877205, 52.27991621875131, 51.871974481208774, 51.25175962818821, 51.42979353538847, 54.67015030794788, 57.42547283238707, 57.83454158711904, 55.932197691945746, 55.9069417431333, 54.06082617033927, 52.83950451120147, 54.875552359990714, 54.91127544545499, 57.06366206563858, 57.40019881026075, 59.192737338169195, 58.594043371924556, 57.31135984207366, 58.38683042546941, 57.513289606297704, 58.03151002308151, 57.85708495222343, 59.17234764213745, 66.74962942126386, 66.75481744839252, 66.86571136466108, 63.67966443074142, 60.54060710217811, 60.28769323572625, 60.11109099205236, 59.54841716170249, 60.395004539772714, 61.69420156820068, 62.26255805972703, 65.45622193002998, 66.85141285877182, 64.07070319218384, 62.620263354648785, 62.067075229948614, 62.071220262727145, 62.61308444396427, 62.201882356788325, 69.55194152317719, 70.36610889618909, 62.35877580109594, 61.671039813733195, 61.921963139906, 62.32010876709338, 64.16723810801204, 67.32655320683575, 66.58763803708514, 63.16273128317419, 60.98584004807027, 60.87986926443702, 61.00737146536279, 60.6488844482907, 60.678099887108125, 60.64951091991019, 61.044568977679, 63.18288896030918, 76.06689921159409, 86.7631243262592, 84.8700038505412, 67.63443532806423, 63.24483196357661, 61.3227864694978, 60.2606213582629, 61.66128791580203, 65.21145319109318, 62.41428744154875, 60.98357369205541, 60.92211528253369, 60.63957714322886, 60.550833701947866, 60.57422922264624, 61.20970949530395, 60.79308923700735, 60.88926949485587, 60.36026648352248, 60.71572844205033, 66.82322573532028, 72.15397698922844, 67.11887288005393, 61.71439726450942, 62.070272774292405, 62.555906897732044, 61.4256955844138, 62.02146085670922, 62.6304330664177, 63.59295984913393, 63.82325784577784, 62.79583934477574, 63.25674217878973, 63.04875340113946, 62.880488036918464, 61.784743128733375, 60.61769946606476, 61.44502600298314, 59.89285386629129, 58.78409829795733, 61.28603969491543, 58.31946070522921, 50.64735698794241, 47.50891646765429, 43.59900419983711, 37.5144522609954, 30.88916436151823, 24.54983037402704, 21.91691575304061, 22.02028520336869, 21.61832770942445, 21.17091651068727, 21.53710042568871, 16.91254427057872], "f": [0.0, 0.78125, 1.5625, 2.34375, 3.125, 3.90625, 4.6875, 5.46875, 6.25, 7.03125, 7.8125, 8.59375, 9.375, 10.15625, 10.9375, 11.71875, 12.5, 13.28125, 14.0625, 14.84375, 15.625, 16.40625, 17.1875, 17.96875, 18.75, 19.53125, 20.3125, 21.09375, 21.875, 22.65625, 23.4375, 24.21875, 25.0, 25.78125, 26.5625, 27.34375, 28.125, 28.90625, 29.6875, 30.46875, 31.25, 32.03125, 32.8125, 33.59375, 34.375, 35.15625, 35.9375, 36.71875, 37.5, 38.28125, 39.0625, 39.84375, 40.625, 41.40625, 42.1875, 42.96875, 43.75, 44.53125, 45.3125, 46.09375, 46.875, 47.65625, 48.4375, 49.21875, 50.0, 50.78125, 51.5625, 52.34375, 53.125, 53.90625, 54.6875, 55.46875, 56.25, 57.03125, 57.8125, 58.59375, 59.375, 60.15625, 60.9375, 61.71875, 62.5, 63.28125, 64.0625, 64.84375, 65.625, 66.40625, 67.1875, 67.96875, 68.75, 69.53125, 70.3125, 71.09375, 71.875, 72.65625, 73.4375, 74.21875, 75.0, 75.78125, 76.5625, 77.34375, 78.125, 78.90625, 79.6875, 80.46875, 81.25, 82.03125, 82.8125, 83.59375, 84.375, 85.15625, 85.9375, 86.71875, 87.5, 88.28125, 89.0625, 89.84375, 90.625, 91.40625, 92.1875, 92.96875, 93.75, 94.53125, 95.3125, 96.09375, 96.875, 97.65625, 98.4375, 99.21875, 100.0]}