{"psd": [62.45946321132586, 71.42241321501234, 68.91238606803091, 65.84640496671328, 62.18512507491354, 58.11744417385745, 53.42576880779201, 50.75405223616574, 50.09575666689506, 50.686934647284815, 52.1300388495419, 53.318124967778544, 53.55453157842674, 54.85382818287768, 54.26202052027727, 55.53651931596769, 57.308114103795745, 56.36255529940523, 57.17913849060601, 58.62310191296046, 57.67058419793938, 57.5107899556899, 59.58362061617734, 63.64640219680007, 64.9024506287867, 66.80716216300743, 68.81850079853486, 63.58169456133895, 63.25832422745294, 63.988924506491585, 63.40688011158569, 63.04986445214661, 62.757079656358776, 62.61239137881884, 62.68937288115208, 63.696223580698614, 64.50281889590718, 66.13414952765476, 67.53361837625744, 66.05227304647747, 63.224615371721875, 64.10945301502461, 64.7259112655477, 65.69741068209426, 65.97394792647512, 65.62737492286367, 65.72045607128135, 64.86053525586047, 64.6218609563354, 64.72770457366326, 65.64041758027993, 66.45552987263736, 65.98122626665746, 66.26527817269051, 66.41591575089993, 66.00142577260526, 65.78005915776588, 66.59549927708792, 66.75320599629568, 64.71824900699421, 64.70312069542955, 65.41640052550288, 65.46094092749988, 65.86584656774897, 66.23616788372173, 65.49267899517416, 64.92639786379232, 64.2063165761415, 64.1498885909988, 64.43587238754641, 64.83527838661618, 64.50692614837082, 65.09610123486665, 65.60298569644415, 68.31301455753572, 71.35928548862229, 70.37962435218051, 68.2427888486739, 66.30113319309497, 65.39822039921603, 65.59881928852573, 66.33745407996011, 66.56208791170548, 65.12680037697125, 65.63703535007356, 65.19360755605425, 64.98235948656783, 65.18500986404786, 64.85151835343656, 65.2191834001988, 65.64301139733931, 66.84925914135232, 67.27532940461484, 68.02450392781574, 70.40254959638331, 70.56870127367874, 70.54861910942482, 71.30636800153934, 71.5071317821331, 70.69857901828394, 71.46345054511487, 72.0367534260708, 72.04026792811588, 72.63997805641539, 72.34597723717508, 73.11350488227738, 73.52535100298361, 72.10019478238547, 71.18909707611695, 69.79716494701903, 69.11378346522206, 68.69362798242835, 67.98272568728491, 65.75866792279277, 64.3631001524647, 63.463821699806175, 60.14472139891498, 55.44110021459397, 50.965647807916596, 46.07749146936924, 40.66667946086113, 34.50604226275179, 28.562827578171245, 23.727911967960303, 21.408587776244197, 21.8006768510866, 21.191725869129687, 21.26160316930139, 17.16455314265541], "f": [0.0, 0.78125, 1.5625, 2.34375, 3.125, 3.90625, 4.6875, 5.46875, 6.25, 7.03125, 7.8125, 8.59375, 9.375, 10.15625, 10.9375, 11.71875, 12.5, 13.28125, 14.0625, 14.84375, 15.625, 16.40625, 17.1875, 17.96875, 18.75, 19.53125, 20.3125, 21.09375, 21.875, 22.65625, 23.4375, 24.21875, 25.0, 25.78125, 26.5625, 27.34375, 28.125, 28.90625, 29.6875, 30.46875, 31.25, 32.03125, 32.8125, 33.59375, 34.375, 35.15625, 35.9375, 36.71875, 37.5, 38.28125, 39.0625, 39.84375, 40.625, 41.40625, 42.1875, 42.96875, 43.75, 44.53125, 45.3125, 46.09375, 46.875, 47.65625, 48.4375, 49.21875, 50.0, 50.78125, 51.5625, 52.34375, 53.125, 53.90625, 54.6875, 55.46875, 56.25, 57.03125, 57.8125, 58.59375, 59.375, 60.15625, 60.9375, 61.71875, 62.5, 63.28125, 64.0625, 64.84375, 65.625, 66.40625, 67.1875, 67.96875, 68.75, 69.53125, 70.3125, 71.09375, 71.875, 72.65625, 73.4375, 74.21875, 75.0, 75.78125, 76.5625, 77.34375, 78.125, 78.90625, 79.6875, 80.46875, 81.25, 82.03125, 82.8125, 83.59375, 84.375, 85.15625, 85.9375, 86.71875, 87.5, 88.28125, 89.0625, 89.84375, 90.625, 91.40625, 92.1875, 92.96875, 93.75, 94.53125, 95.3125, 96.09375, 96.875, 97.65625, 98.4375, 99.21875, 100.0]}