{"psd": [54.62816099472882, 64.79756716167857, 59.71879961890529, 56.93296520959856, 53.60221507695135, 49.73319091858136, 46.16768128697303, 44.6886565451438, 45.58753850666258, 46.96531703694751, 45.5216399685326, 46.75606119614251, 49.48991038479431, 58.221502310715266, 58.187146008999655, 51.37111620217354, 50.304439708528214, 52.01757855263321, 55.14087775968874, 51.91451594326024, 51.67323643220555, 50.65810155825062, 52.76963008290209, 53.09897444080042, 50.993268452107344, 52.01759575973828, 54.64956249873056, 57.83141752388375, 55.66921363440444, 54.77635028962814, 55.23255746489649, 60.40265374288155, 61.05237880567185, 71.29374415564322, 72.66272762129755, 64.87552562784121, 66.19943726469002, 61.25861008650443, 60.91604474376349, 59.54529702315238, 58.73348590810471, 60.063994121274916, 59.56733971157786, 57.12764942021054, 60.443466710443246, 63.733594469790525, 61.55561904129651, 62.27573174981026, 64.20247037534585, 65.93594748629295, 61.41308630191324, 61.07486959144083, 62.54147856358851, 64.85848571428564, 65.81099006402727, 64.94324906509172, 63.796844224312174, 62.876428214925966, 65.77663935715206, 65.14473058604047, 65.05118062508986, 65.54896854073232, 67.44418817538991, 68.89028591491817, 67.81319709484802, 68.77665361021995, 67.03242973811503, 67.23861928484831, 67.32188632046187, 67.47718906617372, 68.276160976231, 70.91921908908022, 72.33561435859423, 71.56973662358718, 71.19434007220426, 72.93617946731581, 79.96224282471255, 77.96713066696555, 70.67210573885599, 70.74879932484225, 71.93320619682856, 72.0716616515702, 71.82279971241718, 71.63833822886326, 70.79087019582416, 69.96770471872188, 69.9496348140773, 71.23571875847618, 71.47123002359778, 71.39516720220053, 70.9278548561078, 70.17373470373778, 70.6121041064519, 70.5094944016076, 70.27687212989042, 69.98237116028322, 69.68075943280307, 69.31601542533775, 69.23282125748648, 68.6808313244825, 68.44347749012545, 68.46315493483434, 68.16041627049886, 68.19843853509437, 67.428624466899, 67.33009640722544, 67.41741166433712, 67.26362510693048, 67.2787847822937, 65.95565531528084, 65.57981670228526, 65.14533096295249, 63.93210149814039, 64.28051418906404, 62.42511503980161, 62.21154602148313, 59.393785300255644, 55.404838164363326, 51.23023154608006, 47.09101664333321, 41.37006875353511, 34.360993297915826, 27.653896606838376, 23.697313226739254, 21.849343793385962, 21.581222203253454, 21.17117769275569, 21.621115351405887, 16.575293494186983], "f": [0.0, 0.78125, 1.5625, 2.34375, 3.125, 3.90625, 4.6875, 5.46875, 6.25, 7.03125, 7.8125, 8.59375, 9.375, 10.15625, 10.9375, 11.71875, 12.5, 13.28125, 14.0625, 14.84375, 15.625, 16.40625, 17.1875, 17.96875, 18.75, 19.53125, 20.3125, 21.09375, 21.875, 22.65625, 23.4375, 24.21875, 25.0, 25.78125, 26.5625, 27.34375, 28.125, 28.90625, 29.6875, 30.46875, 31.25, 32.03125, 32.8125, 33.59375, 34.375, 35.15625, 35.9375, 36.71875, 37.5, 38.28125, 39.0625, 39.84375, 40.625, 41.40625, 42.1875, 42.96875, 43.75, 44.53125, 45.3125, 46.09375, 46.875, 47.65625, 48.4375, 49.21875, 50.0, 50.78125, 51.5625, 52.34375, 53.125, 53.90625, 54.6875, 55.46875, 56.25, 57.03125, 57.8125, 58.59375, 59.375, 60.15625, 60.9375, 61.71875, 62.5, 63.28125, 64.0625, 64.84375, 65.625, 66.40625, 67.1875, 67.96875, 68.75, 69.53125, 70.3125, 71.09375, 71.875, 72.65625, 73.4375, 74.21875, 75.0, 75.78125, 76.5625, 77.34375, 78.125, 78.90625, 79.6875, 80.46875, 81.25, 82.03125, 82.8125, 83.59375, 84.375, 85.15625, 85.9375, 86.71875, 87.5, 88.28125, 89.0625, 89.84375, 90.625, 91.40625, 92.1875, 92.96875, 93.75, 94.53125, 95.3125, 96.09375, 96.875, 97.65625, 98.4375, 99.21875, 100.0]}