{"psd": [45.75481861269246, 52.315166245113275, 47.43526029756496, 45.14683329745366, 44.35321230009035, 43.41796901190018, 41.38775175857024, 43.065160566792514, 45.12919422227836, 46.85527523191305, 48.72443081207812, 49.113589061816256, 47.16872099379506, 48.291212085399934, 49.816743055756575, 51.12805921453473, 52.26411355672533, 52.23441721927651, 54.06076132674737, 55.66044010478275, 54.11543780259366, 52.64449795793907, 53.17539376821175, 53.74522365647721, 54.79483576396629, 55.977131047076824, 55.70607449463826, 55.26771023109881, 56.75738767044475, 56.290090247427315, 55.760031484403136, 55.896166590637804, 56.49214244700698, 58.577502615947495, 60.172071156437724, 60.3492764266087, 59.77952880321996, 67.61094220083534, 78.67188644413064, 77.58201279986127, 63.401905543434424, 60.58262961454716, 62.40486273712157, 62.892326038404214, 63.025587101036166, 63.217604820248525, 65.28241078765662, 67.55191078200988, 71.73395448330989, 72.62738380363558, 66.19970782896446, 65.15749005934987, 63.691053926446834, 63.34443892556376, 64.18655019947113, 64.83267395696488, 67.87938990578152, 73.44201735370773, 74.23267048363498, 68.72917925640958, 65.48644836200586, 65.63359293330124, 65.59155685848137, 67.27744459885048, 66.8825612973512, 67.01497064164344, 68.13810896032975, 67.87992554054131, 69.20687661755531, 67.37800294873819, 66.37682760151986, 66.13908357298146, 66.54050387594611, 67.26915441819435, 66.82801097666092, 76.97104229420813, 87.476552401568, 86.1238178116516, 72.28517771127527, 65.83370215367124, 66.2217738548631, 64.71460466917237, 67.38056836599179, 72.42143646590836, 68.25796600143099, 62.99074323784679, 62.112375373335034, 62.98597770720966, 62.77788470862053, 63.48490851444311, 63.26132986700244, 63.16294277948948, 62.393367529931005, 62.05053563160569, 61.9565127232896, 70.71104874523333, 76.49981460578051, 71.45019502566333, 63.47622145164915, 62.923196991322385, 62.68731472929151, 63.16859682720397, 63.51918079498769, 64.02539734553808, 64.13177990210856, 63.77673058856567, 63.81285205964426, 63.67928766830698, 63.63778241334832, 63.14188322427208, 62.96777553703956, 62.32635789816078, 62.11876776581241, 64.04652377706175, 64.25846960823947, 68.84657926671294, 65.55712218733038, 54.166917600113976, 49.42568289881491, 44.62254799753269, 39.357107354000085, 32.70433850140912, 26.273322677370743, 22.80324594287494, 22.004212405458055, 21.464164916452127, 21.56261835455201, 21.664034362569, 16.391233055320267], "f": [0.0, 0.78125, 1.5625, 2.34375, 3.125, 3.90625, 4.6875, 5.46875, 6.25, 7.03125, 7.8125, 8.59375, 9.375, 10.15625, 10.9375, 11.71875, 12.5, 13.28125, 14.0625, 14.84375, 15.625, 16.40625, 17.1875, 17.96875, 18.75, 19.53125, 20.3125, 21.09375, 21.875, 22.65625, 23.4375, 24.21875, 25.0, 25.78125, 26.5625, 27.34375, 28.125, 28.90625, 29.6875, 30.46875, 31.25, 32.03125, 32.8125, 33.59375, 34.375, 35.15625, 35.9375, 36.71875, 37.5, 38.28125, 39.0625, 39.84375, 40.625, 41.40625, 42.1875, 42.96875, 43.75, 44.53125, 45.3125, 46.09375, 46.875, 47.65625, 48.4375, 49.21875, 50.0, 50.78125, 51.5625, 52.34375, 53.125, 53.90625, 54.6875, 55.46875, 56.25, 57.03125, 57.8125, 58.59375, 59.375, 60.15625, 60.9375, 61.71875, 62.5, 63.28125, 64.0625, 64.84375, 65.625, 66.40625, 67.1875, 67.96875, 68.75, 69.53125, 70.3125, 71.09375, 71.875, 72.65625, 73.4375, 74.21875, 75.0, 75.78125, 76.5625, 77.34375, 78.125, 78.90625, 79.6875, 80.46875, 81.25, 82.03125, 82.8125, 83.59375, 84.375, 85.15625, 85.9375, 86.71875, 87.5, 88.28125, 89.0625, 89.84375, 90.625, 91.40625, 92.1875, 92.96875, 93.75, 94.53125, 95.3125, 96.09375, 96.875, 97.65625, 98.4375, 99.21875, 100.0]}