{"psd": [61.703415944424734, 70.78567832884642, 67.53335452337834, 65.07955219505304, 61.969068137323816, 57.636613818129305, 53.03217665411374, 50.07616123958129, 47.349366833749215, 49.14551980116336, 51.7375642909883, 52.392172094999474, 54.580570288425264, 53.212935783662004, 55.960016613503534, 57.00313663549846, 54.108556186777044, 55.26359454492791, 57.612283504055696, 58.39152163559345, 60.4800223993825, 61.542524984888686, 61.60200236670187, 64.6473683164764, 65.71018921876772, 66.03378782688348, 66.65498670889014, 67.64590913621122, 67.6654792403892, 67.53944947138424, 67.48254985557956, 67.38682928762371, 66.99006928458223, 67.11112708038083, 67.28613243561068, 67.50126721146376, 67.1375420249164, 66.33597576887307, 65.74441874840123, 64.97017499091724, 64.69919877507246, 64.99677086950855, 64.24070809583449, 63.82120019870896, 63.81291285591199, 63.977167507072764, 63.59601405630005, 62.87830289879282, 62.93544378712167, 62.64996970784039, 62.54126680558861, 63.37792707016917, 64.05135882085895, 64.47886701817502, 64.16241933249947, 63.6837939541161, 64.18037776868135, 64.37995876178559, 64.00164845359069, 63.189641466265805, 62.980638864279896, 63.800455354478856, 63.65199222294851, 62.88848221711057, 62.77920438149422, 62.10488129859195, 61.07045286921229, 60.457017304959855, 60.41654137828548, 60.52865055846912, 61.22397989027497, 60.57463689127501, 60.64776028479989, 60.481996899617286, 62.1449940409586, 65.66909765165433, 65.12425085773118, 63.97071772794277, 61.540930545259855, 61.44201049869035, 60.84873293109051, 60.78956833318216, 60.827010601850674, 60.92930853300323, 60.32798085681007, 60.5062928384872, 60.9132896019605, 61.19415097595707, 61.10709571324692, 61.345478313584245, 61.3428568600233, 62.470118885071564, 62.75092551203094, 62.34480196011391, 64.1278580762843, 64.75679356799823, 63.89187174010095, 63.888590722677286, 65.57914285402104, 64.65281989518269, 64.70029594821148, 64.86776462549665, 64.93930888288163, 64.44009120417539, 64.91504647697367, 64.99714475215752, 65.67386389591447, 65.23955123771948, 64.09229532911192, 62.719573007409565, 62.83642643509333, 61.975255134154835, 61.14306430416697, 60.10612302167538, 58.94426820005805, 58.68643533916963, 55.30374747365828, 51.09489971135196, 46.593754508141146, 41.56674661483363, 36.374055662936385, 30.16855975208705, 24.56307681571674, 22.334886813034238, 22.003058728141568, 21.698259660272786, 21.323444787416314, 21.063036321340096, 16.516574610736956], "f": [0.0, 0.78125, 1.5625, 2.34375, 3.125, 3.90625, 4.6875, 5.46875, 6.25, 7.03125, 7.8125, 8.59375, 9.375, 10.15625, 10.9375, 11.71875, 12.5, 13.28125, 14.0625, 14.84375, 15.625, 16.40625, 17.1875, 17.96875, 18.75, 19.53125, 20.3125, 21.09375, 21.875, 22.65625, 23.4375, 24.21875, 25.0, 25.78125, 26.5625, 27.34375, 28.125, 28.90625, 29.6875, 30.46875, 31.25, 32.03125, 32.8125, 33.59375, 34.375, 35.15625, 35.9375, 36.71875, 37.5, 38.28125, 39.0625, 39.84375, 40.625, 41.40625, 42.1875, 42.96875, 43.75, 44.53125, 45.3125, 46.09375, 46.875, 47.65625, 48.4375, 49.21875, 50.0, 50.78125, 51.5625, 52.34375, 53.125, 53.90625, 54.6875, 55.46875, 56.25, 57.03125, 57.8125, 58.59375, 59.375, 60.15625, 60.9375, 61.71875, 62.5, 63.28125, 64.0625, 64.84375, 65.625, 66.40625, 67.1875, 67.96875, 68.75, 69.53125, 70.3125, 71.09375, 71.875, 72.65625, 73.4375, 74.21875, 75.0, 75.78125, 76.5625, 77.34375, 78.125, 78.90625, 79.6875, 80.46875, 81.25, 82.03125, 82.8125, 83.59375, 84.375, 85.15625, 85.9375, 86.71875, 87.5, 88.28125, 89.0625, 89.84375, 90.625, 91.40625, 92.1875, 92.96875, 93.75, 94.53125, 95.3125, 96.09375, 96.875, 97.65625, 98.4375, 99.21875, 100.0]}