{"psd": [48.95386326477981, 57.485432532155684, 55.5613824758187, 51.986036558114094, 47.88364240660055, 44.20450168961839, 41.52222916906765, 43.616659445307604, 48.218728049890665, 52.732245599404244, 51.075468634088224, 50.21336524961672, 50.77035486153398, 51.3544714810032, 50.59944844101302, 51.293387170265994, 51.7704041061684, 52.47789901613139, 52.0613484065168, 51.939086400448204, 52.94658505233081, 53.06629957218363, 53.21691009931561, 54.411952493768474, 55.723541123211476, 58.341153481607115, 59.24813553199929, 57.34321813125451, 57.473055135999246, 58.27930919257358, 57.7269702373418, 59.548781737493655, 58.77637394835817, 57.88961100043966, 58.2064839853172, 59.36414684634081, 59.333283236926846, 61.31755570451538, 67.95592553575078, 67.05860572123834, 62.70811801786571, 62.66272693233661, 62.58343491828853, 62.55021736196322, 63.03002239816975, 63.47295411707294, 64.50274923947785, 65.22070137160257, 74.93559183398034, 76.18424386476744, 66.63808147024136, 65.17845357838135, 65.58662050275097, 66.1962858822698, 66.73803144412274, 66.54402943392255, 66.05748031264405, 69.66245317230174, 70.82052027755202, 67.24991670654613, 67.03499106304459, 67.95908541628647, 68.37352866824789, 67.60815490429329, 66.50016706666108, 65.80422013174454, 65.76368142570227, 65.89148761710393, 65.57474834872298, 65.27835219047145, 65.57098228592012, 66.13506155977467, 66.06848003165292, 65.5277739988083, 66.22062916319351, 76.39683165238563, 86.5514316946277, 84.69260547665266, 70.9892775140056, 65.32372708455723, 65.42398914868816, 67.12918464421865, 68.24302733989424, 67.48912968659097, 67.53417944676586, 67.10740139978205, 66.75874479729531, 65.83841392087153, 66.40952725795665, 65.84867686515398, 66.04223984079822, 67.32789558116363, 68.4431300198979, 67.75425044243617, 66.57765096167378, 71.12636024237557, 76.19068318543495, 70.87448263692879, 64.97078919013185, 65.23544813654885, 65.51717609912282, 66.17993979312081, 67.27143447800543, 66.60691416274064, 65.81619503363542, 65.61486674420004, 64.15252045630928, 63.524615193689044, 63.99125405134416, 64.83643174877894, 64.7887590779942, 63.909914807725634, 64.0176184688125, 62.958264067755174, 62.427776010437185, 66.59035681777057, 63.14342714178625, 53.25062576384453, 48.894926092968035, 44.54633635104045, 38.899623880581615, 32.679693438512835, 26.22571910665689, 22.057195229519273, 21.626487762501792, 22.01587117822486, 22.139875141374972, 22.11261856352032, 18.03480307925661], "f": [0.0, 0.78125, 1.5625, 2.34375, 3.125, 3.90625, 4.6875, 5.46875, 6.25, 7.03125, 7.8125, 8.59375, 9.375, 10.15625, 10.9375, 11.71875, 12.5, 13.28125, 14.0625, 14.84375, 15.625, 16.40625, 17.1875, 17.96875, 18.75, 19.53125, 20.3125, 21.09375, 21.875, 22.65625, 23.4375, 24.21875, 25.0, 25.78125, 26.5625, 27.34375, 28.125, 28.90625, 29.6875, 30.46875, 31.25, 32.03125, 32.8125, 33.59375, 34.375, 35.15625, 35.9375, 36.71875, 37.5, 38.28125, 39.0625, 39.84375, 40.625, 41.40625, 42.1875, 42.96875, 43.75, 44.53125, 45.3125, 46.09375, 46.875, 47.65625, 48.4375, 49.21875, 50.0, 50.78125, 51.5625, 52.34375, 53.125, 53.90625, 54.6875, 55.46875, 56.25, 57.03125, 57.8125, 58.59375, 59.375, 60.15625, 60.9375, 61.71875, 62.5, 63.28125, 64.0625, 64.84375, 65.625, 66.40625, 67.1875, 67.96875, 68.75, 69.53125, 70.3125, 71.09375, 71.875, 72.65625, 73.4375, 74.21875, 75.0, 75.78125, 76.5625, 77.34375, 78.125, 78.90625, 79.6875, 80.46875, 81.25, 82.03125, 82.8125, 83.59375, 84.375, 85.15625, 85.9375, 86.71875, 87.5, 88.28125, 89.0625, 89.84375, 90.625, 91.40625, 92.1875, 92.96875, 93.75, 94.53125, 95.3125, 96.09375, 96.875, 97.65625, 98.4375, 99.21875, 100.0]}