{"psd": [50.28210933423419, 58.08232608661224, 54.42798086857056, 53.50730670662277, 52.582667512419754, 50.066946119358455, 46.52211297818377, 45.47669997279857, 46.41281536613651, 47.40035278261901, 49.76687471685856, 47.62893442625432, 48.93595451020609, 51.23849391688205, 48.21321352545706, 48.99503290005307, 51.762502244002604, 51.06509180696287, 51.635928095889454, 51.579795597624845, 53.18732005593589, 50.51960319271575, 50.34618397298328, 52.05408257435562, 53.11725039141355, 54.68041464400365, 56.18118072275476, 55.66806228936625, 56.62867683211012, 59.792897437678576, 59.10562356626379, 57.31905176190885, 57.71310672245899, 58.33658034449105, 59.87634686463464, 59.12026319035448, 58.930528751511446, 61.92811058261093, 70.4179261621157, 69.45220201885869, 61.691009588759975, 60.72261637090684, 60.0708802726342, 59.56619199258803, 60.185204363911765, 61.34645301498356, 62.80963468156671, 66.26803482150541, 73.15704055491791, 72.77054118528332, 64.89703054842306, 63.34262710143865, 62.26373390005392, 62.25004852825839, 61.83528794092035, 62.25408613080223, 63.32553452505298, 70.80769539352598, 71.9206980062973, 63.693478166222775, 61.99781437823843, 62.446007270480735, 62.91632198092745, 67.42031126720651, 72.00942370931996, 69.01525783848828, 63.71667242498273, 62.457786305697624, 61.5848223218627, 61.35659547336991, 61.90384359926313, 62.67137663878121, 63.115275026358105, 62.19044193893425, 65.40135003926929, 74.72776928643925, 84.2743149791756, 82.5135494352893, 66.57676016119053, 62.232379421945694, 61.45130774185165, 61.27021581474514, 63.75317804820713, 68.6824379949893, 64.91155499268874, 61.32164851141452, 61.41245901036516, 61.991392762878775, 62.46599496104299, 61.740114685997185, 60.97163942559292, 60.52897306781717, 60.441835253879866, 60.06374100942512, 59.957750302915215, 71.80638495916891, 77.47980181320523, 71.73379520867731, 59.61933944598984, 58.95760949499136, 58.80358127653456, 59.0838098453122, 59.03283754669687, 59.59260661935551, 59.60164222592066, 60.047294411782666, 59.7925272183586, 59.58528543194842, 59.98850011022466, 58.97145754359735, 58.033124398294134, 57.64721113935971, 57.91388664795199, 57.98542982312841, 58.61650549771725, 65.2807860443733, 62.163896189342374, 48.986740848866965, 44.96879310481343, 41.51094539579474, 35.27891663418934, 29.040249615466365, 23.936661922878525, 22.294180159557314, 21.53171352234572, 21.76056407679767, 21.859868194414904, 21.604426087699217, 16.309255894825892], "f": [0.0, 0.78125, 1.5625, 2.34375, 3.125, 3.90625, 4.6875, 5.46875, 6.25, 7.03125, 7.8125, 8.59375, 9.375, 10.15625, 10.9375, 11.71875, 12.5, 13.28125, 14.0625, 14.84375, 15.625, 16.40625, 17.1875, 17.96875, 18.75, 19.53125, 20.3125, 21.09375, 21.875, 22.65625, 23.4375, 24.21875, 25.0, 25.78125, 26.5625, 27.34375, 28.125, 28.90625, 29.6875, 30.46875, 31.25, 32.03125, 32.8125, 33.59375, 34.375, 35.15625, 35.9375, 36.71875, 37.5, 38.28125, 39.0625, 39.84375, 40.625, 41.40625, 42.1875, 42.96875, 43.75, 44.53125, 45.3125, 46.09375, 46.875, 47.65625, 48.4375, 49.21875, 50.0, 50.78125, 51.5625, 52.34375, 53.125, 53.90625, 54.6875, 55.46875, 56.25, 57.03125, 57.8125, 58.59375, 59.375, 60.15625, 60.9375, 61.71875, 62.5, 63.28125, 64.0625, 64.84375, 65.625, 66.40625, 67.1875, 67.96875, 68.75, 69.53125, 70.3125, 71.09375, 71.875, 72.65625, 73.4375, 74.21875, 75.0, 75.78125, 76.5625, 77.34375, 78.125, 78.90625, 79.6875, 80.46875, 81.25, 82.03125, 82.8125, 83.59375, 84.375, 85.15625, 85.9375, 86.71875, 87.5, 88.28125, 89.0625, 89.84375, 90.625, 91.40625, 92.1875, 92.96875, 93.75, 94.53125, 95.3125, 96.09375, 96.875, 97.65625, 98.4375, 99.21875, 100.0]}