{"psd": [48.06361797528264, 56.253835768938636, 54.890848041417655, 54.150511109880995, 51.94482778285712, 48.97464591063782, 45.69513391194221, 44.234564605163555, 44.292081740516906, 44.31600059330151, 47.348347913556395, 48.861952902756975, 49.00570413493321, 50.125550131920484, 48.15159635294617, 49.48136689772718, 49.31890657000135, 49.98407481756572, 50.34125770617278, 52.573770662889395, 54.27426790364612, 52.644490270611215, 52.81567003797471, 53.20066296057709, 54.10155784723857, 57.333373881298606, 58.300160534186595, 55.3718264937553, 54.251651696038216, 53.97756058007414, 54.43845959463794, 55.46631638459006, 55.507618113545945, 56.82420569780204, 56.65721772270169, 56.72248386766006, 57.40192112526577, 60.68020811785043, 67.99257911909929, 66.70955243409473, 61.342781649104204, 60.48328270433266, 60.90900028499499, 62.10110109258953, 61.179426616668295, 62.10324021731384, 63.55850888543874, 65.06905695873563, 72.29687820859743, 73.0335720865902, 66.02697921395134, 65.95349683933067, 66.8533718459473, 67.96775614350769, 66.45707733194446, 65.37020736942074, 66.30107688598565, 69.28810366055787, 68.60939256196859, 64.94731188878481, 64.83397474186559, 65.63730550059628, 65.96759095098135, 64.92445785066641, 64.91666998638846, 64.25182286004411, 63.41921753911461, 63.86759502731913, 63.45475583599634, 64.03439219074902, 63.88432186427813, 63.57959233088945, 62.91219037133221, 62.527166808144905, 63.07707385582515, 71.26951489563231, 79.74192845795162, 78.82246896684747, 68.48449457984125, 62.60728639356799, 61.80675555874802, 62.05666538167557, 61.52202821607177, 62.65566661871685, 61.89522427315873, 61.68321072333468, 64.91397078989135, 63.883205372385376, 60.06072760171606, 59.77485864790346, 59.616761544966856, 60.115038020852616, 59.89997968842688, 59.835531412131495, 59.97058934035989, 69.278322095625, 75.24988957102016, 69.87096028058463, 60.96983197014449, 60.53831262681966, 59.79648570635241, 60.09682724175409, 60.116079429958745, 59.20758456688183, 59.53228839636927, 59.85227366989552, 59.596594481274686, 59.360091103723335, 59.15485660320777, 59.05180136843663, 58.917282955095295, 58.6077316634865, 58.776946177567844, 58.114728530568854, 57.51426069539469, 59.94514657087609, 56.78285539296419, 49.408714445198434, 45.90083361651975, 42.69930954504612, 36.53013478647998, 29.45583279383608, 24.06292509412436, 21.819591497433997, 22.074544978178686, 22.14606597152394, 21.60840124605745, 21.424512325366138, 17.417370938051125], "f": [0.0, 0.78125, 1.5625, 2.34375, 3.125, 3.90625, 4.6875, 5.46875, 6.25, 7.03125, 7.8125, 8.59375, 9.375, 10.15625, 10.9375, 11.71875, 12.5, 13.28125, 14.0625, 14.84375, 15.625, 16.40625, 17.1875, 17.96875, 18.75, 19.53125, 20.3125, 21.09375, 21.875, 22.65625, 23.4375, 24.21875, 25.0, 25.78125, 26.5625, 27.34375, 28.125, 28.90625, 29.6875, 30.46875, 31.25, 32.03125, 32.8125, 33.59375, 34.375, 35.15625, 35.9375, 36.71875, 37.5, 38.28125, 39.0625, 39.84375, 40.625, 41.40625, 42.1875, 42.96875, 43.75, 44.53125, 45.3125, 46.09375, 46.875, 47.65625, 48.4375, 49.21875, 50.0, 50.78125, 51.5625, 52.34375, 53.125, 53.90625, 54.6875, 55.46875, 56.25, 57.03125, 57.8125, 58.59375, 59.375, 60.15625, 60.9375, 61.71875, 62.5, 63.28125, 64.0625, 64.84375, 65.625, 66.40625, 67.1875, 67.96875, 68.75, 69.53125, 70.3125, 71.09375, 71.875, 72.65625, 73.4375, 74.21875, 75.0, 75.78125, 76.5625, 77.34375, 78.125, 78.90625, 79.6875, 80.46875, 81.25, 82.03125, 82.8125, 83.59375, 84.375, 85.15625, 85.9375, 86.71875, 87.5, 88.28125, 89.0625, 89.84375, 90.625, 91.40625, 92.1875, 92.96875, 93.75, 94.53125, 95.3125, 96.09375, 96.875, 97.65625, 98.4375, 99.21875, 100.0]}