{"psd": [56.78453366969822, 66.2285538350247, 59.56239416025339, 55.89005903848134, 52.5549231261825, 48.63565736585262, 44.58535289554745, 42.19649415650596, 41.4575447458575, 43.58506967245145, 45.4206067521621, 46.02591573764873, 45.383920168714994, 45.511233043360704, 46.75651977168728, 50.127075607640194, 48.47093731710825, 46.48304515819001, 47.24559328064191, 52.104846372219846, 51.802858952500074, 49.89208705249406, 51.51353178297386, 51.45906718165669, 50.64854698635153, 50.40448153563246, 50.451548819385046, 50.93247877454466, 51.68103324040496, 54.537744118021706, 53.915444147929385, 53.474295748858005, 54.081611793087994, 54.52522538977271, 55.09213270342585, 53.780983612770186, 53.48412957904113, 55.35539131840664, 62.496791980688606, 61.93723313535493, 57.27122685795041, 57.05885380306816, 56.178863908970044, 55.30603885927479, 56.045396063987894, 56.995681721770985, 57.20954180342367, 58.048753798469946, 59.160338992236554, 58.55111154888475, 59.42747486513446, 59.151968714766056, 58.46677153687367, 58.2180245385471, 58.4938084738629, 58.320317225530864, 59.76057680162428, 65.22319533442055, 66.38276867116988, 60.95919125798892, 60.343843907526356, 61.153711419867065, 60.443485851611726, 60.12216463086561, 59.74159723054157, 60.430857974541226, 60.75297910905972, 61.561685735388764, 62.48741450480047, 60.990529818964916, 60.49535107533522, 60.78578983862144, 60.77268007721636, 60.37022670224011, 62.489750815024635, 69.23846443578873, 77.13540042363624, 75.73112693287274, 67.19791180995658, 62.94347424072904, 61.22253472173715, 61.32983739924357, 62.05068061888639, 64.93552479252745, 61.91612608937952, 60.61230982721771, 60.88654657069021, 60.77087988545315, 60.6862886633221, 61.12932660926504, 61.87288651936716, 62.5010691296663, 61.81150109872721, 60.989092329686414, 61.19688570942901, 64.9002122526093, 68.87954548118739, 64.91196638415947, 61.49230946548211, 61.511876647685966, 60.81609948081823, 61.19126305513166, 62.095384915608456, 62.55776045140227, 62.48017288744225, 61.79098390451468, 62.26478525636714, 62.563217289986504, 62.35525019484987, 62.207237419152705, 62.235648476282975, 60.98207528190749, 60.45733627366653, 59.84282510093307, 59.35927344013115, 63.00207851302734, 59.777098211847466, 50.795304938486474, 46.11554496352177, 41.80087247705867, 36.426041525754435, 30.904003174458783, 25.994873272759765, 23.063138964755407, 22.084601945787355, 21.576382129453272, 21.30271985312784, 21.53563099671805, 16.57798911252962], "f": [0.0, 0.78125, 1.5625, 2.34375, 3.125, 3.90625, 4.6875, 5.46875, 6.25, 7.03125, 7.8125, 8.59375, 9.375, 10.15625, 10.9375, 11.71875, 12.5, 13.28125, 14.0625, 14.84375, 15.625, 16.40625, 17.1875, 17.96875, 18.75, 19.53125, 20.3125, 21.09375, 21.875, 22.65625, 23.4375, 24.21875, 25.0, 25.78125, 26.5625, 27.34375, 28.125, 28.90625, 29.6875, 30.46875, 31.25, 32.03125, 32.8125, 33.59375, 34.375, 35.15625, 35.9375, 36.71875, 37.5, 38.28125, 39.0625, 39.84375, 40.625, 41.40625, 42.1875, 42.96875, 43.75, 44.53125, 45.3125, 46.09375, 46.875, 47.65625, 48.4375, 49.21875, 50.0, 50.78125, 51.5625, 52.34375, 53.125, 53.90625, 54.6875, 55.46875, 56.25, 57.03125, 57.8125, 58.59375, 59.375, 60.15625, 60.9375, 61.71875, 62.5, 63.28125, 64.0625, 64.84375, 65.625, 66.40625, 67.1875, 67.96875, 68.75, 69.53125, 70.3125, 71.09375, 71.875, 72.65625, 73.4375, 74.21875, 75.0, 75.78125, 76.5625, 77.34375, 78.125, 78.90625, 79.6875, 80.46875, 81.25, 82.03125, 82.8125, 83.59375, 84.375, 85.15625, 85.9375, 86.71875, 87.5, 88.28125, 89.0625, 89.84375, 90.625, 91.40625, 92.1875, 92.96875, 93.75, 94.53125, 95.3125, 96.09375, 96.875, 97.65625, 98.4375, 99.21875, 100.0]}