{"psd": [56.25443844453858, 65.35451420012092, 64.28532573501812, 62.45940264538425, 59.20202821607709, 54.753833494646685, 50.79719582872129, 48.72031211372966, 46.90976191308096, 47.101719680955284, 51.030559681969486, 56.10244329599519, 52.9244026127542, 51.43066950380931, 52.03253187212102, 54.93633938039579, 53.51356739471265, 54.974126283077595, 55.923346285489984, 57.24785011735797, 55.55656550981139, 56.3496806056724, 59.71344965249845, 61.21161043536917, 60.27771702967676, 59.955432812498955, 61.08161667978473, 61.3530946463569, 62.848658929899074, 61.70261245990427, 60.892160462683805, 60.327893054504116, 60.6890682905416, 59.73995676958096, 59.787922225531965, 61.19761544968852, 63.21574737851844, 64.66778981416591, 63.90958938377033, 62.69882237105314, 61.157580178814044, 61.54408021338422, 60.84510388954284, 61.89822860610317, 63.54904610844269, 66.56818160061643, 66.44053907530491, 65.008310159867, 63.561725577708955, 63.285080509470866, 63.603407031805304, 64.63383918036055, 66.22487916247343, 66.66945362897134, 66.03162766971018, 65.94077316466927, 66.09617508157359, 65.26412914238732, 65.5673647317988, 65.89142646824008, 66.26605623434958, 65.31054758694405, 65.50687997756404, 66.38269033381431, 65.91236866523678, 64.1928228566888, 63.38702757799708, 63.35766877837343, 62.984901365580214, 63.082900149291774, 62.986899261534575, 63.059758573285535, 62.3783945561722, 62.284718665777035, 63.49767497316063, 65.90062442174447, 66.17576863864002, 66.22143449351375, 63.330140090636775, 61.748498156731785, 61.66057446601122, 62.200844608152515, 62.0907869897336, 61.7977557380516, 61.218459748754164, 60.81738287849682, 61.207701241738405, 60.463726609916854, 60.38539883272677, 60.62263703318736, 60.87743432767111, 61.06226718176473, 61.35519041242798, 60.98639216467197, 60.830891146871465, 61.91831419908049, 62.13922398195801, 60.93830728593554, 60.404520806865456, 60.88321684079406, 61.415117614674735, 61.273369025958225, 60.96774300829411, 60.27865786035582, 59.837111595703504, 59.89096379575663, 59.545425700627575, 59.569484040129495, 59.68588233610611, 59.553996915946016, 59.390502019241865, 58.951028317071646, 58.714418234508884, 57.409354367262715, 57.2640779481533, 56.53512182095036, 53.70690344586568, 48.56927584523596, 44.52557240829745, 40.42470071714715, 35.24155667437177, 29.221317557814373, 24.406347539853897, 22.483751940392622, 21.55630588658593, 21.707419264010973, 21.736760279714986, 21.88400638900019, 16.696510276847828], "f": [0.0, 0.78125, 1.5625, 2.34375, 3.125, 3.90625, 4.6875, 5.46875, 6.25, 7.03125, 7.8125, 8.59375, 9.375, 10.15625, 10.9375, 11.71875, 12.5, 13.28125, 14.0625, 14.84375, 15.625, 16.40625, 17.1875, 17.96875, 18.75, 19.53125, 20.3125, 21.09375, 21.875, 22.65625, 23.4375, 24.21875, 25.0, 25.78125, 26.5625, 27.34375, 28.125, 28.90625, 29.6875, 30.46875, 31.25, 32.03125, 32.8125, 33.59375, 34.375, 35.15625, 35.9375, 36.71875, 37.5, 38.28125, 39.0625, 39.84375, 40.625, 41.40625, 42.1875, 42.96875, 43.75, 44.53125, 45.3125, 46.09375, 46.875, 47.65625, 48.4375, 49.21875, 50.0, 50.78125, 51.5625, 52.34375, 53.125, 53.90625, 54.6875, 55.46875, 56.25, 57.03125, 57.8125, 58.59375, 59.375, 60.15625, 60.9375, 61.71875, 62.5, 63.28125, 64.0625, 64.84375, 65.625, 66.40625, 67.1875, 67.96875, 68.75, 69.53125, 70.3125, 71.09375, 71.875, 72.65625, 73.4375, 74.21875, 75.0, 75.78125, 76.5625, 77.34375, 78.125, 78.90625, 79.6875, 80.46875, 81.25, 82.03125, 82.8125, 83.59375, 84.375, 85.15625, 85.9375, 86.71875, 87.5, 88.28125, 89.0625, 89.84375, 90.625, 91.40625, 92.1875, 92.96875, 93.75, 94.53125, 95.3125, 96.09375, 96.875, 97.65625, 98.4375, 99.21875, 100.0]}