{"psd": [48.42312053398447, 57.64931906593195, 52.34501363393926, 48.47742724847606, 46.48469601946494, 44.336483331197975, 42.037394063079525, 41.14052864563129, 41.22456572832998, 41.21860729848564, 45.06174382730316, 48.37407147349932, 45.38337615533109, 46.42688661301155, 46.91758047827092, 47.26404942307071, 48.689260007946196, 49.78166509052705, 48.73451959704635, 51.62196519743725, 53.864394510900496, 55.37945187102558, 55.046775735699555, 55.87963742278031, 50.920464887907386, 50.146611394218176, 50.165542345694654, 51.07484628179157, 51.665831599392476, 51.80868502079483, 52.43871113192225, 53.35612545102042, 53.27794157167589, 55.17726465522797, 56.14931622479415, 54.532872528500164, 55.326342054545364, 60.41937620379124, 68.12732527351807, 66.63069644196243, 57.86419487098216, 58.60261530678051, 57.23649577321658, 57.34576302886708, 58.64544069350332, 59.27983489236145, 58.785517309108755, 60.0165537282207, 63.35668399594119, 65.94601764356247, 61.29917572488143, 61.60462365132565, 60.680970841578585, 60.54802145102174, 61.08388558794375, 62.26767077290363, 61.450497721599504, 63.356242581754756, 64.25734718969946, 62.56851277917103, 62.200768831721014, 61.89693489743433, 61.142801430614654, 61.39470368929779, 62.25057547648528, 62.29287646137127, 61.62750552723139, 61.98837040394636, 61.53962750599973, 60.1797544214459, 61.16278164752586, 61.90818009892287, 60.370618615079664, 59.54164617318355, 65.05596931783161, 74.6121280685882, 84.75661308516352, 82.65259291842922, 70.64881367170179, 65.44531949349805, 59.535252740694474, 59.24049141547051, 64.852970231126, 70.3152126192015, 65.46544362153567, 59.135371472679736, 58.96111828522084, 59.43107188642391, 59.81956860010406, 60.020326648217846, 60.46448227844558, 59.909187244597774, 59.09375652582524, 58.85183264271734, 58.70353016142851, 61.84763627917824, 65.84811221873782, 61.9479211407809, 59.76311366783355, 58.112312138005606, 57.933659374326716, 57.985900629486544, 57.479585663537364, 58.54453075980519, 58.81913427978998, 58.21950797623262, 58.3380116670217, 58.58594087107175, 58.98766028752035, 59.41652687573332, 59.0383129239423, 58.10309301234138, 58.22950077849566, 58.617909901993805, 59.08147676632577, 64.99436401221607, 61.510354259240145, 48.64444773503669, 44.56488277931194, 40.05955762098609, 34.56584763366278, 28.77933012878438, 24.241532382928753, 22.030818119637754, 21.853173978973594, 21.78887497144185, 21.899361784188308, 21.743975399453717, 16.77584994780801], "f": [0.0, 0.78125, 1.5625, 2.34375, 3.125, 3.90625, 4.6875, 5.46875, 6.25, 7.03125, 7.8125, 8.59375, 9.375, 10.15625, 10.9375, 11.71875, 12.5, 13.28125, 14.0625, 14.84375, 15.625, 16.40625, 17.1875, 17.96875, 18.75, 19.53125, 20.3125, 21.09375, 21.875, 22.65625, 23.4375, 24.21875, 25.0, 25.78125, 26.5625, 27.34375, 28.125, 28.90625, 29.6875, 30.46875, 31.25, 32.03125, 32.8125, 33.59375, 34.375, 35.15625, 35.9375, 36.71875, 37.5, 38.28125, 39.0625, 39.84375, 40.625, 41.40625, 42.1875, 42.96875, 43.75, 44.53125, 45.3125, 46.09375, 46.875, 47.65625, 48.4375, 49.21875, 50.0, 50.78125, 51.5625, 52.34375, 53.125, 53.90625, 54.6875, 55.46875, 56.25, 57.03125, 57.8125, 58.59375, 59.375, 60.15625, 60.9375, 61.71875, 62.5, 63.28125, 64.0625, 64.84375, 65.625, 66.40625, 67.1875, 67.96875, 68.75, 69.53125, 70.3125, 71.09375, 71.875, 72.65625, 73.4375, 74.21875, 75.0, 75.78125, 76.5625, 77.34375, 78.125, 78.90625, 79.6875, 80.46875, 81.25, 82.03125, 82.8125, 83.59375, 84.375, 85.15625, 85.9375, 86.71875, 87.5, 88.28125, 89.0625, 89.84375, 90.625, 91.40625, 92.1875, 92.96875, 93.75, 94.53125, 95.3125, 96.09375, 96.875, 97.65625, 98.4375, 99.21875, 100.0]}