{"psd": [54.123017533097084, 62.61429723542, 57.06693045095278, 53.83401003903878, 51.56495099508243, 48.48819174823687, 45.31568190132408, 43.61073361647878, 43.818879872065146, 44.269960281501085, 45.06152351870259, 46.63044606656325, 46.4302562759992, 46.2787197219712, 46.93214629171598, 47.412608043664505, 50.3258758155325, 52.01646494144658, 50.52539119777166, 51.212254253668135, 52.83494893376387, 52.7936519473196, 57.79350314449567, 58.50973938107718, 52.55036132130886, 54.95247911792943, 60.16573517987051, 56.96657996782392, 52.86652580570478, 52.4403928997761, 54.30754245582291, 55.99972769196832, 54.6324198890069, 56.16377698202754, 55.25974306788732, 54.596295288246836, 55.35586743533449, 60.170878005151316, 68.74752280550753, 67.4722314185898, 57.739875042442215, 57.44171573129932, 57.058213921995474, 56.8119880947721, 57.38801803386157, 59.246746463793016, 60.18436395977058, 58.842366303259475, 59.00051025283887, 59.12793165889223, 59.70781382413819, 60.77280990117413, 61.19841129265489, 60.382037649972595, 60.32760113183709, 59.76979453965869, 60.05885344214218, 66.61992355357637, 67.52320222781988, 62.144828881881665, 61.46829343915048, 62.28544808866387, 61.80700167533275, 61.41962892379663, 61.27824894305766, 61.93205112668045, 62.24403333880683, 62.60604488539962, 62.108402523912794, 61.984440830218574, 61.55941295176185, 61.805289757494926, 61.39981322987566, 61.658469106010266, 69.26435654892973, 77.2571024605958, 86.37847122692406, 84.48463956476394, 73.07124252272429, 67.43142723507736, 61.01868666450399, 60.871200362569844, 67.28496352974707, 72.52619487062414, 67.70712145051239, 60.74035437603627, 60.35957117005513, 60.952582238826224, 61.18851886567651, 61.63122844608658, 63.07325890695953, 63.80147906664555, 62.13785844782129, 60.77258958259505, 60.380669079485344, 64.99490857977153, 68.7908385827609, 64.30273763303995, 60.23817081321535, 60.308085683190484, 61.20535210808156, 62.25554719049568, 61.795129318244264, 60.957195805061644, 62.62328177547361, 64.26659252611331, 61.63728211464101, 60.882529193236614, 61.654437817058394, 61.68251285798887, 60.264383330427776, 58.78469101117362, 58.518630240059004, 59.021128661461724, 60.84884248487958, 67.00523947790848, 63.42410808744884, 50.289708783541926, 45.93862556144806, 41.386910252540716, 36.65099402720896, 31.42478802061818, 24.916140031204527, 22.14563678734637, 22.088195587924364, 22.215039230017773, 21.738317564214533, 21.24836535009457, 16.67051250202262], "f": [0.0, 0.78125, 1.5625, 2.34375, 3.125, 3.90625, 4.6875, 5.46875, 6.25, 7.03125, 7.8125, 8.59375, 9.375, 10.15625, 10.9375, 11.71875, 12.5, 13.28125, 14.0625, 14.84375, 15.625, 16.40625, 17.1875, 17.96875, 18.75, 19.53125, 20.3125, 21.09375, 21.875, 22.65625, 23.4375, 24.21875, 25.0, 25.78125, 26.5625, 27.34375, 28.125, 28.90625, 29.6875, 30.46875, 31.25, 32.03125, 32.8125, 33.59375, 34.375, 35.15625, 35.9375, 36.71875, 37.5, 38.28125, 39.0625, 39.84375, 40.625, 41.40625, 42.1875, 42.96875, 43.75, 44.53125, 45.3125, 46.09375, 46.875, 47.65625, 48.4375, 49.21875, 50.0, 50.78125, 51.5625, 52.34375, 53.125, 53.90625, 54.6875, 55.46875, 56.25, 57.03125, 57.8125, 58.59375, 59.375, 60.15625, 60.9375, 61.71875, 62.5, 63.28125, 64.0625, 64.84375, 65.625, 66.40625, 67.1875, 67.96875, 68.75, 69.53125, 70.3125, 71.09375, 71.875, 72.65625, 73.4375, 74.21875, 75.0, 75.78125, 76.5625, 77.34375, 78.125, 78.90625, 79.6875, 80.46875, 81.25, 82.03125, 82.8125, 83.59375, 84.375, 85.15625, 85.9375, 86.71875, 87.5, 88.28125, 89.0625, 89.84375, 90.625, 91.40625, 92.1875, 92.96875, 93.75, 94.53125, 95.3125, 96.09375, 96.875, 97.65625, 98.4375, 99.21875, 100.0]}