{"psd": [51.79513311580796, 60.038572511782405, 58.47736842673282, 57.611858574254775, 54.928952157848336, 51.50498215573321, 47.62490328583078, 45.936320069986714, 45.91253942075469, 48.06763066310317, 48.409085051599135, 49.79421453627214, 52.1880196917178, 54.951077365616776, 58.0405116267091, 57.42192909739987, 54.515136264266964, 54.09074213482746, 55.86886740454762, 56.61509704787715, 55.37903669596901, 55.252692425149604, 55.75274437036542, 56.56839634914054, 57.64725304675851, 56.839191777799044, 56.775237204280586, 57.75474740259633, 58.08181863517497, 57.98426466696356, 59.59424045252512, 59.42394869077866, 58.38175875370644, 58.24965584863314, 59.370796185550205, 61.85690253947092, 63.799535103431005, 62.458671776504396, 65.1622026257366, 63.82465523549214, 60.728785448251074, 60.3581971270793, 60.712841701910094, 62.39438104984381, 62.85145203473662, 63.80895873926615, 63.93955942542629, 63.35923568452525, 63.42246448521169, 63.29673348561637, 62.95753490899877, 62.88677550598938, 64.84904858416489, 64.9177641344888, 65.86890637053934, 67.07487105649841, 67.85279747711132, 68.43821796789771, 66.98913481007439, 65.32932593515996, 65.17768917011213, 65.39514032458445, 66.40192825163412, 66.57068441999895, 66.35323175393968, 65.84295016887773, 66.26476150281052, 65.95137318964203, 64.43329605023092, 64.65440844914399, 65.09038325531252, 65.33643782492, 64.80224843806073, 65.05746073274295, 68.10163950305504, 71.70977851016632, 68.4456349047085, 66.82384686396217, 66.58854241973141, 67.06452660582589, 67.03356592837987, 67.00945449096164, 66.17707585645148, 65.72776142319512, 65.14815624483242, 65.04467070011636, 66.00235936306545, 65.61323253289353, 65.66164451247838, 65.59469759525979, 64.65077550743439, 64.08319095487805, 64.76522843122521, 63.90479567561384, 63.32668735989018, 64.73034083863371, 66.71151768905305, 65.00097430101798, 63.03873867347997, 62.8162915116435, 62.808974876442605, 63.063025548321896, 63.60270301112574, 64.25156481727122, 65.2737833563736, 64.84436053388534, 64.1337498535686, 63.42533395874274, 63.41084806393561, 63.59859837031383, 63.85033765534992, 63.082589856435135, 62.58499192418883, 62.44960150264263, 62.643634489861846, 64.54714313051396, 61.89886162513632, 54.6237550650185, 50.05628735831591, 44.89493577895104, 39.30179396586195, 32.62795421202531, 27.15861026902822, 23.150772462050078, 22.091770272587908, 21.82860119757479, 21.598636505112037, 21.421465588287866, 16.605942142616094], "f": [0.0, 0.78125, 1.5625, 2.34375, 3.125, 3.90625, 4.6875, 5.46875, 6.25, 7.03125, 7.8125, 8.59375, 9.375, 10.15625, 10.9375, 11.71875, 12.5, 13.28125, 14.0625, 14.84375, 15.625, 16.40625, 17.1875, 17.96875, 18.75, 19.53125, 20.3125, 21.09375, 21.875, 22.65625, 23.4375, 24.21875, 25.0, 25.78125, 26.5625, 27.34375, 28.125, 28.90625, 29.6875, 30.46875, 31.25, 32.03125, 32.8125, 33.59375, 34.375, 35.15625, 35.9375, 36.71875, 37.5, 38.28125, 39.0625, 39.84375, 40.625, 41.40625, 42.1875, 42.96875, 43.75, 44.53125, 45.3125, 46.09375, 46.875, 47.65625, 48.4375, 49.21875, 50.0, 50.78125, 51.5625, 52.34375, 53.125, 53.90625, 54.6875, 55.46875, 56.25, 57.03125, 57.8125, 58.59375, 59.375, 60.15625, 60.9375, 61.71875, 62.5, 63.28125, 64.0625, 64.84375, 65.625, 66.40625, 67.1875, 67.96875, 68.75, 69.53125, 70.3125, 71.09375, 71.875, 72.65625, 73.4375, 74.21875, 75.0, 75.78125, 76.5625, 77.34375, 78.125, 78.90625, 79.6875, 80.46875, 81.25, 82.03125, 82.8125, 83.59375, 84.375, 85.15625, 85.9375, 86.71875, 87.5, 88.28125, 89.0625, 89.84375, 90.625, 91.40625, 92.1875, 92.96875, 93.75, 94.53125, 95.3125, 96.09375, 96.875, 97.65625, 98.4375, 99.21875, 100.0]}