{"psd": [57.790022655815235, 66.54778840011865, 63.79532727307267, 57.53506697461968, 51.74491559795172, 47.86034111022311, 45.989439257465634, 46.72098337601409, 47.12954142343463, 49.2928440874319, 50.34670675221376, 51.514059752268075, 52.04132265621912, 51.70327947472821, 52.53957817781834, 53.056695473194665, 53.689664693491395, 54.20361545320691, 55.203178732574905, 56.51610016939689, 55.8782060354407, 56.63832573610367, 57.349898561485446, 57.734105710299595, 57.55590244568317, 58.069869675247034, 58.92686577852152, 59.32389770551253, 60.36104231933386, 63.82673232588394, 64.17050653327061, 61.48627850357613, 60.93137870892821, 61.45651032780988, 60.77018427797225, 61.42295077384351, 61.260513535023634, 61.86128752195369, 62.576880802286894, 62.23317261972394, 62.28663235703717, 61.85582046597334, 62.52377020037748, 63.05880518422135, 63.12790922361469, 63.110815515534725, 63.377131629177335, 63.09822421188756, 63.391078110407115, 63.0653621832933, 63.11494392946593, 63.19290233240864, 63.63682703505197, 63.789521996496966, 64.27880336290129, 64.25566620059435, 64.47525915955505, 64.29821483446003, 64.5532118195075, 64.57651734769752, 64.52835299205292, 64.40742982649924, 64.58447093301119, 64.35574250195967, 64.80966926025349, 64.80961322750362, 64.86730202595851, 64.90482444235427, 64.74972302167589, 64.91941940908607, 65.10194047915276, 65.09128178102924, 64.88654899094323, 64.68850515140377, 64.93687313379232, 65.6182720905901, 66.20559199061054, 66.63619737251634, 65.83883356984411, 65.87379830634762, 65.72153456527582, 65.77485628708851, 65.9503190545947, 66.60258808008109, 65.95815145269201, 66.10024886284117, 66.45521852444277, 66.55174921482529, 67.04817806848646, 67.02411839956035, 67.19642569140919, 67.0721401270603, 67.610040580925, 67.61852848059593, 67.9766802856395, 68.30226887443919, 69.55653689003628, 68.30297750248889, 67.91978873702762, 67.23603243525542, 66.86538503026466, 67.0458999124515, 67.14613638378266, 66.5290080923262, 66.91925335771904, 67.65597143322022, 67.4971714884758, 67.57480322636745, 66.69452988175999, 66.3692959949512, 65.4571677488668, 65.47182230848597, 64.88513950223948, 63.9189104583669, 63.310646367557155, 62.20370143656362, 59.80956127342688, 56.22059668706431, 52.23641906840167, 47.45625901855356, 42.172128013783386, 36.03304918132924, 29.22637381348509, 23.6806068544224, 21.780531245666445, 21.820112570748588, 21.453425989093727, 21.34916008948497, 16.740935020497464], "f": [0.0, 0.78125, 1.5625, 2.34375, 3.125, 3.90625, 4.6875, 5.46875, 6.25, 7.03125, 7.8125, 8.59375, 9.375, 10.15625, 10.9375, 11.71875, 12.5, 13.28125, 14.0625, 14.84375, 15.625, 16.40625, 17.1875, 17.96875, 18.75, 19.53125, 20.3125, 21.09375, 21.875, 22.65625, 23.4375, 24.21875, 25.0, 25.78125, 26.5625, 27.34375, 28.125, 28.90625, 29.6875, 30.46875, 31.25, 32.03125, 32.8125, 33.59375, 34.375, 35.15625, 35.9375, 36.71875, 37.5, 38.28125, 39.0625, 39.84375, 40.625, 41.40625, 42.1875, 42.96875, 43.75, 44.53125, 45.3125, 46.09375, 46.875, 47.65625, 48.4375, 49.21875, 50.0, 50.78125, 51.5625, 52.34375, 53.125, 53.90625, 54.6875, 55.46875, 56.25, 57.03125, 57.8125, 58.59375, 59.375, 60.15625, 60.9375, 61.71875, 62.5, 63.28125, 64.0625, 64.84375, 65.625, 66.40625, 67.1875, 67.96875, 68.75, 69.53125, 70.3125, 71.09375, 71.875, 72.65625, 73.4375, 74.21875, 75.0, 75.78125, 76.5625, 77.34375, 78.125, 78.90625, 79.6875, 80.46875, 81.25, 82.03125, 82.8125, 83.59375, 84.375, 85.15625, 85.9375, 86.71875, 87.5, 88.28125, 89.0625, 89.84375, 90.625, 91.40625, 92.1875, 92.96875, 93.75, 94.53125, 95.3125, 96.09375, 96.875, 97.65625, 98.4375, 99.21875, 100.0]}