{"psd": [50.97983748171827, 60.092012763917324, 59.73413740147543, 58.871193476705315, 55.86452407317069, 51.275584341931236, 47.27305825754344, 43.646750125033236, 43.72119267609649, 48.33752908554854, 49.58684343158096, 48.214922244850484, 49.45823008821324, 52.11486909801532, 55.09829727842775, 58.5784722154149, 56.355048030798905, 52.96032268140836, 53.63587014638185, 54.91812837180568, 56.96305563317342, 56.07697838616577, 54.59302213643242, 54.52179187864771, 55.29101583757835, 55.807505575659164, 56.078123912486745, 56.81979162582504, 57.54666220640247, 58.69796000176276, 61.086409731769784, 60.06643813719172, 58.03533141659264, 58.87102989984402, 58.872684170650835, 60.030690220861615, 62.0691552618659, 61.939813007327224, 64.59311729319413, 65.88738035898784, 64.95282820053214, 61.858624176434304, 60.873984349170854, 60.870212113857605, 61.13863515077985, 62.0955004992631, 62.36405618481582, 63.20117432033538, 64.36903601989226, 66.67120899421013, 66.80230695823874, 65.191132891664, 65.77306874425699, 65.30980233536653, 65.49430136539705, 66.26475114874577, 67.44673006935506, 67.43565784203281, 67.09041100017171, 67.49600646556382, 68.58528712381204, 68.76733509475521, 68.32218709364514, 66.93720314297501, 66.90696211010517, 67.03384685176209, 66.06749064476745, 65.49201423475965, 65.68340554050708, 67.25304307927678, 66.8512748357375, 66.26386060681808, 67.61613903534263, 67.50691956770133, 68.7690819637378, 71.74771005831674, 69.25070737036366, 68.0547521345282, 67.4559120537008, 67.21593106296024, 66.75101405869012, 67.68191771428552, 67.51082461414708, 67.24089995538334, 68.35912191809642, 67.67173666135973, 66.86686962469314, 66.59022635765712, 66.12710149600997, 65.90943286183733, 65.42622851328248, 66.37089273477363, 67.10427683319928, 68.08488820910463, 68.05869490241233, 67.32594634780153, 67.1146834163484, 66.56242194425838, 65.19316557190263, 64.25270147096198, 64.45196518588686, 64.3441242727622, 64.74206949784931, 65.25063310901244, 65.55552823240615, 65.16255736889357, 65.05150171385402, 64.27012200185496, 64.76413527391794, 64.34455644118631, 64.31371486411585, 64.10459876850358, 63.017908939239945, 62.23953282282574, 62.78958304824379, 64.09487534402903, 61.49485053214125, 54.65597308103387, 50.077693313869354, 45.795978167570304, 40.212195177914325, 33.858452106145606, 27.45122940245631, 23.352801255168004, 21.808173757838002, 21.38708768981104, 21.36779954427841, 21.467255690827606, 16.74936202730882], "f": [0.0, 0.78125, 1.5625, 2.34375, 3.125, 3.90625, 4.6875, 5.46875, 6.25, 7.03125, 7.8125, 8.59375, 9.375, 10.15625, 10.9375, 11.71875, 12.5, 13.28125, 14.0625, 14.84375, 15.625, 16.40625, 17.1875, 17.96875, 18.75, 19.53125, 20.3125, 21.09375, 21.875, 22.65625, 23.4375, 24.21875, 25.0, 25.78125, 26.5625, 27.34375, 28.125, 28.90625, 29.6875, 30.46875, 31.25, 32.03125, 32.8125, 33.59375, 34.375, 35.15625, 35.9375, 36.71875, 37.5, 38.28125, 39.0625, 39.84375, 40.625, 41.40625, 42.1875, 42.96875, 43.75, 44.53125, 45.3125, 46.09375, 46.875, 47.65625, 48.4375, 49.21875, 50.0, 50.78125, 51.5625, 52.34375, 53.125, 53.90625, 54.6875, 55.46875, 56.25, 57.03125, 57.8125, 58.59375, 59.375, 60.15625, 60.9375, 61.71875, 62.5, 63.28125, 64.0625, 64.84375, 65.625, 66.40625, 67.1875, 67.96875, 68.75, 69.53125, 70.3125, 71.09375, 71.875, 72.65625, 73.4375, 74.21875, 75.0, 75.78125, 76.5625, 77.34375, 78.125, 78.90625, 79.6875, 80.46875, 81.25, 82.03125, 82.8125, 83.59375, 84.375, 85.15625, 85.9375, 86.71875, 87.5, 88.28125, 89.0625, 89.84375, 90.625, 91.40625, 92.1875, 92.96875, 93.75, 94.53125, 95.3125, 96.09375, 96.875, 97.65625, 98.4375, 99.21875, 100.0]}