{"psd": [50.90670650960814, 59.68173121101184, 55.798329142489365, 53.7121264225508, 52.68896600834669, 49.82251109897878, 46.63192819078649, 45.1929640673428, 46.96484667452858, 47.16952192367962, 48.439398600999866, 49.67563518127362, 48.32459398228653, 52.405499261435295, 53.5369615953552, 50.518657959267024, 50.9203491224089, 51.15917204882856, 53.28158553093965, 55.138155536128764, 54.52864030999875, 55.2038693218699, 55.11834402819179, 55.2086426052604, 55.670372812840895, 55.95232782992777, 57.22737816501481, 57.902902033708855, 58.419650929293624, 58.85054747079089, 62.50914808119849, 68.30677020613174, 67.07577507322114, 62.90274313397372, 61.87857194874766, 60.673246191534375, 60.48355707808294, 60.5446351811267, 62.30971545697269, 63.019251103281356, 63.74266218083776, 66.62395445001134, 67.40242859421649, 65.0350776677926, 64.208135296661, 63.909269680535814, 63.3117032844844, 63.416121341982276, 65.91980473363077, 66.72149180302056, 64.03378148296886, 64.47581184982404, 65.44950233888493, 65.0150422376994, 63.42098998274682, 62.71610625969626, 62.54733402799029, 63.67256192905891, 64.13231831691333, 62.235413243997435, 62.978984720777056, 63.35541901067166, 63.43316051766174, 63.68227542891155, 63.28919705175111, 62.82703462798965, 63.305585691348575, 62.95964373453013, 62.5714047628422, 61.8837842365665, 62.48434718606358, 62.54657377891952, 63.2894190445143, 63.444523117024886, 63.401003076706004, 69.23030924779253, 79.29513160044783, 77.42887135885746, 64.64822084946958, 62.21001485631112, 61.82691924417298, 63.049572798132616, 62.657760129360966, 62.10469806801605, 60.82044376118156, 61.18173678991425, 61.661299002272614, 61.37106228571406, 61.301674698713946, 61.47565457341433, 62.164815746412856, 61.59295152029388, 61.151135842647555, 60.51826397287705, 63.101662360420036, 65.04196006998448, 65.24990366331173, 62.89239937317148, 60.82794419943401, 59.87617746029797, 60.11536316547277, 60.326138274288624, 60.76826671228275, 60.8560556173442, 60.874999758026036, 60.83701944637411, 60.686359254151554, 60.00205501248014, 59.799487912675254, 59.43307158418945, 59.372707891208066, 58.71078034020296, 59.95673195851829, 61.69168263596974, 60.0524037522322, 59.00796316414764, 56.786744448279514, 50.39348974925648, 46.81076582262325, 40.701328670363665, 34.424921977138474, 28.579425986453746, 23.33645750961132, 21.964023968281833, 21.696931892461304, 21.40889366943864, 21.52514466066119, 21.60350909801325, 16.064554437265194], "f": [0.0, 0.78125, 1.5625, 2.34375, 3.125, 3.90625, 4.6875, 5.46875, 6.25, 7.03125, 7.8125, 8.59375, 9.375, 10.15625, 10.9375, 11.71875, 12.5, 13.28125, 14.0625, 14.84375, 15.625, 16.40625, 17.1875, 17.96875, 18.75, 19.53125, 20.3125, 21.09375, 21.875, 22.65625, 23.4375, 24.21875, 25.0, 25.78125, 26.5625, 27.34375, 28.125, 28.90625, 29.6875, 30.46875, 31.25, 32.03125, 32.8125, 33.59375, 34.375, 35.15625, 35.9375, 36.71875, 37.5, 38.28125, 39.0625, 39.84375, 40.625, 41.40625, 42.1875, 42.96875, 43.75, 44.53125, 45.3125, 46.09375, 46.875, 47.65625, 48.4375, 49.21875, 50.0, 50.78125, 51.5625, 52.34375, 53.125, 53.90625, 54.6875, 55.46875, 56.25, 57.03125, 57.8125, 58.59375, 59.375, 60.15625, 60.9375, 61.71875, 62.5, 63.28125, 64.0625, 64.84375, 65.625, 66.40625, 67.1875, 67.96875, 68.75, 69.53125, 70.3125, 71.09375, 71.875, 72.65625, 73.4375, 74.21875, 75.0, 75.78125, 76.5625, 77.34375, 78.125, 78.90625, 79.6875, 80.46875, 81.25, 82.03125, 82.8125, 83.59375, 84.375, 85.15625, 85.9375, 86.71875, 87.5, 88.28125, 89.0625, 89.84375, 90.625, 91.40625, 92.1875, 92.96875, 93.75, 94.53125, 95.3125, 96.09375, 96.875, 97.65625, 98.4375, 99.21875, 100.0]}