{"psd": [63.82130015823317, 71.94044297774629, 68.87733519906791, 65.08003748406452, 61.371099904915276, 56.5062505749976, 51.89540902198175, 48.37660869134854, 47.57043145806187, 49.44794475419592, 51.037177166182566, 51.274864886631875, 50.755136529914665, 51.19996414740558, 54.504132324315265, 55.93020907313334, 53.35719142001015, 53.80287060129321, 57.08388319816794, 56.213498836118475, 56.209506873284056, 56.89437118422708, 58.96825462439432, 61.09208836814744, 60.06788086003084, 60.01390784469002, 62.05954033049396, 64.45907847765123, 63.37468757765259, 63.05520354489083, 62.78480173013173, 62.38836202232933, 61.5457081489349, 61.2434131566236, 61.40640908833234, 62.84269608280171, 63.246164036772555, 61.956897749602184, 61.30580629496933, 60.88404158592313, 60.302532817140325, 60.18775843792309, 60.29523093893324, 59.62769687108073, 60.326875335570094, 60.5580249386383, 61.331702870825325, 60.42306602066243, 61.762135854931266, 62.73694700865558, 62.755635602349706, 62.839064237039004, 62.6338363086042, 62.59239049464683, 63.63162534526559, 63.03115055773438, 61.641343879456386, 62.2711697351579, 62.57977229266296, 61.904823540246326, 61.20789146113032, 61.47005177966196, 60.79588608054338, 60.51971525899346, 60.59526065746408, 60.38896707985968, 59.843501675050476, 59.91597800260895, 59.66379525021744, 60.19951601431273, 60.62800287207605, 60.262153347522116, 59.56844069020528, 59.3699838029621, 59.6477728478454, 60.150478251331705, 61.50888475558045, 62.356578639277124, 60.95062036421712, 60.27904752129772, 60.50750797278645, 59.95444498732031, 59.48149330310266, 59.04574091143388, 58.652785525712275, 58.69032630865235, 59.40691107453266, 58.78341573616041, 59.699821705376294, 59.233953396506756, 59.40018947160186, 59.55360301882435, 60.890842569693035, 62.29907955492162, 63.02496176949209, 62.08027763757368, 61.546300154219196, 62.03596862954256, 63.39144738904775, 63.768783356860524, 63.401510031011625, 63.46112915090075, 63.790709768986204, 62.78277640554781, 61.82730758132003, 63.570222949582515, 64.08554882952684, 63.64484825270185, 62.4023157065335, 61.72356893633931, 61.605693497500326, 59.98968740745908, 58.88950532080696, 57.97792542986504, 57.032706886807844, 55.54102515764157, 52.8026326026442, 49.53770546816357, 45.63303882611941, 40.703917542044785, 35.57313725043987, 30.25030453366181, 25.04088758546257, 22.35506559983054, 21.355621301943803, 21.364687546262786, 21.76624672539336, 21.61931465314662, 16.789578728418814], "f": [0.0, 0.78125, 1.5625, 2.34375, 3.125, 3.90625, 4.6875, 5.46875, 6.25, 7.03125, 7.8125, 8.59375, 9.375, 10.15625, 10.9375, 11.71875, 12.5, 13.28125, 14.0625, 14.84375, 15.625, 16.40625, 17.1875, 17.96875, 18.75, 19.53125, 20.3125, 21.09375, 21.875, 22.65625, 23.4375, 24.21875, 25.0, 25.78125, 26.5625, 27.34375, 28.125, 28.90625, 29.6875, 30.46875, 31.25, 32.03125, 32.8125, 33.59375, 34.375, 35.15625, 35.9375, 36.71875, 37.5, 38.28125, 39.0625, 39.84375, 40.625, 41.40625, 42.1875, 42.96875, 43.75, 44.53125, 45.3125, 46.09375, 46.875, 47.65625, 48.4375, 49.21875, 50.0, 50.78125, 51.5625, 52.34375, 53.125, 53.90625, 54.6875, 55.46875, 56.25, 57.03125, 57.8125, 58.59375, 59.375, 60.15625, 60.9375, 61.71875, 62.5, 63.28125, 64.0625, 64.84375, 65.625, 66.40625, 67.1875, 67.96875, 68.75, 69.53125, 70.3125, 71.09375, 71.875, 72.65625, 73.4375, 74.21875, 75.0, 75.78125, 76.5625, 77.34375, 78.125, 78.90625, 79.6875, 80.46875, 81.25, 82.03125, 82.8125, 83.59375, 84.375, 85.15625, 85.9375, 86.71875, 87.5, 88.28125, 89.0625, 89.84375, 90.625, 91.40625, 92.1875, 92.96875, 93.75, 94.53125, 95.3125, 96.09375, 96.875, 97.65625, 98.4375, 99.21875, 100.0]}