{"psd": [55.04602488353158, 64.0586496012741, 62.92255529846304, 60.00709612833201, 56.11858348024359, 51.234944997719644, 46.69342574413097, 44.567696957610615, 43.71064066406688, 45.07277456069953, 47.353636298172354, 49.081336145834975, 49.6357875444569, 48.90424639585575, 48.38549235099411, 51.36929735994403, 53.05302744728847, 51.670721660314804, 51.022683960040595, 53.56609362096694, 55.243088409089715, 53.46938656347255, 52.659360436208964, 52.15224917901077, 52.44680322884008, 54.15294108903772, 54.34113033226701, 53.70780095742469, 53.7407959240107, 55.398767576338976, 56.30352697756125, 55.93050938544291, 56.49124415607211, 56.84656213232251, 56.223196539390585, 56.78108824103222, 57.089873807375895, 58.78118965239695, 64.1319534683529, 63.30662964986839, 58.71415743403006, 57.54073074943, 59.11851535811312, 60.75849586157234, 60.525380945088884, 60.27041477216123, 61.59123637244321, 62.00369598179102, 61.6005933709856, 60.93943441311701, 60.76862755987794, 62.56156900906147, 64.36488776531344, 64.94544817764924, 64.11320457170511, 64.33814304456288, 65.72527523053074, 66.37512428659068, 65.59009136599349, 64.4564591465153, 63.736205539936, 63.23275137082209, 62.38283312627147, 63.5861323932902, 65.32814176625482, 67.39287254931112, 66.60904056926324, 64.20528739168577, 63.54001429850965, 63.35978991762639, 63.01707578487196, 62.832472799128844, 63.19901586977753, 64.4396656425781, 65.54413058275199, 66.33027134344545, 73.65483446223024, 74.94320441945146, 66.91278713253027, 63.455921432767425, 63.45006860626454, 63.127177046472454, 63.88810984481137, 66.39526341580786, 64.1942510008166, 63.82431076356015, 64.21393718174917, 64.07167234482385, 63.18515216176205, 63.281806170599864, 63.41114382289254, 64.46761867894705, 64.58065347444241, 64.38296463468392, 63.28198605955288, 63.299899089746674, 65.31847694582689, 64.88663248145615, 64.37502829655902, 63.11072989671645, 61.773292141850185, 61.122107316456535, 61.2795533286885, 61.58717059878206, 62.34655928138085, 62.367321467185796, 61.91108583629233, 61.9793534044051, 61.63386902090003, 61.793152264745636, 61.10009303407604, 60.834219235920635, 60.27469067335066, 58.62102798893812, 59.001849182015945, 62.67062022372332, 59.50482453055615, 51.67030950516292, 46.89094804033231, 42.26690803877139, 36.80523226002863, 31.000252565815273, 25.66420054928824, 22.470570381586633, 21.720387614515964, 21.656397045514556, 21.389711110201684, 21.551075847328093, 16.79387661217031], "f": [0.0, 0.78125, 1.5625, 2.34375, 3.125, 3.90625, 4.6875, 5.46875, 6.25, 7.03125, 7.8125, 8.59375, 9.375, 10.15625, 10.9375, 11.71875, 12.5, 13.28125, 14.0625, 14.84375, 15.625, 16.40625, 17.1875, 17.96875, 18.75, 19.53125, 20.3125, 21.09375, 21.875, 22.65625, 23.4375, 24.21875, 25.0, 25.78125, 26.5625, 27.34375, 28.125, 28.90625, 29.6875, 30.46875, 31.25, 32.03125, 32.8125, 33.59375, 34.375, 35.15625, 35.9375, 36.71875, 37.5, 38.28125, 39.0625, 39.84375, 40.625, 41.40625, 42.1875, 42.96875, 43.75, 44.53125, 45.3125, 46.09375, 46.875, 47.65625, 48.4375, 49.21875, 50.0, 50.78125, 51.5625, 52.34375, 53.125, 53.90625, 54.6875, 55.46875, 56.25, 57.03125, 57.8125, 58.59375, 59.375, 60.15625, 60.9375, 61.71875, 62.5, 63.28125, 64.0625, 64.84375, 65.625, 66.40625, 67.1875, 67.96875, 68.75, 69.53125, 70.3125, 71.09375, 71.875, 72.65625, 73.4375, 74.21875, 75.0, 75.78125, 76.5625, 77.34375, 78.125, 78.90625, 79.6875, 80.46875, 81.25, 82.03125, 82.8125, 83.59375, 84.375, 85.15625, 85.9375, 86.71875, 87.5, 88.28125, 89.0625, 89.84375, 90.625, 91.40625, 92.1875, 92.96875, 93.75, 94.53125, 95.3125, 96.09375, 96.875, 97.65625, 98.4375, 99.21875, 100.0]}