{"psd": [56.09432720673993, 65.22126712948604, 58.34026274625697, 54.82870661894101, 52.63008870047837, 49.01083679549637, 45.426624757223905, 42.76156478498663, 42.94917662742127, 43.90294555429194, 45.93065384134333, 45.96924310877093, 46.01171456108129, 47.95866156995408, 48.5700684083666, 48.074498092015006, 49.26894972091024, 54.45588017915788, 53.683933962760506, 50.40563980729925, 52.737482972845235, 53.64999785240385, 54.37823284600435, 53.81207272002956, 51.61831562465855, 52.24783155197672, 54.78041555316145, 53.26381212068695, 51.975233330464256, 52.30366219905353, 54.82224006786005, 55.649899290323646, 54.92102785901024, 55.17720941590476, 54.73564876655477, 54.898311744882704, 55.05867750402981, 58.251014099360646, 65.40318405728476, 64.06941323613657, 58.32852064584464, 58.558724363130395, 56.994966827460246, 56.20825294836561, 57.19944367735841, 60.11764537397358, 59.29856183220629, 57.71807411387155, 66.16306457474673, 69.33069431368375, 62.68006633713863, 61.19894186298424, 61.723703879077505, 61.02073395395746, 59.547709875796016, 59.34490299167082, 60.41164233942034, 68.37868970825774, 69.62058440762374, 61.8202931419618, 61.453040606961025, 62.71307413069445, 62.62911638452921, 62.03770427679919, 61.69415947039692, 61.774341903355776, 61.28605651158486, 61.611351338693225, 62.284709061796555, 62.46804620404638, 62.13286035298669, 62.335073606742014, 62.163904346867, 61.833683961790825, 68.13389365377522, 75.52807422269429, 84.92340192296052, 82.9661371878408, 71.09264208731156, 66.31246718072342, 62.81715558912091, 62.621961764263986, 66.15697798280769, 71.00703244171041, 66.72778666683298, 61.49296992508556, 61.372612648223736, 62.86714305744104, 62.724702101679064, 62.95079145488164, 63.5325566978282, 64.49351664706695, 63.27095658501071, 61.607955859434455, 61.01011602201358, 67.75881604661812, 73.23419527402855, 67.99854687799244, 63.28483938947086, 62.920308987219585, 62.40272981749535, 61.71936603259028, 61.14084648839209, 60.900364698187715, 63.298320543859674, 64.17872611086966, 61.132287031304756, 60.733727299175115, 60.72429194065102, 62.165081875060764, 61.444869451017176, 60.20802397515237, 60.242897543198055, 61.47445760235236, 63.16283157464643, 69.60429351539862, 66.22989677756784, 50.938032219654936, 46.480255578138994, 42.0128614438303, 37.41780769644133, 31.90292456481435, 25.398742293660014, 22.376827111409796, 21.788089552460193, 21.194894490349693, 21.62195055300296, 21.478043376274808, 16.516789102963358], "f": [0.0, 0.78125, 1.5625, 2.34375, 3.125, 3.90625, 4.6875, 5.46875, 6.25, 7.03125, 7.8125, 8.59375, 9.375, 10.15625, 10.9375, 11.71875, 12.5, 13.28125, 14.0625, 14.84375, 15.625, 16.40625, 17.1875, 17.96875, 18.75, 19.53125, 20.3125, 21.09375, 21.875, 22.65625, 23.4375, 24.21875, 25.0, 25.78125, 26.5625, 27.34375, 28.125, 28.90625, 29.6875, 30.46875, 31.25, 32.03125, 32.8125, 33.59375, 34.375, 35.15625, 35.9375, 36.71875, 37.5, 38.28125, 39.0625, 39.84375, 40.625, 41.40625, 42.1875, 42.96875, 43.75, 44.53125, 45.3125, 46.09375, 46.875, 47.65625, 48.4375, 49.21875, 50.0, 50.78125, 51.5625, 52.34375, 53.125, 53.90625, 54.6875, 55.46875, 56.25, 57.03125, 57.8125, 58.59375, 59.375, 60.15625, 60.9375, 61.71875, 62.5, 63.28125, 64.0625, 64.84375, 65.625, 66.40625, 67.1875, 67.96875, 68.75, 69.53125, 70.3125, 71.09375, 71.875, 72.65625, 73.4375, 74.21875, 75.0, 75.78125, 76.5625, 77.34375, 78.125, 78.90625, 79.6875, 80.46875, 81.25, 82.03125, 82.8125, 83.59375, 84.375, 85.15625, 85.9375, 86.71875, 87.5, 88.28125, 89.0625, 89.84375, 90.625, 91.40625, 92.1875, 92.96875, 93.75, 94.53125, 95.3125, 96.09375, 96.875, 97.65625, 98.4375, 99.21875, 100.0]}