{"psd": [54.898380655676824, 63.39505178922092, 62.520682189451364, 59.97950834277582, 56.011529792089114, 51.653910949282434, 47.786841469477324, 46.09057513206992, 46.95659661704103, 47.13165265669009, 49.11342114815944, 50.235698346295266, 49.56007586235656, 50.87349569835246, 51.679533498585464, 54.29237310615871, 52.069136118615056, 51.904967436215806, 52.78774330087957, 54.28020279027143, 55.19236553672732, 54.185096875801136, 54.6734748762066, 52.5256268519435, 52.268854764331905, 53.64860258999525, 55.30117343108788, 54.703385795140946, 55.01969185622262, 56.38977755556361, 58.93162509824337, 58.61026593134312, 57.72934407140984, 57.523098860019616, 57.80912609051373, 58.76685180413563, 58.49670276877927, 62.79422394233187, 72.10972970337043, 70.94276291059467, 63.793373178063526, 63.001429960935624, 61.27202060381396, 61.83621494948569, 62.087978534483106, 61.39293764344279, 62.046647815390486, 63.76131435780981, 74.62750512563792, 75.97076170272425, 66.73800209134448, 63.26768789246365, 62.40695847813817, 62.25994884031704, 61.69424270884192, 61.791290328253574, 63.881787094759105, 69.14399890416308, 69.74658126908086, 65.12895969782137, 64.53750742621581, 63.54170968270612, 62.8515172675871, 63.120953201708744, 63.75465591364214, 66.67282135793243, 67.60256904794943, 65.27826919413246, 63.79622954699155, 63.575408390656285, 64.13159513922322, 63.19383926838235, 63.09945144559261, 63.34125063086688, 67.90952020680828, 76.95025781312098, 86.1887778430824, 84.44656050035991, 71.19562504302456, 63.24668303307433, 62.224602895440064, 62.02962890826795, 62.605078419153216, 62.953157383723955, 62.29812680199147, 61.87106029948786, 61.63953971171419, 62.60989852763412, 63.408145995285, 62.506661896998715, 61.87567923750973, 61.800507545797416, 61.55190733104356, 62.38625320679945, 62.64708080226239, 69.61494150977265, 75.26981941652865, 70.31259710889668, 62.73056416002138, 62.53284046018741, 62.82176196206106, 63.030995488334455, 62.93806884812913, 63.52176599729841, 63.596944191409, 63.37161407836841, 62.664604327940616, 63.159347647616784, 63.22979440569273, 62.98928572525984, 63.09859674599639, 61.82946298668124, 61.52670036258353, 60.96565049526215, 62.44809049384527, 67.47589888343798, 63.7064541690396, 53.165137554280015, 49.03108342383713, 44.7878411423796, 38.52503289092155, 32.93657618807412, 26.750540932847464, 22.26175285367427, 21.676566350825887, 21.450245361311147, 21.6810750031458, 21.92110751649084, 17.14655289231668], "f": [0.0, 0.78125, 1.5625, 2.34375, 3.125, 3.90625, 4.6875, 5.46875, 6.25, 7.03125, 7.8125, 8.59375, 9.375, 10.15625, 10.9375, 11.71875, 12.5, 13.28125, 14.0625, 14.84375, 15.625, 16.40625, 17.1875, 17.96875, 18.75, 19.53125, 20.3125, 21.09375, 21.875, 22.65625, 23.4375, 24.21875, 25.0, 25.78125, 26.5625, 27.34375, 28.125, 28.90625, 29.6875, 30.46875, 31.25, 32.03125, 32.8125, 33.59375, 34.375, 35.15625, 35.9375, 36.71875, 37.5, 38.28125, 39.0625, 39.84375, 40.625, 41.40625, 42.1875, 42.96875, 43.75, 44.53125, 45.3125, 46.09375, 46.875, 47.65625, 48.4375, 49.21875, 50.0, 50.78125, 51.5625, 52.34375, 53.125, 53.90625, 54.6875, 55.46875, 56.25, 57.03125, 57.8125, 58.59375, 59.375, 60.15625, 60.9375, 61.71875, 62.5, 63.28125, 64.0625, 64.84375, 65.625, 66.40625, 67.1875, 67.96875, 68.75, 69.53125, 70.3125, 71.09375, 71.875, 72.65625, 73.4375, 74.21875, 75.0, 75.78125, 76.5625, 77.34375, 78.125, 78.90625, 79.6875, 80.46875, 81.25, 82.03125, 82.8125, 83.59375, 84.375, 85.15625, 85.9375, 86.71875, 87.5, 88.28125, 89.0625, 89.84375, 90.625, 91.40625, 92.1875, 92.96875, 93.75, 94.53125, 95.3125, 96.09375, 96.875, 97.65625, 98.4375, 99.21875, 100.0]}