{"psd": [65.58763437682897, 73.93373853115123, 71.68958531443438, 66.42570974603066, 60.494554412072844, 56.173009322066534, 54.91158731934395, 61.72831649367234, 60.33102793835298, 58.80265228088178, 58.055380356300226, 58.45914933149325, 59.20536457656637, 60.81388220877863, 67.43438996010394, 67.93740868396155, 64.81215918601117, 62.649187285668916, 62.16166517532976, 62.2441391325338, 60.94814440741135, 62.15023274838848, 63.19026522595838, 64.03912282407673, 65.064254500718, 64.00851381580536, 64.27323997171148, 65.92758401877006, 65.736342137809, 66.66948740439008, 66.938331912152, 67.78839909931263, 69.22751687098153, 68.96460549813746, 68.25080522227795, 68.16199309736865, 69.10346253673023, 69.06151045180995, 69.31223958616516, 69.5931369938278, 71.18433754169838, 70.16126834432598, 68.73741350384793, 68.8823060216647, 69.74055826887059, 70.56646160172185, 70.78803175102787, 70.84441297277604, 72.51323220123494, 72.30310104014684, 72.08497589060798, 72.52066478821337, 72.73726855748227, 73.234732143156, 73.86308192558009, 73.57955861255087, 73.91603157098112, 73.49107057680048, 73.28153990799723, 73.53733986219243, 73.72904335408028, 74.22150883092723, 75.13312732656043, 75.60548914428477, 75.04802412349063, 75.20322627507822, 74.36117439886036, 74.23879167007004, 73.73791791063368, 73.46966544201452, 72.68881675503057, 71.83869402600999, 71.22594546455228, 70.5656959295641, 69.6394506257768, 69.79410267390716, 69.095660548095, 69.15695892509535, 68.94557116042802, 68.94461979100544, 69.3379170932958, 69.04890665188746, 69.0562352414159, 68.6950329606103, 69.02533251553899, 69.42859277108818, 69.8034060538409, 70.18391179433677, 70.53953549933327, 70.27465744068799, 70.27482990283957, 69.91441912583748, 70.22637295158742, 70.32218163434473, 70.80145157279776, 70.98718426323747, 70.80929142736343, 70.60169537900508, 70.39664426409054, 70.16049970355513, 69.82807239382483, 69.94070397243671, 69.98824985796044, 70.20484402880612, 69.71589506993733, 70.22614006263632, 71.0791891227378, 70.86023023288698, 69.60685515396273, 69.46658573072467, 68.76159934482907, 68.62043503535746, 67.95610609765427, 67.25698004278091, 65.70007339622002, 63.46609077885955, 61.382226543447146, 58.41828110201175, 54.91994227186892, 50.163667122573415, 44.70819360081212, 37.67818977477098, 30.953957856344402, 24.59655231220756, 22.11540585847267, 22.019871579037805, 21.590386822486735, 21.712264727157606, 16.972002760184527], "f": [0.0, 0.78125, 1.5625, 2.34375, 3.125, 3.90625, 4.6875, 5.46875, 6.25, 7.03125, 7.8125, 8.59375, 9.375, 10.15625, 10.9375, 11.71875, 12.5, 13.28125, 14.0625, 14.84375, 15.625, 16.40625, 17.1875, 17.96875, 18.75, 19.53125, 20.3125, 21.09375, 21.875, 22.65625, 23.4375, 24.21875, 25.0, 25.78125, 26.5625, 27.34375, 28.125, 28.90625, 29.6875, 30.46875, 31.25, 32.03125, 32.8125, 33.59375, 34.375, 35.15625, 35.9375, 36.71875, 37.5, 38.28125, 39.0625, 39.84375, 40.625, 41.40625, 42.1875, 42.96875, 43.75, 44.53125, 45.3125, 46.09375, 46.875, 47.65625, 48.4375, 49.21875, 50.0, 50.78125, 51.5625, 52.34375, 53.125, 53.90625, 54.6875, 55.46875, 56.25, 57.03125, 57.8125, 58.59375, 59.375, 60.15625, 60.9375, 61.71875, 62.5, 63.28125, 64.0625, 64.84375, 65.625, 66.40625, 67.1875, 67.96875, 68.75, 69.53125, 70.3125, 71.09375, 71.875, 72.65625, 73.4375, 74.21875, 75.0, 75.78125, 76.5625, 77.34375, 78.125, 78.90625, 79.6875, 80.46875, 81.25, 82.03125, 82.8125, 83.59375, 84.375, 85.15625, 85.9375, 86.71875, 87.5, 88.28125, 89.0625, 89.84375, 90.625, 91.40625, 92.1875, 92.96875, 93.75, 94.53125, 95.3125, 96.09375, 96.875, 97.65625, 98.4375, 99.21875, 100.0]}