{"psd": [49.666745408834245, 57.955658299407425, 54.95796174240418, 53.20572656306673, 51.47684228760571, 48.885264063313244, 46.92576059824388, 44.892668072254615, 45.1710875774447, 45.392169181327134, 46.295811130084246, 47.452887682860315, 47.5923938131648, 48.49782533139387, 49.693037070443, 51.50466172069126, 53.311632331413236, 51.28726267501118, 52.99759791653935, 54.278967326490886, 51.94427882486597, 50.34959721322444, 51.49111782848428, 52.340195912359555, 50.99428726644347, 52.16096471405955, 54.77795980125456, 54.73027717471051, 53.87702219910725, 55.07147334295526, 56.192590925218425, 56.72093629816867, 55.68688750247399, 56.16405687012829, 58.43270107471359, 61.634283739291774, 60.0551539774328, 61.424511741273776, 68.43833419545193, 66.85050964751407, 60.259826706699656, 60.78329153377412, 59.7909804053183, 61.001782043015716, 62.53373481346911, 62.12053742534427, 62.25689849588964, 64.30478366942549, 67.19160625392644, 67.49391256250829, 62.911817762557895, 62.99022148609316, 62.34937206784194, 62.23134639957003, 62.49935416535166, 62.09718025857373, 64.3222748675189, 67.51459590714724, 68.27918369420505, 65.0690917079086, 63.58981970531037, 64.10087907203786, 63.78748286442771, 65.64692232446075, 65.98598589575543, 65.76893663046803, 66.19259873597616, 65.50058447246062, 66.7361947162368, 65.171327181954, 65.20803110826763, 65.18978038001268, 65.21352488923364, 65.17486930489473, 64.71744445294713, 71.72578412746827, 81.65385455797002, 80.16693737417356, 67.2777480079505, 64.6476916104821, 65.06068839255929, 63.794459910888186, 64.13442576118457, 65.0177225355649, 64.52961819434657, 62.39968910427706, 61.15908283403322, 61.06644625341608, 61.103068236618896, 62.55369226425059, 61.30943690674279, 61.69288342628341, 61.12016733085501, 60.38060272732093, 60.34443403978039, 66.56884683492756, 72.24109309687806, 67.18519209239562, 61.4367534488626, 61.38726965733288, 60.62675003920285, 60.684804783690964, 61.011036834189476, 61.110945470652986, 60.31481560847265, 61.15513688230054, 61.8620700066699, 60.65581046845091, 59.880585274408205, 59.80312471937418, 59.87140015569761, 58.94048107171474, 57.525452148882515, 57.74030932843792, 58.768121629338566, 62.97502239124918, 59.61663149056005, 49.528915450112976, 45.743287783705014, 40.858620644777545, 35.39910201052495, 29.91872789895538, 24.417661137356053, 21.784474622926, 21.481723472574036, 21.240982837994228, 21.231476689051526, 21.25544268699027, 16.710262708220732], "f": [0.0, 0.78125, 1.5625, 2.34375, 3.125, 3.90625, 4.6875, 5.46875, 6.25, 7.03125, 7.8125, 8.59375, 9.375, 10.15625, 10.9375, 11.71875, 12.5, 13.28125, 14.0625, 14.84375, 15.625, 16.40625, 17.1875, 17.96875, 18.75, 19.53125, 20.3125, 21.09375, 21.875, 22.65625, 23.4375, 24.21875, 25.0, 25.78125, 26.5625, 27.34375, 28.125, 28.90625, 29.6875, 30.46875, 31.25, 32.03125, 32.8125, 33.59375, 34.375, 35.15625, 35.9375, 36.71875, 37.5, 38.28125, 39.0625, 39.84375, 40.625, 41.40625, 42.1875, 42.96875, 43.75, 44.53125, 45.3125, 46.09375, 46.875, 47.65625, 48.4375, 49.21875, 50.0, 50.78125, 51.5625, 52.34375, 53.125, 53.90625, 54.6875, 55.46875, 56.25, 57.03125, 57.8125, 58.59375, 59.375, 60.15625, 60.9375, 61.71875, 62.5, 63.28125, 64.0625, 64.84375, 65.625, 66.40625, 67.1875, 67.96875, 68.75, 69.53125, 70.3125, 71.09375, 71.875, 72.65625, 73.4375, 74.21875, 75.0, 75.78125, 76.5625, 77.34375, 78.125, 78.90625, 79.6875, 80.46875, 81.25, 82.03125, 82.8125, 83.59375, 84.375, 85.15625, 85.9375, 86.71875, 87.5, 88.28125, 89.0625, 89.84375, 90.625, 91.40625, 92.1875, 92.96875, 93.75, 94.53125, 95.3125, 96.09375, 96.875, 97.65625, 98.4375, 99.21875, 100.0]}