{"psd": [57.05895638392786, 65.91571223684811, 63.16879066466424, 58.03872878196298, 51.78948919410069, 47.5188717349885, 44.802745538948514, 44.59984538902198, 45.658688778275504, 46.88952326875061, 47.61351848812943, 48.31537026713527, 48.997184601299736, 50.1239429982515, 53.830200737534355, 53.81683520610301, 52.33021694797648, 53.63151740168918, 54.284038170615254, 54.95446474759444, 54.67684233739263, 54.79647620209004, 55.07691462701721, 55.27663341295241, 56.263063022631606, 57.04602707380528, 57.54182795802056, 57.918509350611345, 58.97021042825262, 60.88558111384479, 60.67542785035788, 59.54258017548688, 59.75956604653706, 60.01092978222683, 60.110020827689404, 60.68605455902602, 60.16032645460235, 60.38591610483202, 61.10458192327766, 60.33839968200191, 60.134578755161485, 60.12170807264279, 60.834112519974035, 60.906249559180985, 61.023439097369675, 61.5289659760538, 61.65909175461322, 61.85775538100201, 62.27154209341475, 62.02341162827285, 61.67268383614943, 62.24296682782705, 62.282631179762824, 62.11661848169042, 62.4072970478418, 62.23014526554878, 62.543191927899706, 63.019818030628215, 62.713969579766584, 63.16492147663402, 62.95749020425845, 63.35762735611886, 63.50210196603865, 63.70165105394102, 63.34055158996611, 63.52639660054987, 63.593757504311945, 63.239920179620995, 63.180084716227014, 63.81711190610112, 63.73428895477915, 63.37906575821449, 63.90498631790459, 63.82634292879793, 63.9137264549353, 64.73574251139947, 65.61077656780834, 66.60950922625301, 64.31422778898649, 64.0486134479414, 64.55921861766657, 63.72438249355394, 63.695057663057845, 64.26970800687377, 63.979657122479104, 64.09931017939385, 64.1269125842277, 64.61690927917543, 64.47770135781617, 64.58108168493946, 65.06109427037238, 65.21533745272735, 65.49222333003681, 65.88131962377388, 65.91877907733603, 66.26839125192652, 68.43690644634313, 66.2920709451342, 65.49583382289222, 65.80277638995531, 65.68542845269373, 65.73426091337677, 64.93422911979027, 65.49757776590705, 66.1492977885444, 66.95772938035206, 67.12139608181707, 66.98946243609613, 66.4723462325462, 66.21064274779985, 65.41591120177567, 64.67735239125332, 64.55714502098309, 63.0713452977145, 61.949505588769355, 61.41775725853789, 59.48937253756319, 55.82268934235049, 51.597833985637536, 47.27506944895663, 41.578994256469954, 35.30156784315479, 28.21181274827012, 23.29372869539464, 21.876573007122275, 21.187167455309325, 21.5605171248834, 21.523131821511523, 16.751714871448367], "f": [0.0, 0.78125, 1.5625, 2.34375, 3.125, 3.90625, 4.6875, 5.46875, 6.25, 7.03125, 7.8125, 8.59375, 9.375, 10.15625, 10.9375, 11.71875, 12.5, 13.28125, 14.0625, 14.84375, 15.625, 16.40625, 17.1875, 17.96875, 18.75, 19.53125, 20.3125, 21.09375, 21.875, 22.65625, 23.4375, 24.21875, 25.0, 25.78125, 26.5625, 27.34375, 28.125, 28.90625, 29.6875, 30.46875, 31.25, 32.03125, 32.8125, 33.59375, 34.375, 35.15625, 35.9375, 36.71875, 37.5, 38.28125, 39.0625, 39.84375, 40.625, 41.40625, 42.1875, 42.96875, 43.75, 44.53125, 45.3125, 46.09375, 46.875, 47.65625, 48.4375, 49.21875, 50.0, 50.78125, 51.5625, 52.34375, 53.125, 53.90625, 54.6875, 55.46875, 56.25, 57.03125, 57.8125, 58.59375, 59.375, 60.15625, 60.9375, 61.71875, 62.5, 63.28125, 64.0625, 64.84375, 65.625, 66.40625, 67.1875, 67.96875, 68.75, 69.53125, 70.3125, 71.09375, 71.875, 72.65625, 73.4375, 74.21875, 75.0, 75.78125, 76.5625, 77.34375, 78.125, 78.90625, 79.6875, 80.46875, 81.25, 82.03125, 82.8125, 83.59375, 84.375, 85.15625, 85.9375, 86.71875, 87.5, 88.28125, 89.0625, 89.84375, 90.625, 91.40625, 92.1875, 92.96875, 93.75, 94.53125, 95.3125, 96.09375, 96.875, 97.65625, 98.4375, 99.21875, 100.0]}