{"psd": [56.47985697715333, 66.16665217595921, 60.91034075773665, 55.76475458028079, 53.754014247184145, 52.471673946851396, 50.735746593379965, 50.10467078916487, 51.19506766439286, 52.99803551935203, 53.37652951334163, 53.73058427467704, 53.10187702462666, 53.72162348438734, 54.33354476936542, 54.67330653998724, 54.30566421758941, 55.0584509768983, 56.223048162844904, 57.16872150236884, 58.057283487155686, 59.31062424458606, 59.89913647490815, 61.161947073207806, 61.88977418841412, 62.988921803262016, 63.74625778516885, 63.42991290047716, 63.65365908468551, 63.89309586049172, 63.80636605630411, 65.03616987022713, 62.67519948510391, 61.912796139236235, 61.189461729908885, 60.53781163152493, 60.811429327193274, 60.60551902624053, 60.73346171916743, 60.0401172889256, 60.725067592474815, 60.3473942619776, 61.79818499100694, 60.4899588453803, 59.426446424526105, 58.943959115311266, 59.58148170168599, 58.83696642435194, 58.896893670688684, 60.06453650387073, 61.217906734596106, 61.19645118620514, 62.00018331242611, 63.171258355180356, 63.213655162931495, 61.85395800467308, 62.09293163588544, 61.483589805941776, 61.56836695485586, 61.29218893857656, 61.33730071487864, 63.02587051276462, 64.23501384355166, 64.9716246315973, 64.07780851807688, 62.11409943253717, 60.59976896698605, 60.13817184719052, 61.293671709093914, 61.05154659257088, 60.49753098497349, 60.567252377512986, 60.29534284041381, 60.36916433677228, 62.91965568364344, 66.67883947234648, 65.16442402864642, 62.408906313858324, 59.85342789859701, 59.10749158541858, 58.89565958258914, 58.93258067352197, 58.24942057621665, 57.29026999090757, 57.290992944320394, 57.41927099746899, 57.614016468655834, 57.72467863247733, 57.57059975691292, 57.50553189162082, 56.75506008426531, 57.323349890984794, 57.35271774452559, 57.750051357153296, 57.90157991453591, 57.5630085432002, 59.426205304422844, 59.81529194384311, 58.7068515099666, 58.717596461444415, 59.09991036010044, 59.20721351642364, 58.64074740794328, 57.89675794338944, 56.89752187036015, 57.02631838830773, 57.0356584969698, 55.92771874727574, 55.05724208127524, 54.58562070354584, 54.407986798453265, 53.69715354069828, 53.8254675362345, 53.80129575273003, 54.23246771136006, 55.85348055795851, 52.91289999239645, 45.23686102502989, 40.904608023109255, 35.915440940892225, 30.35304383271356, 25.222680950570687, 22.56707456219703, 21.78966995992837, 21.593476052063348, 21.693392988891155, 21.49035517486518, 21.673533630164144, 16.646630414962583], "f": [0.0, 0.78125, 1.5625, 2.34375, 3.125, 3.90625, 4.6875, 5.46875, 6.25, 7.03125, 7.8125, 8.59375, 9.375, 10.15625, 10.9375, 11.71875, 12.5, 13.28125, 14.0625, 14.84375, 15.625, 16.40625, 17.1875, 17.96875, 18.75, 19.53125, 20.3125, 21.09375, 21.875, 22.65625, 23.4375, 24.21875, 25.0, 25.78125, 26.5625, 27.34375, 28.125, 28.90625, 29.6875, 30.46875, 31.25, 32.03125, 32.8125, 33.59375, 34.375, 35.15625, 35.9375, 36.71875, 37.5, 38.28125, 39.0625, 39.84375, 40.625, 41.40625, 42.1875, 42.96875, 43.75, 44.53125, 45.3125, 46.09375, 46.875, 47.65625, 48.4375, 49.21875, 50.0, 50.78125, 51.5625, 52.34375, 53.125, 53.90625, 54.6875, 55.46875, 56.25, 57.03125, 57.8125, 58.59375, 59.375, 60.15625, 60.9375, 61.71875, 62.5, 63.28125, 64.0625, 64.84375, 65.625, 66.40625, 67.1875, 67.96875, 68.75, 69.53125, 70.3125, 71.09375, 71.875, 72.65625, 73.4375, 74.21875, 75.0, 75.78125, 76.5625, 77.34375, 78.125, 78.90625, 79.6875, 80.46875, 81.25, 82.03125, 82.8125, 83.59375, 84.375, 85.15625, 85.9375, 86.71875, 87.5, 88.28125, 89.0625, 89.84375, 90.625, 91.40625, 92.1875, 92.96875, 93.75, 94.53125, 95.3125, 96.09375, 96.875, 97.65625, 98.4375, 99.21875, 100.0]}