{"psd": [57.375414096108805, 66.08779095623254, 64.66974182144916, 64.08870895577238, 61.002378699377935, 57.27106227806345, 53.63149175512588, 52.97523174210964, 53.35062629565684, 54.15361727515115, 53.617595864483825, 53.86067278172221, 56.20632885478738, 56.0378795253155, 60.47515300105849, 61.02946739002146, 59.24397203983264, 58.5720609029591, 57.75977809158334, 58.881422879835064, 59.330236678404816, 61.2874171322117, 62.72467078294008, 66.01083622971791, 64.76067045472246, 62.71707176977068, 62.54553854126244, 64.09109964941541, 65.78276312969429, 66.67055712768534, 66.56823174589213, 66.16254688434051, 65.70046326804128, 65.32782515975467, 66.66793711588419, 67.2667795518713, 68.3130745798651, 68.13915206099333, 67.87117393996584, 68.17562238165044, 67.99210477270576, 68.7494412697361, 70.0089944444496, 71.81591855639478, 71.1348544908718, 71.01360959376998, 71.44254279867428, 70.98836721572985, 71.60164554254182, 72.55754713299147, 73.83726663328561, 73.0687793761326, 73.2894118879097, 73.14816465486173, 73.37674372579929, 74.15291953896605, 73.32738272384155, 73.38786014146731, 73.612084417528, 73.46961000784734, 73.2628041715681, 72.28795917215386, 72.32619858440599, 72.28733658686575, 72.52427484246016, 72.0770319133682, 71.46043105055965, 71.274807180166, 71.47297328249331, 70.3555254122151, 70.06503189969108, 69.83051100199962, 69.36911782940876, 68.60673536481448, 69.365386588575, 71.01027119352278, 71.2882727991369, 71.43314892487598, 69.5372798069624, 67.99498191742933, 67.98604410853225, 68.9030551268047, 68.47990308429117, 68.3748356325144, 68.26772760202836, 68.28617624604492, 68.78621832393374, 69.09731017075474, 68.99484144633448, 69.50537254380679, 69.46464697105466, 69.46648026400203, 68.86090180245031, 68.99807261782377, 69.14330383824817, 69.76420939547027, 69.7194230510553, 69.01155076959364, 69.4805183536835, 69.69642280330325, 69.51908991827825, 69.25631328168845, 70.04314446663554, 69.13444276404503, 69.17901476336426, 68.99101884433377, 69.41109993114421, 69.17589396682635, 68.40581322067851, 67.40350592572477, 66.86700657150054, 66.73828812272065, 65.76398129476739, 64.48166826216861, 63.61803215745439, 62.8633002635287, 60.30361424124621, 55.76655678581819, 52.24164502360135, 47.5231766673292, 41.99333260830726, 35.055581644194184, 28.598156442905225, 23.49665239723801, 21.56755525245131, 21.629343971133608, 21.7030602763139, 21.79590683894423, 17.288749401049845], "f": [0.0, 0.78125, 1.5625, 2.34375, 3.125, 3.90625, 4.6875, 5.46875, 6.25, 7.03125, 7.8125, 8.59375, 9.375, 10.15625, 10.9375, 11.71875, 12.5, 13.28125, 14.0625, 14.84375, 15.625, 16.40625, 17.1875, 17.96875, 18.75, 19.53125, 20.3125, 21.09375, 21.875, 22.65625, 23.4375, 24.21875, 25.0, 25.78125, 26.5625, 27.34375, 28.125, 28.90625, 29.6875, 30.46875, 31.25, 32.03125, 32.8125, 33.59375, 34.375, 35.15625, 35.9375, 36.71875, 37.5, 38.28125, 39.0625, 39.84375, 40.625, 41.40625, 42.1875, 42.96875, 43.75, 44.53125, 45.3125, 46.09375, 46.875, 47.65625, 48.4375, 49.21875, 50.0, 50.78125, 51.5625, 52.34375, 53.125, 53.90625, 54.6875, 55.46875, 56.25, 57.03125, 57.8125, 58.59375, 59.375, 60.15625, 60.9375, 61.71875, 62.5, 63.28125, 64.0625, 64.84375, 65.625, 66.40625, 67.1875, 67.96875, 68.75, 69.53125, 70.3125, 71.09375, 71.875, 72.65625, 73.4375, 74.21875, 75.0, 75.78125, 76.5625, 77.34375, 78.125, 78.90625, 79.6875, 80.46875, 81.25, 82.03125, 82.8125, 83.59375, 84.375, 85.15625, 85.9375, 86.71875, 87.5, 88.28125, 89.0625, 89.84375, 90.625, 91.40625, 92.1875, 92.96875, 93.75, 94.53125, 95.3125, 96.09375, 96.875, 97.65625, 98.4375, 99.21875, 100.0]}