{"psd": [52.63457238251685, 61.47338160659614, 60.39006336906509, 58.26755885795273, 54.78887367618188, 51.06829082494816, 47.22539838965545, 45.73429595221073, 47.28873797373709, 47.89427480590497, 48.023996287577766, 50.48118813673114, 52.46674902457737, 52.450535166298444, 53.551817741458024, 55.227938159201585, 51.65531639136002, 53.012929771140136, 54.16801518732279, 54.320971497384605, 55.10912059125077, 53.88832431252651, 56.15884115177147, 55.99932472629224, 55.59214572468868, 55.89054189729686, 57.51704561777497, 56.680941734557784, 56.3746002494051, 57.20120068281335, 58.103491362652484, 58.13734307209372, 58.50321474573608, 58.31628779366903, 58.40549404115719, 58.72877465255457, 58.727356868650695, 62.62209042215951, 72.53274123398481, 71.33896929131238, 61.40647144898085, 59.54789298136837, 59.343219446928586, 59.63611700523866, 59.58630025987466, 60.309209487703285, 61.31952423758133, 63.264802942348375, 73.85898011494541, 74.7010497768092, 64.71598423827533, 61.4292177210612, 60.91824536877983, 60.85882062381292, 61.05625380306202, 60.990826540771856, 61.887066942441066, 69.36654250091445, 70.62746117400076, 62.5224041716502, 61.11318653423393, 61.494423284022304, 61.48288372179131, 63.20482757736209, 63.945394178944625, 63.93921824263708, 63.54540146612702, 61.79222350095756, 61.42108155881799, 61.174884531265704, 61.59297306553042, 62.790918124544774, 63.18197377202628, 61.89080943083499, 63.415442296143645, 75.3756953394368, 84.85972465777394, 83.14081524565408, 70.3890901597037, 62.245262241676336, 61.61275538673693, 61.64204161287571, 61.190625451015, 62.04659356062861, 61.29106104341322, 60.73836636073152, 60.42163529409208, 61.501287222681846, 61.80108869060045, 61.41684305037983, 60.50674340530161, 60.312664968514994, 60.28027260488778, 60.701987957730026, 61.29688657447329, 68.52518347736256, 74.0369139954561, 69.22203322970451, 62.41146448879177, 62.07232847415182, 61.967634106047136, 61.82397983974088, 61.941450577696074, 62.34270031125851, 62.53911715309187, 63.43122692596772, 62.88000893726196, 62.758152178434244, 61.82545187927249, 61.41647282546157, 60.909419549559054, 60.277967584281214, 60.37615482142005, 59.15266617444165, 61.382783181367984, 67.56122567457103, 63.77611661204866, 51.18632831439828, 47.90797308091152, 43.50347651279793, 37.11605668289066, 31.01499721787723, 25.49378653459247, 22.50103952582155, 21.502993450573456, 21.55923601994122, 21.369448631989666, 21.47395809174409, 16.42594820238308], "f": [0.0, 0.78125, 1.5625, 2.34375, 3.125, 3.90625, 4.6875, 5.46875, 6.25, 7.03125, 7.8125, 8.59375, 9.375, 10.15625, 10.9375, 11.71875, 12.5, 13.28125, 14.0625, 14.84375, 15.625, 16.40625, 17.1875, 17.96875, 18.75, 19.53125, 20.3125, 21.09375, 21.875, 22.65625, 23.4375, 24.21875, 25.0, 25.78125, 26.5625, 27.34375, 28.125, 28.90625, 29.6875, 30.46875, 31.25, 32.03125, 32.8125, 33.59375, 34.375, 35.15625, 35.9375, 36.71875, 37.5, 38.28125, 39.0625, 39.84375, 40.625, 41.40625, 42.1875, 42.96875, 43.75, 44.53125, 45.3125, 46.09375, 46.875, 47.65625, 48.4375, 49.21875, 50.0, 50.78125, 51.5625, 52.34375, 53.125, 53.90625, 54.6875, 55.46875, 56.25, 57.03125, 57.8125, 58.59375, 59.375, 60.15625, 60.9375, 61.71875, 62.5, 63.28125, 64.0625, 64.84375, 65.625, 66.40625, 67.1875, 67.96875, 68.75, 69.53125, 70.3125, 71.09375, 71.875, 72.65625, 73.4375, 74.21875, 75.0, 75.78125, 76.5625, 77.34375, 78.125, 78.90625, 79.6875, 80.46875, 81.25, 82.03125, 82.8125, 83.59375, 84.375, 85.15625, 85.9375, 86.71875, 87.5, 88.28125, 89.0625, 89.84375, 90.625, 91.40625, 92.1875, 92.96875, 93.75, 94.53125, 95.3125, 96.09375, 96.875, 97.65625, 98.4375, 99.21875, 100.0]}