{"psd": [62.57738555658509, 71.0411607811418, 68.6613605138182, 65.68002644754748, 62.20584973506081, 57.620949974849324, 53.17102291914284, 51.036287346208546, 51.81522242258855, 49.92331307488726, 51.8894272424036, 52.15344498821545, 53.89542059500315, 55.94083272300019, 56.283080214804606, 55.42493573112368, 56.29791108673971, 56.540948723377824, 59.9870364401659, 60.92266613180851, 60.16812771996249, 60.86555726713009, 61.4634101859873, 66.82309650590503, 67.4610673872967, 64.44581621419051, 65.28414627517132, 65.5526494533945, 65.57398795727369, 65.92618685526107, 65.39621825244771, 66.35517004847313, 67.4342807569836, 65.55179662545177, 65.22013596483406, 65.212070803522, 64.94644098955996, 65.09017927765275, 67.53269856254552, 66.38451447988965, 64.65535588383949, 66.23581283357456, 69.42675018454335, 68.74800778039342, 67.09300046949694, 67.64160563108094, 67.30552772421672, 66.49568957366327, 66.79955677835824, 66.32791801730191, 66.79297596841215, 67.59688260462578, 69.57380647184968, 71.057840885733, 70.14441505458356, 69.08584836477954, 68.9096271480885, 68.48650235937043, 69.46703665197744, 68.76300167412414, 67.3578170111154, 68.45086688290776, 69.645974198392, 72.23867512098431, 72.02916143725824, 69.16729334718106, 67.5897822812364, 66.56541742017582, 65.87055798755658, 66.56651869206382, 66.95944945221335, 68.45969792459228, 69.36219200191003, 70.77569347651344, 72.52078912643765, 73.5248162465148, 72.15383515161504, 70.23025402628008, 68.50104384094901, 68.3967344355688, 68.54566380832404, 69.10983484778224, 68.9932782394529, 69.32058989657493, 69.4401052463779, 69.03675276312947, 68.53636466638198, 67.69066523338739, 67.39218883815946, 67.60201085251522, 68.51538322935544, 68.79980727578923, 69.07986627188141, 69.58494552235301, 70.59116840013186, 71.00618908263104, 70.3722927357965, 69.56963072892076, 68.90818306507137, 69.20517068707993, 69.93418776406469, 69.88870854436195, 69.90238035922329, 69.82654797255842, 69.30345909176326, 70.7247325900779, 70.49470505473971, 68.91749321514328, 67.62970870899723, 66.70169610059534, 65.64870980733197, 65.87702196679429, 65.26759892977586, 63.99537548466273, 62.67599593323347, 62.72274443505525, 59.41533131929652, 54.75128072953608, 50.89457357277566, 45.60475937054797, 40.52249678893553, 34.02165622717929, 27.566706488334113, 23.141175748964685, 22.11174555898576, 21.762368674365934, 21.390348399047895, 21.31480657110758, 15.887204725701633], "f": [0.0, 0.78125, 1.5625, 2.34375, 3.125, 3.90625, 4.6875, 5.46875, 6.25, 7.03125, 7.8125, 8.59375, 9.375, 10.15625, 10.9375, 11.71875, 12.5, 13.28125, 14.0625, 14.84375, 15.625, 16.40625, 17.1875, 17.96875, 18.75, 19.53125, 20.3125, 21.09375, 21.875, 22.65625, 23.4375, 24.21875, 25.0, 25.78125, 26.5625, 27.34375, 28.125, 28.90625, 29.6875, 30.46875, 31.25, 32.03125, 32.8125, 33.59375, 34.375, 35.15625, 35.9375, 36.71875, 37.5, 38.28125, 39.0625, 39.84375, 40.625, 41.40625, 42.1875, 42.96875, 43.75, 44.53125, 45.3125, 46.09375, 46.875, 47.65625, 48.4375, 49.21875, 50.0, 50.78125, 51.5625, 52.34375, 53.125, 53.90625, 54.6875, 55.46875, 56.25, 57.03125, 57.8125, 58.59375, 59.375, 60.15625, 60.9375, 61.71875, 62.5, 63.28125, 64.0625, 64.84375, 65.625, 66.40625, 67.1875, 67.96875, 68.75, 69.53125, 70.3125, 71.09375, 71.875, 72.65625, 73.4375, 74.21875, 75.0, 75.78125, 76.5625, 77.34375, 78.125, 78.90625, 79.6875, 80.46875, 81.25, 82.03125, 82.8125, 83.59375, 84.375, 85.15625, 85.9375, 86.71875, 87.5, 88.28125, 89.0625, 89.84375, 90.625, 91.40625, 92.1875, 92.96875, 93.75, 94.53125, 95.3125, 96.09375, 96.875, 97.65625, 98.4375, 99.21875, 100.0]}