{"psd": [51.40845463831081, 60.35769085961668, 56.3192412315691, 52.455736432233344, 49.14675521115298, 45.71160728995258, 42.877823922265776, 41.78754568158589, 42.31978586680263, 43.019982467139144, 45.02370453610396, 46.76303013972387, 46.65935434050459, 45.36871778362201, 44.98606160343661, 46.889366890470754, 46.95530273434911, 46.05336514422747, 46.81758694991703, 49.54616150170252, 49.64645925021478, 47.87406524346682, 48.60074266218257, 48.9207348862809, 51.80004671737535, 53.65118347311065, 51.22369907843516, 50.22347468439221, 50.21583818920499, 51.11345653797032, 51.472549515038004, 51.62347947791603, 52.552638896884275, 53.47844607704626, 55.233217191711915, 54.178975154896904, 56.5301421997179, 60.18415603453852, 63.775390272084486, 60.6461078997743, 55.481664415672, 55.39455545104168, 55.2338233531253, 55.00296870277266, 56.298823754232345, 57.96016161439362, 57.14545578716445, 58.30654719144157, 65.53991322020264, 69.8306082827339, 65.63149239852059, 61.47328194523099, 60.51890831724198, 60.60474385658977, 60.11891374268842, 60.103370739107085, 61.10889073899047, 65.75298506004972, 65.91318469939401, 61.01762827778774, 60.16830038608265, 61.5717088808266, 61.42905449622529, 60.25416876591332, 60.20773499756387, 60.15431089487009, 60.38180985449, 60.65144027414036, 59.918957075197255, 59.40412163388474, 58.51715060499771, 58.52850061800257, 58.909177604264926, 58.38530160306479, 64.21472335423957, 72.49524256679267, 82.51659421046101, 80.424932495127, 63.88657448936762, 58.75680682896131, 57.79881205763446, 57.1096164600258, 61.570346626713786, 66.4516300162856, 62.08847527844058, 57.458517571298806, 57.33498193147848, 58.01735377258632, 57.47792924476425, 56.253636532777406, 55.479279269714766, 56.024090773220614, 56.000209604020824, 56.45734293646332, 56.45615617749445, 61.11511925424932, 65.91895449764623, 63.12087157130839, 62.61135505947368, 58.062016415721146, 56.71663907143384, 56.12085714332522, 55.56423369197982, 56.26289762397364, 56.06006900191584, 56.5934635387119, 56.369706482908825, 56.062182341983515, 55.45259897906668, 55.33887045850559, 54.988281987068994, 53.68182995364712, 54.645082457540475, 55.567470815901395, 55.72961191109151, 58.560255366772196, 55.142114693059774, 45.768262700555866, 41.32612439011776, 36.899098160518164, 32.043322418473736, 26.74081426167462, 22.98784900942909, 21.123558758992914, 21.586198475908137, 21.64550360998661, 21.498490241208636, 21.611581850012726, 16.666916343946227], "f": [0.0, 0.78125, 1.5625, 2.34375, 3.125, 3.90625, 4.6875, 5.46875, 6.25, 7.03125, 7.8125, 8.59375, 9.375, 10.15625, 10.9375, 11.71875, 12.5, 13.28125, 14.0625, 14.84375, 15.625, 16.40625, 17.1875, 17.96875, 18.75, 19.53125, 20.3125, 21.09375, 21.875, 22.65625, 23.4375, 24.21875, 25.0, 25.78125, 26.5625, 27.34375, 28.125, 28.90625, 29.6875, 30.46875, 31.25, 32.03125, 32.8125, 33.59375, 34.375, 35.15625, 35.9375, 36.71875, 37.5, 38.28125, 39.0625, 39.84375, 40.625, 41.40625, 42.1875, 42.96875, 43.75, 44.53125, 45.3125, 46.09375, 46.875, 47.65625, 48.4375, 49.21875, 50.0, 50.78125, 51.5625, 52.34375, 53.125, 53.90625, 54.6875, 55.46875, 56.25, 57.03125, 57.8125, 58.59375, 59.375, 60.15625, 60.9375, 61.71875, 62.5, 63.28125, 64.0625, 64.84375, 65.625, 66.40625, 67.1875, 67.96875, 68.75, 69.53125, 70.3125, 71.09375, 71.875, 72.65625, 73.4375, 74.21875, 75.0, 75.78125, 76.5625, 77.34375, 78.125, 78.90625, 79.6875, 80.46875, 81.25, 82.03125, 82.8125, 83.59375, 84.375, 85.15625, 85.9375, 86.71875, 87.5, 88.28125, 89.0625, 89.84375, 90.625, 91.40625, 92.1875, 92.96875, 93.75, 94.53125, 95.3125, 96.09375, 96.875, 97.65625, 98.4375, 99.21875, 100.0]}