{"psd": [50.63129094737292, 59.587501344884856, 58.57579867490004, 56.500958575624615, 52.8757038624034, 48.152355717479374, 44.440074188231776, 42.26386785095441, 42.33945422505986, 43.05497899891794, 44.62200372115256, 46.223951147464916, 46.66872465491009, 46.95458997727451, 46.86065217094897, 47.559520627077006, 48.95909933732754, 51.19024590589021, 52.43126505268563, 51.78847234495916, 51.16808394849276, 51.437915437874786, 53.651018473609525, 54.715277985614165, 54.9176615413468, 54.83300069913086, 56.13910643617853, 56.110377694351826, 60.28608753347309, 63.66695489921764, 62.39688512771907, 59.21379019040492, 59.575992876789954, 62.50322141297944, 65.71479839352403, 66.16037355271916, 61.9735423422532, 61.01869197395346, 64.45704006242653, 63.31154077469204, 58.84087439265091, 58.05827976939082, 58.42057458150517, 59.269981914879715, 59.898638135410245, 60.298002540022964, 60.84017600685232, 60.33564459323315, 60.06151110774538, 59.90103708976075, 59.470335964254275, 59.70782100434054, 59.86443320604734, 60.318133977627035, 60.93961427099597, 61.17052307720991, 61.8447852631978, 62.70181970284841, 63.216027410158155, 62.267941571693854, 62.303171226656886, 62.749376607701386, 63.44055670779255, 64.96945719019226, 65.10144060434853, 65.15520559730712, 66.45451902841218, 64.49519466150093, 63.72732053053299, 64.65417567181257, 64.66954458653186, 65.6201818243024, 66.70226449056327, 66.74305892329815, 67.90370083731726, 70.48371543568749, 73.60502356644582, 75.49270213626099, 68.93357153888957, 65.00270178957587, 64.51669730294265, 64.30363748316759, 65.24150135836437, 65.69694136076825, 65.10318489565564, 65.4003805729507, 65.05877174906384, 64.95126335048808, 64.79634909979686, 64.53675072129302, 64.58075044074708, 64.0630070557712, 63.94182150809886, 64.68497367458417, 63.935072842202004, 67.56361530102896, 72.36777071756386, 68.32234223842791, 64.95668888459961, 68.22658869182595, 65.14616547433756, 63.43824350952775, 63.89314718238501, 63.28940943610725, 63.727103953753144, 65.31607701082923, 64.96964621505653, 63.37563320709252, 62.87328978771191, 63.436243313990246, 62.68849022887128, 63.122529366423315, 62.661678819658555, 61.381251355659, 62.27416779954823, 70.83511047408595, 69.80238680449912, 56.55039947791725, 49.38903524187336, 44.58384338185101, 38.89482669382769, 32.45190845327963, 26.065279928846657, 22.498068649035194, 22.104656643022818, 21.909863336071528, 21.612301062773113, 21.401999765984506, 17.18042318788642], "f": [0.0, 0.78125, 1.5625, 2.34375, 3.125, 3.90625, 4.6875, 5.46875, 6.25, 7.03125, 7.8125, 8.59375, 9.375, 10.15625, 10.9375, 11.71875, 12.5, 13.28125, 14.0625, 14.84375, 15.625, 16.40625, 17.1875, 17.96875, 18.75, 19.53125, 20.3125, 21.09375, 21.875, 22.65625, 23.4375, 24.21875, 25.0, 25.78125, 26.5625, 27.34375, 28.125, 28.90625, 29.6875, 30.46875, 31.25, 32.03125, 32.8125, 33.59375, 34.375, 35.15625, 35.9375, 36.71875, 37.5, 38.28125, 39.0625, 39.84375, 40.625, 41.40625, 42.1875, 42.96875, 43.75, 44.53125, 45.3125, 46.09375, 46.875, 47.65625, 48.4375, 49.21875, 50.0, 50.78125, 51.5625, 52.34375, 53.125, 53.90625, 54.6875, 55.46875, 56.25, 57.03125, 57.8125, 58.59375, 59.375, 60.15625, 60.9375, 61.71875, 62.5, 63.28125, 64.0625, 64.84375, 65.625, 66.40625, 67.1875, 67.96875, 68.75, 69.53125, 70.3125, 71.09375, 71.875, 72.65625, 73.4375, 74.21875, 75.0, 75.78125, 76.5625, 77.34375, 78.125, 78.90625, 79.6875, 80.46875, 81.25, 82.03125, 82.8125, 83.59375, 84.375, 85.15625, 85.9375, 86.71875, 87.5, 88.28125, 89.0625, 89.84375, 90.625, 91.40625, 92.1875, 92.96875, 93.75, 94.53125, 95.3125, 96.09375, 96.875, 97.65625, 98.4375, 99.21875, 100.0]}