{"psd": [61.77355378400545, 70.63150741622177, 67.83428707911358, 64.71200945293188, 60.475725558839805, 55.486282442320416, 51.273840650841265, 48.929711282432635, 49.33837875466341, 50.802617965589405, 50.97202168642737, 51.89462452751127, 53.99858929350253, 54.210090222106714, 54.485652676909396, 54.08063677908103, 55.01952279356998, 56.52997017006234, 57.81123175467221, 58.997351840079695, 59.577397374486935, 60.40614413625608, 60.033068542703006, 61.78595734149032, 61.357804175652085, 62.09558118791567, 63.32627475311716, 63.84041369588071, 63.56564974685195, 63.6207796192391, 65.82497996079645, 66.78297426445367, 62.948996184620476, 61.88723945505251, 61.78382474856737, 62.24868035299455, 63.07765728927414, 63.94315989397194, 64.01029350313298, 62.11305395853227, 62.12073473239633, 63.463340111806694, 63.04902795137088, 62.500819238418224, 62.62958270680868, 62.52221124871089, 62.14266743582391, 61.53143652320837, 60.401513276735685, 60.78982225648578, 61.32687122856612, 62.427969538101465, 62.69592514772725, 63.64272078893029, 63.603795057463834, 63.34282608891258, 63.09245555063674, 63.221374537069146, 64.10447326454695, 63.12407708072972, 62.57234318786766, 63.47184645639966, 63.98275315555783, 63.69609173666228, 64.17254443461844, 63.97602060517646, 62.74636762644562, 62.41708952424304, 63.331992892763225, 63.26686001025875, 63.02120612604816, 63.15176337511133, 62.501429440381386, 62.89950080467902, 64.94888765934124, 68.65637313262769, 67.81459612391217, 65.88152538411363, 62.86606315174453, 62.09403781208312, 62.45298348459435, 62.559457998335056, 62.35466347964593, 61.94361693481446, 62.54478427048746, 62.47362206372855, 62.2686964494536, 62.64957006819983, 62.725325033527206, 62.70112130714856, 62.50192159161007, 62.06396715211252, 62.237187096400405, 62.45433216710773, 63.011169282425136, 63.0420074631882, 63.41406263721034, 63.516635244099824, 63.10423209875676, 63.10441845805074, 63.42926103223171, 63.34916796395164, 63.852042759924714, 63.31053723266267, 62.698580566705886, 63.13872102149936, 63.312318656920965, 62.260869698015256, 61.89152718817117, 62.10963823474394, 61.71742174696976, 61.62487614779158, 62.00187850113538, 60.89751769356546, 59.77603698107576, 59.216355866325905, 56.68512698802256, 52.38640056353313, 48.33534896491991, 43.30661395356758, 38.07245459520893, 32.530107672969606, 26.41468666177022, 22.754239535807432, 21.721198429897328, 21.6483824583676, 21.844363812201806, 21.612962740433446, 16.44206489003624], "f": [0.0, 0.78125, 1.5625, 2.34375, 3.125, 3.90625, 4.6875, 5.46875, 6.25, 7.03125, 7.8125, 8.59375, 9.375, 10.15625, 10.9375, 11.71875, 12.5, 13.28125, 14.0625, 14.84375, 15.625, 16.40625, 17.1875, 17.96875, 18.75, 19.53125, 20.3125, 21.09375, 21.875, 22.65625, 23.4375, 24.21875, 25.0, 25.78125, 26.5625, 27.34375, 28.125, 28.90625, 29.6875, 30.46875, 31.25, 32.03125, 32.8125, 33.59375, 34.375, 35.15625, 35.9375, 36.71875, 37.5, 38.28125, 39.0625, 39.84375, 40.625, 41.40625, 42.1875, 42.96875, 43.75, 44.53125, 45.3125, 46.09375, 46.875, 47.65625, 48.4375, 49.21875, 50.0, 50.78125, 51.5625, 52.34375, 53.125, 53.90625, 54.6875, 55.46875, 56.25, 57.03125, 57.8125, 58.59375, 59.375, 60.15625, 60.9375, 61.71875, 62.5, 63.28125, 64.0625, 64.84375, 65.625, 66.40625, 67.1875, 67.96875, 68.75, 69.53125, 70.3125, 71.09375, 71.875, 72.65625, 73.4375, 74.21875, 75.0, 75.78125, 76.5625, 77.34375, 78.125, 78.90625, 79.6875, 80.46875, 81.25, 82.03125, 82.8125, 83.59375, 84.375, 85.15625, 85.9375, 86.71875, 87.5, 88.28125, 89.0625, 89.84375, 90.625, 91.40625, 92.1875, 92.96875, 93.75, 94.53125, 95.3125, 96.09375, 96.875, 97.65625, 98.4375, 99.21875, 100.0]}