{"psd": [55.800146280072894, 64.26479336289975, 61.97531387465827, 58.42732241221146, 53.2932381932921, 48.19724557188433, 44.903111939925424, 43.54295820605063, 42.58455234336692, 45.38527287484995, 50.668083908885436, 50.022391675892486, 47.81872703176212, 48.76677330774381, 47.99673248507059, 49.13738167210025, 49.90701686304015, 49.59772314803537, 53.51976840469992, 57.12506656118869, 52.93439556544907, 51.02195661493316, 52.0239324952841, 53.32285297594297, 53.680960362039016, 54.18509081028234, 54.22644749385721, 53.65315079012906, 54.6160610736256, 56.71390064848915, 58.45828978001012, 59.075173021465716, 59.4534809132967, 57.87886992454317, 57.91864714265262, 58.37883863950073, 58.67286760301981, 58.96651041187113, 59.80545211208603, 59.7010209502266, 59.283963744736084, 59.119386549357955, 58.7577146412518, 58.90846036335209, 59.710257808300675, 60.28540770102798, 60.702841532733096, 61.09150913213558, 61.23853296776105, 61.16975665306776, 61.19847483582288, 62.17270339875776, 62.01989934202111, 62.24418760290244, 62.3407608831812, 61.84199988172972, 62.34852122237705, 62.0745922582827, 61.98706034480952, 61.75583600598904, 61.42110753979868, 62.48196367495545, 62.61830868540844, 62.87266438287667, 61.917335480049374, 61.87285989155455, 61.89635639276428, 62.006707697775056, 61.357137311373286, 61.56084868820491, 62.02080596749924, 62.515179529222905, 62.16089317945803, 61.80408606921765, 62.43308499469102, 63.04943764329293, 65.36686709597728, 67.62861384157289, 63.98976827200093, 62.322580688574774, 61.891925332329436, 61.60795781134148, 62.09871380154211, 62.5324618424665, 62.424862356835284, 61.65196816803349, 61.69741510478619, 62.370714889561725, 61.91430295896553, 62.379729830950936, 62.731747602533325, 62.54058580373918, 63.306114138011, 63.03795970981269, 62.22668967755358, 62.39487571151314, 64.95475197183804, 62.43300711082108, 61.04185083979235, 61.47341381988166, 61.08441134286184, 60.99242567691213, 61.11798968295919, 61.6134567532162, 61.393478555258824, 61.283455723278735, 61.29490617791647, 61.18724571449434, 61.29400665278546, 60.96676093385242, 60.11957373925711, 59.82182020321388, 59.69856418681826, 59.661316950060595, 58.995119233489426, 58.83344596638479, 56.68883453213462, 51.49026869728089, 47.35049037757563, 43.1195521513909, 37.83149856711512, 31.685431994317174, 26.271681283177962, 22.279314966886314, 21.56727716909824, 21.864778503098513, 21.300210548826453, 21.1870125708382, 16.527537648613013], "f": [0.0, 0.78125, 1.5625, 2.34375, 3.125, 3.90625, 4.6875, 5.46875, 6.25, 7.03125, 7.8125, 8.59375, 9.375, 10.15625, 10.9375, 11.71875, 12.5, 13.28125, 14.0625, 14.84375, 15.625, 16.40625, 17.1875, 17.96875, 18.75, 19.53125, 20.3125, 21.09375, 21.875, 22.65625, 23.4375, 24.21875, 25.0, 25.78125, 26.5625, 27.34375, 28.125, 28.90625, 29.6875, 30.46875, 31.25, 32.03125, 32.8125, 33.59375, 34.375, 35.15625, 35.9375, 36.71875, 37.5, 38.28125, 39.0625, 39.84375, 40.625, 41.40625, 42.1875, 42.96875, 43.75, 44.53125, 45.3125, 46.09375, 46.875, 47.65625, 48.4375, 49.21875, 50.0, 50.78125, 51.5625, 52.34375, 53.125, 53.90625, 54.6875, 55.46875, 56.25, 57.03125, 57.8125, 58.59375, 59.375, 60.15625, 60.9375, 61.71875, 62.5, 63.28125, 64.0625, 64.84375, 65.625, 66.40625, 67.1875, 67.96875, 68.75, 69.53125, 70.3125, 71.09375, 71.875, 72.65625, 73.4375, 74.21875, 75.0, 75.78125, 76.5625, 77.34375, 78.125, 78.90625, 79.6875, 80.46875, 81.25, 82.03125, 82.8125, 83.59375, 84.375, 85.15625, 85.9375, 86.71875, 87.5, 88.28125, 89.0625, 89.84375, 90.625, 91.40625, 92.1875, 92.96875, 93.75, 94.53125, 95.3125, 96.09375, 96.875, 97.65625, 98.4375, 99.21875, 100.0]}