{"psd": [59.7592897001724, 68.65914024489118, 65.16060979905333, 61.203776208054265, 58.02980467568811, 54.0485587147273, 50.613923510338886, 47.937750793851905, 50.27282334638932, 51.25318259630204, 51.97692097113059, 51.94022087568621, 51.63489040580625, 52.57262534016468, 53.696207062700566, 55.51095133475548, 54.64413059589705, 52.82762481383537, 59.30050849862034, 59.584714365520966, 58.19231497785313, 58.627848702349716, 59.18611760174229, 60.11945584097842, 59.78401422051838, 60.43204513827443, 61.41051888623453, 63.87873740014717, 65.03255843794753, 63.78921193529838, 63.218337403471736, 62.473522114920584, 62.06701244920251, 61.532149158679914, 61.64015926749606, 62.71396731016709, 66.38333356843823, 68.53437030535164, 64.95158468103546, 62.43661493608039, 63.36706044472993, 64.0521149396558, 62.684488270717, 61.93828109640237, 61.90860085242802, 63.20489750983894, 64.8400624910705, 63.50089820758143, 62.938971172011804, 65.53172321592089, 64.87307868072199, 64.56360597483456, 63.83040645643757, 64.57534902436818, 65.69844354325292, 67.31181081724705, 66.62170643230436, 66.43313331055997, 66.56878828843153, 66.39381956980061, 66.45815945878896, 66.01011944697858, 66.74288809352186, 66.15344063267561, 65.36475305410563, 64.80282511716248, 64.6196541326362, 64.3011636276502, 64.31002001566576, 64.08747506790372, 64.8309931802696, 64.14594500863866, 63.84059638750966, 64.06655874638412, 64.73100417189033, 66.36891351176243, 66.45983978325846, 66.22601902770604, 63.12030872754779, 62.22847132597479, 62.39347096947821, 63.78792716017264, 63.72489683099067, 62.64321850317661, 62.122374852600515, 62.292538439401504, 62.15740868412385, 61.84132383610657, 61.827252835772256, 62.23860278710764, 61.25433697959538, 61.150211459888936, 62.694255423813004, 62.28533494637553, 60.95710567350547, 60.86413427084339, 61.73000587891339, 61.426181548677576, 60.82600523422384, 60.62905085196738, 60.237249939670896, 60.15619544431915, 59.95296407821471, 58.612879928952125, 58.41754617991409, 58.28853572124321, 58.106806068098116, 58.03201782809274, 58.043364985364796, 57.649111749373525, 57.47860805193656, 57.88019782308297, 57.46682216186751, 56.67153086094848, 55.3450433505421, 54.30898793632526, 51.851778683279676, 47.34328229297969, 43.19413141616331, 38.86881838727921, 33.73766160767077, 28.320033402409834, 23.37897604700222, 21.98409898672141, 21.510351367668687, 21.739951722131202, 21.85912811909298, 21.941099528298835, 16.768933853312085], "f": [0.0, 0.78125, 1.5625, 2.34375, 3.125, 3.90625, 4.6875, 5.46875, 6.25, 7.03125, 7.8125, 8.59375, 9.375, 10.15625, 10.9375, 11.71875, 12.5, 13.28125, 14.0625, 14.84375, 15.625, 16.40625, 17.1875, 17.96875, 18.75, 19.53125, 20.3125, 21.09375, 21.875, 22.65625, 23.4375, 24.21875, 25.0, 25.78125, 26.5625, 27.34375, 28.125, 28.90625, 29.6875, 30.46875, 31.25, 32.03125, 32.8125, 33.59375, 34.375, 35.15625, 35.9375, 36.71875, 37.5, 38.28125, 39.0625, 39.84375, 40.625, 41.40625, 42.1875, 42.96875, 43.75, 44.53125, 45.3125, 46.09375, 46.875, 47.65625, 48.4375, 49.21875, 50.0, 50.78125, 51.5625, 52.34375, 53.125, 53.90625, 54.6875, 55.46875, 56.25, 57.03125, 57.8125, 58.59375, 59.375, 60.15625, 60.9375, 61.71875, 62.5, 63.28125, 64.0625, 64.84375, 65.625, 66.40625, 67.1875, 67.96875, 68.75, 69.53125, 70.3125, 71.09375, 71.875, 72.65625, 73.4375, 74.21875, 75.0, 75.78125, 76.5625, 77.34375, 78.125, 78.90625, 79.6875, 80.46875, 81.25, 82.03125, 82.8125, 83.59375, 84.375, 85.15625, 85.9375, 86.71875, 87.5, 88.28125, 89.0625, 89.84375, 90.625, 91.40625, 92.1875, 92.96875, 93.75, 94.53125, 95.3125, 96.09375, 96.875, 97.65625, 98.4375, 99.21875, 100.0]}