{"psd": [65.01538560410374, 73.96006008588976, 71.00028008096925, 65.37063334051804, 59.76215761832254, 54.80564952808962, 53.33981174462588, 55.93202010126993, 56.67445834984748, 56.503971680346666, 57.051900477709665, 60.12122397918467, 61.42575919539478, 61.170289386153264, 69.69421614591016, 70.91660019712761, 65.21087040110415, 63.77214425224051, 63.361047112510214, 64.23515215364587, 65.62244195982456, 66.65220851059074, 67.5548743652057, 67.8231268945656, 66.72261462291361, 66.93973574196843, 67.33412866525563, 66.96441396718215, 67.30964271579774, 67.30029876352948, 68.15189591056958, 67.88206557797204, 68.2288378564274, 68.28785145970673, 68.95259007474736, 69.1382663649635, 68.56985323349258, 68.48704941050242, 68.84011523138282, 67.9466239175259, 67.9125065048542, 67.78699066331518, 67.86696704707155, 68.2479458945044, 68.45745959207835, 68.04831716907252, 68.16039986469177, 68.03930877234694, 69.5771903506233, 70.14954200610322, 69.64690419914474, 70.19402481697983, 70.62006756462553, 69.99532193348666, 69.62174097199097, 69.5806817983471, 70.98691268355834, 71.21862184969336, 70.37414339724413, 70.17939215954293, 69.38446941754677, 70.18835175910078, 70.9261830625922, 70.99305712711309, 71.0920402846068, 71.01718204032612, 70.49254902379136, 69.83593482267453, 68.82708231614134, 68.4219462263192, 68.09885144697942, 68.2205700320891, 68.09583155136879, 68.15156540780012, 68.01653365446398, 67.89147787005412, 67.63150849269384, 67.82142394757696, 67.38470426053289, 67.78655731507068, 67.88968480839264, 67.33166811650723, 67.06089974646106, 67.10722533461139, 66.73822822242124, 66.89095631737304, 66.56929182478306, 67.31797161797209, 66.28117302423279, 66.27246309494313, 66.04929380775224, 66.69826031826331, 66.6137150020341, 66.69253815716186, 66.66518394443496, 66.94191708327072, 66.63329175873005, 66.97237003841116, 66.52741688890407, 67.0702732350048, 66.81504733767704, 66.9307269337443, 67.3813107312226, 67.57708466280361, 67.14263573748741, 67.91189990065456, 68.22351126072009, 67.98505662507296, 67.12682809792736, 67.4291103687857, 68.01690404596914, 66.96806488942363, 66.16985516884155, 64.88573831553607, 64.04605005273943, 62.554641979632535, 60.27129744050134, 56.58394049588531, 53.18122619686584, 48.87328781568746, 43.16495956802523, 36.55569555870195, 29.67483239086316, 24.134985708911753, 21.884864074848565, 21.49510739824526, 22.02748440459695, 21.70736599351912, 16.6965005870741], "f": [0.0, 0.78125, 1.5625, 2.34375, 3.125, 3.90625, 4.6875, 5.46875, 6.25, 7.03125, 7.8125, 8.59375, 9.375, 10.15625, 10.9375, 11.71875, 12.5, 13.28125, 14.0625, 14.84375, 15.625, 16.40625, 17.1875, 17.96875, 18.75, 19.53125, 20.3125, 21.09375, 21.875, 22.65625, 23.4375, 24.21875, 25.0, 25.78125, 26.5625, 27.34375, 28.125, 28.90625, 29.6875, 30.46875, 31.25, 32.03125, 32.8125, 33.59375, 34.375, 35.15625, 35.9375, 36.71875, 37.5, 38.28125, 39.0625, 39.84375, 40.625, 41.40625, 42.1875, 42.96875, 43.75, 44.53125, 45.3125, 46.09375, 46.875, 47.65625, 48.4375, 49.21875, 50.0, 50.78125, 51.5625, 52.34375, 53.125, 53.90625, 54.6875, 55.46875, 56.25, 57.03125, 57.8125, 58.59375, 59.375, 60.15625, 60.9375, 61.71875, 62.5, 63.28125, 64.0625, 64.84375, 65.625, 66.40625, 67.1875, 67.96875, 68.75, 69.53125, 70.3125, 71.09375, 71.875, 72.65625, 73.4375, 74.21875, 75.0, 75.78125, 76.5625, 77.34375, 78.125, 78.90625, 79.6875, 80.46875, 81.25, 82.03125, 82.8125, 83.59375, 84.375, 85.15625, 85.9375, 86.71875, 87.5, 88.28125, 89.0625, 89.84375, 90.625, 91.40625, 92.1875, 92.96875, 93.75, 94.53125, 95.3125, 96.09375, 96.875, 97.65625, 98.4375, 99.21875, 100.0]}