{"psd": [62.97558443675088, 71.54350038629354, 68.97390908497188, 66.09045812865152, 62.28109813066777, 57.42190286988862, 53.14197405814441, 50.47574780409968, 49.88776695148739, 49.712222123472564, 51.06935502965898, 52.642512253390436, 53.855537557906175, 53.27892643534185, 54.103573141109116, 55.688311830703256, 57.53461728077204, 57.064939434944186, 56.88316081799128, 59.82945003028965, 58.50099993278205, 58.016001607655085, 59.84412320980923, 64.35862271815634, 65.06192265459198, 62.0809345612294, 62.188904594433446, 62.757642164303206, 63.32446256421317, 63.88657622192862, 63.66553469122354, 63.24744685871936, 63.29203372903591, 62.53222873951589, 62.419236860823936, 63.07281628127634, 63.83817495350599, 65.14902735189021, 66.3222148573371, 64.01544599097015, 62.831242854640585, 63.96156803896822, 65.04290495604482, 65.26765019492076, 65.16064726883945, 65.69246674968645, 65.12216132452176, 64.63205289377683, 65.006276539903, 65.52195697424683, 65.66467746433865, 65.6658059366451, 65.347550275937, 65.28048691478136, 65.20899719573654, 64.83456765161554, 64.4210409799655, 66.08204727281571, 67.45784113594654, 64.94879133845534, 64.46803948977636, 64.05853913786193, 63.38449995068609, 63.259684528683735, 63.22649827131065, 64.0593711524336, 63.132780268246655, 62.78455201224436, 62.506220279905904, 62.79963768320262, 63.118514305321305, 63.60715454472103, 63.26786170769951, 64.42942332489343, 66.3162827316546, 69.79338538226062, 69.77911186588078, 68.39362471164839, 66.17876255740448, 65.47545420074576, 65.42972020092515, 66.54598430202039, 65.88162570698508, 64.5482684833993, 64.09044065918133, 64.45285340064834, 64.94806728069057, 65.54387271181498, 66.04672449898827, 66.64226519181268, 67.25369585264258, 68.48790709280925, 68.41245303425285, 68.37643756564458, 68.36613115745075, 69.13872925842017, 68.85945539037587, 68.04901885567746, 68.30894319105836, 68.20374252193773, 68.2500774566397, 68.26305320486165, 68.61293711384252, 68.02319141732286, 67.60876623358679, 69.0857506786529, 70.03270772205272, 68.60168559996357, 66.89434243592402, 65.66825551059148, 64.75035215984809, 64.88118296583443, 65.5648410879247, 63.95274714472838, 62.112503104897776, 61.78819375227435, 58.74099555043382, 53.30552693440586, 48.85596728436079, 44.53179300446226, 39.38936229562911, 33.25777801488164, 27.02307101380049, 23.86366800583311, 22.08866994736792, 21.30792017967209, 21.714195296277992, 21.623158980236596, 16.508677196083738], "f": [0.0, 0.78125, 1.5625, 2.34375, 3.125, 3.90625, 4.6875, 5.46875, 6.25, 7.03125, 7.8125, 8.59375, 9.375, 10.15625, 10.9375, 11.71875, 12.5, 13.28125, 14.0625, 14.84375, 15.625, 16.40625, 17.1875, 17.96875, 18.75, 19.53125, 20.3125, 21.09375, 21.875, 22.65625, 23.4375, 24.21875, 25.0, 25.78125, 26.5625, 27.34375, 28.125, 28.90625, 29.6875, 30.46875, 31.25, 32.03125, 32.8125, 33.59375, 34.375, 35.15625, 35.9375, 36.71875, 37.5, 38.28125, 39.0625, 39.84375, 40.625, 41.40625, 42.1875, 42.96875, 43.75, 44.53125, 45.3125, 46.09375, 46.875, 47.65625, 48.4375, 49.21875, 50.0, 50.78125, 51.5625, 52.34375, 53.125, 53.90625, 54.6875, 55.46875, 56.25, 57.03125, 57.8125, 58.59375, 59.375, 60.15625, 60.9375, 61.71875, 62.5, 63.28125, 64.0625, 64.84375, 65.625, 66.40625, 67.1875, 67.96875, 68.75, 69.53125, 70.3125, 71.09375, 71.875, 72.65625, 73.4375, 74.21875, 75.0, 75.78125, 76.5625, 77.34375, 78.125, 78.90625, 79.6875, 80.46875, 81.25, 82.03125, 82.8125, 83.59375, 84.375, 85.15625, 85.9375, 86.71875, 87.5, 88.28125, 89.0625, 89.84375, 90.625, 91.40625, 92.1875, 92.96875, 93.75, 94.53125, 95.3125, 96.09375, 96.875, 97.65625, 98.4375, 99.21875, 100.0]}