{"psd": [52.96345332797063, 61.551474783583416, 60.719171975631596, 58.68856763223146, 55.18598017572896, 50.82077975336345, 46.69155483759884, 44.079884315537896, 45.41864772439031, 45.78273723845774, 46.435758707145105, 47.75270656722376, 49.564945749439666, 52.60576033927698, 51.45306905234909, 52.79764440573133, 52.51547799137636, 53.19772119799744, 52.70346974285093, 53.16643507259307, 53.267599483769516, 53.48157266598819, 54.970071940928065, 54.089608651402195, 52.81164234442926, 53.61332393027955, 54.89710405585072, 54.00180916184109, 55.337752151739465, 55.53719665037954, 56.42285013092879, 57.561532626641494, 57.8371059045797, 58.30588261907071, 59.59978453843117, 59.12937953971185, 57.78619762906792, 61.66838854466211, 71.9915765481235, 71.05167300162003, 61.1734258964844, 61.212939262409066, 63.05042844774454, 64.46395393128432, 63.915635183870265, 62.95322969846485, 63.418942911207495, 63.81835639797923, 64.61816114753051, 64.61380562768193, 64.89876190418661, 65.1562947358899, 64.40648564741521, 63.34825839273881, 63.06192938133191, 62.82977426956467, 63.33370421107642, 70.92826665508912, 72.08575966286065, 64.53149190930786, 63.86468771468181, 63.67832229256049, 63.309254115006766, 62.50693525650619, 61.83224993001094, 61.507489664705645, 61.900334509109044, 61.076883128058796, 60.23997921114871, 60.62486139185275, 60.556847790402635, 60.400714353371356, 60.79660522994084, 60.53850302109058, 62.32055853791635, 75.91630203732143, 86.04166085136441, 84.37232467209557, 69.96471025258974, 61.472042027042136, 60.62416647864883, 60.476233767303675, 60.63165930916837, 61.42549202301335, 60.25180650160881, 60.14315493331623, 60.08478795481352, 59.95769357592341, 59.822244618374974, 60.188087995619554, 59.7512354462815, 59.638335940026835, 59.59041815916216, 58.63539070391995, 59.20141082936591, 69.28394516223202, 75.20268341301025, 69.79991222192653, 60.359983233148085, 59.58891144778879, 59.36594291387998, 59.89078119267164, 59.9503266884324, 59.59937075003123, 59.201507222206374, 59.37961967226513, 59.520101784872104, 59.60368298423798, 59.00047022535336, 59.89863126385639, 59.07657828647778, 58.445199666397905, 59.27587951953853, 58.552561910084734, 62.07575481651033, 69.56369617957968, 65.92185134396051, 50.86650410471645, 46.396645949252346, 42.256991894855844, 36.697899751120616, 29.992492007792787, 24.31266704142378, 22.15625314724044, 21.956679129366314, 21.93378596698973, 21.384287710536512, 21.26425866367102, 16.801151781815637], "f": [0.0, 0.78125, 1.5625, 2.34375, 3.125, 3.90625, 4.6875, 5.46875, 6.25, 7.03125, 7.8125, 8.59375, 9.375, 10.15625, 10.9375, 11.71875, 12.5, 13.28125, 14.0625, 14.84375, 15.625, 16.40625, 17.1875, 17.96875, 18.75, 19.53125, 20.3125, 21.09375, 21.875, 22.65625, 23.4375, 24.21875, 25.0, 25.78125, 26.5625, 27.34375, 28.125, 28.90625, 29.6875, 30.46875, 31.25, 32.03125, 32.8125, 33.59375, 34.375, 35.15625, 35.9375, 36.71875, 37.5, 38.28125, 39.0625, 39.84375, 40.625, 41.40625, 42.1875, 42.96875, 43.75, 44.53125, 45.3125, 46.09375, 46.875, 47.65625, 48.4375, 49.21875, 50.0, 50.78125, 51.5625, 52.34375, 53.125, 53.90625, 54.6875, 55.46875, 56.25, 57.03125, 57.8125, 58.59375, 59.375, 60.15625, 60.9375, 61.71875, 62.5, 63.28125, 64.0625, 64.84375, 65.625, 66.40625, 67.1875, 67.96875, 68.75, 69.53125, 70.3125, 71.09375, 71.875, 72.65625, 73.4375, 74.21875, 75.0, 75.78125, 76.5625, 77.34375, 78.125, 78.90625, 79.6875, 80.46875, 81.25, 82.03125, 82.8125, 83.59375, 84.375, 85.15625, 85.9375, 86.71875, 87.5, 88.28125, 89.0625, 89.84375, 90.625, 91.40625, 92.1875, 92.96875, 93.75, 94.53125, 95.3125, 96.09375, 96.875, 97.65625, 98.4375, 99.21875, 100.0]}