{"psd": [49.535576843133995, 56.60212678783873, 55.3112363420049, 55.66477803412714, 53.722436616997385, 50.71932376732137, 47.145181974410136, 44.95043868818747, 44.99301668876711, 46.05519888196203, 48.8657061088455, 49.564911576683315, 48.45831787179361, 48.61355572987939, 54.91492046215946, 54.295851545628004, 50.88292492824398, 52.932857332215036, 55.54886653306292, 57.306119638802556, 57.450982212961634, 55.29505630739596, 56.032198114091344, 55.925769604688355, 56.91050770193036, 58.25774357985005, 59.8629898310721, 60.420926327967486, 58.644122411368244, 61.008932033748465, 61.29938712742849, 58.564943968088954, 58.68208960166651, 58.096768101330376, 58.88416057420707, 59.76463500196619, 62.10261583417373, 67.09771023298688, 78.36390577836495, 77.22490839291011, 63.44840445715681, 59.570922624708786, 60.20093139875004, 61.55351405295724, 61.307497001324535, 63.09504841183909, 62.82572461899187, 64.0029780897105, 72.47184823028442, 73.05623932215498, 64.24645416491713, 62.75805781910174, 62.34017756658061, 62.042482784320086, 62.940893014148145, 62.456277339609905, 62.969729257014166, 72.89463643233765, 74.15903215746934, 65.01643468525795, 62.361082220209994, 61.91392459761458, 62.00953759961526, 62.63747135029763, 63.37694167579987, 62.853358408794115, 62.23991634126031, 61.63387969251295, 62.21802615042262, 62.00082972853242, 61.750191517495566, 62.715648002044134, 63.7176158048148, 63.34144116957387, 64.83253507829404, 75.12633773649662, 85.78459670622803, 85.0851174591405, 74.35476301093047, 64.25350639859212, 63.48590169992261, 63.03309179714677, 67.7016471288427, 73.51823008150397, 69.48868355073878, 62.97325136543503, 62.467113394978185, 61.91208689342068, 63.36672912055987, 64.18102460252383, 63.97632496674373, 63.70124816878625, 63.762841451364395, 65.29004760317281, 66.69502872896088, 70.38125856586247, 75.33566432314727, 70.17385609370487, 63.717053764867025, 63.83780439441385, 62.950148452951964, 62.811111941082274, 63.75189656643566, 63.75574434179255, 63.54440648725863, 63.5091247552836, 62.9438692569802, 63.21294404531428, 64.26239499581465, 63.764610651239686, 62.47541355578687, 61.72488159913275, 61.21433553588172, 62.36209181646291, 62.65928574024751, 66.57275925269023, 63.348090707540344, 54.0822801983387, 48.91769933989707, 43.84361894964869, 38.42817135410013, 32.45322624911148, 26.697046871995596, 22.426268939730516, 21.485276374732386, 21.70064255564645, 21.604990315749845, 21.574410612079504, 16.304241781655826], "f": [0.0, 0.78125, 1.5625, 2.34375, 3.125, 3.90625, 4.6875, 5.46875, 6.25, 7.03125, 7.8125, 8.59375, 9.375, 10.15625, 10.9375, 11.71875, 12.5, 13.28125, 14.0625, 14.84375, 15.625, 16.40625, 17.1875, 17.96875, 18.75, 19.53125, 20.3125, 21.09375, 21.875, 22.65625, 23.4375, 24.21875, 25.0, 25.78125, 26.5625, 27.34375, 28.125, 28.90625, 29.6875, 30.46875, 31.25, 32.03125, 32.8125, 33.59375, 34.375, 35.15625, 35.9375, 36.71875, 37.5, 38.28125, 39.0625, 39.84375, 40.625, 41.40625, 42.1875, 42.96875, 43.75, 44.53125, 45.3125, 46.09375, 46.875, 47.65625, 48.4375, 49.21875, 50.0, 50.78125, 51.5625, 52.34375, 53.125, 53.90625, 54.6875, 55.46875, 56.25, 57.03125, 57.8125, 58.59375, 59.375, 60.15625, 60.9375, 61.71875, 62.5, 63.28125, 64.0625, 64.84375, 65.625, 66.40625, 67.1875, 67.96875, 68.75, 69.53125, 70.3125, 71.09375, 71.875, 72.65625, 73.4375, 74.21875, 75.0, 75.78125, 76.5625, 77.34375, 78.125, 78.90625, 79.6875, 80.46875, 81.25, 82.03125, 82.8125, 83.59375, 84.375, 85.15625, 85.9375, 86.71875, 87.5, 88.28125, 89.0625, 89.84375, 90.625, 91.40625, 92.1875, 92.96875, 93.75, 94.53125, 95.3125, 96.09375, 96.875, 97.65625, 98.4375, 99.21875, 100.0]}