{"psd": [52.96572464825398, 62.52855384159445, 58.391096906521625, 55.92374055639456, 52.548643514211804, 48.86258019272668, 44.89262476750085, 42.29294539888905, 41.07723538722183, 40.64280798412152, 43.97617459188342, 46.49153095970534, 46.86922937234698, 48.111186470397485, 45.773914740122294, 45.884915776437296, 46.02729094445515, 45.926285068520116, 46.43163504852731, 49.2370883380018, 49.057029515075186, 48.346293577779974, 48.98108683107768, 48.48193684213057, 47.63566308593883, 50.21546542579544, 50.9528676627085, 51.04588936419957, 51.068206216044274, 51.89039958162351, 51.99644737201798, 53.954938556866466, 55.196696609116394, 54.9199320291886, 54.38250014345142, 53.782243823128326, 53.734049770775286, 55.43449940564407, 60.97969953263871, 60.12825675393251, 54.31517745600792, 54.434332546701, 55.169841813027176, 54.80416508588215, 54.41918917098132, 54.58917178469441, 54.418804408957946, 54.12671757308259, 54.90481285060441, 55.39737146547664, 55.634590495648794, 55.93669318454687, 56.16959579691063, 55.524986953710396, 56.610782428253884, 57.42708899687162, 58.36097206484819, 61.72054730685451, 60.787851752200154, 57.49065515601876, 56.888770703121466, 56.323930644481806, 56.896347354423824, 56.687240073741656, 57.6448287373677, 57.7382338161714, 57.25355142102317, 57.085075137543335, 57.62214225624193, 57.24239633647733, 56.53551489168784, 57.26838739458498, 57.2132160898176, 57.63106404230062, 59.658401514611995, 64.20259119963652, 71.63352897077614, 70.37469779370795, 64.32750165827075, 60.63351477259516, 57.88635473545526, 58.11774011506294, 59.091398298145414, 61.01853660001076, 58.70181779652701, 57.14912166383317, 57.36848691729482, 58.445886971233605, 58.12173824923836, 57.875023838689714, 57.34692037271855, 57.37492137289802, 57.63389784542164, 57.47296883888443, 57.200586484898295, 60.0396201631346, 63.399158490750395, 63.82088066456344, 65.41217509354071, 60.78215530443569, 58.253007492634445, 57.453523500497184, 56.560638268326656, 56.63777596533645, 57.3491720132249, 57.80872906179912, 57.77838247448021, 58.301164023856415, 58.004497609316694, 58.3799434041014, 57.80614178112665, 56.18355798207361, 55.29559336110325, 58.04202533262753, 57.35055508224632, 58.79515953090564, 54.9464981123283, 46.88379597116597, 42.91519998689136, 38.056401154178296, 33.44483293764174, 27.858579728729367, 23.180569576265423, 21.522888541528005, 21.47947504880151, 21.782829385598962, 21.835174800608932, 21.725787391212986, 16.57255204762702], "f": [0.0, 0.78125, 1.5625, 2.34375, 3.125, 3.90625, 4.6875, 5.46875, 6.25, 7.03125, 7.8125, 8.59375, 9.375, 10.15625, 10.9375, 11.71875, 12.5, 13.28125, 14.0625, 14.84375, 15.625, 16.40625, 17.1875, 17.96875, 18.75, 19.53125, 20.3125, 21.09375, 21.875, 22.65625, 23.4375, 24.21875, 25.0, 25.78125, 26.5625, 27.34375, 28.125, 28.90625, 29.6875, 30.46875, 31.25, 32.03125, 32.8125, 33.59375, 34.375, 35.15625, 35.9375, 36.71875, 37.5, 38.28125, 39.0625, 39.84375, 40.625, 41.40625, 42.1875, 42.96875, 43.75, 44.53125, 45.3125, 46.09375, 46.875, 47.65625, 48.4375, 49.21875, 50.0, 50.78125, 51.5625, 52.34375, 53.125, 53.90625, 54.6875, 55.46875, 56.25, 57.03125, 57.8125, 58.59375, 59.375, 60.15625, 60.9375, 61.71875, 62.5, 63.28125, 64.0625, 64.84375, 65.625, 66.40625, 67.1875, 67.96875, 68.75, 69.53125, 70.3125, 71.09375, 71.875, 72.65625, 73.4375, 74.21875, 75.0, 75.78125, 76.5625, 77.34375, 78.125, 78.90625, 79.6875, 80.46875, 81.25, 82.03125, 82.8125, 83.59375, 84.375, 85.15625, 85.9375, 86.71875, 87.5, 88.28125, 89.0625, 89.84375, 90.625, 91.40625, 92.1875, 92.96875, 93.75, 94.53125, 95.3125, 96.09375, 96.875, 97.65625, 98.4375, 99.21875, 100.0]}