{"psd": [49.93369791504442, 58.82634972041217, 54.27223187745918, 52.575913485405586, 51.52506640418559, 49.73066968318559, 46.96289005983453, 45.01700748747682, 49.47705795752887, 54.338856444545485, 50.88989807352764, 48.61543233559834, 50.1113688231193, 52.481904619078925, 55.3194135867284, 58.882418812480296, 57.24079131248467, 55.85599637596353, 58.627283141827256, 56.974036027164665, 58.40490437970701, 59.267426403925896, 59.23995102494644, 60.38356363626748, 61.346210979801164, 62.87550478322635, 64.54608496338975, 65.20070818397119, 64.22200367974266, 63.267440476786646, 63.5657150367326, 64.0042758425729, 62.92205016902308, 63.237602193241145, 62.15581572521082, 63.273225248580374, 63.65249448190617, 62.14904084707837, 61.756313751677546, 60.833307983944024, 60.86193617892671, 60.38766176661525, 61.09478019712469, 61.889731657719544, 64.83846203578415, 65.11494927792762, 63.306107867003504, 62.565053242829414, 62.021261649507565, 62.55695457044502, 63.58118559580427, 65.20476108838793, 66.20482164513986, 66.81099152849477, 66.83031101750343, 66.14878600131095, 66.11490684035451, 64.9906137258604, 64.70381451421774, 64.90873942720432, 66.04923062899219, 67.68545621078569, 69.5347038445403, 67.97182193648764, 64.74314498973857, 63.66534904255337, 64.28150750946111, 64.4001538852955, 62.63866695978795, 64.87358851756356, 66.25792512237305, 66.46703090440701, 64.8820110239947, 62.65729107446167, 62.291640531964305, 63.727384333250896, 65.75299107242377, 66.19675647927339, 64.0152657430736, 63.518165016807274, 64.22228834195857, 63.84804663186121, 63.06184034925326, 62.303537941041476, 62.40221085176224, 63.156132202204546, 63.358841483942996, 63.88131471445582, 63.85357262110559, 63.882326193094215, 62.916271434183614, 62.67043644845654, 62.84929513419112, 63.02828175680693, 63.2652717397353, 62.99898462929788, 63.98515234839782, 66.98619920725109, 69.2949171573427, 65.76583627434229, 62.896630724560254, 63.40113999249148, 63.66721215780265, 63.557870431289174, 63.561117474597495, 63.978274241836544, 65.02420095266461, 65.99252085781285, 64.88101898883573, 64.78918977321561, 64.6229188586244, 64.39428765763475, 64.32733808197358, 64.33403783977853, 62.949665153738614, 62.227477991645294, 59.87793407308162, 56.66209802630611, 52.82403003351664, 47.630684919002874, 41.3606233079716, 34.76751798140423, 27.394550135198735, 23.14137118039457, 21.850748577630135, 21.36241551021458, 21.7474990103399, 21.69796794208992, 16.454247936197188], "f": [0.0, 0.78125, 1.5625, 2.34375, 3.125, 3.90625, 4.6875, 5.46875, 6.25, 7.03125, 7.8125, 8.59375, 9.375, 10.15625, 10.9375, 11.71875, 12.5, 13.28125, 14.0625, 14.84375, 15.625, 16.40625, 17.1875, 17.96875, 18.75, 19.53125, 20.3125, 21.09375, 21.875, 22.65625, 23.4375, 24.21875, 25.0, 25.78125, 26.5625, 27.34375, 28.125, 28.90625, 29.6875, 30.46875, 31.25, 32.03125, 32.8125, 33.59375, 34.375, 35.15625, 35.9375, 36.71875, 37.5, 38.28125, 39.0625, 39.84375, 40.625, 41.40625, 42.1875, 42.96875, 43.75, 44.53125, 45.3125, 46.09375, 46.875, 47.65625, 48.4375, 49.21875, 50.0, 50.78125, 51.5625, 52.34375, 53.125, 53.90625, 54.6875, 55.46875, 56.25, 57.03125, 57.8125, 58.59375, 59.375, 60.15625, 60.9375, 61.71875, 62.5, 63.28125, 64.0625, 64.84375, 65.625, 66.40625, 67.1875, 67.96875, 68.75, 69.53125, 70.3125, 71.09375, 71.875, 72.65625, 73.4375, 74.21875, 75.0, 75.78125, 76.5625, 77.34375, 78.125, 78.90625, 79.6875, 80.46875, 81.25, 82.03125, 82.8125, 83.59375, 84.375, 85.15625, 85.9375, 86.71875, 87.5, 88.28125, 89.0625, 89.84375, 90.625, 91.40625, 92.1875, 92.96875, 93.75, 94.53125, 95.3125, 96.09375, 96.875, 97.65625, 98.4375, 99.21875, 100.0]}