{"psd": [53.182625035722566, 61.65271007956596, 60.1210233171065, 57.76110326227104, 54.82164436669052, 51.163825720983255, 47.07332390817761, 44.335616789547814, 43.3186690453357, 45.01764563084087, 47.90033925642325, 48.34412981635194, 54.8659639420591, 56.228573032465064, 61.501648787625456, 63.75217832829901, 55.988122593112124, 49.74077398336873, 50.40445216244942, 54.45015948914374, 54.30909240630201, 52.49948610972933, 54.280483004038146, 54.07723511405041, 58.23258352369947, 63.5622729221773, 59.339327167792064, 54.59574901451634, 55.26397884771577, 58.449774764907204, 58.437623518591046, 55.232492598702976, 55.10929273895841, 56.140294125459896, 56.60531913753965, 56.72089156904435, 57.93195213292858, 62.030848719251395, 64.4640414037062, 63.04447952645188, 60.164548110540004, 58.36842476247436, 59.00103413413619, 58.50498279220342, 58.8815261858977, 61.07509495757367, 63.5063019364035, 62.91018383359323, 65.43722458535527, 68.88461755673924, 72.0501485050717, 69.46596184184493, 66.32414595565962, 65.02727799410782, 66.25134801008574, 65.053039695726, 64.05330972814392, 66.37057917070463, 68.3141885937641, 68.15104148341933, 65.81180275553764, 64.70174900056007, 64.86042818664325, 64.55249302130117, 63.458637287089985, 63.73425695468167, 63.95558475189405, 64.07179437298663, 63.6761220577386, 63.2343233904531, 62.59680579619673, 62.4247248911271, 61.83325681347214, 62.692976577705146, 63.071152636162836, 70.49561850957163, 79.47807265112073, 77.31287958508834, 65.8488529345353, 63.08361412088254, 61.60113737668012, 61.95433747162208, 61.5757744002489, 62.12492679745098, 61.01524869093859, 61.49699064794247, 62.099439844192375, 62.14094087074659, 63.00890438175369, 63.050759949153175, 62.58610818181494, 62.95842247105278, 63.174174796859866, 64.25477333322138, 64.79633223841171, 65.31108304052835, 67.32086135731296, 66.19758083417022, 66.00249773453935, 65.32660161508952, 66.44742403379354, 66.8165610026969, 66.70167948871766, 67.27890907280654, 66.60810032601519, 66.0790775898142, 66.32090181331739, 66.32901832556159, 66.7227468770964, 67.07113437973041, 67.56225144765429, 67.53299338305611, 67.31917726339739, 67.29872460869962, 66.63960262142892, 67.29024025262709, 64.11268625905777, 58.597265991776304, 55.90994012002796, 50.168664644892246, 44.1401298588325, 37.964462087045035, 30.447105796278695, 24.650072661643367, 21.851336046627452, 21.694327985762932, 21.279023359784897, 21.665715810399764, 17.219731482671538], "f": [0.0, 0.78125, 1.5625, 2.34375, 3.125, 3.90625, 4.6875, 5.46875, 6.25, 7.03125, 7.8125, 8.59375, 9.375, 10.15625, 10.9375, 11.71875, 12.5, 13.28125, 14.0625, 14.84375, 15.625, 16.40625, 17.1875, 17.96875, 18.75, 19.53125, 20.3125, 21.09375, 21.875, 22.65625, 23.4375, 24.21875, 25.0, 25.78125, 26.5625, 27.34375, 28.125, 28.90625, 29.6875, 30.46875, 31.25, 32.03125, 32.8125, 33.59375, 34.375, 35.15625, 35.9375, 36.71875, 37.5, 38.28125, 39.0625, 39.84375, 40.625, 41.40625, 42.1875, 42.96875, 43.75, 44.53125, 45.3125, 46.09375, 46.875, 47.65625, 48.4375, 49.21875, 50.0, 50.78125, 51.5625, 52.34375, 53.125, 53.90625, 54.6875, 55.46875, 56.25, 57.03125, 57.8125, 58.59375, 59.375, 60.15625, 60.9375, 61.71875, 62.5, 63.28125, 64.0625, 64.84375, 65.625, 66.40625, 67.1875, 67.96875, 68.75, 69.53125, 70.3125, 71.09375, 71.875, 72.65625, 73.4375, 74.21875, 75.0, 75.78125, 76.5625, 77.34375, 78.125, 78.90625, 79.6875, 80.46875, 81.25, 82.03125, 82.8125, 83.59375, 84.375, 85.15625, 85.9375, 86.71875, 87.5, 88.28125, 89.0625, 89.84375, 90.625, 91.40625, 92.1875, 92.96875, 93.75, 94.53125, 95.3125, 96.09375, 96.875, 97.65625, 98.4375, 99.21875, 100.0]}