{"psd": [59.74581667578566, 68.21886226922585, 65.69281577438619, 60.7177130678227, 54.84243356799796, 49.8596428667397, 47.958699375940256, 48.77476087001746, 50.94950543555398, 52.241193489792835, 54.18542103175939, 54.77177165258443, 59.2709895735787, 57.92856352911572, 57.754478694464254, 56.74387976986579, 55.145285310856366, 56.28459824940762, 58.366959946548405, 60.188791013572555, 60.79140673241994, 61.60950100726651, 61.312524433521176, 60.12567704653857, 60.31540181250584, 60.41998278423232, 61.20142253840435, 63.435456561389465, 64.34136939037143, 63.88960541383942, 62.84350205384016, 62.7874833384047, 63.46946658772774, 65.00662640106184, 65.0605363438727, 64.70441063134447, 66.17381679436767, 67.62199436148362, 68.76124145470129, 66.07615366426039, 65.10492805042394, 65.42931658514857, 65.25263476366894, 65.87542687543599, 66.15888128014382, 66.24669255143372, 66.15334262689663, 66.92983892325157, 67.39340676864401, 67.6772328678531, 68.44080501605455, 68.377689037056, 66.84854644864605, 66.69455136150401, 67.30990344924999, 66.78272969987019, 66.91051511419484, 66.59025269790075, 66.8926244154767, 66.18063964747432, 66.57173549783553, 67.15647236777357, 67.30349558648714, 68.55917121597975, 67.97864443374327, 67.56754692415001, 67.01152460685046, 66.93725921648836, 66.71042394753015, 66.62864788268541, 66.65566289471887, 66.87910218990423, 67.24603168560874, 67.33884710540984, 66.74261822263486, 67.33108313606641, 67.52749275766878, 67.21580844501351, 67.44179303638606, 67.59152682980664, 67.1480693399702, 67.12114188058524, 67.04644815150121, 67.40893888068258, 68.14107359135272, 68.45404485051047, 68.38597488407262, 67.8327346936844, 68.05584994275908, 67.90436537392763, 67.4727220765734, 66.99791365061404, 67.01798712072242, 67.05862992496753, 67.0146022168375, 66.89803712778098, 67.89210845853177, 67.97665596462102, 67.36444554608516, 67.1392090058424, 66.61806789324966, 67.03885285767309, 67.43635412675003, 66.92492192307225, 66.76321298385696, 66.82035828816201, 66.83193339437517, 66.57212698031643, 66.93892621450719, 66.52767123140089, 66.52445674350753, 66.6171585519023, 65.54701737642297, 66.0108627880702, 64.94582650466785, 62.869184174656894, 60.451675949520535, 57.50539195754172, 53.736229529265344, 48.90644353898694, 43.67200817310089, 37.528940470863844, 30.271916089898202, 24.519206333397893, 22.105289108736695, 21.603329612485844, 21.337534535725162, 21.265167317907654, 16.153201328918495], "f": [0.0, 0.78125, 1.5625, 2.34375, 3.125, 3.90625, 4.6875, 5.46875, 6.25, 7.03125, 7.8125, 8.59375, 9.375, 10.15625, 10.9375, 11.71875, 12.5, 13.28125, 14.0625, 14.84375, 15.625, 16.40625, 17.1875, 17.96875, 18.75, 19.53125, 20.3125, 21.09375, 21.875, 22.65625, 23.4375, 24.21875, 25.0, 25.78125, 26.5625, 27.34375, 28.125, 28.90625, 29.6875, 30.46875, 31.25, 32.03125, 32.8125, 33.59375, 34.375, 35.15625, 35.9375, 36.71875, 37.5, 38.28125, 39.0625, 39.84375, 40.625, 41.40625, 42.1875, 42.96875, 43.75, 44.53125, 45.3125, 46.09375, 46.875, 47.65625, 48.4375, 49.21875, 50.0, 50.78125, 51.5625, 52.34375, 53.125, 53.90625, 54.6875, 55.46875, 56.25, 57.03125, 57.8125, 58.59375, 59.375, 60.15625, 60.9375, 61.71875, 62.5, 63.28125, 64.0625, 64.84375, 65.625, 66.40625, 67.1875, 67.96875, 68.75, 69.53125, 70.3125, 71.09375, 71.875, 72.65625, 73.4375, 74.21875, 75.0, 75.78125, 76.5625, 77.34375, 78.125, 78.90625, 79.6875, 80.46875, 81.25, 82.03125, 82.8125, 83.59375, 84.375, 85.15625, 85.9375, 86.71875, 87.5, 88.28125, 89.0625, 89.84375, 90.625, 91.40625, 92.1875, 92.96875, 93.75, 94.53125, 95.3125, 96.09375, 96.875, 97.65625, 98.4375, 99.21875, 100.0]}