{"psd": [50.976552158899125, 59.59937075003123, 58.82849586825194, 57.88950502495957, 55.13133491463009, 51.109726608604795, 46.966425451696956, 43.42745015692458, 43.15365895470501, 45.68417858343182, 48.05784167925431, 50.051973141219584, 49.240605776884536, 51.76472881738316, 52.57570847635971, 52.935106510781054, 53.30370441430783, 51.46426489955715, 51.423553704192805, 52.165607645822895, 51.220561534217396, 52.03710410689867, 51.536023216058275, 51.4601808710693, 52.89776007506696, 54.44443601527964, 54.303767132793, 54.80979573985514, 54.69596862296455, 54.783199370804034, 56.504672185556586, 56.49071507998687, 55.939377718557914, 58.181545025257016, 58.75939147827253, 59.54438204775782, 61.560415550368404, 61.303195849160616, 69.19336625445567, 68.20626884368983, 58.440909639646236, 59.15595998565156, 60.03990864305848, 60.14074722399351, 61.2410429103437, 62.5743561504525, 63.18014281668461, 61.85444075387299, 60.78986526290691, 61.54161685035372, 62.52464311118131, 62.73028643195063, 62.152388281053135, 61.73327126769343, 63.06660989759676, 63.889070681520494, 64.97222243370528, 66.03854899058871, 66.89779751434048, 66.86751390579676, 66.83175957633071, 67.08440308712628, 66.21411389340221, 66.22249802942375, 65.97962619932505, 65.48218378268038, 64.40920492163023, 64.16294339508146, 64.08565116088289, 64.07056535679543, 64.22654001663916, 63.46240511203759, 63.957771466282914, 64.83625679161185, 68.65132410765094, 72.62462277720114, 67.9711198407545, 64.38152353882401, 63.23827374883485, 63.60688970016025, 65.0534997039156, 65.85639919360466, 65.42951900497101, 64.78104061358957, 63.45489744638839, 62.6446031768713, 62.21284188705368, 61.98054173508791, 62.284724511667804, 61.62846241862197, 61.73730538575703, 62.36926913912136, 62.71447415794153, 62.66221592287451, 61.030993568105536, 61.89127027210616, 63.943672618810005, 62.80421820602368, 61.799559809555845, 61.2357549634506, 61.42586198877072, 61.41672219530187, 61.97108207753709, 62.429817515101185, 63.71405198480885, 63.359281655960714, 62.63393263523728, 63.199461379033536, 64.4776398659626, 65.40285943303304, 64.7055184455118, 63.615838037648004, 62.629474712721105, 62.17651086317312, 62.21354188422613, 64.73291562168153, 62.34979537130529, 54.7703044438206, 50.71463658610113, 45.672130920015604, 40.507499190613096, 34.10049260795076, 27.420916981913507, 23.022404474193987, 21.879229147218062, 21.987208792066646, 21.56817208299293, 20.813295818254886, 16.586010566547433], "f": [0.0, 0.78125, 1.5625, 2.34375, 3.125, 3.90625, 4.6875, 5.46875, 6.25, 7.03125, 7.8125, 8.59375, 9.375, 10.15625, 10.9375, 11.71875, 12.5, 13.28125, 14.0625, 14.84375, 15.625, 16.40625, 17.1875, 17.96875, 18.75, 19.53125, 20.3125, 21.09375, 21.875, 22.65625, 23.4375, 24.21875, 25.0, 25.78125, 26.5625, 27.34375, 28.125, 28.90625, 29.6875, 30.46875, 31.25, 32.03125, 32.8125, 33.59375, 34.375, 35.15625, 35.9375, 36.71875, 37.5, 38.28125, 39.0625, 39.84375, 40.625, 41.40625, 42.1875, 42.96875, 43.75, 44.53125, 45.3125, 46.09375, 46.875, 47.65625, 48.4375, 49.21875, 50.0, 50.78125, 51.5625, 52.34375, 53.125, 53.90625, 54.6875, 55.46875, 56.25, 57.03125, 57.8125, 58.59375, 59.375, 60.15625, 60.9375, 61.71875, 62.5, 63.28125, 64.0625, 64.84375, 65.625, 66.40625, 67.1875, 67.96875, 68.75, 69.53125, 70.3125, 71.09375, 71.875, 72.65625, 73.4375, 74.21875, 75.0, 75.78125, 76.5625, 77.34375, 78.125, 78.90625, 79.6875, 80.46875, 81.25, 82.03125, 82.8125, 83.59375, 84.375, 85.15625, 85.9375, 86.71875, 87.5, 88.28125, 89.0625, 89.84375, 90.625, 91.40625, 92.1875, 92.96875, 93.75, 94.53125, 95.3125, 96.09375, 96.875, 97.65625, 98.4375, 99.21875, 100.0]}