{"psd": [46.09821307891459, 54.099447449197115, 52.331604602702754, 50.60103122151091, 47.771151361973835, 44.98969698296405, 43.6765802414874, 42.74061343903099, 43.772590175445586, 46.5094554562129, 45.85636229390751, 46.235225400981676, 46.17708964873987, 47.43537907368552, 46.352486769979855, 47.79893185291065, 48.961668872004424, 48.654308417225536, 49.203404600280905, 50.279475909179126, 48.75987998330679, 49.5880930223217, 50.289361726710894, 51.58540153923628, 51.64033884464541, 51.85558476354868, 52.46756531194508, 52.433831378201134, 53.125738211576675, 53.20093559746692, 53.52822102408972, 53.78168032355504, 54.711538736763636, 55.15443072408718, 55.40859034982716, 56.27400459211899, 56.66796527191476, 61.17552633712123, 70.87843778973351, 69.58810692946253, 57.965543970363626, 56.55629221051249, 57.28380289395024, 57.744214167564195, 57.44667282440403, 58.16188989595559, 58.40272152764292, 58.340825269087055, 58.34155413645598, 58.28884564188605, 58.587031372600215, 60.00668446076766, 59.6587982511402, 59.01904022026546, 58.80151124327773, 59.07718352492161, 59.23874416255016, 66.53916302433453, 67.45862927481323, 60.667198855617684, 60.8140483017891, 61.242739108465315, 61.37168167271775, 62.413968061148076, 63.581425991097916, 61.15445522132242, 59.8673738875868, 59.732332538142224, 60.840594980847285, 60.44984784710359, 60.531534774308085, 60.57673220558111, 60.559546554502006, 60.52512516803879, 60.86108636125328, 70.33261907724523, 80.81478197607667, 79.47808081106331, 66.39822157358867, 59.48557809739992, 58.91699869343925, 58.83170871021587, 61.605333167976674, 65.1666614995035, 62.332021896907214, 58.63395032550465, 59.66250663426077, 59.3566896433816, 59.256366281938575, 58.53783509918577, 58.426390549676704, 58.69256363798524, 59.16804107015235, 59.03675629154201, 59.78112874838832, 68.22042355706655, 73.87369674959311, 68.10386507334199, 59.71517145856574, 59.345589043130076, 58.30788933316925, 57.97599536042567, 59.391577212511436, 60.02003862303461, 60.098824965360706, 59.92999203460488, 59.00211371732264, 58.0933591299432, 57.44611369237302, 57.219321271706946, 57.43306147586882, 57.15085556507827, 56.53254872205725, 57.218540032490914, 59.03627992991748, 64.58434552532, 61.32002014215853, 47.04704447469739, 42.91905174811639, 38.63554255508325, 33.50193871698029, 28.51478453581403, 23.73291606227607, 22.079844621749004, 21.628658699782832, 21.753309951380405, 21.32132287510272, 21.430585743692188, 15.978359599458972], "f": [0.0, 0.78125, 1.5625, 2.34375, 3.125, 3.90625, 4.6875, 5.46875, 6.25, 7.03125, 7.8125, 8.59375, 9.375, 10.15625, 10.9375, 11.71875, 12.5, 13.28125, 14.0625, 14.84375, 15.625, 16.40625, 17.1875, 17.96875, 18.75, 19.53125, 20.3125, 21.09375, 21.875, 22.65625, 23.4375, 24.21875, 25.0, 25.78125, 26.5625, 27.34375, 28.125, 28.90625, 29.6875, 30.46875, 31.25, 32.03125, 32.8125, 33.59375, 34.375, 35.15625, 35.9375, 36.71875, 37.5, 38.28125, 39.0625, 39.84375, 40.625, 41.40625, 42.1875, 42.96875, 43.75, 44.53125, 45.3125, 46.09375, 46.875, 47.65625, 48.4375, 49.21875, 50.0, 50.78125, 51.5625, 52.34375, 53.125, 53.90625, 54.6875, 55.46875, 56.25, 57.03125, 57.8125, 58.59375, 59.375, 60.15625, 60.9375, 61.71875, 62.5, 63.28125, 64.0625, 64.84375, 65.625, 66.40625, 67.1875, 67.96875, 68.75, 69.53125, 70.3125, 71.09375, 71.875, 72.65625, 73.4375, 74.21875, 75.0, 75.78125, 76.5625, 77.34375, 78.125, 78.90625, 79.6875, 80.46875, 81.25, 82.03125, 82.8125, 83.59375, 84.375, 85.15625, 85.9375, 86.71875, 87.5, 88.28125, 89.0625, 89.84375, 90.625, 91.40625, 92.1875, 92.96875, 93.75, 94.53125, 95.3125, 96.09375, 96.875, 97.65625, 98.4375, 99.21875, 100.0]}