{"psd": [43.675003066391234, 52.01025768639184, 48.76131908778535, 44.07031807938591, 41.52373329934554, 41.33904844890435, 41.60248603848807, 45.479790831068776, 47.58128642651667, 47.79605519361305, 47.600435723727415, 46.573001095093005, 47.09944484848653, 47.03336898787598, 47.9064614070878, 50.054759051549, 50.806443183386534, 51.13242988169301, 48.677089137188865, 48.79619752596472, 50.06883878655435, 52.60663912433159, 51.53694746354379, 52.34261574206631, 56.36290675048072, 57.74088682289552, 55.16599658426841, 55.299610023849056, 55.29304502800027, 55.13267210006266, 55.5594076109415, 56.20102853737346, 60.47710502436851, 62.07991127522768, 58.895388027026996, 56.864520212780704, 56.31358577668137, 58.50029235133085, 62.662330378908294, 61.41854435332111, 61.550364793281204, 62.939956976428455, 60.98167227407852, 60.755895411606176, 60.81643822457295, 60.47538893694279, 60.7412513819171, 60.79163080958591, 65.50259641264518, 68.6426559497682, 63.99642719293609, 61.84854218885344, 62.0776953718505, 61.37497602757981, 61.39300327424956, 61.66516308191345, 61.97783089853309, 63.54883762234765, 63.76079212848393, 63.47396782210855, 64.97202182606914, 64.33587156260046, 64.43662550313161, 64.83329444420148, 63.867775999098896, 63.02217837457479, 62.557606345586194, 62.06856238529898, 62.37348139605227, 61.99760828408982, 61.157154968049014, 61.030226644258946, 60.431297880382424, 60.73015075184354, 60.68180983398558, 63.752777830505316, 71.88780316201093, 71.12253690005693, 65.56246242853669, 62.35395709757689, 62.13650847043642, 62.51707429188899, 63.095488431110674, 63.456743381047076, 62.77539147871772, 62.04916748898011, 61.971853556190155, 61.19567644682793, 61.53400394561529, 61.84332577229946, 61.97161526065824, 61.48384991327284, 61.345150426800416, 61.19589455745121, 60.34812479001506, 61.95150923197244, 65.05984743051809, 61.78783607883897, 59.79037198209187, 60.471889120535124, 59.943756621819105, 59.781880389019946, 59.84957257026514, 59.229477157421435, 58.91579434198604, 59.178746359168656, 59.126373125503086, 58.3649067263777, 58.456876138168155, 58.329419242703516, 58.000703004975364, 56.88225766702291, 55.80464402599166, 55.511791564479054, 58.20772128329004, 65.43418055117053, 61.878416973594845, 48.052638268499436, 43.13789590948657, 38.97608512582855, 33.471034692537245, 28.786736616840145, 23.796262111778695, 22.037150613948, 21.783568560975684, 20.956508006953726, 21.692909059181183, 21.67875870250026, 16.084187161752922], "f": [0.0, 0.78125, 1.5625, 2.34375, 3.125, 3.90625, 4.6875, 5.46875, 6.25, 7.03125, 7.8125, 8.59375, 9.375, 10.15625, 10.9375, 11.71875, 12.5, 13.28125, 14.0625, 14.84375, 15.625, 16.40625, 17.1875, 17.96875, 18.75, 19.53125, 20.3125, 21.09375, 21.875, 22.65625, 23.4375, 24.21875, 25.0, 25.78125, 26.5625, 27.34375, 28.125, 28.90625, 29.6875, 30.46875, 31.25, 32.03125, 32.8125, 33.59375, 34.375, 35.15625, 35.9375, 36.71875, 37.5, 38.28125, 39.0625, 39.84375, 40.625, 41.40625, 42.1875, 42.96875, 43.75, 44.53125, 45.3125, 46.09375, 46.875, 47.65625, 48.4375, 49.21875, 50.0, 50.78125, 51.5625, 52.34375, 53.125, 53.90625, 54.6875, 55.46875, 56.25, 57.03125, 57.8125, 58.59375, 59.375, 60.15625, 60.9375, 61.71875, 62.5, 63.28125, 64.0625, 64.84375, 65.625, 66.40625, 67.1875, 67.96875, 68.75, 69.53125, 70.3125, 71.09375, 71.875, 72.65625, 73.4375, 74.21875, 75.0, 75.78125, 76.5625, 77.34375, 78.125, 78.90625, 79.6875, 80.46875, 81.25, 82.03125, 82.8125, 83.59375, 84.375, 85.15625, 85.9375, 86.71875, 87.5, 88.28125, 89.0625, 89.84375, 90.625, 91.40625, 92.1875, 92.96875, 93.75, 94.53125, 95.3125, 96.09375, 96.875, 97.65625, 98.4375, 99.21875, 100.0]}