{"psd": [47.14909577946622, 55.42848028885936, 53.40310509795299, 50.915511726136124, 48.507062354418096, 45.467956856943914, 43.142846951923374, 42.07846961345755, 43.282264206890765, 46.710954426978915, 48.712203188623995, 47.56080679402179, 47.87461211176017, 51.036128703952755, 53.878765098789145, 49.76973176441412, 49.26734212840464, 58.0919868424073, 59.54705580827316, 53.89384796828569, 52.65723540915115, 53.13742360205643, 53.93627478484082, 53.29605106078777, 54.3985498035381, 55.51717024718749, 55.773642203081934, 58.7258642386404, 60.664572855901, 60.024353131613104, 59.20234069749172, 58.60098360575062, 58.14650663776451, 63.81027521901252, 67.04637756786141, 63.43037864403673, 60.106593976958024, 62.689897061264126, 70.36868226032587, 68.83678538903787, 62.77891707653385, 61.70083930296012, 62.20472319113589, 64.08008397833795, 61.18043176439177, 62.40570870820048, 61.80935911970402, 60.56591304085768, 62.227153881970565, 61.907457801431335, 62.787770821031856, 62.53154355739451, 63.03610564261349, 64.72320705339283, 65.48191140772813, 65.01209511791981, 64.00339160255783, 67.68476406024165, 68.94084000343246, 67.8142711890948, 70.81650029057317, 70.82029236243315, 67.81567314404259, 66.93377556253667, 65.25359603971596, 64.55725637022468, 64.14727606893297, 64.79254285552521, 64.77941261268263, 65.4979097333102, 67.87380994263522, 68.27720968965227, 65.9382004008936, 66.9374806425739, 66.77087746841292, 69.59724710080566, 74.71130652983493, 76.82475387523628, 70.4057476930865, 66.99822538172056, 68.80086726965709, 70.45861782739183, 68.94200461372324, 70.27461949809555, 68.34952372781613, 67.39168641961265, 68.87157366601119, 67.99079679820409, 70.30622515582036, 70.03886722428709, 67.82506004302077, 67.49948501356442, 65.90185227410454, 65.75986978551954, 65.77205722256002, 68.02214147981506, 70.8482914332773, 66.8829037251705, 64.53747958658374, 65.09473934861758, 66.32031719475631, 67.32331992029, 66.00784259389764, 64.02497137821358, 63.402614147041454, 64.2024317108629, 65.46180455001418, 64.86886747779992, 64.7806744488514, 66.25786189614578, 66.52923625742737, 66.39356861450402, 64.96257829154436, 64.40304121447895, 64.1463481230886, 66.62074061768021, 63.503670610957826, 56.07290077308595, 51.73050592477752, 47.13512895220976, 42.424978352776364, 36.49958727766137, 29.804587671557098, 23.75486220174381, 22.037180023258728, 21.448066482041305, 21.49512390482425, 21.70615718903004, 17.170043382332796], "f": [0.0, 0.78125, 1.5625, 2.34375, 3.125, 3.90625, 4.6875, 5.46875, 6.25, 7.03125, 7.8125, 8.59375, 9.375, 10.15625, 10.9375, 11.71875, 12.5, 13.28125, 14.0625, 14.84375, 15.625, 16.40625, 17.1875, 17.96875, 18.75, 19.53125, 20.3125, 21.09375, 21.875, 22.65625, 23.4375, 24.21875, 25.0, 25.78125, 26.5625, 27.34375, 28.125, 28.90625, 29.6875, 30.46875, 31.25, 32.03125, 32.8125, 33.59375, 34.375, 35.15625, 35.9375, 36.71875, 37.5, 38.28125, 39.0625, 39.84375, 40.625, 41.40625, 42.1875, 42.96875, 43.75, 44.53125, 45.3125, 46.09375, 46.875, 47.65625, 48.4375, 49.21875, 50.0, 50.78125, 51.5625, 52.34375, 53.125, 53.90625, 54.6875, 55.46875, 56.25, 57.03125, 57.8125, 58.59375, 59.375, 60.15625, 60.9375, 61.71875, 62.5, 63.28125, 64.0625, 64.84375, 65.625, 66.40625, 67.1875, 67.96875, 68.75, 69.53125, 70.3125, 71.09375, 71.875, 72.65625, 73.4375, 74.21875, 75.0, 75.78125, 76.5625, 77.34375, 78.125, 78.90625, 79.6875, 80.46875, 81.25, 82.03125, 82.8125, 83.59375, 84.375, 85.15625, 85.9375, 86.71875, 87.5, 88.28125, 89.0625, 89.84375, 90.625, 91.40625, 92.1875, 92.96875, 93.75, 94.53125, 95.3125, 96.09375, 96.875, 97.65625, 98.4375, 99.21875, 100.0]}