{"psd": [57.7836360268938, 66.14896300693519, 64.97300813268807, 62.753926465707295, 59.30102729632563, 55.151827843745224, 51.220676903186884, 48.199846414104215, 47.53142289648668, 48.754859213672255, 49.73976967491331, 50.1640350022852, 50.14091465443626, 50.99255197710871, 51.5807320607056, 52.9483787210343, 52.24141095939628, 53.858600748090424, 54.88382107635782, 56.10249053651135, 55.71912944786445, 55.92847758865008, 56.88223485043223, 58.02492152235815, 57.433861205204494, 57.677410558838034, 58.06511220394974, 58.854999759337964, 61.74340748738831, 62.22807791152634, 60.66259109062612, 59.85347832971529, 59.92203914429237, 60.38482782210142, 60.01317981193901, 60.42160707874629, 60.647114383037945, 61.90402228405556, 64.46863249608295, 64.53358525147107, 61.37440242501175, 61.0677553091232, 60.68152565780544, 60.91496590724211, 62.770531029577505, 64.41727690274664, 64.40469355053358, 62.02664457250112, 61.44571547377059, 60.612797086336734, 59.836370554963274, 60.04753240829582, 60.80375054297312, 60.97238004747035, 61.583149601971016, 61.5316287228271, 61.59669829439829, 62.8007620396866, 62.882919853918935, 62.215923746108864, 63.11076476587441, 65.32792752066369, 64.86582404966245, 63.62452782052205, 62.714584975730986, 62.023230693155625, 61.6988303149978, 62.20281177835453, 62.475727650267416, 62.82561807584326, 62.8941329077957, 62.84531833671193, 62.105887840806446, 63.415683675310476, 66.76796958560298, 69.85822763127446, 69.37395604789016, 66.39294310853857, 63.48313123511364, 63.493997375884945, 63.27351656290111, 63.44114193376534, 63.08813564656673, 62.005106132798524, 62.32293252280026, 62.0765604931698, 62.4852866679512, 62.50462365590849, 61.94219119129766, 62.05013237405055, 62.863286009746695, 63.38948995148964, 62.724351922682416, 62.375292584874025, 63.787255086152726, 64.94034070626316, 66.13842650546489, 65.09613489406232, 64.4593705417508, 64.45985237927306, 63.86390231068041, 63.85403726393662, 64.2218288638387, 63.62997175354538, 62.75398006209626, 63.26890944644218, 63.807071059355835, 62.76599517922827, 62.897733877680125, 62.267993130540695, 61.88652236165428, 61.00116734794412, 60.48448122341854, 59.78769368420741, 59.46494855057641, 59.025066383560976, 55.81817231299291, 50.727702996034296, 46.572693855506834, 41.94261438069253, 37.626285621960676, 32.22524797902923, 25.83916895590701, 22.815423014037002, 22.067016683432925, 21.50434432693258, 21.51310170616594, 21.74762937410511, 17.076730798440664], "f": [0.0, 0.78125, 1.5625, 2.34375, 3.125, 3.90625, 4.6875, 5.46875, 6.25, 7.03125, 7.8125, 8.59375, 9.375, 10.15625, 10.9375, 11.71875, 12.5, 13.28125, 14.0625, 14.84375, 15.625, 16.40625, 17.1875, 17.96875, 18.75, 19.53125, 20.3125, 21.09375, 21.875, 22.65625, 23.4375, 24.21875, 25.0, 25.78125, 26.5625, 27.34375, 28.125, 28.90625, 29.6875, 30.46875, 31.25, 32.03125, 32.8125, 33.59375, 34.375, 35.15625, 35.9375, 36.71875, 37.5, 38.28125, 39.0625, 39.84375, 40.625, 41.40625, 42.1875, 42.96875, 43.75, 44.53125, 45.3125, 46.09375, 46.875, 47.65625, 48.4375, 49.21875, 50.0, 50.78125, 51.5625, 52.34375, 53.125, 53.90625, 54.6875, 55.46875, 56.25, 57.03125, 57.8125, 58.59375, 59.375, 60.15625, 60.9375, 61.71875, 62.5, 63.28125, 64.0625, 64.84375, 65.625, 66.40625, 67.1875, 67.96875, 68.75, 69.53125, 70.3125, 71.09375, 71.875, 72.65625, 73.4375, 74.21875, 75.0, 75.78125, 76.5625, 77.34375, 78.125, 78.90625, 79.6875, 80.46875, 81.25, 82.03125, 82.8125, 83.59375, 84.375, 85.15625, 85.9375, 86.71875, 87.5, 88.28125, 89.0625, 89.84375, 90.625, 91.40625, 92.1875, 92.96875, 93.75, 94.53125, 95.3125, 96.09375, 96.875, 97.65625, 98.4375, 99.21875, 100.0]}