{"psd": [51.79145434963444, 60.494289245585044, 57.524773128042916, 54.96366166833685, 52.23268623805383, 48.17949296318284, 44.65473864428488, 42.13541389775393, 42.43776393794689, 45.960341516964775, 50.550805535541485, 50.79126524278805, 46.368661643024936, 45.815361367150935, 47.658060754729135, 46.50035811602941, 48.21751718615586, 49.39156308835181, 55.19502195565714, 59.36693264182825, 57.3312404275207, 53.88442803741958, 52.87038435705267, 53.22206753476358, 53.18873431233924, 53.6566919238648, 54.93501973708733, 56.29512384034307, 56.91333423940357, 58.33523511902016, 61.22701821392204, 60.150271769094516, 59.74501755216667, 60.17059232024029, 59.77185946969019, 60.589360952960874, 59.1489383609068, 59.324375327740945, 61.361207723626165, 61.51823985028332, 62.715908519132036, 61.5693901359499, 61.77892359478686, 64.34643144487634, 64.30471784403184, 63.10402982590895, 62.50349816552121, 62.60166808489876, 63.17065978127125, 63.55567530168554, 64.09086714086624, 63.54486948537476, 63.29459554658128, 64.52114127856382, 67.67924554995902, 66.9935888595665, 64.8641154777973, 65.24880398960194, 64.63310393981362, 63.84733863419037, 65.50739375336109, 67.08650496400708, 68.47211857074608, 69.66551380244479, 70.2554669141264, 70.68993712825839, 68.91090912337677, 66.54072579602027, 64.72581082220307, 63.99176112987476, 64.15398173381712, 63.616281498383785, 64.47634480657652, 66.11253242525608, 68.04771151883722, 72.21060504532122, 73.6912213234112, 73.20944158451923, 68.82670089665724, 65.77259219127022, 63.44535521615869, 63.49504631404691, 64.53782856335428, 65.15992882627258, 66.95998679941545, 68.8882545265885, 71.39951210018867, 71.76217428485043, 70.11780149030352, 67.64977087853906, 65.91031576824052, 65.24379327956703, 65.44476322438696, 64.5831128946799, 64.4565705749448, 66.42690718568704, 69.36337789256956, 67.54712376885189, 67.42276637543016, 69.34500890537122, 66.06996002158651, 62.65622171582392, 63.19464359842265, 64.2105940920497, 63.50566963059832, 63.885592015964605, 65.03956750484336, 66.1828726377236, 67.12031198960523, 66.45959548831021, 65.79330012116192, 64.33173971015104, 62.4970170523406, 61.80041978383982, 62.04572936292442, 62.46151553643838, 60.069119333723904, 54.500169410878016, 49.64612434428866, 46.26440801026096, 40.88216162835625, 34.060947066810584, 26.74107112134859, 22.20753052834732, 21.383487384778718, 21.5442720815572, 21.681311924417457, 21.286568615418503, 16.04409667146239], "f": [0.0, 0.78125, 1.5625, 2.34375, 3.125, 3.90625, 4.6875, 5.46875, 6.25, 7.03125, 7.8125, 8.59375, 9.375, 10.15625, 10.9375, 11.71875, 12.5, 13.28125, 14.0625, 14.84375, 15.625, 16.40625, 17.1875, 17.96875, 18.75, 19.53125, 20.3125, 21.09375, 21.875, 22.65625, 23.4375, 24.21875, 25.0, 25.78125, 26.5625, 27.34375, 28.125, 28.90625, 29.6875, 30.46875, 31.25, 32.03125, 32.8125, 33.59375, 34.375, 35.15625, 35.9375, 36.71875, 37.5, 38.28125, 39.0625, 39.84375, 40.625, 41.40625, 42.1875, 42.96875, 43.75, 44.53125, 45.3125, 46.09375, 46.875, 47.65625, 48.4375, 49.21875, 50.0, 50.78125, 51.5625, 52.34375, 53.125, 53.90625, 54.6875, 55.46875, 56.25, 57.03125, 57.8125, 58.59375, 59.375, 60.15625, 60.9375, 61.71875, 62.5, 63.28125, 64.0625, 64.84375, 65.625, 66.40625, 67.1875, 67.96875, 68.75, 69.53125, 70.3125, 71.09375, 71.875, 72.65625, 73.4375, 74.21875, 75.0, 75.78125, 76.5625, 77.34375, 78.125, 78.90625, 79.6875, 80.46875, 81.25, 82.03125, 82.8125, 83.59375, 84.375, 85.15625, 85.9375, 86.71875, 87.5, 88.28125, 89.0625, 89.84375, 90.625, 91.40625, 92.1875, 92.96875, 93.75, 94.53125, 95.3125, 96.09375, 96.875, 97.65625, 98.4375, 99.21875, 100.0]}