{"psd": [43.38053927169199, 51.77986347370168, 47.14352790783053, 42.63530880113386, 41.33815080042362, 40.413872170836385, 39.62738427501419, 42.04602930400899, 45.143122094075885, 49.7719949184728, 48.91637462397526, 50.568875757753695, 49.33201808052742, 48.47030295943712, 50.00505054597013, 48.93225787976334, 50.850039477812636, 52.63481074663203, 53.67155970909983, 55.00764832288169, 51.30620242125812, 50.39156595645928, 51.493407148706176, 55.598233468290736, 55.62509364981109, 53.93738014421308, 53.8624857718503, 54.843331365263964, 55.40817845967739, 55.1462587580784, 53.65209523953288, 53.5090760906721, 54.465992137073684, 56.584106909843186, 57.569083750244026, 59.56620409596926, 60.88343046510068, 61.75054427692469, 67.82721376221224, 66.62159106275195, 58.47521417437255, 59.144726383726905, 59.06126196532496, 58.865786220670635, 59.39882507395499, 60.36309179706848, 62.69002029907107, 65.76476273123045, 68.42762212897824, 68.91346250121734, 62.650740858486856, 61.84862713705246, 61.879063430994805, 60.82046657583674, 62.212667400816706, 61.14883753409739, 65.41922899482768, 67.05125211667406, 66.8871629850027, 65.53127914283458, 63.10856987986235, 63.73804030371158, 63.90294201230722, 64.96741609780835, 65.03088538704998, 64.1462393239547, 64.90366717041529, 64.65492670894919, 67.2025568606712, 66.10965102096114, 65.22708014077283, 64.65758526568736, 64.11984506446439, 64.91925732477627, 63.86184699156071, 70.55295396776559, 80.4819089185761, 78.88988759677918, 66.18172411377807, 63.10592390639403, 63.47213809047911, 63.51848655892958, 63.28373510773754, 64.21411793904515, 62.68369261678353, 62.00315603018397, 60.89564318438956, 61.1749279322997, 61.215313942242176, 61.76386816010851, 61.999036467247464, 61.07139576370476, 60.60949566488408, 59.98416719384175, 60.36726837144501, 66.66349195793971, 72.29920074642548, 67.18578381768921, 60.472523903292064, 60.92533710268768, 60.74710730511178, 61.615062792050644, 61.39265767589343, 62.1723434656785, 63.36996089278319, 61.52079417326469, 60.59403716917213, 60.9579740330824, 59.547160120607344, 59.78667400593259, 59.825771953396405, 58.84260983184103, 58.060578689987764, 58.055401918363536, 58.55705786026776, 60.82119073261129, 57.861288068777824, 50.088314445849214, 45.73517536855269, 41.25048264785332, 36.60535217778899, 30.78558439043769, 25.44194583125271, 22.330734473477648, 21.63496669869661, 21.382901786570944, 21.331907484816, 21.434214810249685, 16.17820653433474], "f": [0.0, 0.78125, 1.5625, 2.34375, 3.125, 3.90625, 4.6875, 5.46875, 6.25, 7.03125, 7.8125, 8.59375, 9.375, 10.15625, 10.9375, 11.71875, 12.5, 13.28125, 14.0625, 14.84375, 15.625, 16.40625, 17.1875, 17.96875, 18.75, 19.53125, 20.3125, 21.09375, 21.875, 22.65625, 23.4375, 24.21875, 25.0, 25.78125, 26.5625, 27.34375, 28.125, 28.90625, 29.6875, 30.46875, 31.25, 32.03125, 32.8125, 33.59375, 34.375, 35.15625, 35.9375, 36.71875, 37.5, 38.28125, 39.0625, 39.84375, 40.625, 41.40625, 42.1875, 42.96875, 43.75, 44.53125, 45.3125, 46.09375, 46.875, 47.65625, 48.4375, 49.21875, 50.0, 50.78125, 51.5625, 52.34375, 53.125, 53.90625, 54.6875, 55.46875, 56.25, 57.03125, 57.8125, 58.59375, 59.375, 60.15625, 60.9375, 61.71875, 62.5, 63.28125, 64.0625, 64.84375, 65.625, 66.40625, 67.1875, 67.96875, 68.75, 69.53125, 70.3125, 71.09375, 71.875, 72.65625, 73.4375, 74.21875, 75.0, 75.78125, 76.5625, 77.34375, 78.125, 78.90625, 79.6875, 80.46875, 81.25, 82.03125, 82.8125, 83.59375, 84.375, 85.15625, 85.9375, 86.71875, 87.5, 88.28125, 89.0625, 89.84375, 90.625, 91.40625, 92.1875, 92.96875, 93.75, 94.53125, 95.3125, 96.09375, 96.875, 97.65625, 98.4375, 99.21875, 100.0]}