{"psd": [59.05074549836003, 69.07243085559963, 62.56107024947105, 58.666453991174244, 55.2739396585197, 51.411418216003526, 48.11366717726677, 46.178309480599545, 46.00760214519849, 48.989772563781635, 48.79850474982962, 51.37912440920506, 53.06387480023342, 52.31084892370971, 52.78806869692617, 53.38670725023904, 52.32547843565609, 52.57795621352465, 56.664442448672744, 57.77772684363598, 58.64554397662679, 60.94780129654497, 63.05928452507483, 62.00954026888323, 61.42927822964424, 60.76118282120609, 61.8818361458395, 61.37526177078523, 61.12598414457843, 61.48162594476243, 67.17885449762382, 68.35197783231708, 61.73630727503546, 60.20161378999522, 60.48771228962575, 61.328131168336384, 61.397969366205544, 62.07075136951853, 62.780906208386504, 61.539179356509976, 59.91657016282755, 60.4513021110276, 60.38036385113492, 58.92729413644692, 60.52495485036289, 63.275183928086875, 64.34940946972809, 64.2151886713149, 62.943404274977304, 62.518101298882, 61.40100126487067, 60.79109253379541, 61.906929437155405, 63.305826652517865, 63.86854156550385, 65.2295513685482, 64.55702179116106, 63.4869275841769, 62.592690796529446, 62.28746244642445, 62.07034559786629, 62.055091822779154, 61.96686592086145, 61.799844152144956, 62.68408455835989, 62.380642386638556, 61.20595302704815, 60.79644846846354, 61.43043332428053, 61.54932327048067, 61.759458110139605, 60.70888779269107, 59.60677965119072, 59.93034964248313, 60.29066065112387, 62.95260889807342, 62.04553920752538, 60.88104684876416, 60.505110074725394, 59.81576049579546, 58.862622831381906, 59.100727054790994, 59.15274819589723, 59.34837650138721, 59.14483264715571, 59.259617180666915, 59.528496625964934, 59.50619166300172, 60.00129390734621, 59.190280705415326, 58.50127684617921, 58.676185638304446, 58.80333648033016, 59.914204280652555, 60.11526992543092, 60.016643480429096, 60.76230646735535, 61.542791988869, 60.78092993256934, 60.28364989881506, 60.320292414028145, 61.519467646713835, 60.92568399130285, 60.47449896411422, 59.80407659890982, 59.97983669450237, 59.578910420821465, 59.33980474154194, 58.436016751679716, 58.1784338861243, 57.5283123032968, 56.36123128580698, 55.91509406561183, 55.676098090351104, 55.07420389863433, 54.62297400141799, 51.63053328147049, 47.33975239713574, 44.26477941773106, 40.27215170107481, 35.01753504922516, 29.382715353846347, 24.552757027860828, 21.7270979640679, 21.497231646214768, 21.32930352614057, 21.26007072466826, 21.32368073878927, 16.088351488256666], "f": [0.0, 0.78125, 1.5625, 2.34375, 3.125, 3.90625, 4.6875, 5.46875, 6.25, 7.03125, 7.8125, 8.59375, 9.375, 10.15625, 10.9375, 11.71875, 12.5, 13.28125, 14.0625, 14.84375, 15.625, 16.40625, 17.1875, 17.96875, 18.75, 19.53125, 20.3125, 21.09375, 21.875, 22.65625, 23.4375, 24.21875, 25.0, 25.78125, 26.5625, 27.34375, 28.125, 28.90625, 29.6875, 30.46875, 31.25, 32.03125, 32.8125, 33.59375, 34.375, 35.15625, 35.9375, 36.71875, 37.5, 38.28125, 39.0625, 39.84375, 40.625, 41.40625, 42.1875, 42.96875, 43.75, 44.53125, 45.3125, 46.09375, 46.875, 47.65625, 48.4375, 49.21875, 50.0, 50.78125, 51.5625, 52.34375, 53.125, 53.90625, 54.6875, 55.46875, 56.25, 57.03125, 57.8125, 58.59375, 59.375, 60.15625, 60.9375, 61.71875, 62.5, 63.28125, 64.0625, 64.84375, 65.625, 66.40625, 67.1875, 67.96875, 68.75, 69.53125, 70.3125, 71.09375, 71.875, 72.65625, 73.4375, 74.21875, 75.0, 75.78125, 76.5625, 77.34375, 78.125, 78.90625, 79.6875, 80.46875, 81.25, 82.03125, 82.8125, 83.59375, 84.375, 85.15625, 85.9375, 86.71875, 87.5, 88.28125, 89.0625, 89.84375, 90.625, 91.40625, 92.1875, 92.96875, 93.75, 94.53125, 95.3125, 96.09375, 96.875, 97.65625, 98.4375, 99.21875, 100.0]}