{"psd": [62.54573121716906, 71.75217443719285, 68.38222818969841, 64.94854532612139, 61.16058956736712, 56.915775134571646, 52.574003597754825, 50.311145599493024, 51.31715415556726, 52.66489585225416, 52.20499969776094, 53.472218699385756, 54.52053219213266, 53.02992928026314, 53.09879139620616, 54.159863282487834, 58.270667856000664, 61.04425145844954, 58.45519630484824, 59.41458665839818, 62.07995854952512, 62.1600484235228, 60.535228637929414, 61.95738089807208, 62.35807460390958, 63.22158723526628, 63.90772569683956, 64.38702927598254, 63.898515042910624, 63.280256892204925, 65.48501451074168, 65.81572541205489, 63.3972000015781, 64.26137954661982, 64.3906535552783, 64.28600111237665, 64.11469667070395, 63.39107422650345, 65.18628936450371, 63.30584678702404, 63.858352546234244, 67.20042210070537, 69.93995775962145, 68.91124326841617, 66.36736106027922, 66.54542138521086, 65.0218359338645, 64.04997189027048, 65.0976265649985, 66.37755534356388, 69.44354282930905, 70.1207172895858, 68.62066725603071, 67.93220268788319, 66.33050361218758, 65.64802154221124, 65.91638469564211, 66.53771856717162, 67.01446928396771, 66.6471759278252, 67.67507490439017, 67.94787770770395, 66.76927850763248, 65.61553546058678, 65.28848468048587, 64.826053470902, 64.54435353770272, 63.980746834258255, 64.34585502652692, 63.51957076303388, 62.918442608756095, 63.15420726044711, 62.89410387606231, 62.877522668143015, 65.38986024515826, 69.12117962320752, 67.94142169792462, 66.08470195946795, 63.39257315528453, 62.54749950407565, 62.974141778281805, 64.16413517167439, 64.79531856155725, 64.33116733364085, 64.22989033611002, 64.08364491627907, 63.57772348147405, 63.770235753618216, 64.16758295242492, 65.46231123042278, 66.29198829925583, 66.51323347283622, 65.28013078125863, 64.0437396975266, 63.97981709210883, 63.92797417972361, 64.13135387127353, 63.81069103668778, 64.66108592433208, 65.0247600113609, 64.7242391287677, 63.91434050706793, 64.34353845087395, 63.68143968067359, 63.361795650205465, 63.27731914889419, 63.28634956836134, 63.40939442843887, 62.47538198523793, 62.058744685866515, 61.81825545282165, 61.425830947463126, 60.759707112306515, 59.312632566160445, 59.59038321559283, 59.790671199046905, 57.3994401193455, 52.47413406539791, 47.40490479533414, 42.6803335718335, 37.432901540244245, 31.65496113249246, 25.730856488913794, 22.596370705505944, 21.746704052788136, 21.278047547850186, 21.303355658481212, 21.65495830403181, 16.174305232997437], "f": [0.0, 0.78125, 1.5625, 2.34375, 3.125, 3.90625, 4.6875, 5.46875, 6.25, 7.03125, 7.8125, 8.59375, 9.375, 10.15625, 10.9375, 11.71875, 12.5, 13.28125, 14.0625, 14.84375, 15.625, 16.40625, 17.1875, 17.96875, 18.75, 19.53125, 20.3125, 21.09375, 21.875, 22.65625, 23.4375, 24.21875, 25.0, 25.78125, 26.5625, 27.34375, 28.125, 28.90625, 29.6875, 30.46875, 31.25, 32.03125, 32.8125, 33.59375, 34.375, 35.15625, 35.9375, 36.71875, 37.5, 38.28125, 39.0625, 39.84375, 40.625, 41.40625, 42.1875, 42.96875, 43.75, 44.53125, 45.3125, 46.09375, 46.875, 47.65625, 48.4375, 49.21875, 50.0, 50.78125, 51.5625, 52.34375, 53.125, 53.90625, 54.6875, 55.46875, 56.25, 57.03125, 57.8125, 58.59375, 59.375, 60.15625, 60.9375, 61.71875, 62.5, 63.28125, 64.0625, 64.84375, 65.625, 66.40625, 67.1875, 67.96875, 68.75, 69.53125, 70.3125, 71.09375, 71.875, 72.65625, 73.4375, 74.21875, 75.0, 75.78125, 76.5625, 77.34375, 78.125, 78.90625, 79.6875, 80.46875, 81.25, 82.03125, 82.8125, 83.59375, 84.375, 85.15625, 85.9375, 86.71875, 87.5, 88.28125, 89.0625, 89.84375, 90.625, 91.40625, 92.1875, 92.96875, 93.75, 94.53125, 95.3125, 96.09375, 96.875, 97.65625, 98.4375, 99.21875, 100.0]}