{"psd": [65.19937017680269, 73.99147216719798, 69.41813764842142, 65.03770132785901, 60.02600903994157, 55.17321396464314, 51.50152420614682, 50.17173842823334, 50.93194463430295, 53.59447448116669, 55.58350556627924, 54.12381425272358, 53.888890017730226, 54.080068926703014, 54.64377222959334, 54.59887582433815, 55.041691337380236, 55.854563139412264, 56.45222329529987, 58.32300949538308, 60.789420155299744, 59.631067653285655, 59.77774828753863, 61.19253825108589, 60.513037646804705, 60.37048008701611, 60.89236933214884, 62.31965232219332, 63.87867057554218, 68.25806900277381, 69.80437982575945, 66.74238035135203, 64.64076290846025, 65.13455912053067, 65.65570444338577, 66.24391426350938, 66.08003889935208, 65.2729469918644, 66.89146635505318, 72.37525864225495, 72.59713377085431, 67.62675964648454, 65.65128713777958, 64.89875321252799, 64.96966106666156, 65.47372539326832, 66.26523609328005, 66.98657400936537, 68.83215090275438, 71.32375257474918, 71.17389864487406, 68.78099776294225, 66.9572233639374, 66.65515004107037, 66.11719806453263, 66.20640722283119, 66.68981326232414, 66.29281103691007, 65.69536440461275, 65.45233108493844, 65.10480895348161, 65.17524834017534, 64.89004733566202, 64.31865317451037, 64.54215166009723, 64.82511929236664, 65.46957143977187, 64.92142902516625, 64.54293771206723, 64.44753001340153, 64.62913771901366, 64.7120385837209, 63.52969421247578, 63.93655489767304, 64.73279347758452, 67.06018591382471, 66.92616259426738, 66.29010958984479, 65.19372039586369, 64.49283611832648, 64.6941623993267, 64.86609829904788, 64.94757335067179, 64.35424126518814, 64.28508917006185, 63.99213231103242, 64.06248521281647, 64.55874817468703, 64.21148778135942, 64.367577369703, 64.65279084856772, 64.36504346751335, 64.62726914872745, 64.43769999331656, 64.57188951625996, 65.2319817899086, 64.76515766976783, 64.78925404541934, 65.1155707577316, 65.31061415819381, 65.18853913771595, 65.53045216802371, 65.91969950289864, 65.56362248212876, 65.63062051541253, 65.92633020254502, 66.33013612178534, 66.68855620687052, 66.5675938299027, 65.7505606435075, 65.5698590811704, 64.75605237966397, 64.34235903023585, 63.39090559700387, 62.1889191082808, 60.97424629503876, 58.37981000573816, 55.19199943047076, 51.40020221787489, 46.93598134381905, 41.59972079727579, 35.04595912251383, 28.46683765685231, 23.757474589911865, 21.938816311846125, 21.937397215749765, 21.45787933624563, 21.66258373780126, 17.07297652652814], "f": [0.0, 0.78125, 1.5625, 2.34375, 3.125, 3.90625, 4.6875, 5.46875, 6.25, 7.03125, 7.8125, 8.59375, 9.375, 10.15625, 10.9375, 11.71875, 12.5, 13.28125, 14.0625, 14.84375, 15.625, 16.40625, 17.1875, 17.96875, 18.75, 19.53125, 20.3125, 21.09375, 21.875, 22.65625, 23.4375, 24.21875, 25.0, 25.78125, 26.5625, 27.34375, 28.125, 28.90625, 29.6875, 30.46875, 31.25, 32.03125, 32.8125, 33.59375, 34.375, 35.15625, 35.9375, 36.71875, 37.5, 38.28125, 39.0625, 39.84375, 40.625, 41.40625, 42.1875, 42.96875, 43.75, 44.53125, 45.3125, 46.09375, 46.875, 47.65625, 48.4375, 49.21875, 50.0, 50.78125, 51.5625, 52.34375, 53.125, 53.90625, 54.6875, 55.46875, 56.25, 57.03125, 57.8125, 58.59375, 59.375, 60.15625, 60.9375, 61.71875, 62.5, 63.28125, 64.0625, 64.84375, 65.625, 66.40625, 67.1875, 67.96875, 68.75, 69.53125, 70.3125, 71.09375, 71.875, 72.65625, 73.4375, 74.21875, 75.0, 75.78125, 76.5625, 77.34375, 78.125, 78.90625, 79.6875, 80.46875, 81.25, 82.03125, 82.8125, 83.59375, 84.375, 85.15625, 85.9375, 86.71875, 87.5, 88.28125, 89.0625, 89.84375, 90.625, 91.40625, 92.1875, 92.96875, 93.75, 94.53125, 95.3125, 96.09375, 96.875, 97.65625, 98.4375, 99.21875, 100.0]}