{"psd": [55.39765133527322, 65.23391964294579, 58.03475900516139, 55.40485292306898, 52.382532960236894, 49.07634354269505, 45.59705998397418, 43.98875880801167, 43.767242639511615, 44.66323553396138, 48.13371176874853, 47.96928058523005, 47.185617656398584, 51.38945528899537, 52.97333822346285, 50.636579284980186, 52.365983088497934, 56.48315235669193, 55.1198305915553, 52.15592756105049, 54.90693910490145, 55.6923900633725, 55.90487303431477, 55.153863524566866, 52.07474794870454, 51.51770641027011, 52.407314706328734, 53.21840737133526, 52.7442318879912, 53.62851610860753, 55.236748678998794, 56.19078388547901, 55.22436076988303, 55.721110619240584, 55.37898806004232, 55.489804751497616, 56.229516381072784, 59.943263018459014, 66.2319713259759, 64.42178084432737, 58.48618254683272, 59.25794509084659, 58.799755107724394, 58.445635814357374, 58.308080512224066, 60.87450811601633, 60.36384795797126, 59.00756577920107, 64.39743715109597, 68.10300551801747, 62.94813464998826, 62.82614191854434, 62.808669548503495, 61.99376564797775, 60.61973827124861, 60.44675169460537, 60.3429206858386, 68.3191013481732, 69.45310584415537, 62.265007158190286, 61.95103309531285, 62.89788471444882, 62.737673526131886, 62.008492010147656, 62.5615737103719, 62.29633394435975, 61.398710897300646, 61.671707787926834, 62.286642791523406, 62.491312700658625, 63.405683534877035, 62.793294005936076, 62.55362828835181, 61.637350940479465, 68.14179947432744, 75.71339378103187, 85.24629219544637, 83.08534199524239, 70.89075047488446, 65.87596241223751, 62.502062196003685, 62.34960203081884, 65.9912500809982, 70.66745682352779, 65.88290234112785, 60.86184115131801, 61.845570264579266, 63.60260559822603, 63.58594239073082, 64.1976674389078, 65.51800798555351, 65.25935333799717, 63.95733341601675, 62.1909539817403, 61.42578260400127, 68.20623851261564, 73.02908356571618, 68.15170167835048, 63.723695416354964, 63.24539228736401, 63.262238821693614, 62.45514607386692, 62.31859013584348, 62.75561874285262, 62.14801193917956, 62.64710269804637, 62.75676391591499, 62.40892416869869, 61.988430308464885, 63.66208142101546, 62.69846554358629, 61.507950084251924, 60.94308759567799, 61.54106583275231, 63.56679652962215, 70.22043306537395, 66.6727456492285, 51.07143814083158, 46.57947480751676, 42.54435542457725, 37.608099096905775, 31.95641278466512, 25.81431709788668, 22.492096008052762, 21.89847993625061, 21.178117469008274, 21.500822870522573, 21.16739445355258, 16.13016641366961], "f": [0.0, 0.78125, 1.5625, 2.34375, 3.125, 3.90625, 4.6875, 5.46875, 6.25, 7.03125, 7.8125, 8.59375, 9.375, 10.15625, 10.9375, 11.71875, 12.5, 13.28125, 14.0625, 14.84375, 15.625, 16.40625, 17.1875, 17.96875, 18.75, 19.53125, 20.3125, 21.09375, 21.875, 22.65625, 23.4375, 24.21875, 25.0, 25.78125, 26.5625, 27.34375, 28.125, 28.90625, 29.6875, 30.46875, 31.25, 32.03125, 32.8125, 33.59375, 34.375, 35.15625, 35.9375, 36.71875, 37.5, 38.28125, 39.0625, 39.84375, 40.625, 41.40625, 42.1875, 42.96875, 43.75, 44.53125, 45.3125, 46.09375, 46.875, 47.65625, 48.4375, 49.21875, 50.0, 50.78125, 51.5625, 52.34375, 53.125, 53.90625, 54.6875, 55.46875, 56.25, 57.03125, 57.8125, 58.59375, 59.375, 60.15625, 60.9375, 61.71875, 62.5, 63.28125, 64.0625, 64.84375, 65.625, 66.40625, 67.1875, 67.96875, 68.75, 69.53125, 70.3125, 71.09375, 71.875, 72.65625, 73.4375, 74.21875, 75.0, 75.78125, 76.5625, 77.34375, 78.125, 78.90625, 79.6875, 80.46875, 81.25, 82.03125, 82.8125, 83.59375, 84.375, 85.15625, 85.9375, 86.71875, 87.5, 88.28125, 89.0625, 89.84375, 90.625, 91.40625, 92.1875, 92.96875, 93.75, 94.53125, 95.3125, 96.09375, 96.875, 97.65625, 98.4375, 99.21875, 100.0]}