{"psd": [53.42513221317244, 62.29310151689673, 58.46884050622246, 55.76356362772085, 52.63016052597527, 48.94762408157324, 45.23266905895817, 41.945531659971216, 40.86368025791539, 42.69952155162425, 45.80476470666902, 44.907830728627346, 45.45380497753012, 46.80522212220335, 45.05708605244354, 45.50633188635995, 46.53860829718078, 46.593188904520304, 47.13892508660189, 49.31266474722122, 49.491815759190445, 47.80382824036208, 48.88345940721049, 47.897839319192684, 46.87036802824934, 49.442006819938584, 51.10291256332342, 49.98819216398235, 50.90967150436554, 51.97545220316337, 52.145824107378445, 53.541491777541246, 54.56460936654479, 54.70518848659048, 54.47361145036807, 53.515587812427924, 53.02933614532002, 55.784159628228025, 63.74206844526388, 62.55953168742349, 54.657364265043846, 54.03998065643607, 54.2770146628676, 53.66142744951568, 53.41286095322536, 54.309520084768664, 54.66504855346781, 53.87844470944493, 54.249253761676506, 55.11863458670632, 55.34203312864585, 54.90152565546158, 54.89575126275376, 54.92367241496397, 55.711614462428905, 55.76140249400182, 57.17166006423656, 62.50488166375253, 62.577485875856844, 57.425424894244735, 56.18702898727348, 55.63677319151846, 55.23371880293685, 56.28327270037264, 57.50983000079843, 58.19823888358971, 58.09080825304528, 57.87808992232108, 58.43143219922551, 56.634778394967746, 56.37467189407539, 57.18711119111728, 57.29710636663956, 56.332038625820005, 60.14011027944552, 64.59590763103886, 72.08868785176632, 71.1868738850106, 66.34477284415779, 61.04202622797552, 56.64365126910574, 57.71226047103028, 58.47778480231624, 59.79518846360694, 57.70207607834546, 55.94956913811981, 56.55451866878582, 59.12182564752289, 57.965858064544406, 56.208173852261226, 56.87854422871814, 56.360411689390446, 55.915953744056644, 56.52502670945794, 57.03185425349005, 59.660491045027584, 63.74821977535643, 63.34904639377686, 65.10062234447717, 59.540315294965474, 57.06691552606809, 56.73888767919556, 56.49686304719878, 55.95057462326105, 56.55929175978818, 56.34541934196264, 56.72760067376491, 57.05339509416827, 55.922443798797666, 55.91448359059669, 56.527283581077484, 55.68696190144962, 55.053344920130705, 57.27602971042512, 56.61765828209642, 56.57797874953247, 53.56839775735284, 46.49843675981341, 42.389308752233404, 37.484005941151906, 32.6367986361785, 27.726203536885976, 23.407714521026747, 21.82594704381904, 21.739026786249344, 21.51732066162331, 21.777745578440864, 21.762961897452048, 16.411425374189296], "f": [0.0, 0.78125, 1.5625, 2.34375, 3.125, 3.90625, 4.6875, 5.46875, 6.25, 7.03125, 7.8125, 8.59375, 9.375, 10.15625, 10.9375, 11.71875, 12.5, 13.28125, 14.0625, 14.84375, 15.625, 16.40625, 17.1875, 17.96875, 18.75, 19.53125, 20.3125, 21.09375, 21.875, 22.65625, 23.4375, 24.21875, 25.0, 25.78125, 26.5625, 27.34375, 28.125, 28.90625, 29.6875, 30.46875, 31.25, 32.03125, 32.8125, 33.59375, 34.375, 35.15625, 35.9375, 36.71875, 37.5, 38.28125, 39.0625, 39.84375, 40.625, 41.40625, 42.1875, 42.96875, 43.75, 44.53125, 45.3125, 46.09375, 46.875, 47.65625, 48.4375, 49.21875, 50.0, 50.78125, 51.5625, 52.34375, 53.125, 53.90625, 54.6875, 55.46875, 56.25, 57.03125, 57.8125, 58.59375, 59.375, 60.15625, 60.9375, 61.71875, 62.5, 63.28125, 64.0625, 64.84375, 65.625, 66.40625, 67.1875, 67.96875, 68.75, 69.53125, 70.3125, 71.09375, 71.875, 72.65625, 73.4375, 74.21875, 75.0, 75.78125, 76.5625, 77.34375, 78.125, 78.90625, 79.6875, 80.46875, 81.25, 82.03125, 82.8125, 83.59375, 84.375, 85.15625, 85.9375, 86.71875, 87.5, 88.28125, 89.0625, 89.84375, 90.625, 91.40625, 92.1875, 92.96875, 93.75, 94.53125, 95.3125, 96.09375, 96.875, 97.65625, 98.4375, 99.21875, 100.0]}