{"psd": [51.5468602822414, 59.52906725650919, 57.956120182524714, 56.006693794973884, 53.176816163386164, 50.60580337922897, 47.91937839432482, 46.427517524389174, 46.65395356687124, 49.27598830916969, 49.78435137768227, 51.52427145627742, 55.1808984488668, 54.38976544935616, 52.64546981484567, 53.31392638790871, 53.40523441099598, 54.218493250219375, 54.61155915095319, 56.098484969561454, 55.83911576926448, 55.435825019074485, 55.54780692947401, 56.07059967462511, 57.15676272386649, 58.38047490458397, 57.37269598607099, 56.94445957402906, 57.21508729021028, 57.523865935470354, 57.558876509724186, 58.10066001325926, 59.44127053665842, 59.94223124563269, 58.35928616235268, 58.048917696207944, 58.99281552991362, 61.52109935646088, 61.99892453106518, 60.18466431626676, 58.927091497203286, 59.298729589579594, 59.32565808405616, 58.46198122143936, 58.99505021140837, 59.783988969809386, 60.191343994040764, 60.509298143694686, 64.66138259168741, 68.15086019346083, 65.5886183540009, 62.16260066587306, 61.69368297135116, 61.78472907335751, 62.00082571659125, 61.86879356179567, 62.0774155122995, 63.37369299903308, 64.20761451395495, 62.92959035342065, 62.767429067802084, 63.075803042554, 62.801364518606746, 62.24779986215815, 61.93475945113956, 62.79285347933964, 62.51614245384032, 62.739081818708556, 61.70262487374876, 61.57121777054357, 61.79372738140499, 60.670481546128265, 61.12218508340602, 61.14051038981095, 62.30797638763863, 72.00126638388664, 81.53868794511722, 79.39760419343527, 64.64302599301308, 60.73878960917455, 59.03855408589919, 58.77008476341856, 59.142221341618786, 60.55467538158617, 59.15789913071451, 57.75026369729232, 58.89673743602813, 58.71832931268987, 57.67810382192967, 57.76193472688949, 57.62499836771865, 57.46880146138959, 57.561720627943124, 59.013497020569915, 59.266441344691636, 66.63813418624495, 71.43607209805373, 65.76701705262249, 57.41367753372935, 57.37554632005518, 57.68799886871921, 57.88194422765567, 58.929182568984864, 59.55751730180961, 59.17149770083182, 59.39974932472798, 59.52406726006187, 59.20044933169392, 58.976165589258, 59.223318007386716, 58.740018123090096, 57.94659738677076, 57.76517033301659, 56.79936394065063, 56.653755643022244, 60.106562604511566, 56.07500264597399, 47.20038100368491, 43.959734319893585, 39.81827029102691, 34.168059197948736, 27.74723942470006, 23.87735356472566, 22.011464604374687, 21.393013038269515, 21.55682034714934, 21.85619102839045, 21.280780681961108, 16.553250841454624], "f": [0.0, 0.78125, 1.5625, 2.34375, 3.125, 3.90625, 4.6875, 5.46875, 6.25, 7.03125, 7.8125, 8.59375, 9.375, 10.15625, 10.9375, 11.71875, 12.5, 13.28125, 14.0625, 14.84375, 15.625, 16.40625, 17.1875, 17.96875, 18.75, 19.53125, 20.3125, 21.09375, 21.875, 22.65625, 23.4375, 24.21875, 25.0, 25.78125, 26.5625, 27.34375, 28.125, 28.90625, 29.6875, 30.46875, 31.25, 32.03125, 32.8125, 33.59375, 34.375, 35.15625, 35.9375, 36.71875, 37.5, 38.28125, 39.0625, 39.84375, 40.625, 41.40625, 42.1875, 42.96875, 43.75, 44.53125, 45.3125, 46.09375, 46.875, 47.65625, 48.4375, 49.21875, 50.0, 50.78125, 51.5625, 52.34375, 53.125, 53.90625, 54.6875, 55.46875, 56.25, 57.03125, 57.8125, 58.59375, 59.375, 60.15625, 60.9375, 61.71875, 62.5, 63.28125, 64.0625, 64.84375, 65.625, 66.40625, 67.1875, 67.96875, 68.75, 69.53125, 70.3125, 71.09375, 71.875, 72.65625, 73.4375, 74.21875, 75.0, 75.78125, 76.5625, 77.34375, 78.125, 78.90625, 79.6875, 80.46875, 81.25, 82.03125, 82.8125, 83.59375, 84.375, 85.15625, 85.9375, 86.71875, 87.5, 88.28125, 89.0625, 89.84375, 90.625, 91.40625, 92.1875, 92.96875, 93.75, 94.53125, 95.3125, 96.09375, 96.875, 97.65625, 98.4375, 99.21875, 100.0]}