{"psd": [55.84966527914438, 64.94806501923424, 64.20639088476479, 62.21122709094884, 58.062103911695864, 53.142151864234776, 48.48694705640875, 46.153516095189985, 46.76105817616404, 48.508213500652985, 52.386123691908615, 55.39990238213602, 52.99274057726577, 51.93377628287318, 51.93254049995504, 50.78369744756638, 52.268475993444525, 52.46444697859705, 61.911905355188324, 66.90371555994494, 62.07541918332961, 56.88192808240646, 57.515453513140784, 57.73578896366785, 58.37180322248577, 59.89347562037145, 59.56836420443406, 59.70936938328107, 59.94846504625842, 60.382354731747085, 61.985407675895765, 62.05916341806966, 60.29389780218715, 59.19478772405937, 58.699626223092345, 59.66160189287446, 60.52047754641443, 63.35612316710283, 63.38728609078242, 61.22360431533529, 60.41391830316123, 59.8890098341688, 59.97837294191957, 60.63737922638058, 60.71655445611849, 59.90918255441588, 61.01549171405157, 60.79935513520447, 61.149729401620085, 62.73908670781785, 63.43012717437891, 62.800315224420864, 61.95732596684425, 62.38820464078933, 63.37482142710072, 62.64720641341797, 61.731560386854355, 62.42239539880775, 62.30355872891137, 62.30443962738464, 62.74797915633913, 62.459614020861416, 63.13084150946972, 62.60001181285014, 62.08439304098263, 61.91087376457378, 61.39045627656243, 62.58168978477446, 62.84630434678216, 61.8943728197827, 63.308911754327745, 62.248764981877756, 61.36075575873717, 62.5269306564158, 63.20141404440182, 65.56355575309682, 66.0321612026605, 66.05575424627212, 64.57519181136786, 63.3665963234235, 62.85151286989765, 64.0308646435121, 64.30318390855048, 63.360163496033465, 62.580117550541424, 62.83708392155602, 63.59299012686979, 64.01393229299418, 63.841170386118804, 63.45147326362817, 63.10045340042439, 64.208243092489, 64.97866887760827, 64.7029957962753, 65.17380027295258, 65.91255231345757, 65.80507307698252, 67.27080662047786, 67.5968290254872, 65.92994048795748, 65.7978145359929, 65.93506833453397, 65.94928836868401, 65.53853678979019, 64.63606651058473, 64.96177898073492, 65.3623358042349, 63.80133653890499, 63.459177386605504, 62.75143031521714, 62.19406718241059, 62.42309720899404, 62.00589875197727, 60.66315917793488, 60.53012621036281, 60.651697537712664, 57.41122600196624, 53.26613490091393, 49.076349825274775, 45.08630001872363, 40.17757657257464, 33.02506371165245, 26.941282986421662, 23.22099906761801, 21.586119451198215, 21.25651110866503, 21.778055471670413, 21.786222433731126, 16.931076798730516], "f": [0.0, 0.78125, 1.5625, 2.34375, 3.125, 3.90625, 4.6875, 5.46875, 6.25, 7.03125, 7.8125, 8.59375, 9.375, 10.15625, 10.9375, 11.71875, 12.5, 13.28125, 14.0625, 14.84375, 15.625, 16.40625, 17.1875, 17.96875, 18.75, 19.53125, 20.3125, 21.09375, 21.875, 22.65625, 23.4375, 24.21875, 25.0, 25.78125, 26.5625, 27.34375, 28.125, 28.90625, 29.6875, 30.46875, 31.25, 32.03125, 32.8125, 33.59375, 34.375, 35.15625, 35.9375, 36.71875, 37.5, 38.28125, 39.0625, 39.84375, 40.625, 41.40625, 42.1875, 42.96875, 43.75, 44.53125, 45.3125, 46.09375, 46.875, 47.65625, 48.4375, 49.21875, 50.0, 50.78125, 51.5625, 52.34375, 53.125, 53.90625, 54.6875, 55.46875, 56.25, 57.03125, 57.8125, 58.59375, 59.375, 60.15625, 60.9375, 61.71875, 62.5, 63.28125, 64.0625, 64.84375, 65.625, 66.40625, 67.1875, 67.96875, 68.75, 69.53125, 70.3125, 71.09375, 71.875, 72.65625, 73.4375, 74.21875, 75.0, 75.78125, 76.5625, 77.34375, 78.125, 78.90625, 79.6875, 80.46875, 81.25, 82.03125, 82.8125, 83.59375, 84.375, 85.15625, 85.9375, 86.71875, 87.5, 88.28125, 89.0625, 89.84375, 90.625, 91.40625, 92.1875, 92.96875, 93.75, 94.53125, 95.3125, 96.09375, 96.875, 97.65625, 98.4375, 99.21875, 100.0]}