{"psd": [54.72132551619049, 62.82278985608069, 61.292882377827205, 58.944735840405755, 55.80863631221675, 51.36103049442906, 47.34635492054721, 46.07895665948736, 46.864551759246574, 46.84556431982558, 46.829380548836255, 50.58449880474464, 55.873593367394534, 61.358783608450736, 57.15684601916234, 51.650974286168, 54.248768636372446, 56.89220658380097, 56.99782252498729, 52.67931801156511, 54.26847365255588, 54.06228680176599, 53.36595392504353, 52.52687892246618, 52.48755767182107, 52.437997228828735, 52.24257166749353, 53.45565055110687, 54.49940936880198, 53.35342714385905, 54.59281414630937, 55.21601702220651, 56.06845766721932, 57.05937989551985, 56.505063676472346, 56.5767432976258, 56.03739693607815, 56.438775457100114, 58.12764876294493, 58.3597372092583, 57.901719676717235, 59.032758526510285, 60.28879158434808, 59.14041815980626, 58.45480145979885, 58.55544836892876, 59.56354952460255, 60.1921384293967, 60.87672324293506, 61.12340543281289, 60.53532921356889, 60.07594876315879, 62.015564184184555, 62.65566163478886, 62.412116164695405, 62.359599193767686, 61.32532241512864, 63.31001460006534, 64.13630672907234, 62.20536198464217, 61.30598415739608, 61.375701418206525, 61.9052341381484, 62.089594819224644, 61.66628119265476, 60.81909631399605, 61.35169104035018, 60.584666108426184, 61.31459026724556, 62.25284878599454, 60.81482390427675, 61.95513040024058, 61.5862619446403, 60.954632845138875, 62.30590545541618, 67.31419004642726, 76.91236930848932, 75.62467514287553, 65.64855738217841, 63.52310809962859, 63.59899299640443, 62.64248793105129, 62.49137680481954, 65.71165344255593, 63.98383898485446, 63.1010188231501, 63.07795610765833, 63.270415856135045, 63.08848961434319, 65.90513827590694, 67.72245888187724, 66.55703062122915, 66.12503003928009, 67.87937977275901, 69.87371424370083, 71.19108064652936, 71.39792429669848, 68.25155019941197, 66.79758960913625, 67.13064715700658, 69.13826843310058, 69.43272268995366, 67.5093392543362, 66.02539168278274, 65.93466400910648, 67.4647108433126, 67.41944957754274, 65.75718868355838, 65.79862895285054, 67.64606855142641, 68.69857126219627, 68.38710231914163, 67.25343597866907, 64.8503537262194, 63.562127924617485, 63.63067565598846, 62.14877114856503, 57.39749295630348, 52.13176039986035, 47.33547904346761, 42.34116765118783, 37.412602133815945, 29.605462695508162, 23.196036931518943, 21.859916816293257, 21.87720122316177, 21.648837444602968, 21.395402685218702, 16.649074083107173], "f": [0.0, 0.78125, 1.5625, 2.34375, 3.125, 3.90625, 4.6875, 5.46875, 6.25, 7.03125, 7.8125, 8.59375, 9.375, 10.15625, 10.9375, 11.71875, 12.5, 13.28125, 14.0625, 14.84375, 15.625, 16.40625, 17.1875, 17.96875, 18.75, 19.53125, 20.3125, 21.09375, 21.875, 22.65625, 23.4375, 24.21875, 25.0, 25.78125, 26.5625, 27.34375, 28.125, 28.90625, 29.6875, 30.46875, 31.25, 32.03125, 32.8125, 33.59375, 34.375, 35.15625, 35.9375, 36.71875, 37.5, 38.28125, 39.0625, 39.84375, 40.625, 41.40625, 42.1875, 42.96875, 43.75, 44.53125, 45.3125, 46.09375, 46.875, 47.65625, 48.4375, 49.21875, 50.0, 50.78125, 51.5625, 52.34375, 53.125, 53.90625, 54.6875, 55.46875, 56.25, 57.03125, 57.8125, 58.59375, 59.375, 60.15625, 60.9375, 61.71875, 62.5, 63.28125, 64.0625, 64.84375, 65.625, 66.40625, 67.1875, 67.96875, 68.75, 69.53125, 70.3125, 71.09375, 71.875, 72.65625, 73.4375, 74.21875, 75.0, 75.78125, 76.5625, 77.34375, 78.125, 78.90625, 79.6875, 80.46875, 81.25, 82.03125, 82.8125, 83.59375, 84.375, 85.15625, 85.9375, 86.71875, 87.5, 88.28125, 89.0625, 89.84375, 90.625, 91.40625, 92.1875, 92.96875, 93.75, 94.53125, 95.3125, 96.09375, 96.875, 97.65625, 98.4375, 99.21875, 100.0]}