{"psd": [59.32610374080483, 68.7634078929307, 61.898679533224, 57.44595274569295, 55.02436711126971, 52.048144406150115, 48.99144640328725, 47.14024945199829, 48.83606099909092, 49.45662074626192, 49.79880814708573, 50.840143614024534, 53.242358679603505, 54.5053263470222, 54.3890430664207, 55.72503006914063, 52.6544023387783, 54.60555859716238, 58.54600159122025, 58.787668311300806, 59.28820605690046, 63.82185707533972, 64.31451929173626, 63.325861778584795, 63.8029352907357, 63.42413924434499, 64.42859096665137, 63.92161500531678, 63.943954178464615, 63.11379144647451, 67.8229444512314, 68.28738229729626, 62.73490864959612, 61.635364731249574, 62.159441610330646, 62.3552777208575, 63.74016997666517, 64.18966302011987, 64.24299956201729, 62.68801078219366, 62.40415634890451, 63.67026620468945, 61.89177083296005, 60.26997718896568, 61.58103434998572, 64.01504848255577, 65.80552269030301, 66.07220350139963, 64.41533586147327, 62.4470262802096, 61.92773070230999, 61.70843304633647, 62.3570049369812, 63.960921172434084, 65.86754363373575, 66.82195060144838, 66.18035699481555, 65.32210112902115, 65.01411265181896, 65.36177497112384, 64.73697816310182, 64.32425767974392, 64.44181793603354, 63.88350301603722, 64.72858192068482, 63.53814836084649, 62.69242539862933, 62.32313740136441, 62.80247508530583, 63.36642348577471, 63.163282857612884, 61.27054176056472, 60.571291143620265, 60.76495522414213, 61.104668223689835, 64.43908188930867, 64.28810348703598, 62.90652297553254, 61.581289177313785, 61.099371956218704, 60.25568804242464, 60.03022043508103, 59.53932894888516, 59.20698535765969, 59.46223014160704, 59.33966077565674, 60.191397073614006, 59.91368568231648, 60.01550225735006, 59.78144792359891, 59.3165695092618, 59.73121708524018, 59.8760102306519, 60.70388452991013, 60.744337799338524, 61.742405574136434, 62.543769062196084, 62.45352051765944, 61.549830215674454, 61.42547115743068, 61.63051489514043, 62.225819107606426, 61.56182087107507, 61.329056695766596, 60.75904145569911, 61.53552749529547, 61.505197327400055, 60.84286093250232, 59.957655757517216, 59.453434832829195, 58.58562771101128, 58.22128413351827, 57.86438206026787, 56.58660429271647, 55.62416764403484, 56.44986785652962, 53.632512907198745, 47.75028289932792, 43.653173166853065, 38.492600198396545, 33.44690659742687, 27.861967799996776, 23.468088105186947, 22.135805522537296, 21.444516705024476, 21.236898577392576, 21.609050118815656, 21.292990974413616, 16.85905897631211], "f": [0.0, 0.78125, 1.5625, 2.34375, 3.125, 3.90625, 4.6875, 5.46875, 6.25, 7.03125, 7.8125, 8.59375, 9.375, 10.15625, 10.9375, 11.71875, 12.5, 13.28125, 14.0625, 14.84375, 15.625, 16.40625, 17.1875, 17.96875, 18.75, 19.53125, 20.3125, 21.09375, 21.875, 22.65625, 23.4375, 24.21875, 25.0, 25.78125, 26.5625, 27.34375, 28.125, 28.90625, 29.6875, 30.46875, 31.25, 32.03125, 32.8125, 33.59375, 34.375, 35.15625, 35.9375, 36.71875, 37.5, 38.28125, 39.0625, 39.84375, 40.625, 41.40625, 42.1875, 42.96875, 43.75, 44.53125, 45.3125, 46.09375, 46.875, 47.65625, 48.4375, 49.21875, 50.0, 50.78125, 51.5625, 52.34375, 53.125, 53.90625, 54.6875, 55.46875, 56.25, 57.03125, 57.8125, 58.59375, 59.375, 60.15625, 60.9375, 61.71875, 62.5, 63.28125, 64.0625, 64.84375, 65.625, 66.40625, 67.1875, 67.96875, 68.75, 69.53125, 70.3125, 71.09375, 71.875, 72.65625, 73.4375, 74.21875, 75.0, 75.78125, 76.5625, 77.34375, 78.125, 78.90625, 79.6875, 80.46875, 81.25, 82.03125, 82.8125, 83.59375, 84.375, 85.15625, 85.9375, 86.71875, 87.5, 88.28125, 89.0625, 89.84375, 90.625, 91.40625, 92.1875, 92.96875, 93.75, 94.53125, 95.3125, 96.09375, 96.875, 97.65625, 98.4375, 99.21875, 100.0]}