{"psd": [52.870733264617826, 61.67243431562798, 61.13440419300747, 58.55937227491683, 54.912848555208676, 51.41952451763886, 46.81175426899665, 44.284487837304496, 43.652340389365975, 44.427473476854786, 48.07547124097022, 52.250501720208405, 59.05806142030437, 58.50212593718272, 55.57467102354182, 57.35444631963077, 52.17895590165754, 55.334382571506914, 54.20394997292263, 52.100116477700176, 51.70071308179176, 53.478218867692306, 54.01960139128509, 55.26925182082611, 63.09338806368536, 67.40809495358609, 62.22308818645017, 56.7576209940765, 55.52779833884976, 56.36743021488531, 56.082795297377274, 55.62360923582811, 56.69007598637744, 57.94823428027943, 63.02218718337074, 63.58408401220139, 63.019546210893026, 67.95106383445243, 67.75002834312916, 64.43489161493733, 62.004665676809026, 64.07527640293628, 64.63768112108313, 62.61804147377706, 63.44433321112923, 67.04532230332171, 68.95595311556362, 67.74599972206596, 69.94986728586268, 75.79801923302766, 78.13783564736302, 74.29642457506995, 71.00806881824649, 69.8130005830156, 70.98156049619173, 69.34682440190592, 68.19705341087136, 69.59329499161097, 72.00067513238577, 70.39007673988868, 68.39635335541386, 67.79573448848804, 69.5621832936067, 68.77923808469143, 66.58235586904341, 65.57071581561306, 65.59335791373005, 65.42255155383599, 64.84135318497886, 65.53019941690084, 64.86368615454171, 63.95571349622324, 63.38805020089062, 63.45743193789823, 64.40740216491973, 69.9937410400706, 78.07086582922469, 76.16271252462923, 65.91091405638421, 63.728621860643564, 62.097788422410794, 62.043769613074645, 62.08883174568306, 62.36884199584884, 61.69385616279505, 61.19404308596196, 61.33789066267235, 61.935283535535135, 62.05908952708506, 61.405518562367675, 61.37361964937025, 61.43112511546248, 61.12849593430356, 61.04423506793797, 61.86477999616089, 62.750380138642285, 64.72830408158595, 61.97798191839859, 60.46401809764088, 61.02472015758725, 60.424564844694586, 61.14716339826642, 61.73605617167989, 61.502233328956486, 61.74964036207767, 62.05963224466537, 61.25528445245328, 61.72881151365083, 61.61877010280497, 61.11880052360358, 60.68046579752231, 59.53028505975218, 59.536714106833344, 58.70952692526967, 59.056264220441996, 64.4172375486618, 61.02517415947677, 49.342487289684904, 45.521116962560626, 41.082261040109735, 35.44008603178185, 29.902342382412645, 25.05474202719606, 22.73165689712821, 21.361471498561674, 21.773536631836862, 21.5068292932744, 21.451723275233057, 16.74944772364326], "f": [0.0, 0.78125, 1.5625, 2.34375, 3.125, 3.90625, 4.6875, 5.46875, 6.25, 7.03125, 7.8125, 8.59375, 9.375, 10.15625, 10.9375, 11.71875, 12.5, 13.28125, 14.0625, 14.84375, 15.625, 16.40625, 17.1875, 17.96875, 18.75, 19.53125, 20.3125, 21.09375, 21.875, 22.65625, 23.4375, 24.21875, 25.0, 25.78125, 26.5625, 27.34375, 28.125, 28.90625, 29.6875, 30.46875, 31.25, 32.03125, 32.8125, 33.59375, 34.375, 35.15625, 35.9375, 36.71875, 37.5, 38.28125, 39.0625, 39.84375, 40.625, 41.40625, 42.1875, 42.96875, 43.75, 44.53125, 45.3125, 46.09375, 46.875, 47.65625, 48.4375, 49.21875, 50.0, 50.78125, 51.5625, 52.34375, 53.125, 53.90625, 54.6875, 55.46875, 56.25, 57.03125, 57.8125, 58.59375, 59.375, 60.15625, 60.9375, 61.71875, 62.5, 63.28125, 64.0625, 64.84375, 65.625, 66.40625, 67.1875, 67.96875, 68.75, 69.53125, 70.3125, 71.09375, 71.875, 72.65625, 73.4375, 74.21875, 75.0, 75.78125, 76.5625, 77.34375, 78.125, 78.90625, 79.6875, 80.46875, 81.25, 82.03125, 82.8125, 83.59375, 84.375, 85.15625, 85.9375, 86.71875, 87.5, 88.28125, 89.0625, 89.84375, 90.625, 91.40625, 92.1875, 92.96875, 93.75, 94.53125, 95.3125, 96.09375, 96.875, 97.65625, 98.4375, 99.21875, 100.0]}