{"psd": [46.01026662462766, 55.1157585877231, 50.53962609941175, 50.34804888930669, 49.57846972164087, 47.21900976480758, 44.69787688144031, 43.650176516544335, 42.488707469566414, 43.17713912374883, 46.47919915089359, 48.901392399938885, 49.752143217032085, 51.17320206997728, 54.208734441318185, 52.47535960597563, 49.06625566305173, 50.368003517368834, 50.94345560247247, 52.118679318133786, 51.044402026017586, 51.34213335478809, 53.232361550119464, 54.89453370338491, 58.0475825248076, 54.94985770183928, 55.042011136705, 54.923575476347615, 54.87253259886924, 56.23346771462235, 56.5897518960314, 57.88641480338124, 59.392067363521846, 60.0739113087284, 59.63996264335705, 61.433552882770556, 63.49400970293252, 61.140616900826586, 64.70062202961208, 64.20958763401048, 62.81958915434633, 62.51523655044319, 61.339392953870856, 63.83082064367948, 64.19528603103592, 62.84568274983919, 63.18230659008003, 63.81602114227494, 68.56662091464428, 69.59749022826213, 63.58696255126438, 63.22220608738462, 63.67827018585177, 62.50457880067313, 62.619999742125074, 62.291970703354885, 62.30643896548669, 64.69541808600685, 64.99180806245602, 64.39511685539219, 65.16130832052164, 64.68274773424174, 64.71086890059588, 63.56177505625301, 64.10322681614493, 64.42555122399291, 64.2198891112794, 65.18330670439883, 63.9168334128626, 66.06369386494558, 67.39886831315138, 72.08135352246134, 72.78279315994683, 68.6302376856595, 66.82404155408642, 67.95711647221749, 72.56511070905549, 71.93521239410943, 64.74798425174671, 62.68502332218931, 63.12166301152284, 63.530244981643946, 63.65064211410866, 64.81776958791477, 63.97451856833981, 62.39829446104339, 62.23245549407602, 61.704099004190745, 60.755039730304006, 60.52843783308499, 60.15778174549767, 60.71649244310674, 61.27333186825246, 62.293667438328214, 61.70759662919676, 64.64045317744996, 69.82876134018798, 65.25199379474459, 61.173548591662595, 61.197910690122725, 61.238318050748966, 60.350468172818, 59.47102084391062, 59.58831755116198, 59.21052089598557, 59.618311864015226, 58.75285304623739, 59.15028086273494, 59.239272916480566, 58.96375104633868, 58.51227771628923, 58.460998352394796, 58.4182709309283, 57.388922787209026, 56.62741385882234, 56.7684284670161, 53.39719975917615, 49.49670274441347, 45.979941280365495, 41.185521564684, 36.299935989666466, 29.994161096196123, 24.433155069931317, 22.375522464534875, 21.80236233451577, 21.433534629979004, 21.641556962887844, 21.686093272073993, 16.49113713002891], "f": [0.0, 0.78125, 1.5625, 2.34375, 3.125, 3.90625, 4.6875, 5.46875, 6.25, 7.03125, 7.8125, 8.59375, 9.375, 10.15625, 10.9375, 11.71875, 12.5, 13.28125, 14.0625, 14.84375, 15.625, 16.40625, 17.1875, 17.96875, 18.75, 19.53125, 20.3125, 21.09375, 21.875, 22.65625, 23.4375, 24.21875, 25.0, 25.78125, 26.5625, 27.34375, 28.125, 28.90625, 29.6875, 30.46875, 31.25, 32.03125, 32.8125, 33.59375, 34.375, 35.15625, 35.9375, 36.71875, 37.5, 38.28125, 39.0625, 39.84375, 40.625, 41.40625, 42.1875, 42.96875, 43.75, 44.53125, 45.3125, 46.09375, 46.875, 47.65625, 48.4375, 49.21875, 50.0, 50.78125, 51.5625, 52.34375, 53.125, 53.90625, 54.6875, 55.46875, 56.25, 57.03125, 57.8125, 58.59375, 59.375, 60.15625, 60.9375, 61.71875, 62.5, 63.28125, 64.0625, 64.84375, 65.625, 66.40625, 67.1875, 67.96875, 68.75, 69.53125, 70.3125, 71.09375, 71.875, 72.65625, 73.4375, 74.21875, 75.0, 75.78125, 76.5625, 77.34375, 78.125, 78.90625, 79.6875, 80.46875, 81.25, 82.03125, 82.8125, 83.59375, 84.375, 85.15625, 85.9375, 86.71875, 87.5, 88.28125, 89.0625, 89.84375, 90.625, 91.40625, 92.1875, 92.96875, 93.75, 94.53125, 95.3125, 96.09375, 96.875, 97.65625, 98.4375, 99.21875, 100.0]}