{"psd": [56.783052892747065, 64.88222501668042, 63.361222771382415, 60.739942900861806, 57.836737298986364, 53.58380606920907, 49.32418853705638, 46.83293560694919, 47.088707704647376, 47.67382185481829, 51.83045046546283, 55.576061687707465, 52.12029343518979, 52.08176574891599, 53.36867455618843, 57.39426784648033, 55.1919489214186, 56.09434935151004, 55.64313405253638, 56.294836932194094, 55.61533648555509, 56.8154142549766, 60.16568688710629, 61.047652678911824, 60.60216869785115, 60.75256169785078, 61.06696362214325, 61.620825217811415, 62.96415685459194, 62.025217905323025, 60.9244222116687, 61.245542620578505, 61.616470511123595, 60.62309191354664, 60.60102099202372, 61.432357460815595, 62.08399466439185, 64.52722296441368, 64.79691204513229, 62.63047471240725, 60.94587533938784, 61.0897979013476, 60.94074589566119, 61.67314726204505, 64.92355915860821, 67.23578912965061, 65.54291640532968, 64.17090115384696, 64.730109718087, 64.15631506497719, 64.25912373257569, 65.99039664152498, 68.65904479020823, 67.99597163086338, 66.88535700142025, 68.20073782455967, 69.1528247192302, 68.50890143964189, 67.38215058230327, 67.63246904752076, 68.50175748599952, 68.1873086816338, 68.7242441711927, 68.97832686860811, 68.03496620403722, 66.30663220400098, 65.7313199933225, 65.521952614894, 64.63520235263896, 64.41294888371134, 65.59128072682809, 65.0496181254182, 64.35652493027716, 64.47942731077332, 66.3063262059735, 69.40311529393699, 69.19378179468181, 69.13994054428235, 65.03487861267766, 63.32153945312514, 63.77352913810319, 63.49051658822846, 63.546670397242195, 63.07827403619241, 63.526187965516286, 62.719702583585715, 62.364071764979585, 61.90256888935885, 60.98081117749771, 61.18986444707981, 61.78161515499717, 61.7232144541029, 61.47447370503493, 61.636405701554594, 62.03849936589929, 62.48578982127892, 63.35625889497688, 61.93711778539353, 61.90169789599442, 61.79946875996428, 62.74377358322259, 63.04911269423788, 62.24894433913423, 61.781569207519354, 62.7971962490945, 62.23450344661546, 61.416859368107346, 61.612800718223625, 61.23186159901425, 60.23056616905973, 60.75955435254234, 61.10079726538214, 61.7279562279368, 59.37120987454307, 59.51326671056389, 59.03573910792793, 55.539832410884216, 50.269715713623064, 46.115756685442555, 41.87433826276656, 37.14356925651691, 30.88840826534995, 25.407278772115696, 22.924017342911686, 21.658812434668345, 21.657767884089637, 21.264344089778167, 21.25201957799581, 16.109896219914052], "f": [0.0, 0.78125, 1.5625, 2.34375, 3.125, 3.90625, 4.6875, 5.46875, 6.25, 7.03125, 7.8125, 8.59375, 9.375, 10.15625, 10.9375, 11.71875, 12.5, 13.28125, 14.0625, 14.84375, 15.625, 16.40625, 17.1875, 17.96875, 18.75, 19.53125, 20.3125, 21.09375, 21.875, 22.65625, 23.4375, 24.21875, 25.0, 25.78125, 26.5625, 27.34375, 28.125, 28.90625, 29.6875, 30.46875, 31.25, 32.03125, 32.8125, 33.59375, 34.375, 35.15625, 35.9375, 36.71875, 37.5, 38.28125, 39.0625, 39.84375, 40.625, 41.40625, 42.1875, 42.96875, 43.75, 44.53125, 45.3125, 46.09375, 46.875, 47.65625, 48.4375, 49.21875, 50.0, 50.78125, 51.5625, 52.34375, 53.125, 53.90625, 54.6875, 55.46875, 56.25, 57.03125, 57.8125, 58.59375, 59.375, 60.15625, 60.9375, 61.71875, 62.5, 63.28125, 64.0625, 64.84375, 65.625, 66.40625, 67.1875, 67.96875, 68.75, 69.53125, 70.3125, 71.09375, 71.875, 72.65625, 73.4375, 74.21875, 75.0, 75.78125, 76.5625, 77.34375, 78.125, 78.90625, 79.6875, 80.46875, 81.25, 82.03125, 82.8125, 83.59375, 84.375, 85.15625, 85.9375, 86.71875, 87.5, 88.28125, 89.0625, 89.84375, 90.625, 91.40625, 92.1875, 92.96875, 93.75, 94.53125, 95.3125, 96.09375, 96.875, 97.65625, 98.4375, 99.21875, 100.0]}