{"psd": [58.03833776779554, 66.72639760612171, 65.01942157527967, 61.77876689920146, 58.66581849777668, 54.591939128910106, 50.67944896146273, 47.02902251643576, 45.97785666208571, 48.19988685712136, 47.834326128881926, 48.679720276407004, 48.6829419912238, 49.16023048183008, 51.84715970038062, 52.6693060213378, 51.83875094113344, 51.3031615630479, 53.374286573151565, 56.04627028807754, 57.00671447990754, 57.18041548535978, 59.682246327251214, 61.78224664913634, 62.63788865771182, 62.89934241236807, 60.96720519946781, 59.49140476164107, 60.51115008073654, 61.50335568774712, 61.341335530763466, 60.60030379107176, 60.20285854892411, 59.907552950802696, 59.820295573909675, 60.47478656246785, 60.83887253255254, 63.06415424135408, 64.7866509641709, 64.52203192303114, 63.35208593400488, 63.665980397939705, 63.340653424471284, 62.283796169138235, 63.59830029431204, 65.42478639110516, 64.72559231420232, 61.77663499612244, 62.42708425024601, 62.186514697588215, 62.16006647190856, 61.566221332569846, 61.92588704031601, 61.96460010634857, 61.79272064343955, 61.53500696790904, 61.03734502186367, 62.47035134464685, 63.67015299523672, 62.23745178206225, 62.45258578829487, 62.76704906056689, 63.52924809154069, 64.42154444864448, 64.19485327423888, 62.62757357709498, 61.927747929104925, 62.63186461101587, 63.473266002656665, 63.643696552980806, 63.67219213424053, 63.008128178379444, 63.00329853386611, 63.772060350489504, 66.69257810956734, 70.08050909833827, 68.66599940430692, 65.18838294111626, 62.90512198325747, 62.57591602355217, 63.048844102689294, 64.56361388132599, 64.2611437928431, 63.01556250606958, 63.50988914335304, 63.71065182747125, 65.72337635740058, 65.82141152782268, 66.9191875709965, 68.40127334141256, 68.5048007356084, 69.51111839949982, 68.74434197409913, 69.6249656968767, 70.54532760438323, 70.82428733385288, 71.30663747772996, 72.79110133099736, 72.71464057266937, 71.24995416101248, 70.81127333439073, 71.29328123233408, 71.47602270523628, 71.36936289788187, 69.18548115651777, 70.59896740762427, 71.07316453981116, 70.46725280588734, 69.20464048029454, 68.19173995751493, 67.24175299779863, 67.20849877918234, 67.28235499884401, 65.18391933621831, 62.87075588563092, 64.05860963493679, 60.92471463225117, 55.592652144260455, 51.509776487655955, 46.35095268530465, 40.929046072218384, 35.36264238928096, 29.67018200066498, 24.962491375066726, 22.320511900074834, 21.833694281566927, 22.33549695350101, 21.596807349877523, 17.124601955705305], "f": [0.0, 0.78125, 1.5625, 2.34375, 3.125, 3.90625, 4.6875, 5.46875, 6.25, 7.03125, 7.8125, 8.59375, 9.375, 10.15625, 10.9375, 11.71875, 12.5, 13.28125, 14.0625, 14.84375, 15.625, 16.40625, 17.1875, 17.96875, 18.75, 19.53125, 20.3125, 21.09375, 21.875, 22.65625, 23.4375, 24.21875, 25.0, 25.78125, 26.5625, 27.34375, 28.125, 28.90625, 29.6875, 30.46875, 31.25, 32.03125, 32.8125, 33.59375, 34.375, 35.15625, 35.9375, 36.71875, 37.5, 38.28125, 39.0625, 39.84375, 40.625, 41.40625, 42.1875, 42.96875, 43.75, 44.53125, 45.3125, 46.09375, 46.875, 47.65625, 48.4375, 49.21875, 50.0, 50.78125, 51.5625, 52.34375, 53.125, 53.90625, 54.6875, 55.46875, 56.25, 57.03125, 57.8125, 58.59375, 59.375, 60.15625, 60.9375, 61.71875, 62.5, 63.28125, 64.0625, 64.84375, 65.625, 66.40625, 67.1875, 67.96875, 68.75, 69.53125, 70.3125, 71.09375, 71.875, 72.65625, 73.4375, 74.21875, 75.0, 75.78125, 76.5625, 77.34375, 78.125, 78.90625, 79.6875, 80.46875, 81.25, 82.03125, 82.8125, 83.59375, 84.375, 85.15625, 85.9375, 86.71875, 87.5, 88.28125, 89.0625, 89.84375, 90.625, 91.40625, 92.1875, 92.96875, 93.75, 94.53125, 95.3125, 96.09375, 96.875, 97.65625, 98.4375, 99.21875, 100.0]}