{"psd": [57.7550442361335, 66.28089218097573, 63.10737527975696, 57.04336937374055, 51.56350737072698, 46.9890995266133, 45.36766372848884, 45.975469827732795, 46.9942450212136, 48.87986442002489, 50.39264012537947, 50.58680667155485, 51.60132333963759, 52.06469304146238, 52.424357148969, 52.72460456004352, 53.71431833624507, 53.865553859877025, 54.080962268273176, 55.92081993458271, 56.269683817691465, 55.692980655939365, 56.41796169664465, 56.60494082746665, 57.233002161502895, 57.87082419418436, 58.22007092160617, 58.86082050967056, 58.84825098234902, 59.91554679865584, 60.20077149523139, 60.272604681609785, 61.23384914024158, 62.34896764902818, 61.0966365868131, 61.70105806170797, 61.2228341385179, 60.95071659137833, 61.96884001744951, 61.51920418537194, 60.86721331979918, 60.85636225036205, 61.343245601905494, 61.822210968388575, 61.664144878841284, 61.75260170537911, 62.28922351338901, 62.22462067753526, 63.20794033997433, 62.53024311030459, 62.11771039713983, 62.61646764656339, 62.4514937439008, 62.74455267255492, 63.324982803882946, 63.291769483566554, 63.59840891236718, 63.426753378889714, 63.610344960161314, 63.31000734541638, 63.00950446577437, 63.1893953277372, 63.36052628618937, 63.265857415471025, 63.753477591788375, 63.986512158889475, 64.21850388386287, 64.35293325487152, 64.40433832313482, 64.07025507277493, 63.725166863731985, 64.17665815644258, 63.90730556013102, 64.468501677973, 64.13614287893465, 64.758868978523, 65.54059515544245, 65.77604097017944, 64.68221066526357, 64.42062273999969, 64.43730879163293, 64.11052271168204, 64.44270009861647, 65.05541117376097, 64.38803326498626, 64.50734066485961, 64.28492293463874, 64.95334005477979, 65.33310996157968, 65.92184013921661, 65.5051616479396, 65.73731977275125, 65.87921549317154, 65.86327701102182, 66.36745272251487, 66.78599742729328, 67.23955870220095, 67.12664268502836, 66.14835409103176, 65.55619828374452, 65.65319548519079, 65.54029445414251, 65.5918267329061, 66.07291290387191, 66.15177046271322, 66.44716462756443, 66.33529623400091, 66.82632608823495, 65.97465035034337, 65.06998233548788, 65.54720413995587, 64.97078109136669, 63.918940839790466, 63.190154379558734, 62.37004755395037, 61.8989807337606, 59.9186107680114, 56.004510718220374, 51.69317316473642, 46.881420799186756, 41.86703237984068, 35.67094696080726, 29.160445909175095, 23.28668974612502, 21.830122222632266, 21.194315660496915, 21.59283769974465, 21.2628432470126, 16.671345639036538], "f": [0.0, 0.78125, 1.5625, 2.34375, 3.125, 3.90625, 4.6875, 5.46875, 6.25, 7.03125, 7.8125, 8.59375, 9.375, 10.15625, 10.9375, 11.71875, 12.5, 13.28125, 14.0625, 14.84375, 15.625, 16.40625, 17.1875, 17.96875, 18.75, 19.53125, 20.3125, 21.09375, 21.875, 22.65625, 23.4375, 24.21875, 25.0, 25.78125, 26.5625, 27.34375, 28.125, 28.90625, 29.6875, 30.46875, 31.25, 32.03125, 32.8125, 33.59375, 34.375, 35.15625, 35.9375, 36.71875, 37.5, 38.28125, 39.0625, 39.84375, 40.625, 41.40625, 42.1875, 42.96875, 43.75, 44.53125, 45.3125, 46.09375, 46.875, 47.65625, 48.4375, 49.21875, 50.0, 50.78125, 51.5625, 52.34375, 53.125, 53.90625, 54.6875, 55.46875, 56.25, 57.03125, 57.8125, 58.59375, 59.375, 60.15625, 60.9375, 61.71875, 62.5, 63.28125, 64.0625, 64.84375, 65.625, 66.40625, 67.1875, 67.96875, 68.75, 69.53125, 70.3125, 71.09375, 71.875, 72.65625, 73.4375, 74.21875, 75.0, 75.78125, 76.5625, 77.34375, 78.125, 78.90625, 79.6875, 80.46875, 81.25, 82.03125, 82.8125, 83.59375, 84.375, 85.15625, 85.9375, 86.71875, 87.5, 88.28125, 89.0625, 89.84375, 90.625, 91.40625, 92.1875, 92.96875, 93.75, 94.53125, 95.3125, 96.09375, 96.875, 97.65625, 98.4375, 99.21875, 100.0]}