{"psd": [56.346987029379896, 65.25188498931159, 64.03425012791129, 60.047200397819026, 54.98761003162202, 49.60533200303327, 46.1500733296799, 44.23558394460826, 44.720265102568284, 46.33333047184237, 46.909456903421244, 47.46402027830741, 50.01974714953448, 53.16275328609346, 50.735233188742335, 50.74517356852987, 52.10287328335613, 51.593323833876916, 51.52012212209691, 53.5481911894098, 52.65298415120573, 52.349049008941726, 52.61699953942001, 53.178610284411114, 54.15210589460755, 55.33078053347589, 55.89199788536174, 55.857539650152646, 57.10255845073099, 57.40784710868435, 58.673316484272476, 60.83291951377614, 59.37070470309801, 61.09158717412796, 61.26049529760059, 59.85634097987951, 59.76528582694502, 60.77694006204623, 62.578159945649226, 62.036407690936045, 60.94664025601027, 61.400745872448034, 61.19279034594296, 61.52065875068673, 61.682135820155466, 61.66422869454366, 62.617545677242894, 64.22526294799701, 64.78259987585756, 65.05806579853343, 64.17292832702809, 63.20194923388394, 62.113374533610006, 62.70076466852595, 63.93626971766526, 63.95913675194241, 65.65961701589372, 66.42179331616505, 66.12437360172295, 65.45093466716772, 64.35914694208888, 63.27320496226637, 63.22136343070623, 64.02698337774726, 64.44204814896365, 65.35086297441916, 65.54497466782249, 64.91053364296539, 64.18894178784845, 63.827243759086905, 63.4679287831984, 63.30611314785252, 63.637492519226164, 63.418651863850705, 64.12800530428524, 68.47701573040291, 75.8790194060489, 73.80542151991585, 66.93601684685022, 64.26274454779991, 62.970733420290976, 63.06925622322225, 63.322890950228114, 63.585719885310176, 63.01688987298819, 63.13527845484742, 62.89042362134737, 62.716744412567245, 62.50453354801934, 63.345145845691036, 63.06386843124401, 63.065046797010496, 63.41539594980838, 63.318927340036296, 63.628337144885485, 63.925188303238784, 65.68416915836278, 64.13030212489018, 63.15616090072122, 63.57277236788405, 63.528154384090534, 63.819685867616364, 64.29600225336597, 64.14867522781671, 63.993057448378714, 64.49983820559478, 64.5481142543907, 64.18763583184048, 64.4368600617862, 63.914804431870806, 63.95616705510762, 63.52110641272, 62.60311379761191, 62.11313345293273, 60.9657231944003, 64.26493628589083, 61.354690748627114, 54.348849671751644, 49.97926934035419, 45.60393942919711, 40.13397029265665, 34.29891905442537, 27.736550610846603, 23.06935187554162, 21.70059649075899, 21.35937092747828, 21.525110660565726, 21.897312312482384, 16.31561086125177], "f": [0.0, 0.78125, 1.5625, 2.34375, 3.125, 3.90625, 4.6875, 5.46875, 6.25, 7.03125, 7.8125, 8.59375, 9.375, 10.15625, 10.9375, 11.71875, 12.5, 13.28125, 14.0625, 14.84375, 15.625, 16.40625, 17.1875, 17.96875, 18.75, 19.53125, 20.3125, 21.09375, 21.875, 22.65625, 23.4375, 24.21875, 25.0, 25.78125, 26.5625, 27.34375, 28.125, 28.90625, 29.6875, 30.46875, 31.25, 32.03125, 32.8125, 33.59375, 34.375, 35.15625, 35.9375, 36.71875, 37.5, 38.28125, 39.0625, 39.84375, 40.625, 41.40625, 42.1875, 42.96875, 43.75, 44.53125, 45.3125, 46.09375, 46.875, 47.65625, 48.4375, 49.21875, 50.0, 50.78125, 51.5625, 52.34375, 53.125, 53.90625, 54.6875, 55.46875, 56.25, 57.03125, 57.8125, 58.59375, 59.375, 60.15625, 60.9375, 61.71875, 62.5, 63.28125, 64.0625, 64.84375, 65.625, 66.40625, 67.1875, 67.96875, 68.75, 69.53125, 70.3125, 71.09375, 71.875, 72.65625, 73.4375, 74.21875, 75.0, 75.78125, 76.5625, 77.34375, 78.125, 78.90625, 79.6875, 80.46875, 81.25, 82.03125, 82.8125, 83.59375, 84.375, 85.15625, 85.9375, 86.71875, 87.5, 88.28125, 89.0625, 89.84375, 90.625, 91.40625, 92.1875, 92.96875, 93.75, 94.53125, 95.3125, 96.09375, 96.875, 97.65625, 98.4375, 99.21875, 100.0]}