{"psd": [43.874101029885146, 51.99027537644025, 49.806549124458286, 48.108763054084775, 46.10861185194477, 43.00362154353721, 41.81382220236738, 41.69562528313329, 45.46457584079324, 48.0066387078533, 47.379011075795944, 46.90857009437542, 54.105206875809564, 60.79113582211632, 56.970365138806386, 52.90659968951816, 56.6263379874708, 66.6582061201283, 66.29902879838983, 58.419353000661324, 56.99639402901119, 60.19598178176998, 63.209517314827856, 57.6557891653069, 56.949203879454835, 55.468474956903464, 57.48401798193851, 56.635781648153156, 57.6087119429874, 57.133676732338294, 57.38847639701906, 57.98126253546114, 58.0688021925365, 60.83167658411729, 60.92528399630596, 60.70744734061202, 59.83290139019146, 64.09882787912389, 67.26848487870653, 63.80266651781782, 59.919106101183885, 60.819749611877505, 60.60404571665906, 62.827249853349265, 63.846154301081924, 63.263629560899574, 62.89996181303725, 62.08430602221221, 63.09375408099964, 62.237542117654776, 62.822726403768385, 63.84890102843555, 65.65168256762414, 65.70333734981998, 64.72527476772848, 63.02091747539754, 62.73410787279617, 64.60758187921589, 65.35981642126183, 64.87180382670442, 64.42617097177694, 65.02241841704927, 64.63425974811891, 63.80379242686832, 62.52918621023934, 62.150386073707146, 61.68214493468764, 61.74942545390821, 62.342919091637356, 61.6351663998071, 62.22103314766411, 62.250487936799495, 62.13912639635741, 63.12860827052832, 64.24899868748871, 68.17934306778189, 73.98820982845814, 75.69046792876844, 67.9090051360039, 63.384832839056486, 63.80788592028591, 63.61880986519001, 62.015505097040915, 61.47097097232573, 61.30723526603174, 61.74233129657657, 61.79151674045494, 64.02256778164886, 64.23643004779561, 64.54562847790771, 65.08788102183831, 64.65452313941563, 64.82854843579966, 64.42061763303569, 64.49275625593327, 71.46149148396458, 76.39022615461846, 70.6025049234419, 64.10160490890068, 62.72639486421084, 62.2324935296415, 62.435027200692126, 62.439874889992396, 62.947301981370984, 63.63252737307075, 62.77617088335706, 62.44106774070304, 63.15245517386299, 60.93949844565246, 59.10282176770239, 59.766410834138426, 59.88670867112123, 59.053169397752356, 60.490884469621584, 64.65845561837544, 71.11460677085942, 66.92692317276912, 49.73972794091806, 45.81472987925778, 41.796816935079136, 37.10509873241823, 31.25197257346968, 25.160399659770306, 22.39829342024465, 21.47221332178564, 21.268918539937424, 21.461574087079093, 21.540907787382633, 16.35009034803416], "f": [0.0, 0.78125, 1.5625, 2.34375, 3.125, 3.90625, 4.6875, 5.46875, 6.25, 7.03125, 7.8125, 8.59375, 9.375, 10.15625, 10.9375, 11.71875, 12.5, 13.28125, 14.0625, 14.84375, 15.625, 16.40625, 17.1875, 17.96875, 18.75, 19.53125, 20.3125, 21.09375, 21.875, 22.65625, 23.4375, 24.21875, 25.0, 25.78125, 26.5625, 27.34375, 28.125, 28.90625, 29.6875, 30.46875, 31.25, 32.03125, 32.8125, 33.59375, 34.375, 35.15625, 35.9375, 36.71875, 37.5, 38.28125, 39.0625, 39.84375, 40.625, 41.40625, 42.1875, 42.96875, 43.75, 44.53125, 45.3125, 46.09375, 46.875, 47.65625, 48.4375, 49.21875, 50.0, 50.78125, 51.5625, 52.34375, 53.125, 53.90625, 54.6875, 55.46875, 56.25, 57.03125, 57.8125, 58.59375, 59.375, 60.15625, 60.9375, 61.71875, 62.5, 63.28125, 64.0625, 64.84375, 65.625, 66.40625, 67.1875, 67.96875, 68.75, 69.53125, 70.3125, 71.09375, 71.875, 72.65625, 73.4375, 74.21875, 75.0, 75.78125, 76.5625, 77.34375, 78.125, 78.90625, 79.6875, 80.46875, 81.25, 82.03125, 82.8125, 83.59375, 84.375, 85.15625, 85.9375, 86.71875, 87.5, 88.28125, 89.0625, 89.84375, 90.625, 91.40625, 92.1875, 92.96875, 93.75, 94.53125, 95.3125, 96.09375, 96.875, 97.65625, 98.4375, 99.21875, 100.0]}