{"psd": [55.562536928598234, 63.97640614508261, 61.36097219122151, 58.71567546260639, 55.43985698488945, 51.4851898719393, 47.261407553226356, 45.96794466970372, 45.619944473304784, 46.19612168509975, 48.63775864523596, 51.77747453147498, 51.3672795061624, 50.29837496593498, 50.040907846785686, 49.891893267747434, 49.02311633004834, 49.808911327506, 50.12825838335114, 52.23716583008592, 53.051221366091525, 54.13171645045289, 54.73319934393303, 54.36514291225968, 54.848730451278776, 55.78097463870857, 57.86558790893528, 57.510666799983284, 56.86432020103675, 58.206718658557854, 58.38559111644184, 59.396671918642845, 60.25328160917589, 59.8896020585471, 59.05888909368069, 58.32241190619875, 57.776749843722484, 61.0445009199563, 66.55439400162268, 65.19911362498463, 61.32136495266951, 61.1688983133788, 61.338454829147096, 61.92510190874899, 61.14644629532908, 60.330526024387396, 61.368148642178085, 62.411063783248906, 63.47671874975528, 63.123884679191875, 62.58627764087179, 62.755808689401285, 63.25090898758819, 63.56999094063903, 64.02962259112371, 63.89149044768703, 64.30698942328979, 67.70575255811549, 68.03113659425424, 65.35212792091683, 65.71505275701537, 64.92959628799117, 64.8281685867711, 64.86023619385031, 64.21158584820886, 63.43959150461092, 63.67457689401731, 62.784001912356175, 63.63836856417633, 63.424661811752124, 63.29870143090289, 63.658528323208415, 63.32452632403645, 63.74895305779483, 66.05113050389649, 76.91611695168449, 86.81122856943561, 84.82217002672095, 70.36175839748373, 65.25455035947624, 65.28984986474259, 65.96958621399313, 67.33273362871967, 71.22075928675915, 67.67401314615968, 64.60600448397068, 64.5327920303545, 63.951991160248, 63.64972950887717, 64.02957062167586, 64.27931304117459, 63.81259711723516, 62.73649207384882, 62.37990631146445, 62.24808664132969, 64.54086178965659, 67.69935244123323, 64.71989246655389, 62.037715768840144, 62.04099462013745, 61.66108883653497, 61.312173154488406, 62.17575605988267, 62.217504567462896, 61.79039204784416, 61.707428277197124, 61.67046986251616, 61.87968962350011, 62.29300732841074, 62.56461987288926, 63.074062552520225, 61.99757928737501, 59.49988374687769, 58.794723068801474, 60.971609764191726, 67.63755595728776, 64.55460003637798, 52.38735800556847, 47.36011070247146, 42.64059488915982, 37.810187038942914, 31.320970023754708, 25.745237277881635, 22.43776860278509, 21.532742163587052, 21.545329782350105, 21.21431079136119, 21.264076523152625, 16.706813490245455], "f": [0.0, 0.78125, 1.5625, 2.34375, 3.125, 3.90625, 4.6875, 5.46875, 6.25, 7.03125, 7.8125, 8.59375, 9.375, 10.15625, 10.9375, 11.71875, 12.5, 13.28125, 14.0625, 14.84375, 15.625, 16.40625, 17.1875, 17.96875, 18.75, 19.53125, 20.3125, 21.09375, 21.875, 22.65625, 23.4375, 24.21875, 25.0, 25.78125, 26.5625, 27.34375, 28.125, 28.90625, 29.6875, 30.46875, 31.25, 32.03125, 32.8125, 33.59375, 34.375, 35.15625, 35.9375, 36.71875, 37.5, 38.28125, 39.0625, 39.84375, 40.625, 41.40625, 42.1875, 42.96875, 43.75, 44.53125, 45.3125, 46.09375, 46.875, 47.65625, 48.4375, 49.21875, 50.0, 50.78125, 51.5625, 52.34375, 53.125, 53.90625, 54.6875, 55.46875, 56.25, 57.03125, 57.8125, 58.59375, 59.375, 60.15625, 60.9375, 61.71875, 62.5, 63.28125, 64.0625, 64.84375, 65.625, 66.40625, 67.1875, 67.96875, 68.75, 69.53125, 70.3125, 71.09375, 71.875, 72.65625, 73.4375, 74.21875, 75.0, 75.78125, 76.5625, 77.34375, 78.125, 78.90625, 79.6875, 80.46875, 81.25, 82.03125, 82.8125, 83.59375, 84.375, 85.15625, 85.9375, 86.71875, 87.5, 88.28125, 89.0625, 89.84375, 90.625, 91.40625, 92.1875, 92.96875, 93.75, 94.53125, 95.3125, 96.09375, 96.875, 97.65625, 98.4375, 99.21875, 100.0]}