{"psd": [51.223153595860246, 59.83467485692149, 58.699291599895204, 59.403175207442736, 58.733735146178326, 57.17262525467333, 54.45438301597712, 52.49068186126377, 51.56613270926853, 52.53168537569192, 55.03395919437735, 59.30968579871903, 57.73545659067853, 55.73995135334128, 55.86031891196732, 57.96045631989254, 57.984939298733345, 57.23433355163826, 59.639200621952035, 60.670500015221776, 58.44581167622981, 57.5570497772417, 59.23431036924071, 59.236253606905855, 59.51998419313969, 59.07114703233483, 59.05511588832907, 59.766556985376766, 61.06515615600921, 62.075032691061274, 64.87150323800955, 65.96268328241864, 65.02036337037562, 62.00748088595795, 62.325817729710835, 62.07649478289031, 62.74449445229217, 65.89454941890595, 68.81358042932563, 66.90504386954692, 64.22957601989094, 63.2267123994375, 64.93541683456222, 65.7285962620347, 66.6791807360625, 68.78214055424385, 68.59593446726724, 66.05039016385972, 65.48266689622649, 65.61006284701324, 63.37363905588296, 65.08401822898303, 65.38145449473512, 64.78004451686039, 64.44647876711761, 64.73091478234747, 64.38083605471465, 65.37549785542066, 64.80807624748658, 63.35814820406627, 64.78049111986245, 68.9454021634312, 67.50358860078988, 63.682118946459276, 62.659738492983905, 62.28599079666809, 62.40190114963362, 62.92287363323243, 62.53461873303915, 62.43702780542563, 63.513853172978955, 65.68937650537316, 65.23461917547793, 65.24727048004485, 64.20855976077688, 65.37696585931779, 69.4087362665202, 68.77830349214783, 64.35310235371387, 63.29994866828174, 62.46544424775372, 64.3623750670177, 64.70281825144875, 63.33479881247613, 62.27694335080222, 61.54471799320105, 62.30946302784059, 62.76455109604176, 61.785994811792754, 61.79215708626997, 62.0270770450598, 64.34602466096167, 67.3184283928405, 64.6706092594091, 61.38735950388379, 61.285083139654716, 62.74554943262386, 61.64818080266567, 60.6900133263984, 59.74494973415793, 59.54913413166917, 59.549318745012215, 60.018954225042734, 59.297586302648774, 58.57689368702299, 58.75323488611392, 58.998430559054, 58.84340212769699, 58.35456617602597, 58.896273709390066, 60.05627959823069, 59.41679237555297, 57.63144168478644, 56.31899095977366, 55.27698590242473, 55.45233420593473, 53.162339220221575, 48.6949467851559, 45.43994160696809, 40.957630174668495, 35.0081950050259, 29.737580033082867, 24.34673541004729, 22.02759581303488, 21.83783320950315, 21.609696215179053, 21.921940452153347, 21.123120867355716, 16.11485665249479], "f": [0.0, 0.78125, 1.5625, 2.34375, 3.125, 3.90625, 4.6875, 5.46875, 6.25, 7.03125, 7.8125, 8.59375, 9.375, 10.15625, 10.9375, 11.71875, 12.5, 13.28125, 14.0625, 14.84375, 15.625, 16.40625, 17.1875, 17.96875, 18.75, 19.53125, 20.3125, 21.09375, 21.875, 22.65625, 23.4375, 24.21875, 25.0, 25.78125, 26.5625, 27.34375, 28.125, 28.90625, 29.6875, 30.46875, 31.25, 32.03125, 32.8125, 33.59375, 34.375, 35.15625, 35.9375, 36.71875, 37.5, 38.28125, 39.0625, 39.84375, 40.625, 41.40625, 42.1875, 42.96875, 43.75, 44.53125, 45.3125, 46.09375, 46.875, 47.65625, 48.4375, 49.21875, 50.0, 50.78125, 51.5625, 52.34375, 53.125, 53.90625, 54.6875, 55.46875, 56.25, 57.03125, 57.8125, 58.59375, 59.375, 60.15625, 60.9375, 61.71875, 62.5, 63.28125, 64.0625, 64.84375, 65.625, 66.40625, 67.1875, 67.96875, 68.75, 69.53125, 70.3125, 71.09375, 71.875, 72.65625, 73.4375, 74.21875, 75.0, 75.78125, 76.5625, 77.34375, 78.125, 78.90625, 79.6875, 80.46875, 81.25, 82.03125, 82.8125, 83.59375, 84.375, 85.15625, 85.9375, 86.71875, 87.5, 88.28125, 89.0625, 89.84375, 90.625, 91.40625, 92.1875, 92.96875, 93.75, 94.53125, 95.3125, 96.09375, 96.875, 97.65625, 98.4375, 99.21875, 100.0]}