{"psd": [57.29340192022452, 66.72047214531355, 60.01417514683865, 53.831837516409564, 51.80316366480757, 50.576141637213816, 48.21744062212556, 47.801713927335044, 47.68563159406583, 48.96326974894991, 50.456336913814965, 49.33580276957141, 49.75226712527351, 51.317668721098656, 53.848701645430225, 53.16815768011226, 53.03574377895377, 54.424194675139354, 55.99888399525044, 57.40039842682029, 57.13165043397893, 57.63290013104019, 59.511876501776506, 63.555408857206416, 63.11554816229283, 61.00897208403754, 61.20228010008155, 61.770346758322894, 62.3085399589136, 62.80269560797991, 61.72701863748708, 61.59742280346089, 60.74029627727108, 60.43789176537412, 61.134981001205624, 62.036734415774646, 61.98291025961316, 61.6650922874352, 62.79983684011227, 62.37606419670797, 60.41991382245385, 60.028909748301665, 60.426800102069535, 60.6183843833995, 61.80587632385978, 62.75581206115846, 62.50029438025586, 61.42020269880531, 61.601342644140175, 61.27846768396833, 60.30597253826219, 60.525417885939305, 61.86072864950922, 62.54713788546201, 63.00344291748057, 62.03881665376423, 62.57098453597238, 65.10638617784737, 66.10695439643725, 63.387981860780954, 63.1598583479164, 64.4559749061325, 65.39061557724541, 65.00917543109833, 64.06742744986677, 62.47058819255258, 62.0050513565789, 61.900920694764054, 61.66308114595547, 61.98655678350147, 63.5472817753699, 63.51865282112932, 63.05768768138506, 62.202835181550036, 65.85567517757593, 69.38771177933779, 68.84506944287179, 67.67921709331442, 64.61804354094997, 63.11045024284822, 62.57219389765807, 63.32819652285345, 63.19161176680738, 62.1485225458041, 61.98501085227778, 62.03774361481325, 61.725523296005804, 61.84245021213563, 62.013689885986466, 62.39274032401384, 61.50008879224404, 62.01160845839578, 62.16263201720853, 61.508253674774956, 61.94744957468452, 63.032480551494075, 63.70507422013263, 63.287655380047354, 63.28095840169573, 63.262636221199, 62.70212087741391, 63.20847911410294, 63.5209810803246, 63.276657259636906, 62.014444057221255, 62.113172548005736, 62.911522471793624, 62.74529632080309, 61.81481235654531, 60.8693832919182, 60.323361947047616, 60.353143520833406, 59.121529810071635, 57.9040010592466, 59.030855869111335, 61.43137415364353, 57.60791527601256, 51.749151548659526, 46.636166480114376, 41.52866928112731, 35.90411724449142, 29.44589114587453, 24.124796522324147, 22.594144131511612, 22.133055837987644, 22.016451100178998, 21.739845108826742, 21.859410897282547, 16.925406235171106], "f": [0.0, 0.78125, 1.5625, 2.34375, 3.125, 3.90625, 4.6875, 5.46875, 6.25, 7.03125, 7.8125, 8.59375, 9.375, 10.15625, 10.9375, 11.71875, 12.5, 13.28125, 14.0625, 14.84375, 15.625, 16.40625, 17.1875, 17.96875, 18.75, 19.53125, 20.3125, 21.09375, 21.875, 22.65625, 23.4375, 24.21875, 25.0, 25.78125, 26.5625, 27.34375, 28.125, 28.90625, 29.6875, 30.46875, 31.25, 32.03125, 32.8125, 33.59375, 34.375, 35.15625, 35.9375, 36.71875, 37.5, 38.28125, 39.0625, 39.84375, 40.625, 41.40625, 42.1875, 42.96875, 43.75, 44.53125, 45.3125, 46.09375, 46.875, 47.65625, 48.4375, 49.21875, 50.0, 50.78125, 51.5625, 52.34375, 53.125, 53.90625, 54.6875, 55.46875, 56.25, 57.03125, 57.8125, 58.59375, 59.375, 60.15625, 60.9375, 61.71875, 62.5, 63.28125, 64.0625, 64.84375, 65.625, 66.40625, 67.1875, 67.96875, 68.75, 69.53125, 70.3125, 71.09375, 71.875, 72.65625, 73.4375, 74.21875, 75.0, 75.78125, 76.5625, 77.34375, 78.125, 78.90625, 79.6875, 80.46875, 81.25, 82.03125, 82.8125, 83.59375, 84.375, 85.15625, 85.9375, 86.71875, 87.5, 88.28125, 89.0625, 89.84375, 90.625, 91.40625, 92.1875, 92.96875, 93.75, 94.53125, 95.3125, 96.09375, 96.875, 97.65625, 98.4375, 99.21875, 100.0]}