{"psd": [50.33822850025648, 60.0975949350865, 59.00630234192334, 57.300742534710466, 52.87075789232801, 47.69308519187467, 43.70499561773026, 41.61117161032201, 41.61472213401453, 42.52554944969685, 44.42942177997941, 45.079653625926206, 45.122680747237936, 45.86802459938711, 45.556012164646376, 46.6412405611447, 49.03649496073147, 50.295417604840516, 51.92047776429086, 52.68196912060206, 52.420370941129136, 51.66495063481469, 53.536015940612714, 54.82493178112601, 55.09385023059061, 55.11256224957333, 56.022018414366684, 55.56412625323019, 58.73274946081692, 61.822872347755684, 60.04204258919217, 58.31462429633656, 58.94497054264199, 62.071436050635896, 64.2186895337197, 64.44086951302593, 60.91421771840395, 60.29135056480399, 65.36317239644752, 64.42318874039368, 57.802103539309364, 56.771928528330236, 56.86889816175036, 57.607547534267, 58.23996344690718, 59.66821640000723, 60.53973039559477, 60.056722859974776, 59.268532499242646, 58.79240759400566, 59.23120663321483, 59.69232194704397, 60.16644148520488, 61.21516998636765, 62.15844482590197, 62.23382456461384, 62.49711845006872, 63.65824133237264, 63.969530593070694, 61.26405410870271, 60.55331411904693, 60.91962959208297, 61.13122956091867, 62.29321987475275, 62.50610798376251, 62.33857768153179, 64.43492164706927, 62.856331897714306, 61.18150450898531, 61.27226127356409, 61.43953064182048, 62.15981034970022, 62.90817166594736, 63.17401658530348, 63.63826980773703, 66.36829683749606, 72.63248496751555, 75.8517709707865, 69.10006614809942, 62.42652534714523, 63.022447210978896, 63.118743817714815, 64.03447508184938, 64.48319934205934, 63.957989054594734, 64.75680113049256, 62.98783340575988, 61.88272533115094, 62.26192762450749, 61.805886581072315, 61.8896182404977, 62.860748090979385, 63.76542401556007, 64.14807793510205, 63.337626840217034, 67.44020641448891, 73.33753804166874, 69.04863184417346, 64.5686572653594, 68.18643587401107, 65.76775225456953, 62.89077954818523, 62.45576593800926, 62.34702360927465, 62.609759046830426, 63.954083874182686, 63.44635972427967, 61.86472986060621, 61.53267995886814, 61.46036350276026, 61.21504685891159, 62.8294063089986, 61.99954259683616, 61.14546364761041, 62.58483254672796, 72.94236879359691, 71.91571451978905, 57.25068373842804, 48.44190585325106, 43.27347007987356, 38.17261026091166, 31.656561745705623, 26.369606483025766, 22.70822158610837, 21.84257096328615, 21.761454825805693, 21.254998187497392, 21.631604718212827, 16.69857093889197], "f": [0.0, 0.78125, 1.5625, 2.34375, 3.125, 3.90625, 4.6875, 5.46875, 6.25, 7.03125, 7.8125, 8.59375, 9.375, 10.15625, 10.9375, 11.71875, 12.5, 13.28125, 14.0625, 14.84375, 15.625, 16.40625, 17.1875, 17.96875, 18.75, 19.53125, 20.3125, 21.09375, 21.875, 22.65625, 23.4375, 24.21875, 25.0, 25.78125, 26.5625, 27.34375, 28.125, 28.90625, 29.6875, 30.46875, 31.25, 32.03125, 32.8125, 33.59375, 34.375, 35.15625, 35.9375, 36.71875, 37.5, 38.28125, 39.0625, 39.84375, 40.625, 41.40625, 42.1875, 42.96875, 43.75, 44.53125, 45.3125, 46.09375, 46.875, 47.65625, 48.4375, 49.21875, 50.0, 50.78125, 51.5625, 52.34375, 53.125, 53.90625, 54.6875, 55.46875, 56.25, 57.03125, 57.8125, 58.59375, 59.375, 60.15625, 60.9375, 61.71875, 62.5, 63.28125, 64.0625, 64.84375, 65.625, 66.40625, 67.1875, 67.96875, 68.75, 69.53125, 70.3125, 71.09375, 71.875, 72.65625, 73.4375, 74.21875, 75.0, 75.78125, 76.5625, 77.34375, 78.125, 78.90625, 79.6875, 80.46875, 81.25, 82.03125, 82.8125, 83.59375, 84.375, 85.15625, 85.9375, 86.71875, 87.5, 88.28125, 89.0625, 89.84375, 90.625, 91.40625, 92.1875, 92.96875, 93.75, 94.53125, 95.3125, 96.09375, 96.875, 97.65625, 98.4375, 99.21875, 100.0]}