{"psd": [46.99109867679758, 56.48559973292369, 51.144508874228976, 46.91351564617917, 42.71690965354692, 40.24074673962624, 38.729349577866586, 40.24026855849732, 43.4897541413559, 42.61515480126228, 45.13654321268977, 47.29407593057245, 46.05553788114506, 48.30477248857424, 49.52366245768958, 47.740462477463495, 49.63928306875343, 50.58534374980163, 50.75355732812771, 51.81628622706234, 50.44549408891675, 50.82621088325921, 52.83911311775878, 53.67086293362512, 50.50761579363743, 52.68738352133533, 57.687354723459585, 54.946389239076616, 53.506040561928, 53.12524576273543, 52.446245047393546, 53.28922215075559, 54.916374651259076, 56.33024222672834, 56.92262029256745, 55.59462705498336, 55.08938029113737, 59.91186631442811, 65.98620100169802, 64.36014703969684, 56.961231934234945, 56.07428163235679, 56.56670096395431, 57.35757095473271, 57.4604106241794, 57.57115761555472, 57.05589878205579, 58.08697720517638, 64.27797619554721, 67.2537147374532, 61.27061638711248, 59.25644217515788, 59.94832989600133, 59.48215891102957, 60.08554080421817, 60.21888809972306, 60.764021912851746, 64.6112354775231, 65.28798198388456, 61.66876196590037, 61.757452960690394, 61.34085165452028, 61.42607825401843, 61.49548857123804, 61.6202807532631, 62.75398006209626, 62.32295570146612, 61.94365126253781, 61.32949298088753, 61.11241730751141, 61.25743587726306, 61.743838834943794, 61.47008200278786, 61.6378617685972, 64.25802534120818, 71.4705221284108, 80.93803264383266, 79.33371568900934, 69.89627939656698, 65.54332655843665, 61.892829820424296, 61.4395407872688, 65.33679474746562, 70.3929602586429, 65.67530254321714, 59.88722905021231, 60.335034948601276, 61.416486084750105, 61.55555285912351, 61.46953291653482, 61.01093437584167, 61.5872392427473, 61.275727757765154, 60.58256751319956, 60.86204916636526, 63.22615672014063, 65.89686789302593, 62.662136682314824, 60.52084704467553, 59.53958154709682, 59.55064255728161, 59.63601903408954, 59.25538584035384, 58.3046836789253, 59.80591212069878, 59.99255336419524, 58.828499569984494, 58.28213483364365, 58.52276180060101, 58.07275337704954, 58.22550870232575, 57.41557453351614, 58.67580463175738, 61.98257319308901, 59.32038224334022, 62.47638973177522, 59.06921209288785, 47.83199525359085, 43.992699044446375, 39.8898118004165, 34.41333706629903, 29.48970484416579, 24.047495239422542, 22.01121381280704, 21.59082250884788, 21.534462486733467, 21.292902587232415, 21.476784059398348, 17.440587672052647], "f": [0.0, 0.78125, 1.5625, 2.34375, 3.125, 3.90625, 4.6875, 5.46875, 6.25, 7.03125, 7.8125, 8.59375, 9.375, 10.15625, 10.9375, 11.71875, 12.5, 13.28125, 14.0625, 14.84375, 15.625, 16.40625, 17.1875, 17.96875, 18.75, 19.53125, 20.3125, 21.09375, 21.875, 22.65625, 23.4375, 24.21875, 25.0, 25.78125, 26.5625, 27.34375, 28.125, 28.90625, 29.6875, 30.46875, 31.25, 32.03125, 32.8125, 33.59375, 34.375, 35.15625, 35.9375, 36.71875, 37.5, 38.28125, 39.0625, 39.84375, 40.625, 41.40625, 42.1875, 42.96875, 43.75, 44.53125, 45.3125, 46.09375, 46.875, 47.65625, 48.4375, 49.21875, 50.0, 50.78125, 51.5625, 52.34375, 53.125, 53.90625, 54.6875, 55.46875, 56.25, 57.03125, 57.8125, 58.59375, 59.375, 60.15625, 60.9375, 61.71875, 62.5, 63.28125, 64.0625, 64.84375, 65.625, 66.40625, 67.1875, 67.96875, 68.75, 69.53125, 70.3125, 71.09375, 71.875, 72.65625, 73.4375, 74.21875, 75.0, 75.78125, 76.5625, 77.34375, 78.125, 78.90625, 79.6875, 80.46875, 81.25, 82.03125, 82.8125, 83.59375, 84.375, 85.15625, 85.9375, 86.71875, 87.5, 88.28125, 89.0625, 89.84375, 90.625, 91.40625, 92.1875, 92.96875, 93.75, 94.53125, 95.3125, 96.09375, 96.875, 97.65625, 98.4375, 99.21875, 100.0]}