{"psd": [57.96719828307467, 66.186474867068, 64.60409019325341, 62.17149579113148, 58.4894131326051, 53.697060033329976, 49.143292971581005, 47.62797064903711, 48.37636190413705, 49.56080351743503, 48.981605857653754, 49.55291938939016, 50.26874355135051, 50.291813667358326, 51.78271575655101, 54.35333945706793, 54.22267982226309, 53.69726514363145, 55.690928477777824, 57.826201672861934, 56.580345717110035, 56.64440152563077, 58.0058432942798, 58.554200072897714, 59.6947735252074, 59.14661249570781, 58.41956653520292, 59.585611166638174, 61.059652284127736, 61.89244318509853, 61.750280772588965, 60.90017459217705, 61.097487647201596, 60.61544414490736, 59.79399716240245, 60.65834157665316, 60.9343859635721, 62.32443515496867, 64.6538615720202, 65.11891903797901, 62.8582357654776, 61.882621808376825, 60.60270568679414, 60.5832431652081, 63.145598321518825, 64.98395982544633, 64.26764484588008, 61.99618007736632, 62.80728142362969, 63.83684967218252, 62.89315660929499, 61.454062501259905, 61.53853233346987, 62.4236630240788, 62.91621294364579, 62.70062769633494, 62.949700982064215, 64.33722480711106, 64.74200642061255, 63.01908644073676, 62.758865798110534, 63.545156257023436, 64.64769936536507, 64.5095217314051, 63.95392352248833, 63.263614229194324, 62.708915269199245, 63.121038963641126, 62.77415943577424, 63.35423493516137, 63.205602852732085, 62.716291515153564, 62.80284570524418, 63.53300028627154, 66.08117978614933, 68.10512719588039, 68.56654070494338, 68.6247519984095, 65.70469977329124, 65.4160720146594, 65.65404939328198, 65.9286646168161, 64.2543814852765, 63.8582734906739, 63.281717219065534, 62.92202168388574, 63.03413307163034, 63.17614396330613, 63.319596309069944, 64.29441502658614, 65.14375139163988, 65.14109759457344, 64.97940536437912, 64.98186450488545, 64.81235378259922, 65.14687150736515, 65.56897238294061, 65.92864007715886, 65.72199518115482, 65.63607579395061, 66.02531333214452, 65.78056737760338, 65.51158082709564, 65.31743770455296, 64.5627964715984, 65.10748893501011, 64.91161565485618, 64.99200641501926, 64.23228671620889, 63.83586961508455, 62.800922585314936, 62.37075992078697, 61.4497406891569, 60.480540543501824, 60.274006068962, 60.805141211476496, 58.34028475151061, 53.48044405576522, 49.385460000337744, 44.451820127140635, 39.10984270573075, 32.89472272595209, 26.836871701628183, 22.503096215405357, 21.863387798499385, 21.3890305014564, 21.31455898423113, 21.539733737782388, 16.416146044999106], "f": [0.0, 0.78125, 1.5625, 2.34375, 3.125, 3.90625, 4.6875, 5.46875, 6.25, 7.03125, 7.8125, 8.59375, 9.375, 10.15625, 10.9375, 11.71875, 12.5, 13.28125, 14.0625, 14.84375, 15.625, 16.40625, 17.1875, 17.96875, 18.75, 19.53125, 20.3125, 21.09375, 21.875, 22.65625, 23.4375, 24.21875, 25.0, 25.78125, 26.5625, 27.34375, 28.125, 28.90625, 29.6875, 30.46875, 31.25, 32.03125, 32.8125, 33.59375, 34.375, 35.15625, 35.9375, 36.71875, 37.5, 38.28125, 39.0625, 39.84375, 40.625, 41.40625, 42.1875, 42.96875, 43.75, 44.53125, 45.3125, 46.09375, 46.875, 47.65625, 48.4375, 49.21875, 50.0, 50.78125, 51.5625, 52.34375, 53.125, 53.90625, 54.6875, 55.46875, 56.25, 57.03125, 57.8125, 58.59375, 59.375, 60.15625, 60.9375, 61.71875, 62.5, 63.28125, 64.0625, 64.84375, 65.625, 66.40625, 67.1875, 67.96875, 68.75, 69.53125, 70.3125, 71.09375, 71.875, 72.65625, 73.4375, 74.21875, 75.0, 75.78125, 76.5625, 77.34375, 78.125, 78.90625, 79.6875, 80.46875, 81.25, 82.03125, 82.8125, 83.59375, 84.375, 85.15625, 85.9375, 86.71875, 87.5, 88.28125, 89.0625, 89.84375, 90.625, 91.40625, 92.1875, 92.96875, 93.75, 94.53125, 95.3125, 96.09375, 96.875, 97.65625, 98.4375, 99.21875, 100.0]}