{"psd": [59.05840681538198, 67.0013549937837, 64.08737029809586, 57.606022606039325, 51.857626785894205, 48.8281088462719, 47.68398441587166, 48.38144180187128, 49.745696516917484, 51.10232805347615, 52.205226695424685, 54.32563699294456, 55.51117729903579, 55.194530010307574, 54.917046899603356, 55.37350099174791, 56.365401194835925, 57.12306707763936, 57.73411940275716, 58.60194602763376, 58.848100818693, 58.83766463273892, 58.51383811320662, 59.47457441703516, 59.878071795214524, 60.35580713053332, 60.71788228073645, 60.90076699479865, 62.04561024102681, 64.77242780529511, 63.30465836125241, 62.5473473920887, 62.04831747200273, 61.95778205507257, 63.047847332267615, 63.39478824079522, 63.257432476798016, 63.595641081923745, 64.84102313022485, 64.79785371483261, 63.64232370167649, 63.844125263568046, 63.24711130052863, 63.718302043429716, 63.76067441758461, 64.29000143833777, 64.19402206659028, 64.22853898859249, 64.15709328705603, 64.5566020906744, 64.5910563854031, 64.68090209298117, 65.57820954033662, 65.80840007846413, 65.55386130653288, 65.8887223181529, 65.8592434482209, 65.94592562665854, 66.09050332674273, 65.99172315359716, 66.02764771590712, 66.17198793470018, 65.90733977263946, 66.12925570070387, 66.2957091239454, 66.13104167389653, 65.84965930725231, 66.07217556979742, 65.98916474619882, 65.99358470959277, 65.69126743031815, 66.13881505033584, 67.19226724747952, 66.46518815384172, 66.78370342982704, 67.01878513428977, 67.8165741952486, 69.12130869734341, 68.62828287879026, 68.6952158034197, 68.26723224977906, 67.91142717519227, 68.18538518262918, 68.48398046787293, 69.2295559690023, 69.35285855236415, 69.76780570680864, 69.45257780731123, 69.21483069733335, 69.10106577069081, 69.51696691593966, 70.0456417761676, 70.14452933817307, 70.00208870286812, 69.8900446156192, 69.9345579391929, 70.82441498135991, 69.78211726075942, 68.47680299501293, 69.11156059872918, 69.31133378375516, 69.34707440450681, 69.46342221350909, 69.19234305966587, 69.11897923618812, 69.9518920949408, 70.46014098095301, 69.79971716617727, 69.71070225478978, 68.50035802453321, 68.39020811609458, 67.96326504908055, 67.5979850084274, 66.74500937677762, 65.51377390205451, 64.64104591920753, 61.79652239231178, 58.13246698421853, 53.746426437837364, 48.93997215850356, 43.72055191500904, 37.35091041238415, 30.114717922086914, 23.875441057132928, 21.81100365077874, 21.050401198744378, 21.591904807414906, 21.817733619008894, 15.978107268069465], "f": [0.0, 0.78125, 1.5625, 2.34375, 3.125, 3.90625, 4.6875, 5.46875, 6.25, 7.03125, 7.8125, 8.59375, 9.375, 10.15625, 10.9375, 11.71875, 12.5, 13.28125, 14.0625, 14.84375, 15.625, 16.40625, 17.1875, 17.96875, 18.75, 19.53125, 20.3125, 21.09375, 21.875, 22.65625, 23.4375, 24.21875, 25.0, 25.78125, 26.5625, 27.34375, 28.125, 28.90625, 29.6875, 30.46875, 31.25, 32.03125, 32.8125, 33.59375, 34.375, 35.15625, 35.9375, 36.71875, 37.5, 38.28125, 39.0625, 39.84375, 40.625, 41.40625, 42.1875, 42.96875, 43.75, 44.53125, 45.3125, 46.09375, 46.875, 47.65625, 48.4375, 49.21875, 50.0, 50.78125, 51.5625, 52.34375, 53.125, 53.90625, 54.6875, 55.46875, 56.25, 57.03125, 57.8125, 58.59375, 59.375, 60.15625, 60.9375, 61.71875, 62.5, 63.28125, 64.0625, 64.84375, 65.625, 66.40625, 67.1875, 67.96875, 68.75, 69.53125, 70.3125, 71.09375, 71.875, 72.65625, 73.4375, 74.21875, 75.0, 75.78125, 76.5625, 77.34375, 78.125, 78.90625, 79.6875, 80.46875, 81.25, 82.03125, 82.8125, 83.59375, 84.375, 85.15625, 85.9375, 86.71875, 87.5, 88.28125, 89.0625, 89.84375, 90.625, 91.40625, 92.1875, 92.96875, 93.75, 94.53125, 95.3125, 96.09375, 96.875, 97.65625, 98.4375, 99.21875, 100.0]}