{"psd": [54.70649047990217, 63.0003032608375, 60.889425244603494, 58.01123638995281, 55.13566958417438, 50.62805546052402, 47.206017692904865, 46.02126481490888, 47.70113379717249, 46.63584690716909, 48.4271882408967, 50.55042192513663, 53.42497284922239, 57.99648590579046, 54.61763683430889, 52.43695614073487, 54.40157560520244, 59.16132783918006, 59.07196521602313, 53.91348741023084, 54.98555514684512, 53.84583550469199, 53.859129292304715, 53.00401845788504, 52.44150566149471, 53.12334253599018, 52.40447777181997, 55.43774474810548, 57.06524951714586, 55.62086841400789, 56.10296638020925, 57.53535864303066, 58.039773996179235, 56.512875051970354, 57.09670942530164, 58.39444448705494, 58.08630753583496, 58.186454327511356, 65.59703802528207, 64.82608975465953, 59.58487725733705, 60.52470311862521, 61.54689752256388, 60.22145333615611, 60.221329105887165, 60.40696297287063, 60.49775909211684, 61.54271273151565, 61.71322050782323, 61.27823815050129, 61.15536380806519, 61.12832863583477, 62.26990372962309, 63.358329524072076, 63.87356311791693, 63.78615679677082, 63.317184509389435, 67.35019825162443, 68.77770653572978, 63.59124695960503, 62.84171990484744, 61.91983000574906, 62.23985474432276, 62.5113819735028, 62.524967888795054, 62.47607608474124, 63.00149297952454, 62.0245232381796, 61.744112661653496, 62.898861400766684, 63.01131976283518, 63.58083551184893, 63.03830620617209, 61.98974933959264, 63.962588807830116, 66.63556629602623, 74.56118195664669, 75.69120713167138, 67.38351589753553, 64.41318932871776, 64.82360873603128, 63.35917830105777, 63.64258272886385, 64.7926853627844, 63.92045505579133, 63.88150118650297, 64.16992819652984, 63.96092401102337, 64.28808479555326, 66.19100199295345, 67.58132922156405, 66.79485772436136, 66.294820596102, 67.78152194247282, 70.41542291991993, 72.01282027110179, 70.87002421129017, 68.25322867778952, 67.25730720903763, 67.6887492782442, 69.00174745389751, 69.42599925305794, 66.74052480741207, 66.06994779521837, 65.93573239880288, 66.98206377116595, 68.07677414169294, 65.50887906655629, 65.58531035343377, 67.51747942534391, 69.12825884530797, 69.59971929576221, 67.57781986074366, 65.46478351311806, 63.814082210759075, 62.87716856765756, 61.42254083778721, 56.57116734979997, 51.12270547217973, 46.57509382950576, 41.61696770075655, 36.88306385550151, 29.432426975639608, 22.970271093382305, 21.5293252503777, 21.54140441677848, 21.834739489363972, 21.69239498908074, 16.649609574616456], "f": [0.0, 0.78125, 1.5625, 2.34375, 3.125, 3.90625, 4.6875, 5.46875, 6.25, 7.03125, 7.8125, 8.59375, 9.375, 10.15625, 10.9375, 11.71875, 12.5, 13.28125, 14.0625, 14.84375, 15.625, 16.40625, 17.1875, 17.96875, 18.75, 19.53125, 20.3125, 21.09375, 21.875, 22.65625, 23.4375, 24.21875, 25.0, 25.78125, 26.5625, 27.34375, 28.125, 28.90625, 29.6875, 30.46875, 31.25, 32.03125, 32.8125, 33.59375, 34.375, 35.15625, 35.9375, 36.71875, 37.5, 38.28125, 39.0625, 39.84375, 40.625, 41.40625, 42.1875, 42.96875, 43.75, 44.53125, 45.3125, 46.09375, 46.875, 47.65625, 48.4375, 49.21875, 50.0, 50.78125, 51.5625, 52.34375, 53.125, 53.90625, 54.6875, 55.46875, 56.25, 57.03125, 57.8125, 58.59375, 59.375, 60.15625, 60.9375, 61.71875, 62.5, 63.28125, 64.0625, 64.84375, 65.625, 66.40625, 67.1875, 67.96875, 68.75, 69.53125, 70.3125, 71.09375, 71.875, 72.65625, 73.4375, 74.21875, 75.0, 75.78125, 76.5625, 77.34375, 78.125, 78.90625, 79.6875, 80.46875, 81.25, 82.03125, 82.8125, 83.59375, 84.375, 85.15625, 85.9375, 86.71875, 87.5, 88.28125, 89.0625, 89.84375, 90.625, 91.40625, 92.1875, 92.96875, 93.75, 94.53125, 95.3125, 96.09375, 96.875, 97.65625, 98.4375, 99.21875, 100.0]}