{"psd": [58.015773137228656, 66.68341667054779, 65.25644783790968, 62.2678921081598, 58.95958940282357, 54.82235733599229, 50.317032843976946, 46.97304384883461, 47.499144140190516, 51.14644297136402, 53.46714934044514, 54.10856681866462, 59.38074401401739, 57.486054069757785, 52.553929320101304, 54.46079932271829, 54.55125837741453, 54.95364214697123, 53.80796810365293, 56.24492147662995, 56.57602867303255, 57.01364454552965, 56.38014555169902, 61.29576094751361, 67.99748648247876, 66.76621064884225, 60.22001674860897, 59.13535379552283, 61.50143375262823, 63.00848236488726, 62.45042272728674, 61.450711245661005, 61.433697144341714, 61.35324005305215, 61.427144157117226, 64.60626823851062, 69.48967486875563, 70.34633817085465, 67.71492203202459, 65.75345362449787, 63.50407774146256, 62.765420668829506, 61.969949519442046, 63.15668871461959, 64.7259712448258, 65.7485941808138, 66.01047572828543, 65.96702510206174, 69.19980657240667, 70.36183121458077, 67.66072382148694, 65.1819984676066, 64.30922470949986, 64.93689172554907, 66.10735546431597, 65.29109801601172, 64.68066111110548, 65.38317704601921, 66.02862047582221, 66.26691561340364, 67.86513472240257, 68.94361702386445, 68.18354929633416, 66.72339396279611, 65.67545709292843, 64.7826586074672, 64.32239005364237, 64.20599920767421, 64.41098338617056, 64.53220274346612, 65.23945988362654, 64.98004205532541, 65.96493740468426, 66.27439810833538, 68.57901750774944, 71.18716464160653, 70.11426624682909, 67.00917085971142, 64.81631475082492, 64.17146070167811, 64.5627544602913, 65.61170407424379, 64.43389178271859, 63.878345405646854, 64.28353985161492, 63.825688487382315, 63.87180472828257, 64.05192008486598, 63.89800041468928, 63.587275637101484, 64.3876303593011, 63.59669168853319, 63.59480794897122, 62.95126889834373, 63.51841049735139, 65.55939336822674, 66.70332375644963, 65.52677415824452, 64.97654673815936, 64.97659122208555, 65.22056544281212, 65.22380066768474, 64.83623126676757, 64.73612673131672, 63.89199834946719, 64.05552945550097, 65.05969535238562, 64.24883345570292, 63.87315993891872, 63.73731473967402, 63.508247763704276, 64.01588550657831, 64.63666276679209, 63.043393043876314, 60.37029223979671, 58.985018329290426, 55.88681962944915, 52.586417001382564, 48.106522357925954, 43.356389826756335, 38.596166662326596, 32.27110241459205, 26.28287951587012, 23.138585765989426, 21.894033152449133, 21.191701284436903, 21.613840557305053, 21.65147288933667, 16.787906455962297], "f": [0.0, 0.78125, 1.5625, 2.34375, 3.125, 3.90625, 4.6875, 5.46875, 6.25, 7.03125, 7.8125, 8.59375, 9.375, 10.15625, 10.9375, 11.71875, 12.5, 13.28125, 14.0625, 14.84375, 15.625, 16.40625, 17.1875, 17.96875, 18.75, 19.53125, 20.3125, 21.09375, 21.875, 22.65625, 23.4375, 24.21875, 25.0, 25.78125, 26.5625, 27.34375, 28.125, 28.90625, 29.6875, 30.46875, 31.25, 32.03125, 32.8125, 33.59375, 34.375, 35.15625, 35.9375, 36.71875, 37.5, 38.28125, 39.0625, 39.84375, 40.625, 41.40625, 42.1875, 42.96875, 43.75, 44.53125, 45.3125, 46.09375, 46.875, 47.65625, 48.4375, 49.21875, 50.0, 50.78125, 51.5625, 52.34375, 53.125, 53.90625, 54.6875, 55.46875, 56.25, 57.03125, 57.8125, 58.59375, 59.375, 60.15625, 60.9375, 61.71875, 62.5, 63.28125, 64.0625, 64.84375, 65.625, 66.40625, 67.1875, 67.96875, 68.75, 69.53125, 70.3125, 71.09375, 71.875, 72.65625, 73.4375, 74.21875, 75.0, 75.78125, 76.5625, 77.34375, 78.125, 78.90625, 79.6875, 80.46875, 81.25, 82.03125, 82.8125, 83.59375, 84.375, 85.15625, 85.9375, 86.71875, 87.5, 88.28125, 89.0625, 89.84375, 90.625, 91.40625, 92.1875, 92.96875, 93.75, 94.53125, 95.3125, 96.09375, 96.875, 97.65625, 98.4375, 99.21875, 100.0]}