{"psd": [59.7166994943215, 69.36999205416754, 68.59578918534825, 64.65330010439442, 59.41663922010369, 54.97813192698015, 51.691750006752066, 51.100514407378384, 52.33244307452551, 52.95408458581463, 54.33243807152249, 55.61914568095859, 56.13576076940533, 57.08428181523032, 56.598145710863776, 56.60196144926576, 57.87740770144165, 58.408185777310145, 60.51221596084706, 62.10416400035885, 61.26361674613257, 60.86862171209112, 61.37455741845361, 62.121786596291, 62.38382584322851, 62.43644276119234, 63.57242346758758, 63.58239456256651, 63.94717770428919, 65.12462651954688, 64.57073474753281, 64.1009777446049, 64.29666546293458, 64.81631848060425, 64.74003491379493, 65.68121244725327, 65.8951247893953, 65.28643212442131, 65.57545967579959, 65.78232645683785, 65.5110516544146, 65.6596124086139, 65.74680294346122, 65.34344393959492, 65.46789767024629, 65.03378874612571, 65.26181216563728, 64.84025908703208, 65.3818261554267, 64.93447594440129, 65.04393679346175, 65.23255074003816, 66.01183258784148, 65.85043980988223, 66.09394603846916, 66.49217778840055, 66.91659926493547, 67.39553681059658, 67.75640591472657, 66.12053233319331, 66.18739705811781, 66.017766697448, 65.63651275408269, 66.0906587350517, 66.1020311982142, 65.73932753395344, 65.47101841750761, 65.81011639935059, 65.5309766093412, 65.60340732929953, 65.99259340144047, 66.52392532660879, 65.6070898197875, 65.90217688334288, 67.3258519108186, 71.15067963961788, 70.72558075024808, 70.42146696118871, 67.11108365222724, 66.09559101479955, 66.16188993733383, 66.60284825479728, 67.0188294952737, 66.38301505082009, 66.1021477060532, 66.73878466439164, 66.95684972253335, 67.10700716895909, 67.20547141487125, 67.05179912325606, 66.97801763806802, 66.70587332943288, 67.08655527271819, 67.60291708600916, 68.41264531769653, 68.74918228130193, 68.65049463077509, 68.24104784729927, 68.80369761970309, 68.28750221315396, 67.55612393529118, 67.52351819055727, 67.93026112050015, 67.98609713952476, 68.64803110317555, 69.04885176210772, 69.52082462785877, 69.7536987244503, 68.8482005905844, 68.49476525849391, 68.19357795519055, 67.71749919525435, 66.81292996951437, 65.38679099575043, 64.22129822507125, 63.66271902823628, 60.59729277797309, 56.92072783918953, 53.16565277297873, 48.429569086502354, 42.75124429072535, 36.07085986147241, 29.130383961586425, 23.792092859601787, 21.481113866349816, 21.569906073766404, 21.481836307801693, 21.72491451925984, 16.713796970449263], "f": [0.0, 0.78125, 1.5625, 2.34375, 3.125, 3.90625, 4.6875, 5.46875, 6.25, 7.03125, 7.8125, 8.59375, 9.375, 10.15625, 10.9375, 11.71875, 12.5, 13.28125, 14.0625, 14.84375, 15.625, 16.40625, 17.1875, 17.96875, 18.75, 19.53125, 20.3125, 21.09375, 21.875, 22.65625, 23.4375, 24.21875, 25.0, 25.78125, 26.5625, 27.34375, 28.125, 28.90625, 29.6875, 30.46875, 31.25, 32.03125, 32.8125, 33.59375, 34.375, 35.15625, 35.9375, 36.71875, 37.5, 38.28125, 39.0625, 39.84375, 40.625, 41.40625, 42.1875, 42.96875, 43.75, 44.53125, 45.3125, 46.09375, 46.875, 47.65625, 48.4375, 49.21875, 50.0, 50.78125, 51.5625, 52.34375, 53.125, 53.90625, 54.6875, 55.46875, 56.25, 57.03125, 57.8125, 58.59375, 59.375, 60.15625, 60.9375, 61.71875, 62.5, 63.28125, 64.0625, 64.84375, 65.625, 66.40625, 67.1875, 67.96875, 68.75, 69.53125, 70.3125, 71.09375, 71.875, 72.65625, 73.4375, 74.21875, 75.0, 75.78125, 76.5625, 77.34375, 78.125, 78.90625, 79.6875, 80.46875, 81.25, 82.03125, 82.8125, 83.59375, 84.375, 85.15625, 85.9375, 86.71875, 87.5, 88.28125, 89.0625, 89.84375, 90.625, 91.40625, 92.1875, 92.96875, 93.75, 94.53125, 95.3125, 96.09375, 96.875, 97.65625, 98.4375, 99.21875, 100.0]}