{"psd": [62.37332674737428, 71.27573439507752, 68.41665078011756, 65.05029099246852, 59.90439123409403, 54.62657413294878, 50.922438857807265, 49.93821226294466, 51.7667040301219, 56.00414765202774, 55.12483415104319, 52.86253314255403, 52.91906037394192, 54.07996535899326, 54.34213211684838, 54.696772013244946, 55.442470736697175, 57.503901348435605, 58.613163900925215, 60.93962878451901, 62.91680828275475, 62.96386831532683, 60.58445857987121, 62.06052841582825, 62.386697403336214, 62.32052375067496, 63.66080227565169, 64.68643186161526, 64.96881624464915, 64.35737069620859, 66.87801650270052, 67.63663792814106, 64.86222124793937, 63.565337896405666, 63.44013653794534, 63.89273572520361, 65.18869361704658, 65.34755563899967, 65.22468516849864, 64.51590348909293, 65.43554840711734, 66.72749694051465, 65.34429119707889, 64.27036017648601, 64.42064929611567, 64.25377494000197, 64.65853297461823, 64.22436354027835, 64.21312970729694, 63.95927107036063, 64.71025838142724, 65.86718933995951, 65.30882053856922, 64.82767756988822, 64.473113288244, 64.91602712554678, 64.77168221503146, 65.01177645078316, 65.82930170894255, 65.3705065384606, 64.59244924989454, 64.8039441144934, 64.49164857886275, 64.79450520055276, 65.23141573130384, 64.97589785010635, 64.41083853561868, 64.27414357689818, 64.36879828609291, 64.66363399387424, 64.68673496852196, 64.57399256695604, 64.5847463254289, 64.92605284396363, 67.33974944722881, 69.51778819434239, 68.74915890749564, 65.76782340862083, 64.51332071689343, 64.60872933843724, 64.20536225456742, 64.51907188330206, 64.49345085890769, 64.13725781019282, 64.28050364024313, 64.46310995944417, 63.9720710227344, 64.30242382221113, 64.632329663101, 64.2751375631463, 65.17161502285616, 65.21930535033059, 66.13445034734075, 66.44138674310534, 66.67107759455294, 67.09311584013143, 67.17612402452352, 67.34908913867288, 67.75789014197501, 68.51283586142588, 68.4727381492588, 68.83894180499537, 69.29348194457438, 68.60323915949546, 68.82783950119274, 69.91638214990046, 69.47850835785698, 69.31440711464163, 68.00865111056102, 67.96530165361632, 68.18935870337866, 67.50153151356648, 66.82314761072436, 65.88880390056134, 64.80736104644164, 64.08278966316199, 61.12035514449852, 57.704083816758114, 53.73225191767385, 48.51783109098471, 43.405387948199476, 37.53066622045204, 30.227447547777466, 24.601839443699806, 21.936630197406885, 21.6523538654527, 21.64845740749884, 21.993880120985068, 16.786210488177016], "f": [0.0, 0.78125, 1.5625, 2.34375, 3.125, 3.90625, 4.6875, 5.46875, 6.25, 7.03125, 7.8125, 8.59375, 9.375, 10.15625, 10.9375, 11.71875, 12.5, 13.28125, 14.0625, 14.84375, 15.625, 16.40625, 17.1875, 17.96875, 18.75, 19.53125, 20.3125, 21.09375, 21.875, 22.65625, 23.4375, 24.21875, 25.0, 25.78125, 26.5625, 27.34375, 28.125, 28.90625, 29.6875, 30.46875, 31.25, 32.03125, 32.8125, 33.59375, 34.375, 35.15625, 35.9375, 36.71875, 37.5, 38.28125, 39.0625, 39.84375, 40.625, 41.40625, 42.1875, 42.96875, 43.75, 44.53125, 45.3125, 46.09375, 46.875, 47.65625, 48.4375, 49.21875, 50.0, 50.78125, 51.5625, 52.34375, 53.125, 53.90625, 54.6875, 55.46875, 56.25, 57.03125, 57.8125, 58.59375, 59.375, 60.15625, 60.9375, 61.71875, 62.5, 63.28125, 64.0625, 64.84375, 65.625, 66.40625, 67.1875, 67.96875, 68.75, 69.53125, 70.3125, 71.09375, 71.875, 72.65625, 73.4375, 74.21875, 75.0, 75.78125, 76.5625, 77.34375, 78.125, 78.90625, 79.6875, 80.46875, 81.25, 82.03125, 82.8125, 83.59375, 84.375, 85.15625, 85.9375, 86.71875, 87.5, 88.28125, 89.0625, 89.84375, 90.625, 91.40625, 92.1875, 92.96875, 93.75, 94.53125, 95.3125, 96.09375, 96.875, 97.65625, 98.4375, 99.21875, 100.0]}