{"psd": [53.39528193637484, 62.53553400339592, 61.308718398429185, 61.018778600896425, 58.65726174995071, 55.450989956448005, 50.60855106297851, 48.07994375146757, 46.887004712853326, 47.00011234063104, 48.75765120639136, 51.69517371062991, 49.92523971534976, 49.95929689824312, 50.39987073373368, 51.566799649123, 51.74210786485717, 51.43234596477641, 52.67730429834014, 53.89021920710631, 53.60541097019322, 55.575597856262604, 57.38652656831996, 59.36594782015098, 58.307160793412045, 58.461447518921794, 58.100982540577206, 58.806505198471, 58.958994492498256, 59.06076459880266, 58.93856732070829, 59.82148815133408, 59.601419159479995, 59.27318129101096, 59.11757775590986, 59.197384624068945, 59.79834701524862, 60.033452473448094, 60.73041832613197, 59.4255008183338, 58.74829757040664, 61.61387439994411, 61.33860306321849, 61.63002796281219, 61.68152318379941, 61.82291042973674, 61.63208746413618, 61.699935015067, 60.065625242116774, 59.908187760609025, 60.134071086289964, 59.67657440163941, 59.963935163677114, 61.25125838346829, 61.37269301085247, 61.21541649787666, 62.18079743804526, 62.08606573630832, 60.94343562840141, 59.670018748074874, 59.30458789613467, 59.57489926639959, 59.79594397039138, 60.20330564425833, 60.763972723264345, 59.64853260056738, 58.41387428442325, 58.20709400259016, 58.50054286231889, 58.99819205350785, 58.843287304483, 58.21930380732623, 58.81957942363332, 59.60522366147653, 60.60210656769722, 63.58914718448779, 64.20200933266841, 63.75657989807685, 61.01393126341872, 59.487874479633106, 58.71999011099892, 58.424902504943475, 58.11470617030391, 58.38360615327122, 57.47810385041888, 57.61553278096608, 58.117990259581276, 58.2129079572948, 57.94662091298271, 57.84117592748529, 58.39782167951513, 58.0310555331079, 57.90906546328509, 57.930161709009276, 58.11726594539104, 58.44626090023482, 58.20723548232042, 58.62312568407384, 59.090732311105334, 58.96409639929357, 60.6831160200447, 61.09381957045578, 60.90285081730875, 59.76223076615738, 59.393829986797186, 60.28937271726911, 60.189218249445034, 58.862334510166505, 58.21608081983646, 58.199852363596484, 58.037021548024754, 56.59336057711763, 56.00263698855884, 55.70938461514544, 54.901535084463745, 54.024371163257506, 52.04706121000712, 47.512936471858154, 42.71628973116229, 38.03237809530613, 33.18815460664094, 27.349347014656544, 22.80288449545189, 21.76144447599478, 21.747535062657573, 21.304774542581324, 21.794462801227624, 21.741151158130183, 16.973514730422526], "f": [0.0, 0.78125, 1.5625, 2.34375, 3.125, 3.90625, 4.6875, 5.46875, 6.25, 7.03125, 7.8125, 8.59375, 9.375, 10.15625, 10.9375, 11.71875, 12.5, 13.28125, 14.0625, 14.84375, 15.625, 16.40625, 17.1875, 17.96875, 18.75, 19.53125, 20.3125, 21.09375, 21.875, 22.65625, 23.4375, 24.21875, 25.0, 25.78125, 26.5625, 27.34375, 28.125, 28.90625, 29.6875, 30.46875, 31.25, 32.03125, 32.8125, 33.59375, 34.375, 35.15625, 35.9375, 36.71875, 37.5, 38.28125, 39.0625, 39.84375, 40.625, 41.40625, 42.1875, 42.96875, 43.75, 44.53125, 45.3125, 46.09375, 46.875, 47.65625, 48.4375, 49.21875, 50.0, 50.78125, 51.5625, 52.34375, 53.125, 53.90625, 54.6875, 55.46875, 56.25, 57.03125, 57.8125, 58.59375, 59.375, 60.15625, 60.9375, 61.71875, 62.5, 63.28125, 64.0625, 64.84375, 65.625, 66.40625, 67.1875, 67.96875, 68.75, 69.53125, 70.3125, 71.09375, 71.875, 72.65625, 73.4375, 74.21875, 75.0, 75.78125, 76.5625, 77.34375, 78.125, 78.90625, 79.6875, 80.46875, 81.25, 82.03125, 82.8125, 83.59375, 84.375, 85.15625, 85.9375, 86.71875, 87.5, 88.28125, 89.0625, 89.84375, 90.625, 91.40625, 92.1875, 92.96875, 93.75, 94.53125, 95.3125, 96.09375, 96.875, 97.65625, 98.4375, 99.21875, 100.0]}