{"psd": [45.003807689302405, 52.96778071054618, 50.28290265048276, 46.003293506674574, 43.69230735912101, 44.79888106258622, 46.83652435759857, 47.59810906048655, 49.18599018378966, 50.67099418569251, 50.4447458727109, 50.20756010289415, 51.5435435615154, 51.650757761495825, 51.591134051917976, 51.16781360714492, 53.64109593787167, 53.89888808864618, 50.47654214643772, 52.31321437561249, 52.23951267556903, 53.11790488416612, 53.28367945498874, 55.25453834747857, 57.3059468493425, 57.85975080093557, 55.6547791766934, 55.24186114914981, 54.19300785850239, 54.71293402138518, 56.17841164127589, 56.814433998709504, 60.96995405429034, 62.3051241853485, 58.74010265327435, 58.29625331157675, 57.931153445862165, 57.955322816451485, 60.3632224367656, 60.59410989178484, 63.109104545229854, 63.74089655693566, 60.591623073460646, 60.34223956978843, 60.44459430037615, 59.84467398300921, 60.314102462139815, 60.558188371694484, 62.883226554835055, 64.96463607655542, 62.645900571417755, 61.48260246142574, 61.67297853074763, 61.93902089417331, 61.747864570895324, 61.450855950312764, 61.320777186937235, 62.57664226302228, 62.42288485764753, 61.3860829950725, 62.473947880871094, 62.021245233361824, 61.88557764948296, 62.30437810748082, 62.58326963633094, 62.079569834466255, 61.38605166813641, 61.36582127229992, 60.917242882512156, 61.06772104712477, 60.751890784959855, 60.512129921304606, 60.436373249330224, 60.33834902271336, 61.16114235601847, 69.05694332807055, 79.0438011867465, 76.7840769166402, 65.64501584073669, 61.62459324037407, 59.51889612129443, 59.425036609633864, 59.16285588709905, 59.95878160600448, 59.147681430592165, 58.830547532419644, 58.59989855330613, 58.98084887895402, 58.9199954257732, 59.174886214627776, 59.99228366606026, 59.60542254354682, 59.11823011644718, 59.34325602586356, 59.13955117770669, 60.44040463260433, 63.57472773942352, 60.70417535855941, 58.2282553257516, 58.20872714561753, 59.25105045817536, 59.67028024945739, 59.95041281653717, 59.46001057844849, 58.0888862937302, 58.83274153221326, 58.93083879353435, 58.73254652564849, 58.63974087109522, 58.667947490862396, 59.45154350906129, 57.65803440056037, 55.998212826422915, 55.84713337950116, 58.69438035132355, 65.070756263475, 61.66733932863001, 48.290874316065626, 43.969210562064795, 39.514839620847454, 33.936534737289115, 28.534671928597362, 23.693382478800903, 21.713222415314185, 21.515314841224704, 21.64342734082662, 21.550527809494476, 21.399471881842857, 17.056727741351658], "f": [0.0, 0.78125, 1.5625, 2.34375, 3.125, 3.90625, 4.6875, 5.46875, 6.25, 7.03125, 7.8125, 8.59375, 9.375, 10.15625, 10.9375, 11.71875, 12.5, 13.28125, 14.0625, 14.84375, 15.625, 16.40625, 17.1875, 17.96875, 18.75, 19.53125, 20.3125, 21.09375, 21.875, 22.65625, 23.4375, 24.21875, 25.0, 25.78125, 26.5625, 27.34375, 28.125, 28.90625, 29.6875, 30.46875, 31.25, 32.03125, 32.8125, 33.59375, 34.375, 35.15625, 35.9375, 36.71875, 37.5, 38.28125, 39.0625, 39.84375, 40.625, 41.40625, 42.1875, 42.96875, 43.75, 44.53125, 45.3125, 46.09375, 46.875, 47.65625, 48.4375, 49.21875, 50.0, 50.78125, 51.5625, 52.34375, 53.125, 53.90625, 54.6875, 55.46875, 56.25, 57.03125, 57.8125, 58.59375, 59.375, 60.15625, 60.9375, 61.71875, 62.5, 63.28125, 64.0625, 64.84375, 65.625, 66.40625, 67.1875, 67.96875, 68.75, 69.53125, 70.3125, 71.09375, 71.875, 72.65625, 73.4375, 74.21875, 75.0, 75.78125, 76.5625, 77.34375, 78.125, 78.90625, 79.6875, 80.46875, 81.25, 82.03125, 82.8125, 83.59375, 84.375, 85.15625, 85.9375, 86.71875, 87.5, 88.28125, 89.0625, 89.84375, 90.625, 91.40625, 92.1875, 92.96875, 93.75, 94.53125, 95.3125, 96.09375, 96.875, 97.65625, 98.4375, 99.21875, 100.0]}