{"psd": [55.70833499062179, 63.88544066873632, 62.47509184514339, 60.17458409074692, 56.55888639925057, 52.0554974813846, 47.4576479014658, 44.864765304732984, 44.68105934328033, 45.33496003751421, 48.40737808748738, 51.85410578603461, 50.32604379751889, 52.87554168417469, 52.3756073593571, 55.20068359353886, 51.456513675378595, 51.70034735405095, 52.82449700238209, 55.03579379175118, 54.62403802882648, 51.99213752748651, 51.07752607170552, 50.16285725210821, 50.93747989942925, 52.2835421245066, 54.32456678422298, 53.30039708042164, 53.37589905723023, 54.60671466406452, 56.40774170701921, 56.91598680589526, 56.90900555779214, 56.863364017631625, 56.67150652978188, 57.747143981639454, 56.99249025209689, 59.949516071380714, 67.27423197660053, 66.56692528808766, 61.5349350121229, 61.37037477606913, 58.676482273089064, 59.30579898785435, 59.94385111236622, 59.58387998371997, 60.06863595018232, 60.916540575270474, 69.59850879674092, 71.28659124771555, 63.66743326044231, 61.44933175578127, 62.289799533100194, 61.8324603151986, 60.709781119179745, 61.154611224694015, 64.49645801647594, 68.59927929356839, 67.93879689580169, 65.15423997647005, 64.45009538689875, 63.155703751799486, 62.533232846847554, 62.5788998578036, 64.27997484776186, 67.71890788252605, 68.17586458985855, 65.22998500285085, 63.78865170193602, 63.89052899224956, 64.29491945909712, 63.74743955805879, 63.31590994063886, 63.767868833416486, 67.67429080241213, 74.50934050138062, 83.15276423516192, 81.64168337635567, 68.63705324618971, 64.16934410104878, 63.870149975235094, 63.37268031584208, 62.88457170822696, 63.789403289967545, 63.06633924694137, 62.94578211982018, 62.91124668027934, 63.313495433357176, 63.06801275560979, 62.28622873186933, 61.74064338694422, 62.1676869283118, 62.3456654750962, 62.456244826858025, 62.880166944053535, 67.6184013114751, 72.85972029094359, 67.9455326214203, 62.235994755566146, 62.09705730757832, 61.829569175476436, 61.812135711536854, 62.0332519175693, 62.03171499759655, 62.406087169030485, 62.05621251923926, 61.880888580609394, 62.02669774767873, 61.778415486449134, 61.516091243155095, 61.12685591329292, 60.74626863512438, 60.3632841805285, 59.86280641263171, 60.813433989590955, 64.82446785376015, 61.498435656056685, 52.22969903637059, 48.19897161634646, 43.99823664023139, 37.86778970443886, 32.56501574795786, 26.70395550367501, 23.54943853617703, 21.83147071741059, 21.660866946018018, 21.272762081068443, 21.341170271562184, 16.841175991337657], "f": [0.0, 0.78125, 1.5625, 2.34375, 3.125, 3.90625, 4.6875, 5.46875, 6.25, 7.03125, 7.8125, 8.59375, 9.375, 10.15625, 10.9375, 11.71875, 12.5, 13.28125, 14.0625, 14.84375, 15.625, 16.40625, 17.1875, 17.96875, 18.75, 19.53125, 20.3125, 21.09375, 21.875, 22.65625, 23.4375, 24.21875, 25.0, 25.78125, 26.5625, 27.34375, 28.125, 28.90625, 29.6875, 30.46875, 31.25, 32.03125, 32.8125, 33.59375, 34.375, 35.15625, 35.9375, 36.71875, 37.5, 38.28125, 39.0625, 39.84375, 40.625, 41.40625, 42.1875, 42.96875, 43.75, 44.53125, 45.3125, 46.09375, 46.875, 47.65625, 48.4375, 49.21875, 50.0, 50.78125, 51.5625, 52.34375, 53.125, 53.90625, 54.6875, 55.46875, 56.25, 57.03125, 57.8125, 58.59375, 59.375, 60.15625, 60.9375, 61.71875, 62.5, 63.28125, 64.0625, 64.84375, 65.625, 66.40625, 67.1875, 67.96875, 68.75, 69.53125, 70.3125, 71.09375, 71.875, 72.65625, 73.4375, 74.21875, 75.0, 75.78125, 76.5625, 77.34375, 78.125, 78.90625, 79.6875, 80.46875, 81.25, 82.03125, 82.8125, 83.59375, 84.375, 85.15625, 85.9375, 86.71875, 87.5, 88.28125, 89.0625, 89.84375, 90.625, 91.40625, 92.1875, 92.96875, 93.75, 94.53125, 95.3125, 96.09375, 96.875, 97.65625, 98.4375, 99.21875, 100.0]}