{"psd": [67.52235056173242, 76.17109363501538, 75.88124169850818, 73.67696385419674, 69.39665561091941, 64.69287573538746, 60.563644625685775, 58.297535388267185, 58.1585423263481, 59.25727870400911, 57.91907863446184, 56.9964735199322, 60.84746175896968, 62.28279067938293, 58.76768873731698, 59.057556224240706, 58.32020390708868, 57.751384201624425, 58.118493337819075, 58.72335021815105, 58.48576577823459, 60.844698166963916, 62.88711837456318, 61.16359419218729, 61.14897086267476, 62.94492603683282, 60.94219612045034, 61.63963136542012, 62.19700350296463, 62.943260012569965, 64.36893791553906, 63.359974122170655, 64.06093517719722, 65.30712083605634, 64.56892938650765, 64.49019421737394, 65.27053209543628, 67.8034803895956, 69.91144981876774, 68.97896806410029, 67.87538838778877, 66.9706290696722, 66.88880946819062, 67.85842019427446, 67.90523423820011, 66.69613551754931, 65.96172103727582, 66.40530258361166, 68.20419607430127, 67.60198877799893, 66.65927862996077, 66.98241407198789, 66.78513878553487, 67.08115569128451, 67.18476901946008, 67.48160887068467, 67.15918361791867, 67.88653156270911, 68.52441949086301, 67.82659501250092, 67.24223093463529, 66.8577725670179, 67.18613111256873, 68.56279637779156, 69.55226775729726, 69.4603563874592, 68.2548950103528, 67.41524890000795, 66.27850958248315, 65.65594758373398, 65.58359902442223, 65.56293059397235, 65.3891938751086, 65.61796232539825, 64.98506558479886, 70.87938068381567, 79.9498800536015, 78.39840946215851, 71.7096811789551, 67.14086187545873, 64.19896613950473, 64.20431642446545, 65.02677874895055, 66.28462640428266, 64.70820965397292, 63.940627230848506, 64.28329831679748, 63.94859200980627, 64.47969407944923, 64.53889445809564, 63.59018859615702, 62.62080172341907, 63.3654655868356, 63.01279410875442, 62.84999843772755, 69.68887503211441, 75.54553308375154, 70.14473409365485, 63.028357962153066, 63.19480239323489, 63.516191927709826, 62.62801458269391, 62.61662466032075, 62.483672826656225, 62.69655305789553, 62.93066577587852, 63.03328969157255, 62.97735133614097, 62.762216035453626, 62.43848916773048, 62.90369041332292, 62.09302722724438, 60.348429229383285, 60.238818931736795, 58.345818091304615, 58.017453918648854, 55.00254277571139, 50.299730245094516, 46.63712146384115, 42.11868024944714, 36.289870837539, 30.039769631587937, 24.75195939137189, 22.22638583949113, 21.056235066250217, 21.36822986208966, 21.242014321823632, 21.427359335424573, 16.958922624581795], "f": [0.0, 0.78125, 1.5625, 2.34375, 3.125, 3.90625, 4.6875, 5.46875, 6.25, 7.03125, 7.8125, 8.59375, 9.375, 10.15625, 10.9375, 11.71875, 12.5, 13.28125, 14.0625, 14.84375, 15.625, 16.40625, 17.1875, 17.96875, 18.75, 19.53125, 20.3125, 21.09375, 21.875, 22.65625, 23.4375, 24.21875, 25.0, 25.78125, 26.5625, 27.34375, 28.125, 28.90625, 29.6875, 30.46875, 31.25, 32.03125, 32.8125, 33.59375, 34.375, 35.15625, 35.9375, 36.71875, 37.5, 38.28125, 39.0625, 39.84375, 40.625, 41.40625, 42.1875, 42.96875, 43.75, 44.53125, 45.3125, 46.09375, 46.875, 47.65625, 48.4375, 49.21875, 50.0, 50.78125, 51.5625, 52.34375, 53.125, 53.90625, 54.6875, 55.46875, 56.25, 57.03125, 57.8125, 58.59375, 59.375, 60.15625, 60.9375, 61.71875, 62.5, 63.28125, 64.0625, 64.84375, 65.625, 66.40625, 67.1875, 67.96875, 68.75, 69.53125, 70.3125, 71.09375, 71.875, 72.65625, 73.4375, 74.21875, 75.0, 75.78125, 76.5625, 77.34375, 78.125, 78.90625, 79.6875, 80.46875, 81.25, 82.03125, 82.8125, 83.59375, 84.375, 85.15625, 85.9375, 86.71875, 87.5, 88.28125, 89.0625, 89.84375, 90.625, 91.40625, 92.1875, 92.96875, 93.75, 94.53125, 95.3125, 96.09375, 96.875, 97.65625, 98.4375, 99.21875, 100.0]}