{"psd": [70.56869900199962, 80.1110802308085, 77.85831821209311, 74.74567400155148, 69.84259510565731, 64.42559984467033, 59.66577629589827, 57.21695413378794, 56.98531586206538, 55.550091582774215, 57.86987666383007, 59.280064090270784, 57.09641562464975, 58.024408987216425, 61.63972685155321, 59.032162763066054, 57.01474981543144, 56.91114307158996, 57.242167129735, 59.10338093244961, 59.054040451997295, 58.49802449049146, 58.88425874848582, 59.55006768498312, 59.87109814315137, 60.08808223322066, 60.11137358659536, 59.80799278194692, 59.727435927664615, 58.99650575702542, 59.7017994879506, 60.85281337905247, 61.777987800303535, 61.36871626337201, 61.65385455259181, 61.950414260848135, 61.73254949349078, 60.431584765460286, 61.90412713170247, 61.866902297658044, 61.23909743841038, 61.046365312175375, 61.77876922985107, 61.56176303357809, 61.47824574152716, 61.45294707837968, 61.93961647227303, 61.367755794889725, 61.20749462584149, 61.92311540909557, 63.46993506588598, 63.192671466682796, 62.090044134712656, 63.08032608378666, 64.00726267180505, 64.71342745201464, 64.7354127720588, 66.20811972287531, 65.61747099429643, 65.86997486764515, 66.4353309468705, 65.19431691962129, 65.3115301838223, 65.30853258401311, 64.42314808604984, 63.96805143904322, 63.597347489708056, 63.32017111497457, 63.40878477968249, 62.600250323589236, 62.521335448588225, 62.9814137350064, 61.68242641833176, 62.30887592536786, 63.30039727362336, 66.24753534268808, 73.739087677022, 72.23867874002137, 66.89558314560952, 65.13716631706708, 62.31562116487996, 62.48299822519145, 63.56457452676604, 64.49440362157637, 62.91171169830611, 62.31558484324424, 61.568778894468224, 60.721299321997904, 60.93647388887263, 60.950050512937004, 61.13647718376507, 61.30543623063973, 60.78415663272547, 60.75388375288169, 60.28995034912268, 61.43728142101456, 64.87198175524193, 61.235164640217754, 59.6607580189685, 60.05908675550583, 59.84579455708622, 59.49599026886225, 59.72713965976003, 59.45023691384858, 59.841259333275985, 59.95654758112337, 59.51550942423964, 58.72786650062909, 58.556066827844674, 57.91658412748224, 57.91142809581024, 58.42498549254769, 57.57177925470296, 56.264660765384775, 55.57441535782292, 56.28804468967677, 53.53925865660429, 48.80799848763664, 44.747450448323754, 40.16500116966948, 35.09774396145683, 29.03075276367791, 24.703076075709557, 22.29009628137348, 21.432908739324837, 21.434498505582976, 21.44132743492761, 20.901199947324262, 16.330392168567897], "f": [0.0, 0.78125, 1.5625, 2.34375, 3.125, 3.90625, 4.6875, 5.46875, 6.25, 7.03125, 7.8125, 8.59375, 9.375, 10.15625, 10.9375, 11.71875, 12.5, 13.28125, 14.0625, 14.84375, 15.625, 16.40625, 17.1875, 17.96875, 18.75, 19.53125, 20.3125, 21.09375, 21.875, 22.65625, 23.4375, 24.21875, 25.0, 25.78125, 26.5625, 27.34375, 28.125, 28.90625, 29.6875, 30.46875, 31.25, 32.03125, 32.8125, 33.59375, 34.375, 35.15625, 35.9375, 36.71875, 37.5, 38.28125, 39.0625, 39.84375, 40.625, 41.40625, 42.1875, 42.96875, 43.75, 44.53125, 45.3125, 46.09375, 46.875, 47.65625, 48.4375, 49.21875, 50.0, 50.78125, 51.5625, 52.34375, 53.125, 53.90625, 54.6875, 55.46875, 56.25, 57.03125, 57.8125, 58.59375, 59.375, 60.15625, 60.9375, 61.71875, 62.5, 63.28125, 64.0625, 64.84375, 65.625, 66.40625, 67.1875, 67.96875, 68.75, 69.53125, 70.3125, 71.09375, 71.875, 72.65625, 73.4375, 74.21875, 75.0, 75.78125, 76.5625, 77.34375, 78.125, 78.90625, 79.6875, 80.46875, 81.25, 82.03125, 82.8125, 83.59375, 84.375, 85.15625, 85.9375, 86.71875, 87.5, 88.28125, 89.0625, 89.84375, 90.625, 91.40625, 92.1875, 92.96875, 93.75, 94.53125, 95.3125, 96.09375, 96.875, 97.65625, 98.4375, 99.21875, 100.0]}