{"psd": [68.30503198045987, 77.37262490132186, 77.00131193581639, 74.6368331673861, 70.18837374421427, 65.3455978603868, 60.95915396950702, 56.77773318277043, 54.885930142039314, 58.849487542354204, 59.278598141453934, 60.68033147748997, 61.07196223363875, 58.68049459758066, 64.02000682776638, 64.01287429163563, 60.573049940914856, 57.73247461432159, 57.689862115054396, 60.087513818476815, 61.52640617693716, 58.83266920571522, 57.19098430815585, 57.70237059231101, 59.793305997937, 60.189028837697975, 60.36863312708035, 59.68928841243296, 60.71006865683003, 60.945180666144616, 61.25537573629552, 62.078924720915666, 62.71074502751047, 61.23253251998474, 60.45401848434237, 61.0488161931339, 62.23527730833611, 62.720223922621116, 65.08864304502526, 65.85347599922943, 65.81476146288125, 63.91927210189465, 62.62670571493473, 62.18822192848905, 61.737364156352584, 62.15362189906644, 63.31879250198799, 64.81043623515069, 65.59116822271744, 66.08924364954458, 66.21272538418825, 64.22425395166752, 63.873233383549, 63.61314360855807, 63.3226223983724, 63.983613129709326, 65.26635268323638, 66.12279445231657, 65.45448537450126, 65.23314045139686, 66.3481046716429, 64.9755421393442, 65.54606879833011, 66.25229111530074, 66.09132153947475, 64.8179839738987, 64.89655716126323, 65.12949091398136, 64.36198258133017, 65.25236180626533, 65.44700415341792, 65.69877322329319, 66.12443130765719, 65.85044671683319, 65.70363064660735, 67.28722418150208, 65.6694553095982, 64.47460642379735, 64.18211584534897, 63.937010369080404, 64.80283082305064, 65.95890421866622, 65.83359798575027, 65.32108846597205, 65.30981390000322, 65.21580289739691, 64.65696998601518, 64.23301063062227, 64.12031892879405, 63.88219879833677, 63.68567544403178, 63.992588041902316, 65.60689039280787, 66.11590580567481, 65.57831932250103, 65.06802929951452, 64.63721754830355, 62.83591531030482, 62.084797137083044, 62.24887590014327, 62.18930972433686, 61.83833720655721, 61.68751000518309, 61.55268158263439, 61.699515596462376, 62.628237954740726, 62.187940585666546, 61.19043857785484, 60.10479311232737, 59.89733904902251, 59.233137761700775, 59.338103251223345, 58.79051865821812, 58.105847725426386, 56.856241792982225, 55.936005806111254, 53.93165561867694, 50.25114808308445, 45.86858689935105, 41.32325838475882, 36.146536758685, 29.900929787129606, 24.12775420314627, 21.836027883959176, 20.792168373349448, 20.831046906378106, 21.346232796903095, 21.426313781271126, 16.63589784815826], "f": [0.0, 0.78125, 1.5625, 2.34375, 3.125, 3.90625, 4.6875, 5.46875, 6.25, 7.03125, 7.8125, 8.59375, 9.375, 10.15625, 10.9375, 11.71875, 12.5, 13.28125, 14.0625, 14.84375, 15.625, 16.40625, 17.1875, 17.96875, 18.75, 19.53125, 20.3125, 21.09375, 21.875, 22.65625, 23.4375, 24.21875, 25.0, 25.78125, 26.5625, 27.34375, 28.125, 28.90625, 29.6875, 30.46875, 31.25, 32.03125, 32.8125, 33.59375, 34.375, 35.15625, 35.9375, 36.71875, 37.5, 38.28125, 39.0625, 39.84375, 40.625, 41.40625, 42.1875, 42.96875, 43.75, 44.53125, 45.3125, 46.09375, 46.875, 47.65625, 48.4375, 49.21875, 50.0, 50.78125, 51.5625, 52.34375, 53.125, 53.90625, 54.6875, 55.46875, 56.25, 57.03125, 57.8125, 58.59375, 59.375, 60.15625, 60.9375, 61.71875, 62.5, 63.28125, 64.0625, 64.84375, 65.625, 66.40625, 67.1875, 67.96875, 68.75, 69.53125, 70.3125, 71.09375, 71.875, 72.65625, 73.4375, 74.21875, 75.0, 75.78125, 76.5625, 77.34375, 78.125, 78.90625, 79.6875, 80.46875, 81.25, 82.03125, 82.8125, 83.59375, 84.375, 85.15625, 85.9375, 86.71875, 87.5, 88.28125, 89.0625, 89.84375, 90.625, 91.40625, 92.1875, 92.96875, 93.75, 94.53125, 95.3125, 96.09375, 96.875, 97.65625, 98.4375, 99.21875, 100.0]}