{"psd": [68.37774583568284, 77.90692562905457, 77.8275044910332, 75.16456773997967, 70.66486381134796, 66.11961162826186, 60.81961656694128, 58.28927810427314, 56.51997666699576, 55.45594256285277, 57.33673023413964, 59.5567708995603, 57.46723943989722, 58.12160207212401, 56.86456209956687, 56.72880973336212, 58.09666419061, 60.08450334323776, 59.38469064877209, 59.7654242217068, 58.87996411747652, 59.435232108174475, 61.28513747850043, 64.09125556071012, 63.6424431714316, 62.840743620061886, 63.13978946712819, 62.828345973163394, 62.63057862887233, 63.12603566533592, 61.6930405907146, 60.76887337585438, 60.787895255676034, 60.77793530946597, 61.25171238264669, 61.80593827268672, 62.273391371175755, 62.320598697437646, 63.02137438518007, 61.64898962908926, 59.54610921116016, 59.49661970601498, 60.72060938850359, 61.48867055677897, 61.755034982251416, 62.53471866782778, 62.5151464680491, 61.094686707453434, 60.44733030252275, 59.40331094064593, 59.6365758533345, 60.791555520896324, 61.06143460662955, 61.27976905476256, 61.44592953355371, 61.26285317438488, 61.44621409935196, 61.838634201597955, 62.60501790166103, 61.07126430491276, 60.71530769343174, 61.357228288531104, 62.53167893904829, 62.75284951146261, 62.60346451436722, 62.01686704391658, 60.842818495746826, 60.885751229927436, 60.666290133952046, 60.54445154295256, 60.590804625171245, 60.78153596610776, 60.574923021381146, 60.513920481474024, 62.56894048115804, 65.8029544411988, 65.56480009202383, 64.42383429036464, 61.771766199624885, 60.27877915055885, 60.25973418011656, 60.348211872268465, 60.02040502576175, 59.34209886106366, 58.182056025000065, 57.85356065417024, 58.581198444716975, 58.62998454735009, 58.49710534716755, 58.67826929281247, 58.11030641917477, 57.86033395430109, 58.12200077931894, 57.83410073070665, 58.50271892915536, 60.84563285159387, 61.68258217326852, 59.39689644520814, 58.91071473506179, 58.663220418086496, 59.08473812194007, 60.48859720721153, 61.00921701241298, 59.750405450384314, 59.00496014304394, 59.18117966738082, 60.117718502613954, 60.046760332143364, 60.22067976821701, 59.11858761669998, 59.14572928056474, 58.79134354194683, 57.663759814599544, 56.56967149704447, 57.73228122857449, 60.051226041778776, 56.73950893582986, 49.71549730620576, 45.225681268799704, 40.21802713231531, 34.42461438120066, 28.399930229655364, 23.750660015491405, 21.472850053699297, 21.11780572807364, 21.342708812892365, 21.623389621661087, 21.33342652454676, 16.458863411645563], "f": [0.0, 0.78125, 1.5625, 2.34375, 3.125, 3.90625, 4.6875, 5.46875, 6.25, 7.03125, 7.8125, 8.59375, 9.375, 10.15625, 10.9375, 11.71875, 12.5, 13.28125, 14.0625, 14.84375, 15.625, 16.40625, 17.1875, 17.96875, 18.75, 19.53125, 20.3125, 21.09375, 21.875, 22.65625, 23.4375, 24.21875, 25.0, 25.78125, 26.5625, 27.34375, 28.125, 28.90625, 29.6875, 30.46875, 31.25, 32.03125, 32.8125, 33.59375, 34.375, 35.15625, 35.9375, 36.71875, 37.5, 38.28125, 39.0625, 39.84375, 40.625, 41.40625, 42.1875, 42.96875, 43.75, 44.53125, 45.3125, 46.09375, 46.875, 47.65625, 48.4375, 49.21875, 50.0, 50.78125, 51.5625, 52.34375, 53.125, 53.90625, 54.6875, 55.46875, 56.25, 57.03125, 57.8125, 58.59375, 59.375, 60.15625, 60.9375, 61.71875, 62.5, 63.28125, 64.0625, 64.84375, 65.625, 66.40625, 67.1875, 67.96875, 68.75, 69.53125, 70.3125, 71.09375, 71.875, 72.65625, 73.4375, 74.21875, 75.0, 75.78125, 76.5625, 77.34375, 78.125, 78.90625, 79.6875, 80.46875, 81.25, 82.03125, 82.8125, 83.59375, 84.375, 85.15625, 85.9375, 86.71875, 87.5, 88.28125, 89.0625, 89.84375, 90.625, 91.40625, 92.1875, 92.96875, 93.75, 94.53125, 95.3125, 96.09375, 96.875, 97.65625, 98.4375, 99.21875, 100.0]}