{"psd": [73.43207642591652, 82.26257152540984, 81.28369196750968, 75.91670779475037, 69.08140500245415, 63.6255053205621, 61.041091176901446, 59.9485448503947, 59.63105709808779, 60.91002843002307, 61.87472173572193, 61.21337138616252, 60.9621072084557, 61.42334704316016, 62.07963424881696, 62.53224085773492, 62.88459339137656, 62.827533011707466, 63.02112000553474, 63.333200557593884, 63.698558921111584, 63.243785586284716, 63.226087342589246, 63.88171544283008, 63.80516806547608, 63.72924347772234, 63.92055074403029, 63.86286175314546, 64.43928645086129, 65.44847364094585, 65.24510106907515, 65.22141979062661, 64.97976842907097, 64.49041004855917, 64.45849729933416, 64.93018303853027, 66.28380412700476, 69.8886319381207, 68.44609039394199, 66.23436583530199, 65.38630198437374, 65.09756451312767, 65.37766506636659, 65.29697455573773, 65.3454528357794, 65.40788897197486, 65.92075630377799, 66.28260446913801, 66.32020651763288, 66.61819630097872, 66.69609980854128, 66.07920041708033, 66.17748748482943, 65.82508780871191, 65.94027006437742, 65.71491058222624, 65.36223407512344, 65.36457585660901, 65.60147221315401, 65.91567543152291, 66.18122188530671, 65.85556319398299, 65.37855640554702, 65.3946326500428, 65.69876670155476, 65.8441361878407, 65.70520468512315, 65.08831404417849, 65.26567900828753, 65.72814790715907, 65.71571584220546, 65.90042472248209, 65.67640741683793, 65.59941937529362, 65.71026343484051, 66.4568214689028, 66.22202165073801, 65.46562231240708, 65.08497300323612, 65.15722583431602, 65.06636238603343, 65.4684626457525, 65.54568599095235, 65.00317624041831, 65.02870824539482, 65.07393963048953, 65.02629698111191, 64.92223400665834, 65.07175554114141, 64.78802903659275, 64.85925203100618, 65.01966311762072, 64.9275489690032, 64.62434997981714, 65.24199445980503, 65.1487157337728, 65.83932193679532, 65.1532140237073, 65.0160797255814, 65.46037167369892, 64.9393674962579, 65.14543155627196, 65.01759057800331, 65.20411324743021, 64.87145006697503, 64.49486019228706, 65.03764597704857, 65.04488975775072, 64.97641339951929, 64.77354608234187, 64.59783001059114, 63.96630052765246, 63.87997040112314, 63.55773419743848, 61.89574911707142, 61.49037241515092, 58.642136855190316, 54.526643315863126, 51.13815185532797, 46.57860517495869, 41.24452058906961, 35.266793884569765, 28.449834162302018, 23.161028084559984, 21.628184184364688, 21.30184131666182, 21.123603765918645, 20.880423566303094, 15.815958874295792], "f": [0.0, 0.78125, 1.5625, 2.34375, 3.125, 3.90625, 4.6875, 5.46875, 6.25, 7.03125, 7.8125, 8.59375, 9.375, 10.15625, 10.9375, 11.71875, 12.5, 13.28125, 14.0625, 14.84375, 15.625, 16.40625, 17.1875, 17.96875, 18.75, 19.53125, 20.3125, 21.09375, 21.875, 22.65625, 23.4375, 24.21875, 25.0, 25.78125, 26.5625, 27.34375, 28.125, 28.90625, 29.6875, 30.46875, 31.25, 32.03125, 32.8125, 33.59375, 34.375, 35.15625, 35.9375, 36.71875, 37.5, 38.28125, 39.0625, 39.84375, 40.625, 41.40625, 42.1875, 42.96875, 43.75, 44.53125, 45.3125, 46.09375, 46.875, 47.65625, 48.4375, 49.21875, 50.0, 50.78125, 51.5625, 52.34375, 53.125, 53.90625, 54.6875, 55.46875, 56.25, 57.03125, 57.8125, 58.59375, 59.375, 60.15625, 60.9375, 61.71875, 62.5, 63.28125, 64.0625, 64.84375, 65.625, 66.40625, 67.1875, 67.96875, 68.75, 69.53125, 70.3125, 71.09375, 71.875, 72.65625, 73.4375, 74.21875, 75.0, 75.78125, 76.5625, 77.34375, 78.125, 78.90625, 79.6875, 80.46875, 81.25, 82.03125, 82.8125, 83.59375, 84.375, 85.15625, 85.9375, 86.71875, 87.5, 88.28125, 89.0625, 89.84375, 90.625, 91.40625, 92.1875, 92.96875, 93.75, 94.53125, 95.3125, 96.09375, 96.875, 97.65625, 98.4375, 99.21875, 100.0]}