{"psd": [68.43599873715233, 77.67094776085776, 77.42493797807532, 75.1955013762326, 70.8102927128074, 65.258664662456, 60.920350987454626, 58.355640385191506, 56.46976311301786, 54.681142502759535, 55.13890283209351, 57.35709273049483, 56.20804335546577, 58.182496770109125, 57.13718599589807, 57.34356183895237, 59.01689249166591, 60.58555719224862, 59.24230283605536, 58.452500527526695, 57.56520451636283, 57.89756514697033, 60.41634045650162, 63.257444764400134, 63.13774179898413, 62.37523611317707, 62.165394336819666, 61.609620589351834, 61.65252557791411, 61.82902797725103, 61.53030869968684, 60.32248424116207, 60.95829197114512, 60.86070621858444, 61.47593513423192, 61.74306498831503, 62.55435328071765, 62.9389025093879, 62.95153327887781, 61.58613205591924, 59.89667585918322, 59.99202156274718, 60.831261364616296, 62.10899362929822, 62.35507994783706, 62.058917748917096, 61.74634066158114, 60.616099969021505, 59.980023574422255, 59.246344300884, 59.72791199179527, 60.69516273767685, 60.43400942259105, 60.38872654902718, 60.973802258587085, 61.226267159832176, 61.340094584830155, 62.24355613428821, 62.547981435763724, 61.404102169112164, 60.56422936187121, 61.95417490360931, 62.7844990051484, 62.96513177100502, 62.300736647164136, 61.994098722136144, 60.75800370578742, 60.06346388827221, 59.79706140945842, 59.84626479415078, 60.26680373145516, 60.623010594587264, 60.18500832564719, 60.33814595587356, 62.71714721510908, 65.60281813160233, 64.9835416641696, 64.33362761563632, 61.54675008411715, 59.5391332526173, 59.94680616449311, 60.644440779804654, 60.30096229957955, 59.34567972228238, 58.37597708638245, 57.62401926618641, 58.04110544591622, 57.99537573683655, 58.591033206847754, 58.29508794938535, 58.041754553612215, 57.374063680765104, 57.2411927981727, 57.692730930552074, 58.21201565452759, 60.12826932234602, 60.958723126610536, 59.495471084574774, 58.34820709544413, 57.87829717838033, 58.58577079875712, 59.44282858326716, 60.770457656668995, 60.039401728067354, 59.304785433306634, 59.554465075386446, 59.58928401918858, 58.88368234486662, 58.88489553115952, 58.488493140177724, 59.30249392398985, 58.61895520416914, 57.59388203945312, 56.692587660504685, 57.374763272804444, 59.36065747842133, 56.52233957684993, 49.49837737762026, 44.509658378257335, 39.90404451557172, 34.31934554238559, 27.877728591291188, 24.041940460264716, 21.970531904214802, 21.242009076579777, 21.584497778295642, 21.596397166553338, 21.103097006244628, 16.171866606046045], "f": [0.0, 0.78125, 1.5625, 2.34375, 3.125, 3.90625, 4.6875, 5.46875, 6.25, 7.03125, 7.8125, 8.59375, 9.375, 10.15625, 10.9375, 11.71875, 12.5, 13.28125, 14.0625, 14.84375, 15.625, 16.40625, 17.1875, 17.96875, 18.75, 19.53125, 20.3125, 21.09375, 21.875, 22.65625, 23.4375, 24.21875, 25.0, 25.78125, 26.5625, 27.34375, 28.125, 28.90625, 29.6875, 30.46875, 31.25, 32.03125, 32.8125, 33.59375, 34.375, 35.15625, 35.9375, 36.71875, 37.5, 38.28125, 39.0625, 39.84375, 40.625, 41.40625, 42.1875, 42.96875, 43.75, 44.53125, 45.3125, 46.09375, 46.875, 47.65625, 48.4375, 49.21875, 50.0, 50.78125, 51.5625, 52.34375, 53.125, 53.90625, 54.6875, 55.46875, 56.25, 57.03125, 57.8125, 58.59375, 59.375, 60.15625, 60.9375, 61.71875, 62.5, 63.28125, 64.0625, 64.84375, 65.625, 66.40625, 67.1875, 67.96875, 68.75, 69.53125, 70.3125, 71.09375, 71.875, 72.65625, 73.4375, 74.21875, 75.0, 75.78125, 76.5625, 77.34375, 78.125, 78.90625, 79.6875, 80.46875, 81.25, 82.03125, 82.8125, 83.59375, 84.375, 85.15625, 85.9375, 86.71875, 87.5, 88.28125, 89.0625, 89.84375, 90.625, 91.40625, 92.1875, 92.96875, 93.75, 94.53125, 95.3125, 96.09375, 96.875, 97.65625, 98.4375, 99.21875, 100.0]}