{"psd": [68.67133435455288, 77.81897397903504, 70.87092535942571, 64.26353079267061, 58.75002241782053, 54.10629563399743, 51.35801556266263, 51.338259865610006, 54.36964762261838, 55.49095021905216, 55.96828308425641, 55.091576992923635, 54.073301322527875, 55.485147778072026, 58.828471278848866, 58.728697959112566, 55.42167008273519, 55.30504460215971, 57.49002234016985, 61.40415232967156, 62.391844080815424, 64.06031042651946, 63.88252219809293, 64.8973250170502, 65.32038804723008, 66.31626921220632, 67.9749674615998, 67.59893948584437, 66.98353116761214, 66.8582922068162, 66.52795443231251, 66.99106217319074, 64.74721035726053, 63.824828667232666, 63.255422266027864, 63.66137940640535, 64.06389419114817, 63.4390133984466, 64.25244411708711, 62.998220948662, 62.037529981090685, 62.175664520300415, 62.614377067608714, 62.023903267467674, 62.31149434757118, 63.00357486033651, 62.47161715551226, 62.162925531174416, 63.42281094034165, 62.09308498988793, 63.82051159588224, 63.575647159870044, 64.2647215825647, 64.82942998572013, 65.41157058696875, 64.82594034539873, 64.45880099843183, 63.735772449614274, 63.69715318124818, 63.378386319944475, 64.1348442224446, 65.64526858316705, 65.78568676540117, 65.43561105329998, 63.5232405561362, 62.363978303609294, 62.59671070585355, 62.53392279870013, 62.81303628394686, 62.80637627274139, 62.21159378101248, 61.47723784536553, 61.52264420786043, 61.61092746588643, 64.06805204479623, 68.82210914195385, 68.40563902696415, 66.37624294979439, 62.42817996724849, 61.18467513524419, 60.84421620650953, 61.162086804748995, 61.32875552105631, 60.59246811751423, 60.020652482588055, 59.388869046276625, 59.350182226473144, 59.38430375771021, 59.23816739380645, 59.77431245352845, 59.69681114293168, 59.08078491812769, 58.90585152396792, 58.562214289731074, 58.745754577308546, 60.96887016330157, 63.41286337974858, 61.95372007372957, 61.17357360346687, 60.98053388642949, 61.535638120457264, 61.693292103643344, 61.58235979251491, 60.775490436157625, 59.568127102662444, 60.00671569865724, 60.36686679192463, 60.13335128823744, 58.727103889808234, 58.09055435357706, 58.26484259572961, 57.235655372471996, 56.464684543513705, 56.18496336268754, 57.308053507794, 57.66890836326694, 52.77820268600213, 47.132616880268216, 42.712520383851796, 37.84234160140492, 32.15911993039985, 27.024038871071102, 22.278493269609502, 21.54549216453276, 21.485700392990488, 20.824933874177173, 21.115732623755875, 21.241526178463765, 16.480754929454918], "f": [0.0, 0.78125, 1.5625, 2.34375, 3.125, 3.90625, 4.6875, 5.46875, 6.25, 7.03125, 7.8125, 8.59375, 9.375, 10.15625, 10.9375, 11.71875, 12.5, 13.28125, 14.0625, 14.84375, 15.625, 16.40625, 17.1875, 17.96875, 18.75, 19.53125, 20.3125, 21.09375, 21.875, 22.65625, 23.4375, 24.21875, 25.0, 25.78125, 26.5625, 27.34375, 28.125, 28.90625, 29.6875, 30.46875, 31.25, 32.03125, 32.8125, 33.59375, 34.375, 35.15625, 35.9375, 36.71875, 37.5, 38.28125, 39.0625, 39.84375, 40.625, 41.40625, 42.1875, 42.96875, 43.75, 44.53125, 45.3125, 46.09375, 46.875, 47.65625, 48.4375, 49.21875, 50.0, 50.78125, 51.5625, 52.34375, 53.125, 53.90625, 54.6875, 55.46875, 56.25, 57.03125, 57.8125, 58.59375, 59.375, 60.15625, 60.9375, 61.71875, 62.5, 63.28125, 64.0625, 64.84375, 65.625, 66.40625, 67.1875, 67.96875, 68.75, 69.53125, 70.3125, 71.09375, 71.875, 72.65625, 73.4375, 74.21875, 75.0, 75.78125, 76.5625, 77.34375, 78.125, 78.90625, 79.6875, 80.46875, 81.25, 82.03125, 82.8125, 83.59375, 84.375, 85.15625, 85.9375, 86.71875, 87.5, 88.28125, 89.0625, 89.84375, 90.625, 91.40625, 92.1875, 92.96875, 93.75, 94.53125, 95.3125, 96.09375, 96.875, 97.65625, 98.4375, 99.21875, 100.0]}