{"psd": [73.06667874271983, 82.38908204047723, 81.93770024217207, 77.0860874783554, 70.586254218057, 64.38456225546402, 60.24997446997121, 58.60660189978919, 59.86102190582454, 59.05926833796584, 59.55518412298965, 59.96722053839068, 60.77136958185922, 60.852585020120536, 59.30086124641551, 58.8852047546386, 60.23524776488867, 61.78942935152261, 61.20773410862239, 61.627458387804026, 61.58516383964577, 62.24705697732884, 61.70722010798378, 61.654265118936934, 61.92764664461545, 62.9358718661164, 63.59208109383984, 63.91944102648095, 64.10368141910145, 64.63028995958886, 63.690967979609994, 63.4071942106901, 63.1960865076794, 65.56826412275656, 65.21024076543961, 63.47107712650529, 63.649943661726034, 63.96375157806603, 65.1945179460108, 64.87641857232606, 64.08447484223774, 65.09519077137382, 65.3766127776338, 64.85394299881528, 64.20039833577972, 64.59802375236674, 64.68925081075425, 65.20714522187592, 67.48348735995282, 68.08675668571973, 65.91521872308294, 65.58860698210492, 65.55349983161678, 65.70866014063371, 65.62333454609112, 65.22065578589958, 65.73598253761031, 67.02888958945476, 67.71736159079893, 65.96104983345937, 66.01900337553722, 64.91320206767064, 64.43731039970301, 64.95321154034055, 65.94493131096132, 66.16471476754933, 65.4707241821507, 65.03071844125765, 64.72925305514576, 64.4671112146255, 64.02679702317441, 63.86863038636812, 64.11933468615702, 64.40179542094145, 66.26708008994049, 71.65018697480279, 78.48672999773622, 76.63123144551042, 70.34666670859914, 66.39262211961919, 64.77265871504186, 64.6193194551057, 64.70000799321662, 65.65530353611572, 64.51928903289223, 63.754477875821806, 63.65260897045385, 63.54959333234539, 63.753208361375435, 63.97404998032976, 63.67131351069069, 63.1983140274604, 63.70088550472063, 63.69092023200978, 63.54833857570277, 67.87624785386106, 72.39618874110843, 67.69084096567484, 63.30822187014607, 63.75583599845034, 63.58369279594892, 63.34479012331876, 64.07694248449539, 64.34153089197746, 64.22788268454931, 64.12649187103604, 65.33424457802782, 65.56721482138934, 64.99036908274583, 64.90981474993892, 64.19668920848734, 63.75349189388287, 63.260611092767256, 61.859422660470386, 61.73974807573558, 62.27584998640828, 59.0395874771353, 53.91192892871687, 50.150086013434134, 46.05164620137395, 40.517021118387014, 34.059670843157406, 27.430112801599492, 22.851097794549908, 21.178704155300352, 20.999944160461673, 21.24057534479096, 21.14200498655861, 17.225659700631425], "f": [0.0, 0.78125, 1.5625, 2.34375, 3.125, 3.90625, 4.6875, 5.46875, 6.25, 7.03125, 7.8125, 8.59375, 9.375, 10.15625, 10.9375, 11.71875, 12.5, 13.28125, 14.0625, 14.84375, 15.625, 16.40625, 17.1875, 17.96875, 18.75, 19.53125, 20.3125, 21.09375, 21.875, 22.65625, 23.4375, 24.21875, 25.0, 25.78125, 26.5625, 27.34375, 28.125, 28.90625, 29.6875, 30.46875, 31.25, 32.03125, 32.8125, 33.59375, 34.375, 35.15625, 35.9375, 36.71875, 37.5, 38.28125, 39.0625, 39.84375, 40.625, 41.40625, 42.1875, 42.96875, 43.75, 44.53125, 45.3125, 46.09375, 46.875, 47.65625, 48.4375, 49.21875, 50.0, 50.78125, 51.5625, 52.34375, 53.125, 53.90625, 54.6875, 55.46875, 56.25, 57.03125, 57.8125, 58.59375, 59.375, 60.15625, 60.9375, 61.71875, 62.5, 63.28125, 64.0625, 64.84375, 65.625, 66.40625, 67.1875, 67.96875, 68.75, 69.53125, 70.3125, 71.09375, 71.875, 72.65625, 73.4375, 74.21875, 75.0, 75.78125, 76.5625, 77.34375, 78.125, 78.90625, 79.6875, 80.46875, 81.25, 82.03125, 82.8125, 83.59375, 84.375, 85.15625, 85.9375, 86.71875, 87.5, 88.28125, 89.0625, 89.84375, 90.625, 91.40625, 92.1875, 92.96875, 93.75, 94.53125, 95.3125, 96.09375, 96.875, 97.65625, 98.4375, 99.21875, 100.0]}