{"psd": [77.76368787367889, 87.49263419506833, 83.45709956760638, 75.30086437631682, 69.49153089457117, 67.02623023438271, 66.64794059635659, 67.60812716608166, 68.4760644827565, 69.05722124465562, 69.49967363659796, 68.86012033723014, 69.78851504116945, 70.27925625706496, 70.24091706392444, 70.41081327780888, 70.77231865965366, 70.97596653342595, 71.0297137669395, 71.01496655593931, 70.97462656164967, 71.11063499402, 71.44196750227798, 71.63398675888786, 71.96401878563319, 71.60459925118697, 71.70420466217057, 72.21528539996787, 72.46195701573751, 71.84331364200776, 71.90331098164889, 72.15308199035388, 71.70873476426705, 71.45973723621022, 71.07727207084932, 71.03793278484159, 71.1923121092033, 71.23165232589294, 71.23797408731636, 71.32543862268695, 71.57996045372093, 71.42173599140973, 71.58185953703885, 71.72877309334395, 71.04566621926648, 71.79372214666189, 71.78763095548436, 71.75279202450157, 71.81586665168955, 71.89274214360842, 71.43755427918335, 71.3522185843953, 72.50216428506788, 72.93772416958295, 72.7386722732392, 72.86538850901528, 73.11984361549678, 73.90906467741799, 74.60218799753494, 73.01069279627028, 72.85686269229936, 72.94454157912268, 73.33791347754388, 73.51799661385775, 73.35312360994226, 74.00054742727325, 73.89888250484331, 74.35239146024534, 73.75864164774396, 73.43864108127822, 73.57467538685253, 73.63084423277961, 73.53431129129915, 73.36925264157793, 72.99739962733518, 73.65874665752114, 74.76459352510317, 74.64633887276656, 73.3292813848451, 72.96815158368149, 73.47154530271602, 73.12669807291084, 73.64282709810777, 72.94078128083805, 72.84540742681861, 72.65615522870532, 73.33951159216818, 73.17434892487233, 73.37336517723034, 73.4798231425056, 73.36998161016456, 73.60252560682153, 73.76030646967762, 73.74915199052666, 74.27659456707462, 74.20429424111892, 74.47864190028187, 74.38617944318179, 74.41056970481989, 74.13069043378793, 73.89988964782158, 74.78475236616737, 74.41103605134572, 74.12952617393799, 74.2553529172269, 74.48841135744406, 75.29129557531205, 75.66324791569781, 74.79425817064549, 74.72904768640235, 75.08043810959913, 73.94719377729457, 73.23598344132826, 72.49249703040283, 71.59512432639556, 71.00325251916503, 68.74936177841565, 65.38434000730561, 61.6962344517562, 56.796903654687945, 51.15947807943617, 44.692097046451536, 37.34225385152921, 29.34442645956269, 24.346264429303712, 21.19040050316145, 21.713379909463452, 21.379008875324462, 16.537196858013196], "f": [0.0, 0.78125, 1.5625, 2.34375, 3.125, 3.90625, 4.6875, 5.46875, 6.25, 7.03125, 7.8125, 8.59375, 9.375, 10.15625, 10.9375, 11.71875, 12.5, 13.28125, 14.0625, 14.84375, 15.625, 16.40625, 17.1875, 17.96875, 18.75, 19.53125, 20.3125, 21.09375, 21.875, 22.65625, 23.4375, 24.21875, 25.0, 25.78125, 26.5625, 27.34375, 28.125, 28.90625, 29.6875, 30.46875, 31.25, 32.03125, 32.8125, 33.59375, 34.375, 35.15625, 35.9375, 36.71875, 37.5, 38.28125, 39.0625, 39.84375, 40.625, 41.40625, 42.1875, 42.96875, 43.75, 44.53125, 45.3125, 46.09375, 46.875, 47.65625, 48.4375, 49.21875, 50.0, 50.78125, 51.5625, 52.34375, 53.125, 53.90625, 54.6875, 55.46875, 56.25, 57.03125, 57.8125, 58.59375, 59.375, 60.15625, 60.9375, 61.71875, 62.5, 63.28125, 64.0625, 64.84375, 65.625, 66.40625, 67.1875, 67.96875, 68.75, 69.53125, 70.3125, 71.09375, 71.875, 72.65625, 73.4375, 74.21875, 75.0, 75.78125, 76.5625, 77.34375, 78.125, 78.90625, 79.6875, 80.46875, 81.25, 82.03125, 82.8125, 83.59375, 84.375, 85.15625, 85.9375, 86.71875, 87.5, 88.28125, 89.0625, 89.84375, 90.625, 91.40625, 92.1875, 92.96875, 93.75, 94.53125, 95.3125, 96.09375, 96.875, 97.65625, 98.4375, 99.21875, 100.0]}