{"psd": [71.22475457542163, 80.59323976629587, 72.53768259767797, 65.86684239933538, 63.37072934483718, 61.059055429310625, 58.067624402364615, 55.2853100693831, 55.02504589050781, 60.80776615803451, 61.88296286168452, 57.44041894111692, 55.5685591697591, 57.710480144324954, 58.63397043765588, 58.38810741550319, 57.134010494131346, 56.457706630378944, 57.2128186642468, 59.374673882101085, 60.546086302014, 61.26553838408547, 63.595960636805444, 63.767060794811606, 61.450570450788504, 62.60876147929516, 63.05265428573247, 63.47615677579292, 62.740531700807125, 62.25443941480513, 62.16788788132792, 62.07423066347248, 61.94692972399597, 61.98852586502363, 61.46826468742903, 61.9732861343079, 61.629342090044034, 60.60528257830874, 62.32944315888983, 61.07767603483451, 60.036118481794205, 61.20077098228731, 60.586491728078606, 59.15670842216944, 60.209888149701655, 60.80091779877325, 61.75213401427125, 62.04209903428557, 61.9019082099861, 60.88737655351734, 60.137988324272854, 59.76386251310524, 60.60622429132057, 61.67729068610611, 62.782841890947054, 64.37581678007545, 64.47847586970481, 63.99086364030499, 63.802001274465525, 62.0368539538206, 61.90410890217714, 62.47684601034928, 63.83300290236007, 65.46031655538198, 65.25120882426661, 64.03014677708539, 63.58781989919413, 64.5070770107523, 63.97243169734206, 64.23369251183078, 63.8107443424725, 64.09203559604666, 63.372760764201786, 61.69757287920164, 61.30166479639289, 63.630315449527934, 63.12904519986789, 63.71950144582948, 62.580964831037534, 62.49727352510155, 61.75079206561071, 61.3364748246746, 61.051198871952074, 60.79092713620091, 61.11286594800917, 61.46370317590494, 61.09632352798954, 60.690729608885086, 60.29123953145213, 60.28687547201383, 60.2329502809157, 60.66117795736445, 60.91395797606772, 61.068591160148465, 60.786455718038766, 60.96618197408701, 61.7005255206858, 60.01304318545516, 60.32668130698259, 61.441824406613634, 60.70439650112427, 60.67383478073876, 60.071518284283634, 59.89413964517293, 59.43444080248989, 59.77358129354242, 59.97100980069874, 59.763566943528865, 59.29318552634818, 59.28373572614681, 58.64559279310727, 58.265261475269206, 57.98348960154084, 57.708435143516475, 56.39129144129057, 55.844173416836824, 53.37737219845267, 49.09926221090919, 44.26377551858227, 40.28304080940265, 34.65121526475732, 28.57332758119425, 24.015682548423413, 21.716473806700407, 21.237996769565616, 21.54815476401142, 21.142911671773817, 21.317276775402057, 16.17488940150197], "f": [0.0, 0.78125, 1.5625, 2.34375, 3.125, 3.90625, 4.6875, 5.46875, 6.25, 7.03125, 7.8125, 8.59375, 9.375, 10.15625, 10.9375, 11.71875, 12.5, 13.28125, 14.0625, 14.84375, 15.625, 16.40625, 17.1875, 17.96875, 18.75, 19.53125, 20.3125, 21.09375, 21.875, 22.65625, 23.4375, 24.21875, 25.0, 25.78125, 26.5625, 27.34375, 28.125, 28.90625, 29.6875, 30.46875, 31.25, 32.03125, 32.8125, 33.59375, 34.375, 35.15625, 35.9375, 36.71875, 37.5, 38.28125, 39.0625, 39.84375, 40.625, 41.40625, 42.1875, 42.96875, 43.75, 44.53125, 45.3125, 46.09375, 46.875, 47.65625, 48.4375, 49.21875, 50.0, 50.78125, 51.5625, 52.34375, 53.125, 53.90625, 54.6875, 55.46875, 56.25, 57.03125, 57.8125, 58.59375, 59.375, 60.15625, 60.9375, 61.71875, 62.5, 63.28125, 64.0625, 64.84375, 65.625, 66.40625, 67.1875, 67.96875, 68.75, 69.53125, 70.3125, 71.09375, 71.875, 72.65625, 73.4375, 74.21875, 75.0, 75.78125, 76.5625, 77.34375, 78.125, 78.90625, 79.6875, 80.46875, 81.25, 82.03125, 82.8125, 83.59375, 84.375, 85.15625, 85.9375, 86.71875, 87.5, 88.28125, 89.0625, 89.84375, 90.625, 91.40625, 92.1875, 92.96875, 93.75, 94.53125, 95.3125, 96.09375, 96.875, 97.65625, 98.4375, 99.21875, 100.0]}