{"psd": [71.86255786834552, 81.72703376093521, 81.40095084681754, 76.60689787178173, 70.15706792673936, 64.08614383381682, 60.436132398140394, 58.85179513750295, 58.620060647943326, 58.64542458842071, 58.56413133485552, 59.73743376900213, 61.83771539003853, 62.41425931316552, 61.05905490204148, 60.88874546809883, 61.32977617497186, 61.962391821132684, 62.88366792369204, 63.74881180647072, 62.7756172882933, 63.486208432853275, 63.82970981407, 64.05234590001649, 64.0002773778064, 64.42078441959922, 64.63485187245664, 65.14078882680651, 65.91343279055185, 66.16746988093469, 65.64062044971172, 64.49238553006072, 64.5784927138862, 64.69297667636825, 66.72041463294734, 66.34242783038982, 68.12287060130328, 73.95202806679984, 73.44573588969043, 69.45939140063633, 67.53312673649279, 67.22172811983239, 67.7307434203543, 67.86026903235472, 68.4036943454247, 68.5213637251489, 68.79367876643938, 68.66843146798406, 68.44365190814725, 68.20728439805221, 68.52651492666216, 69.25073983670589, 69.1187918705254, 68.64507574974057, 68.26417611774744, 67.27895054323821, 67.90178813090853, 67.3904472536347, 67.40515043796366, 67.12446846814825, 67.11841489168948, 67.37049487028743, 67.67090119303562, 66.80162465385104, 66.31464147467864, 66.94253448782386, 67.20447332470702, 66.84516537659533, 66.4285816339399, 66.0342028974581, 66.60197819121748, 67.04909564829723, 66.6512492722189, 67.00783222702088, 68.11264713629737, 70.71758218923986, 70.23918830503985, 69.13868713316384, 66.29967469810414, 65.83817578506543, 66.02269155904435, 65.52056626938976, 65.27682263051177, 65.30713629997716, 65.35718259840867, 65.41947162338195, 64.91172872018846, 64.84331248382213, 64.53506523198945, 64.3962943476131, 64.54907603256436, 64.44570918372523, 64.70799800779167, 64.74607530928269, 64.86425909146247, 67.29200587834151, 70.85014719005075, 67.43382857872892, 65.5632341337837, 65.095869353576, 64.74743182845599, 65.26697022686777, 65.87133795298084, 66.82470239478204, 67.47621878307586, 66.99190077640222, 65.8164784081063, 66.4625058145468, 66.05539292007802, 65.48043680115461, 64.79026451503303, 64.71607511809803, 64.45097469561091, 63.621655306783104, 63.29832730652336, 64.42261002992197, 61.337372505882016, 55.27471128454188, 51.659066621475304, 47.214397960934214, 41.05837104599377, 34.533110735772944, 28.124452126131565, 23.380330275183823, 21.605060840102848, 21.015099113637568, 21.08772003897915, 21.484380798606345, 16.8592052675631], "f": [0.0, 0.78125, 1.5625, 2.34375, 3.125, 3.90625, 4.6875, 5.46875, 6.25, 7.03125, 7.8125, 8.59375, 9.375, 10.15625, 10.9375, 11.71875, 12.5, 13.28125, 14.0625, 14.84375, 15.625, 16.40625, 17.1875, 17.96875, 18.75, 19.53125, 20.3125, 21.09375, 21.875, 22.65625, 23.4375, 24.21875, 25.0, 25.78125, 26.5625, 27.34375, 28.125, 28.90625, 29.6875, 30.46875, 31.25, 32.03125, 32.8125, 33.59375, 34.375, 35.15625, 35.9375, 36.71875, 37.5, 38.28125, 39.0625, 39.84375, 40.625, 41.40625, 42.1875, 42.96875, 43.75, 44.53125, 45.3125, 46.09375, 46.875, 47.65625, 48.4375, 49.21875, 50.0, 50.78125, 51.5625, 52.34375, 53.125, 53.90625, 54.6875, 55.46875, 56.25, 57.03125, 57.8125, 58.59375, 59.375, 60.15625, 60.9375, 61.71875, 62.5, 63.28125, 64.0625, 64.84375, 65.625, 66.40625, 67.1875, 67.96875, 68.75, 69.53125, 70.3125, 71.09375, 71.875, 72.65625, 73.4375, 74.21875, 75.0, 75.78125, 76.5625, 77.34375, 78.125, 78.90625, 79.6875, 80.46875, 81.25, 82.03125, 82.8125, 83.59375, 84.375, 85.15625, 85.9375, 86.71875, 87.5, 88.28125, 89.0625, 89.84375, 90.625, 91.40625, 92.1875, 92.96875, 93.75, 94.53125, 95.3125, 96.09375, 96.875, 97.65625, 98.4375, 99.21875, 100.0]}