{"psd": [71.55676567239547, 80.48779715196973, 78.40828851682707, 74.63702378904085, 70.97121671416483, 66.09241471431307, 62.252253081672436, 59.05377104853798, 58.939886698214224, 58.73799007719819, 59.8064431428319, 61.437474250296276, 59.64050575278179, 60.937070718931054, 59.511104020616045, 58.64710909863725, 57.934865553714275, 58.86353941842777, 59.528005069689414, 59.86227646368952, 60.41964426348117, 60.59068217212573, 60.897220548985075, 61.119503116061935, 62.01284539314286, 62.94973400627106, 63.3236883547908, 62.93019492696915, 63.67993757989025, 63.33492647886536, 62.61616860360782, 62.77599441023661, 64.11073803858753, 63.94827566162367, 62.817034006708795, 62.50657775283056, 61.48217454223668, 61.41531203162578, 62.21370286498598, 62.167470415576375, 61.49543345925543, 62.311838925687525, 62.29768241343848, 62.12710963184348, 61.7550170144366, 61.77703729596033, 62.04354434616658, 61.93454132118903, 62.076741215829436, 61.99226940135461, 61.9135931031137, 61.60627869608609, 61.51681197532703, 63.027859722882056, 63.36542993425785, 63.066916055508806, 62.951866787236305, 63.904182956692985, 64.06743253716748, 62.71181980179794, 63.39733818633137, 63.52319571182919, 63.73346477040333, 62.702118101851866, 61.95913760535771, 61.89399752824616, 61.07578610096594, 60.52366332203469, 60.814806769146905, 60.536246202635894, 61.41198001309523, 62.00704266396386, 61.07175378682453, 61.5151318412519, 61.917836181823624, 66.82884818331868, 76.05409067746932, 74.27218264725953, 63.413049822623286, 62.22079153004457, 62.56404549250362, 62.66863201457157, 63.14273009630838, 62.78547348292648, 61.80376054592834, 60.84502249070266, 60.85793889468343, 60.439482609345, 60.68826269718947, 60.564356108347546, 61.103080741178566, 60.80709010552671, 59.168889171947754, 58.59374085451009, 58.30004862870902, 60.32486629201121, 64.38227561313926, 61.28862072306959, 58.157177671593686, 58.15535369174611, 58.07304566906963, 57.83686700330169, 57.86196081594464, 57.547989150239246, 56.72032628713072, 56.966954924692914, 57.43780544453733, 56.631632740338624, 57.6365202717911, 58.63511537040309, 59.01995067567819, 57.97560379344294, 55.85992458963018, 55.37007200652062, 53.89458581663439, 54.37840545588317, 52.06754085812955, 46.82204980283149, 43.13114065401335, 39.075031441222485, 33.8102002613105, 27.709698495152768, 23.171485176288115, 21.700767919882193, 21.847481309891283, 21.251636692919046, 21.384653806853706, 21.217302625579187, 16.87310823716664], "f": [0.0, 0.78125, 1.5625, 2.34375, 3.125, 3.90625, 4.6875, 5.46875, 6.25, 7.03125, 7.8125, 8.59375, 9.375, 10.15625, 10.9375, 11.71875, 12.5, 13.28125, 14.0625, 14.84375, 15.625, 16.40625, 17.1875, 17.96875, 18.75, 19.53125, 20.3125, 21.09375, 21.875, 22.65625, 23.4375, 24.21875, 25.0, 25.78125, 26.5625, 27.34375, 28.125, 28.90625, 29.6875, 30.46875, 31.25, 32.03125, 32.8125, 33.59375, 34.375, 35.15625, 35.9375, 36.71875, 37.5, 38.28125, 39.0625, 39.84375, 40.625, 41.40625, 42.1875, 42.96875, 43.75, 44.53125, 45.3125, 46.09375, 46.875, 47.65625, 48.4375, 49.21875, 50.0, 50.78125, 51.5625, 52.34375, 53.125, 53.90625, 54.6875, 55.46875, 56.25, 57.03125, 57.8125, 58.59375, 59.375, 60.15625, 60.9375, 61.71875, 62.5, 63.28125, 64.0625, 64.84375, 65.625, 66.40625, 67.1875, 67.96875, 68.75, 69.53125, 70.3125, 71.09375, 71.875, 72.65625, 73.4375, 74.21875, 75.0, 75.78125, 76.5625, 77.34375, 78.125, 78.90625, 79.6875, 80.46875, 81.25, 82.03125, 82.8125, 83.59375, 84.375, 85.15625, 85.9375, 86.71875, 87.5, 88.28125, 89.0625, 89.84375, 90.625, 91.40625, 92.1875, 92.96875, 93.75, 94.53125, 95.3125, 96.09375, 96.875, 97.65625, 98.4375, 99.21875, 100.0]}