{"psd": [63.580847659368885, 73.13651979346425, 72.2903703211089, 70.23003694217101, 66.75481274957296, 62.829929354995016, 58.78929170942432, 55.81096081954452, 54.522151824867706, 53.55038063927338, 54.516074764676844, 56.22627296393234, 58.24436361885177, 57.35856743255316, 58.50398635098795, 60.47827868600518, 57.258156932375364, 55.41030607351236, 55.97228742713554, 56.613603113578165, 56.8366193896648, 55.932279028768065, 56.53597919617959, 59.598116096798606, 60.82619854449622, 62.222890909936126, 59.48676910556855, 58.186462486196945, 58.529362686204735, 58.25009941902779, 58.29898507185231, 59.06021917427375, 58.77223639056862, 58.7763877757274, 59.68814083990894, 60.36281331468217, 60.623619450899824, 62.98928002657232, 62.88918836785902, 60.93913065739691, 59.932890012205284, 60.20859318580496, 59.95051799098323, 59.439153935926974, 60.11105844214629, 61.63689135684887, 62.687260779615855, 62.293833327480435, 64.25174747853549, 68.88602759066075, 69.52381303801131, 66.07548219435012, 64.03596484529878, 64.12344086587211, 65.0367160232849, 63.39536564923723, 62.84240711765886, 65.81405022020044, 66.98238064095332, 64.05785599029743, 63.40336567713335, 63.57690970277552, 64.83103593393446, 63.834479177412746, 61.936897855842865, 61.94650852043446, 62.866101415371915, 61.79091890751486, 61.34799012849566, 60.63574410192024, 60.97549279572189, 60.53234069866135, 60.25856050782402, 60.107526998495445, 61.56541573636052, 70.87414942475831, 78.38373637430765, 76.05222148459588, 65.37847956644255, 60.844540289257466, 59.23665113399358, 59.22269202027188, 60.64214795740551, 63.77142339400948, 60.74620984402089, 58.987140749710036, 58.25157508517519, 58.839358473049906, 57.651526596320224, 58.06697258676536, 58.24340985615335, 57.93360040001722, 57.86362751056937, 57.58547915630359, 57.55629856850889, 63.14096393363964, 67.69553390923731, 62.36475362277311, 56.945764029043325, 57.193099235367164, 57.563037159837066, 57.4711481402683, 58.50820098979562, 58.95683900423191, 59.94435938409045, 60.14808851846625, 60.02745653912244, 58.948695360379126, 58.7195702573488, 58.75455005469961, 58.343949981879994, 56.70855357365194, 56.053141154828936, 55.51717324581069, 55.44584477691505, 59.5549720368271, 56.142653973508615, 46.47586886220129, 42.995588935655434, 39.03899121217733, 32.98696915106099, 26.954018691469276, 23.752760651883843, 21.339300841961144, 21.35478645907273, 21.25166316885917, 21.31067198303166, 21.25393857301144, 16.307370382564187], "f": [0.0, 0.78125, 1.5625, 2.34375, 3.125, 3.90625, 4.6875, 5.46875, 6.25, 7.03125, 7.8125, 8.59375, 9.375, 10.15625, 10.9375, 11.71875, 12.5, 13.28125, 14.0625, 14.84375, 15.625, 16.40625, 17.1875, 17.96875, 18.75, 19.53125, 20.3125, 21.09375, 21.875, 22.65625, 23.4375, 24.21875, 25.0, 25.78125, 26.5625, 27.34375, 28.125, 28.90625, 29.6875, 30.46875, 31.25, 32.03125, 32.8125, 33.59375, 34.375, 35.15625, 35.9375, 36.71875, 37.5, 38.28125, 39.0625, 39.84375, 40.625, 41.40625, 42.1875, 42.96875, 43.75, 44.53125, 45.3125, 46.09375, 46.875, 47.65625, 48.4375, 49.21875, 50.0, 50.78125, 51.5625, 52.34375, 53.125, 53.90625, 54.6875, 55.46875, 56.25, 57.03125, 57.8125, 58.59375, 59.375, 60.15625, 60.9375, 61.71875, 62.5, 63.28125, 64.0625, 64.84375, 65.625, 66.40625, 67.1875, 67.96875, 68.75, 69.53125, 70.3125, 71.09375, 71.875, 72.65625, 73.4375, 74.21875, 75.0, 75.78125, 76.5625, 77.34375, 78.125, 78.90625, 79.6875, 80.46875, 81.25, 82.03125, 82.8125, 83.59375, 84.375, 85.15625, 85.9375, 86.71875, 87.5, 88.28125, 89.0625, 89.84375, 90.625, 91.40625, 92.1875, 92.96875, 93.75, 94.53125, 95.3125, 96.09375, 96.875, 97.65625, 98.4375, 99.21875, 100.0]}