{"psd": [72.03769219514272, 80.6798397865607, 78.39183066768453, 75.32589790729197, 70.98717238164889, 65.8708483502039, 61.592025903539295, 58.31342856577265, 57.52179281080933, 56.649446288013, 55.911984629006625, 54.644366841273566, 55.25315628612055, 56.438852771233464, 57.2416385605591, 57.9095841992182, 58.14177942826136, 59.3037618681186, 58.93018432305668, 59.4851966914727, 58.41238425245081, 58.36648302194192, 59.38790462110144, 61.1792363916944, 61.625848291774986, 62.114835478222794, 62.73180488913241, 63.779308901008335, 64.68556841332159, 65.52178880371025, 65.06220194993048, 63.28187512700015, 62.03681101453696, 63.519164110887104, 65.43160994277602, 67.27713864485266, 64.5982072155265, 62.280136181017184, 64.51331655885751, 63.13856176605906, 60.5696784835342, 61.35290586060292, 61.142482318042674, 61.79664379428274, 61.82884559009783, 61.22779351999601, 60.82073908965593, 60.58904795977678, 60.77566069343881, 61.29578405837627, 60.38771277460995, 61.02663075485636, 61.66080274168405, 61.94769681124649, 62.11417261948049, 61.248090864691704, 61.44987513526936, 62.45930639988526, 63.14666816370267, 62.54229876454099, 62.018155046293025, 62.720224282300435, 63.24463295401362, 63.028726830127304, 62.46622336190377, 62.253499574619305, 62.01781849422616, 61.23188044765808, 61.77710344027942, 63.855170951565164, 65.90550134723215, 64.90953927035149, 62.765564977328836, 62.766703492145204, 63.37585157722452, 63.8329202227986, 69.03227350238114, 72.14527364123276, 64.99033240258392, 58.98565366332545, 59.148303933781904, 59.550984081962675, 59.33231088737307, 59.040395763022325, 58.40906371089663, 58.75882090606983, 58.841371856248976, 59.190480875861084, 59.092574874938954, 59.2276730676571, 58.08794822256401, 57.97918403579913, 57.83804884677532, 57.78654373922344, 57.48645949379002, 60.88617702749844, 65.60869001943216, 61.06761958444597, 57.086105773801734, 57.12373317546764, 56.79118738377858, 56.79779550541469, 56.42595967573981, 57.15102066274391, 57.43522043450743, 58.74975860484603, 58.26323844025501, 57.39070384045772, 56.90034932320114, 56.289068346245784, 55.966884182955766, 56.13411643306626, 55.595948580758176, 55.14672806017819, 56.080834289037284, 60.70610112768554, 57.757980644801414, 47.79518207600576, 42.971517383791664, 38.21224145217955, 32.651494988515715, 27.65578354536067, 23.7002192016963, 21.603468716092355, 21.37063613151481, 21.010667782511007, 21.18409539211885, 21.562451411574834, 17.3660622524521], "f": [0.0, 0.78125, 1.5625, 2.34375, 3.125, 3.90625, 4.6875, 5.46875, 6.25, 7.03125, 7.8125, 8.59375, 9.375, 10.15625, 10.9375, 11.71875, 12.5, 13.28125, 14.0625, 14.84375, 15.625, 16.40625, 17.1875, 17.96875, 18.75, 19.53125, 20.3125, 21.09375, 21.875, 22.65625, 23.4375, 24.21875, 25.0, 25.78125, 26.5625, 27.34375, 28.125, 28.90625, 29.6875, 30.46875, 31.25, 32.03125, 32.8125, 33.59375, 34.375, 35.15625, 35.9375, 36.71875, 37.5, 38.28125, 39.0625, 39.84375, 40.625, 41.40625, 42.1875, 42.96875, 43.75, 44.53125, 45.3125, 46.09375, 46.875, 47.65625, 48.4375, 49.21875, 50.0, 50.78125, 51.5625, 52.34375, 53.125, 53.90625, 54.6875, 55.46875, 56.25, 57.03125, 57.8125, 58.59375, 59.375, 60.15625, 60.9375, 61.71875, 62.5, 63.28125, 64.0625, 64.84375, 65.625, 66.40625, 67.1875, 67.96875, 68.75, 69.53125, 70.3125, 71.09375, 71.875, 72.65625, 73.4375, 74.21875, 75.0, 75.78125, 76.5625, 77.34375, 78.125, 78.90625, 79.6875, 80.46875, 81.25, 82.03125, 82.8125, 83.59375, 84.375, 85.15625, 85.9375, 86.71875, 87.5, 88.28125, 89.0625, 89.84375, 90.625, 91.40625, 92.1875, 92.96875, 93.75, 94.53125, 95.3125, 96.09375, 96.875, 97.65625, 98.4375, 99.21875, 100.0]}