{"psd": [69.65698738928515, 78.58942464187331, 78.30074891109317, 75.91243034688031, 70.82840670647622, 65.10065513368754, 60.03175977807905, 56.84701277148298, 55.62810708375793, 56.80355155322812, 57.14589344687549, 59.77828401351353, 60.942839281476175, 59.55081880152364, 62.63490076617178, 62.29004397135191, 60.37436181526974, 58.06291301060479, 59.81288637565981, 59.670684254323156, 58.24107396699969, 58.506863625516175, 58.5458181398276, 57.41939823122586, 59.74157915459057, 59.77661322705156, 59.269356562411424, 59.41501037011597, 60.339084549685964, 60.715027185820674, 60.509930818302244, 60.758811463795006, 61.40631355335391, 60.68443756335273, 59.61523361576269, 60.24940175993909, 62.014365215202794, 61.93908606013696, 65.12320901864793, 64.01628550406367, 61.039378318156324, 60.92824332113178, 60.90479278609393, 61.14605960758938, 60.404137509959696, 60.488219585744254, 61.33781361234369, 61.7290415249102, 62.79576549036082, 62.68329046965775, 62.679152409998494, 62.47735040628028, 62.606720632744384, 62.542331739860956, 62.32139205014811, 62.95588017778434, 63.99152503261466, 64.74076063937287, 64.82248026149678, 63.98910686481561, 63.422823484456075, 63.141648484436814, 63.110749852704835, 64.12409669267315, 64.96329864115226, 64.7384357974998, 63.4306008929928, 63.54930805713461, 63.06869698196566, 62.050995745971576, 62.06741184873442, 63.32706638088147, 63.44603736207242, 63.10672246880789, 67.27247420216001, 71.2779143324459, 67.1675834809884, 63.63559310391039, 62.765540417140514, 62.54036139979894, 62.53825964314038, 62.27379598856689, 61.862040749997256, 61.53322360115038, 61.742409557075575, 61.56962935613046, 61.285116456479464, 60.67432853462552, 60.96794682437401, 61.374770768402485, 60.83889335847206, 60.40408570355907, 60.66633428775199, 60.490744154853616, 60.07048991589559, 60.45468300950794, 61.70854516599941, 61.2203956426606, 60.51690211154778, 60.61295080752666, 60.4187574448157, 59.93365769810186, 59.750580054582024, 60.26683663625071, 60.45300498616964, 61.273560980611464, 60.746553505226295, 60.794202654972345, 61.33841289149045, 61.8970239790855, 61.09691133611838, 60.45431606358633, 59.76624800361299, 59.8754025585085, 59.67009878642018, 59.58898002415324, 57.24463357016755, 52.06698382778464, 47.83338727825711, 43.26793680256416, 37.907068569603425, 31.800390944753346, 26.31265087203228, 22.675231955903726, 21.09871059761798, 20.80996272376463, 20.86924799464515, 21.28773408801958, 15.985177603192307], "f": [0.0, 0.78125, 1.5625, 2.34375, 3.125, 3.90625, 4.6875, 5.46875, 6.25, 7.03125, 7.8125, 8.59375, 9.375, 10.15625, 10.9375, 11.71875, 12.5, 13.28125, 14.0625, 14.84375, 15.625, 16.40625, 17.1875, 17.96875, 18.75, 19.53125, 20.3125, 21.09375, 21.875, 22.65625, 23.4375, 24.21875, 25.0, 25.78125, 26.5625, 27.34375, 28.125, 28.90625, 29.6875, 30.46875, 31.25, 32.03125, 32.8125, 33.59375, 34.375, 35.15625, 35.9375, 36.71875, 37.5, 38.28125, 39.0625, 39.84375, 40.625, 41.40625, 42.1875, 42.96875, 43.75, 44.53125, 45.3125, 46.09375, 46.875, 47.65625, 48.4375, 49.21875, 50.0, 50.78125, 51.5625, 52.34375, 53.125, 53.90625, 54.6875, 55.46875, 56.25, 57.03125, 57.8125, 58.59375, 59.375, 60.15625, 60.9375, 61.71875, 62.5, 63.28125, 64.0625, 64.84375, 65.625, 66.40625, 67.1875, 67.96875, 68.75, 69.53125, 70.3125, 71.09375, 71.875, 72.65625, 73.4375, 74.21875, 75.0, 75.78125, 76.5625, 77.34375, 78.125, 78.90625, 79.6875, 80.46875, 81.25, 82.03125, 82.8125, 83.59375, 84.375, 85.15625, 85.9375, 86.71875, 87.5, 88.28125, 89.0625, 89.84375, 90.625, 91.40625, 92.1875, 92.96875, 93.75, 94.53125, 95.3125, 96.09375, 96.875, 97.65625, 98.4375, 99.21875, 100.0]}