{"psd": [60.10306856907065, 69.27198422121698, 66.86903920995259, 66.30463500662235, 64.11617276033117, 61.413790903522695, 58.658527320504525, 56.852157783616946, 57.478904803461035, 57.425498312876435, 61.396712013177876, 63.6506898343639, 60.645855963638, 66.1070937617254, 71.19345244405817, 65.4401945688346, 58.615759347222856, 58.83657282354366, 60.32645099972592, 60.16070010940156, 59.00751430937942, 62.0962474646541, 64.18122233304058, 61.87877331035495, 58.83910091061474, 59.817246038384184, 61.20081538175935, 61.60399755788434, 60.04565550500074, 61.05747517995974, 62.39079382708995, 64.40740367798765, 65.25687360437543, 66.00671758700632, 64.35941621496478, 66.08409364180507, 64.06840461568105, 68.1941555558687, 78.2593860277832, 77.15866381441356, 65.76972555005197, 64.02241878263511, 65.2682874665555, 66.54516139095665, 66.77301894559174, 65.119954337742, 64.82660607754168, 64.96634774246145, 65.63815802510048, 65.92711021873345, 65.06384278327846, 64.59812738899723, 64.83697088418133, 64.23877050354938, 65.22088350491498, 65.28899102025025, 65.1956356295286, 69.82155386456628, 70.7716755987326, 65.71229778323053, 65.34835869242231, 64.94944457194674, 64.860900600644, 65.73337232458238, 66.85670923405667, 65.58228360832575, 65.0625857893502, 65.5889410618584, 65.30658789190669, 64.95279726058243, 65.28310964918417, 65.12243291700324, 64.942086704432, 65.17489399655061, 67.24539752710092, 77.97532672759243, 88.16698483565628, 86.2801731640671, 69.81487618581798, 65.19475883987292, 64.16430704582146, 64.53629040243713, 65.93954583428079, 68.34649657803678, 65.38712459825615, 62.753609828123516, 63.056375588718645, 62.921003842100674, 63.27626548092661, 64.16289953448272, 63.45144545702753, 62.82001090420994, 63.302978313636686, 67.87388237575381, 69.27232316845627, 76.20132840930818, 82.09449907895576, 76.44098642359353, 64.2097106661759, 64.27285880874676, 64.77148275252317, 64.03664410859979, 64.52985475389524, 65.29796883413141, 65.35015482482784, 65.31668921251227, 65.79670979528585, 66.23565061293553, 65.65478676521754, 65.1003736163813, 64.38607179972382, 62.989253656835835, 62.40622022518349, 63.737229778989246, 64.08143333813476, 68.51026586068974, 65.00912107312533, 53.82384988221884, 49.081927345231236, 45.181722165950234, 40.015628150905435, 33.918094779526115, 26.727835576900713, 22.55828900051677, 21.868251547399215, 21.628270282758194, 21.138027795065625, 21.26807578066113, 16.515284085813427], "f": [0.0, 0.78125, 1.5625, 2.34375, 3.125, 3.90625, 4.6875, 5.46875, 6.25, 7.03125, 7.8125, 8.59375, 9.375, 10.15625, 10.9375, 11.71875, 12.5, 13.28125, 14.0625, 14.84375, 15.625, 16.40625, 17.1875, 17.96875, 18.75, 19.53125, 20.3125, 21.09375, 21.875, 22.65625, 23.4375, 24.21875, 25.0, 25.78125, 26.5625, 27.34375, 28.125, 28.90625, 29.6875, 30.46875, 31.25, 32.03125, 32.8125, 33.59375, 34.375, 35.15625, 35.9375, 36.71875, 37.5, 38.28125, 39.0625, 39.84375, 40.625, 41.40625, 42.1875, 42.96875, 43.75, 44.53125, 45.3125, 46.09375, 46.875, 47.65625, 48.4375, 49.21875, 50.0, 50.78125, 51.5625, 52.34375, 53.125, 53.90625, 54.6875, 55.46875, 56.25, 57.03125, 57.8125, 58.59375, 59.375, 60.15625, 60.9375, 61.71875, 62.5, 63.28125, 64.0625, 64.84375, 65.625, 66.40625, 67.1875, 67.96875, 68.75, 69.53125, 70.3125, 71.09375, 71.875, 72.65625, 73.4375, 74.21875, 75.0, 75.78125, 76.5625, 77.34375, 78.125, 78.90625, 79.6875, 80.46875, 81.25, 82.03125, 82.8125, 83.59375, 84.375, 85.15625, 85.9375, 86.71875, 87.5, 88.28125, 89.0625, 89.84375, 90.625, 91.40625, 92.1875, 92.96875, 93.75, 94.53125, 95.3125, 96.09375, 96.875, 97.65625, 98.4375, 99.21875, 100.0]}