{"psd": [67.80595945566725, 76.8889859909051, 76.86615976978385, 73.93751728612617, 70.35887735286062, 65.7492149803443, 61.09693015302795, 57.400688636861545, 56.28392310879373, 57.57224383293349, 55.80025463901656, 56.914421364141134, 58.5658972837285, 59.763276327866876, 57.73988002357374, 56.988984204036385, 56.13184528049117, 55.79973872567129, 55.45243768258391, 57.08152259421393, 57.68607639837826, 57.68991279806458, 59.48054542218931, 59.55554527927926, 59.598019402160546, 64.1288498427381, 64.52722391779797, 59.30846503680841, 59.41851010014467, 59.170358000944205, 58.64403917964754, 58.63508220154703, 59.60062165625294, 58.89189441942775, 58.61950773006072, 58.724020512861834, 59.00261189486942, 60.28309492715684, 65.00281518323814, 64.64091526810199, 62.7346859016904, 62.12109724860628, 61.71410482014635, 62.153796881643125, 61.9849554799223, 63.12528443015022, 63.13332601658971, 64.16172694803981, 65.24504314979598, 68.05357751793922, 65.99911206564042, 65.411846959707, 65.71070318915994, 66.62853445122701, 65.13463383589975, 63.6771940641027, 63.78035807510052, 64.29325911293576, 63.7328776884373, 62.75917429080506, 62.280325642849405, 62.87478699172479, 62.70438753746915, 61.53535179431644, 61.60522336525885, 61.34894609974657, 60.84321638349964, 60.14334409878191, 60.80306933067733, 60.32567978718837, 59.70279791084405, 59.36777524229882, 60.05408854615736, 59.89465431414335, 59.78159040297018, 68.16904742047703, 77.66595719465818, 75.74015525921149, 61.50803441256283, 58.08697594258943, 58.312332056983465, 57.97253362160892, 58.38441247738959, 57.78130126651297, 57.66795068805983, 58.03282755476217, 57.11904162103292, 58.201462616152554, 58.25661081906926, 58.64309019082037, 59.18267236766431, 59.299025133980564, 59.186847578219115, 58.87401521340927, 59.404192839727685, 62.67687737476862, 67.37679379156278, 62.751617730173095, 59.13798055847554, 59.251455804816324, 59.102199973119234, 58.591457144250725, 58.12404144178001, 58.454475252233195, 58.37205009665872, 57.99130742091498, 57.84888162249245, 57.51359507870251, 57.349184600011, 57.12560198801163, 56.70750175048245, 55.82387708095094, 55.522127025235896, 54.67716391828185, 53.80055198972514, 55.069166345241165, 51.90245865041406, 46.35239004936123, 43.20606592434047, 39.09975960789643, 33.62126159605071, 27.99138983438219, 23.48602155376794, 21.53693733572681, 21.328766588490883, 21.500114519046754, 21.349989286414015, 21.424097947699195, 17.20235992964406], "f": [0.0, 0.78125, 1.5625, 2.34375, 3.125, 3.90625, 4.6875, 5.46875, 6.25, 7.03125, 7.8125, 8.59375, 9.375, 10.15625, 10.9375, 11.71875, 12.5, 13.28125, 14.0625, 14.84375, 15.625, 16.40625, 17.1875, 17.96875, 18.75, 19.53125, 20.3125, 21.09375, 21.875, 22.65625, 23.4375, 24.21875, 25.0, 25.78125, 26.5625, 27.34375, 28.125, 28.90625, 29.6875, 30.46875, 31.25, 32.03125, 32.8125, 33.59375, 34.375, 35.15625, 35.9375, 36.71875, 37.5, 38.28125, 39.0625, 39.84375, 40.625, 41.40625, 42.1875, 42.96875, 43.75, 44.53125, 45.3125, 46.09375, 46.875, 47.65625, 48.4375, 49.21875, 50.0, 50.78125, 51.5625, 52.34375, 53.125, 53.90625, 54.6875, 55.46875, 56.25, 57.03125, 57.8125, 58.59375, 59.375, 60.15625, 60.9375, 61.71875, 62.5, 63.28125, 64.0625, 64.84375, 65.625, 66.40625, 67.1875, 67.96875, 68.75, 69.53125, 70.3125, 71.09375, 71.875, 72.65625, 73.4375, 74.21875, 75.0, 75.78125, 76.5625, 77.34375, 78.125, 78.90625, 79.6875, 80.46875, 81.25, 82.03125, 82.8125, 83.59375, 84.375, 85.15625, 85.9375, 86.71875, 87.5, 88.28125, 89.0625, 89.84375, 90.625, 91.40625, 92.1875, 92.96875, 93.75, 94.53125, 95.3125, 96.09375, 96.875, 97.65625, 98.4375, 99.21875, 100.0]}