{"psd": [73.02175733603923, 82.06544202795172, 79.8572470026683, 75.68988341397475, 70.30233244663201, 64.1615911924539, 59.62809259037846, 57.24200491504611, 58.93325684392622, 60.347556629999474, 59.31686122689558, 57.014920409742736, 57.19562000297244, 57.41116442130263, 57.293207758942785, 57.70580692718582, 57.36040925670772, 57.69576228098549, 59.215591417254046, 61.61763631303211, 63.34094606292901, 62.08044326932408, 62.28163692201362, 63.78098216131542, 63.04635204082757, 62.832007851037616, 63.449246778816985, 64.50690872657435, 65.45578335935723, 69.25939421674374, 71.13673325206118, 67.72700380593243, 65.29140923090966, 65.21002019174439, 65.05757559044314, 65.68751263257917, 65.03339753739961, 64.38250079931835, 65.76520594268649, 69.6227521056745, 70.25426399437691, 66.35034832248557, 63.96917713405418, 63.8847410341983, 63.29679591592107, 62.96917606212659, 62.64645182064597, 63.54357808236478, 64.75050149173609, 67.28671143671544, 67.15715271748954, 64.83469168717944, 63.96637341765046, 64.34802752706992, 63.13833669887876, 64.11617484679317, 64.5382034775412, 63.355290563579246, 63.74081437867833, 62.8750788960787, 62.25688276817593, 62.781711855032434, 63.00945591057942, 62.95802322337843, 63.00081055886437, 62.734316647894495, 62.62013300072462, 62.07201723651407, 62.00004867576057, 62.48878325011841, 62.631227756079724, 62.616047397928696, 62.40753772195149, 62.55772034752026, 64.82698872767517, 67.01852687725874, 66.17367874246904, 64.15305329844826, 63.107574632016075, 62.550198562473504, 63.387650981419945, 63.114704203202464, 62.450457525692016, 61.94166303195204, 61.221823001790085, 61.077908346986206, 61.024032841142876, 60.99642648308461, 61.00493526385593, 61.09940987415332, 61.4170807478962, 61.842994693346014, 62.00017052106807, 62.43768582965916, 62.25661104107508, 62.251914159585226, 62.13438004066298, 62.56600735513655, 63.169182116384064, 62.90982354289355, 62.61941668708226, 61.89188180501383, 62.06276976872786, 61.64679391387021, 62.19240779867263, 62.62290989962817, 62.424284307876604, 61.80229449500029, 61.29621143607991, 61.499917003636256, 61.24543171619653, 60.52930323571039, 59.687874415138154, 58.51811565765761, 57.45975839772214, 57.17640036376645, 54.40537481560617, 50.40122673370584, 46.861416780011005, 42.16215804878075, 37.05008486986532, 30.914160630234026, 25.131977837903108, 22.142446470852946, 21.162552707155786, 20.922482205828892, 21.65050434749614, 21.326313398255053, 16.813922772035575], "f": [0.0, 0.78125, 1.5625, 2.34375, 3.125, 3.90625, 4.6875, 5.46875, 6.25, 7.03125, 7.8125, 8.59375, 9.375, 10.15625, 10.9375, 11.71875, 12.5, 13.28125, 14.0625, 14.84375, 15.625, 16.40625, 17.1875, 17.96875, 18.75, 19.53125, 20.3125, 21.09375, 21.875, 22.65625, 23.4375, 24.21875, 25.0, 25.78125, 26.5625, 27.34375, 28.125, 28.90625, 29.6875, 30.46875, 31.25, 32.03125, 32.8125, 33.59375, 34.375, 35.15625, 35.9375, 36.71875, 37.5, 38.28125, 39.0625, 39.84375, 40.625, 41.40625, 42.1875, 42.96875, 43.75, 44.53125, 45.3125, 46.09375, 46.875, 47.65625, 48.4375, 49.21875, 50.0, 50.78125, 51.5625, 52.34375, 53.125, 53.90625, 54.6875, 55.46875, 56.25, 57.03125, 57.8125, 58.59375, 59.375, 60.15625, 60.9375, 61.71875, 62.5, 63.28125, 64.0625, 64.84375, 65.625, 66.40625, 67.1875, 67.96875, 68.75, 69.53125, 70.3125, 71.09375, 71.875, 72.65625, 73.4375, 74.21875, 75.0, 75.78125, 76.5625, 77.34375, 78.125, 78.90625, 79.6875, 80.46875, 81.25, 82.03125, 82.8125, 83.59375, 84.375, 85.15625, 85.9375, 86.71875, 87.5, 88.28125, 89.0625, 89.84375, 90.625, 91.40625, 92.1875, 92.96875, 93.75, 94.53125, 95.3125, 96.09375, 96.875, 97.65625, 98.4375, 99.21875, 100.0]}