{"psd": [71.31115068429325, 80.13144867143657, 80.42722901885469, 76.05879869508453, 69.5766399238215, 63.41442367205616, 58.93307404221307, 57.623043788699036, 62.931306514441765, 64.69399280668105, 59.026145214822385, 60.202931402045735, 66.90607951083328, 67.22467970889446, 59.229728808260056, 58.41068718836241, 58.72194564911006, 60.324399852678035, 61.71950338813083, 63.554620015557795, 61.19769406514451, 60.89843426385059, 60.47885664857251, 60.911784061196464, 64.2790238361333, 69.06029369500062, 66.63088136009853, 63.450727178372446, 61.88827547703697, 62.524675151323386, 62.020771736624596, 61.73162918566226, 61.82371574098883, 64.01773066334601, 65.19531422834972, 66.02044463953662, 64.60893821895868, 67.20822350409048, 68.82297004789093, 66.06923438002285, 64.71808864486059, 64.50853933069645, 66.19995563530622, 65.12771891520006, 64.76963878355164, 66.58693030727376, 68.40845851187433, 67.02406942687762, 67.9791781957532, 71.5809013088544, 75.86515766767793, 73.0752554738887, 70.21578706581738, 70.15684467200157, 70.9062163003687, 70.83373419577998, 70.32753964004856, 70.79283931894724, 72.58383606308584, 72.16164409344589, 70.46312504614215, 69.96504910899831, 70.97320099021995, 70.73418556164317, 69.64905579782007, 69.07432289300115, 68.19423918007081, 68.03602543004251, 67.51197956786909, 67.25939028537876, 67.52920534264314, 67.78727990781312, 67.41262722813038, 66.6997774458327, 66.72205264256914, 71.02195822998796, 77.43488029826969, 75.62855785013899, 70.13567636001515, 66.62029708109513, 64.9282681000397, 64.59388466898552, 66.12414945241484, 67.63967417746701, 65.70527667921792, 64.9766966498033, 64.76964461729138, 64.72134292442385, 64.42743799850903, 64.0824159561062, 64.04631943939144, 64.00968492023947, 63.225393561053934, 63.498250136301365, 63.43784732401293, 66.58115142593422, 70.27276650053251, 66.32398997823293, 64.00326273823951, 63.74410962206301, 63.820458271879104, 63.38898971951093, 63.361809519123405, 63.29503271524458, 63.10143598043159, 62.869792770851866, 63.388536118251125, 62.86889577290701, 63.615008276578955, 63.49867287990105, 63.468481485019936, 63.380861815725524, 62.29007097615636, 61.68537613466802, 60.96411030876052, 62.32489928218682, 59.33031649243293, 53.640934330780226, 50.025150958721326, 45.69028168036954, 39.85877501996963, 33.72229930780665, 26.61325864772192, 22.571630840602666, 21.827497894480796, 21.418789371572167, 21.718906201950784, 21.363181384112405, 15.98291781669862], "f": [0.0, 0.78125, 1.5625, 2.34375, 3.125, 3.90625, 4.6875, 5.46875, 6.25, 7.03125, 7.8125, 8.59375, 9.375, 10.15625, 10.9375, 11.71875, 12.5, 13.28125, 14.0625, 14.84375, 15.625, 16.40625, 17.1875, 17.96875, 18.75, 19.53125, 20.3125, 21.09375, 21.875, 22.65625, 23.4375, 24.21875, 25.0, 25.78125, 26.5625, 27.34375, 28.125, 28.90625, 29.6875, 30.46875, 31.25, 32.03125, 32.8125, 33.59375, 34.375, 35.15625, 35.9375, 36.71875, 37.5, 38.28125, 39.0625, 39.84375, 40.625, 41.40625, 42.1875, 42.96875, 43.75, 44.53125, 45.3125, 46.09375, 46.875, 47.65625, 48.4375, 49.21875, 50.0, 50.78125, 51.5625, 52.34375, 53.125, 53.90625, 54.6875, 55.46875, 56.25, 57.03125, 57.8125, 58.59375, 59.375, 60.15625, 60.9375, 61.71875, 62.5, 63.28125, 64.0625, 64.84375, 65.625, 66.40625, 67.1875, 67.96875, 68.75, 69.53125, 70.3125, 71.09375, 71.875, 72.65625, 73.4375, 74.21875, 75.0, 75.78125, 76.5625, 77.34375, 78.125, 78.90625, 79.6875, 80.46875, 81.25, 82.03125, 82.8125, 83.59375, 84.375, 85.15625, 85.9375, 86.71875, 87.5, 88.28125, 89.0625, 89.84375, 90.625, 91.40625, 92.1875, 92.96875, 93.75, 94.53125, 95.3125, 96.09375, 96.875, 97.65625, 98.4375, 99.21875, 100.0]}