{"psd": [67.17220910987969, 75.71142332167358, 76.7171592846957, 75.21739336107017, 70.68818626197668, 65.02062553124145, 61.30032928149042, 59.82603490217288, 58.98005297682772, 61.43015378234452, 63.029616205796685, 60.69994272484241, 60.724452356113225, 62.613752325032735, 63.43988508225658, 67.08610143028548, 66.37617909198953, 61.67105310076483, 61.40683337190885, 61.80313509139596, 60.39058241978944, 60.90514543066887, 63.614651448854296, 67.52918157158462, 67.66440718062962, 67.24894926237774, 65.11184448310203, 62.31842767169197, 62.480588784344704, 64.1364584085503, 71.1864031791547, 71.96276618228318, 64.95985870066379, 65.02295443506056, 64.8255482996892, 65.71188853344455, 65.9269393660609, 67.28489271538335, 70.25692450773093, 69.98665611553454, 67.17787224011938, 67.30131001111229, 67.4580833457091, 67.43110139612392, 67.83019753971041, 72.070918787654, 74.80991625399851, 70.76542027935935, 69.22159176819909, 69.5439140130769, 70.76783417734332, 71.56404768230524, 71.50192397118404, 70.61565496689526, 69.83862775837001, 70.32641529788708, 70.53170712145855, 70.46558620356176, 71.36223084368962, 71.30405642613111, 71.84063314597431, 71.34751068246727, 71.28125128062007, 71.4535794063909, 72.42417564733057, 73.87096389881114, 74.27034896409953, 73.99909182216453, 72.29160909913466, 71.02907755750485, 70.37306922754483, 69.95336907066783, 70.75837440597441, 71.61319559304428, 72.26344043924419, 74.96375260249029, 79.4374142304447, 77.62099216948776, 72.96946705688967, 71.46075064363768, 71.04596281467569, 71.1779156321158, 71.03879612599098, 71.7543172899144, 71.4264331502034, 69.98668959297625, 69.64049193781673, 69.88743938719699, 69.52709363937919, 68.98634050558557, 68.63258809937761, 68.43442232828916, 69.29463856575342, 68.7636186534275, 67.96840114105288, 68.90786157894078, 72.07714113459124, 69.99003360668398, 69.37938592086908, 69.67584906699227, 69.71827495137664, 68.85580350938713, 68.61350367091023, 68.18763280455792, 67.27894097445119, 66.84275998463286, 66.69652081058936, 66.1066085900685, 65.36121015200689, 65.86055392109444, 66.007136425846, 65.6577588215207, 65.22830594273125, 64.48912160221222, 64.93800185737878, 65.15150223042708, 60.8838099200237, 54.9554846434189, 50.767167556729255, 46.31222916061314, 41.01127953876096, 34.420832177683096, 28.892277995970836, 23.731554329921188, 21.26295797078327, 21.275028873179448, 21.037178819324488, 21.31945472425357, 16.62405811735272], "f": [0.0, 0.78125, 1.5625, 2.34375, 3.125, 3.90625, 4.6875, 5.46875, 6.25, 7.03125, 7.8125, 8.59375, 9.375, 10.15625, 10.9375, 11.71875, 12.5, 13.28125, 14.0625, 14.84375, 15.625, 16.40625, 17.1875, 17.96875, 18.75, 19.53125, 20.3125, 21.09375, 21.875, 22.65625, 23.4375, 24.21875, 25.0, 25.78125, 26.5625, 27.34375, 28.125, 28.90625, 29.6875, 30.46875, 31.25, 32.03125, 32.8125, 33.59375, 34.375, 35.15625, 35.9375, 36.71875, 37.5, 38.28125, 39.0625, 39.84375, 40.625, 41.40625, 42.1875, 42.96875, 43.75, 44.53125, 45.3125, 46.09375, 46.875, 47.65625, 48.4375, 49.21875, 50.0, 50.78125, 51.5625, 52.34375, 53.125, 53.90625, 54.6875, 55.46875, 56.25, 57.03125, 57.8125, 58.59375, 59.375, 60.15625, 60.9375, 61.71875, 62.5, 63.28125, 64.0625, 64.84375, 65.625, 66.40625, 67.1875, 67.96875, 68.75, 69.53125, 70.3125, 71.09375, 71.875, 72.65625, 73.4375, 74.21875, 75.0, 75.78125, 76.5625, 77.34375, 78.125, 78.90625, 79.6875, 80.46875, 81.25, 82.03125, 82.8125, 83.59375, 84.375, 85.15625, 85.9375, 86.71875, 87.5, 88.28125, 89.0625, 89.84375, 90.625, 91.40625, 92.1875, 92.96875, 93.75, 94.53125, 95.3125, 96.09375, 96.875, 97.65625, 98.4375, 99.21875, 100.0]}