{"psd": [61.91725723414922, 71.37736857471276, 68.3688671540462, 67.20272489985423, 66.02819026043076, 63.330846803361574, 59.979171076705, 56.7772679036107, 55.45223588019746, 57.09832247716459, 57.99113430746978, 56.55515291265256, 57.34404714060783, 56.22041539010013, 55.44407348304639, 56.99111269036731, 58.285364767974116, 56.26341977727578, 56.66390233897087, 55.74885674136327, 55.856905393286965, 55.8891655829912, 55.8645728233246, 57.11902790515238, 57.2778687590627, 56.835292058639766, 57.454186686312106, 57.14069193300737, 57.678470073171525, 59.42228602868529, 61.03260314219853, 60.062394477202254, 60.73881014381315, 59.527945808901855, 58.604336079089904, 59.50062088317061, 60.12492315082994, 60.10450015250285, 60.45897103874131, 60.18159783500181, 60.004327320237316, 61.18841131602208, 60.9008707928022, 59.34924590866839, 59.45082796570781, 60.364800312965166, 61.47372969243814, 61.81559343373722, 69.44168798836634, 69.22033164926181, 60.19035798465653, 59.94872698734726, 60.01878231062308, 60.192562885145755, 60.41985624222825, 60.35050506271059, 60.88511272969355, 65.93985398101401, 66.8947953347625, 61.48947143011391, 61.17422832701198, 60.902218241504464, 60.904599106209936, 63.71520419755029, 66.79756025185155, 65.27082838615736, 62.14500666609385, 61.02273888410386, 60.95179220458289, 60.54636428930223, 60.29605178215807, 60.68428783317874, 61.204374538271054, 61.220142123067745, 61.74014744700344, 66.81876268768266, 74.52736579400514, 72.89978343751984, 62.25446183714007, 59.96788592315423, 60.42116789788112, 60.43552650478428, 60.78487894843516, 60.75695670244859, 59.93550512266178, 59.51877916233508, 59.44049512349324, 60.1579381861486, 60.463512475859325, 60.68801948957009, 59.97977379167047, 59.05435710519443, 58.53230386662873, 58.042362376924004, 58.10438364128143, 63.39961097213269, 68.75113940742278, 63.37975974389535, 57.12934665036148, 56.94280452989584, 56.567229638617256, 56.89934947252461, 56.91785760926948, 56.97521554438106, 56.961872423313125, 56.679692391167144, 56.143838791449106, 55.69397873406733, 55.801058032103, 55.25324260114196, 54.71141903941184, 54.41692349823343, 53.79394475933587, 53.35650285669252, 52.92722532964074, 57.5282914895131, 54.49009401493791, 45.20415766926103, 41.730099964776066, 37.12640177666679, 32.025928809018446, 26.64896269517687, 22.402080738808618, 21.29147621668078, 21.707334628040304, 21.322065973817374, 21.24527871980788, 21.322256499029532, 16.192588381814762], "f": [0.0, 0.78125, 1.5625, 2.34375, 3.125, 3.90625, 4.6875, 5.46875, 6.25, 7.03125, 7.8125, 8.59375, 9.375, 10.15625, 10.9375, 11.71875, 12.5, 13.28125, 14.0625, 14.84375, 15.625, 16.40625, 17.1875, 17.96875, 18.75, 19.53125, 20.3125, 21.09375, 21.875, 22.65625, 23.4375, 24.21875, 25.0, 25.78125, 26.5625, 27.34375, 28.125, 28.90625, 29.6875, 30.46875, 31.25, 32.03125, 32.8125, 33.59375, 34.375, 35.15625, 35.9375, 36.71875, 37.5, 38.28125, 39.0625, 39.84375, 40.625, 41.40625, 42.1875, 42.96875, 43.75, 44.53125, 45.3125, 46.09375, 46.875, 47.65625, 48.4375, 49.21875, 50.0, 50.78125, 51.5625, 52.34375, 53.125, 53.90625, 54.6875, 55.46875, 56.25, 57.03125, 57.8125, 58.59375, 59.375, 60.15625, 60.9375, 61.71875, 62.5, 63.28125, 64.0625, 64.84375, 65.625, 66.40625, 67.1875, 67.96875, 68.75, 69.53125, 70.3125, 71.09375, 71.875, 72.65625, 73.4375, 74.21875, 75.0, 75.78125, 76.5625, 77.34375, 78.125, 78.90625, 79.6875, 80.46875, 81.25, 82.03125, 82.8125, 83.59375, 84.375, 85.15625, 85.9375, 86.71875, 87.5, 88.28125, 89.0625, 89.84375, 90.625, 91.40625, 92.1875, 92.96875, 93.75, 94.53125, 95.3125, 96.09375, 96.875, 97.65625, 98.4375, 99.21875, 100.0]}