{"psd": [58.860557994813064, 67.08886802823828, 63.828329734203436, 59.65432973637022, 55.883893962855566, 53.3368311596013, 52.37277128410217, 56.726965469842696, 58.856909208109094, 57.987014950754684, 62.23296059099297, 64.77308695181232, 61.46071766835163, 59.288141955716384, 59.42515009921977, 59.63400604079973, 60.57514199582833, 60.54373590112939, 62.10062783850475, 62.68624733590541, 59.14123595143892, 58.731189577500935, 59.49984555601997, 61.66821737003713, 62.00271914873568, 61.714875159794246, 61.6448546471901, 61.869153611445356, 61.42673527443344, 60.88137313577347, 60.45332991325587, 59.63710879931934, 60.412972644431804, 61.8477496435034, 62.859865782641016, 64.02413096926826, 66.10813186678638, 69.35005367058329, 79.48886492387771, 78.45583712091576, 64.1980054488647, 62.48961474297195, 64.76355711265194, 65.00090733341925, 64.31525789937778, 66.40746241174169, 66.12722915768269, 67.79612410632544, 78.48492171261769, 79.63858999443225, 68.8111470682052, 63.59773630516877, 63.58358223407584, 63.70406693042846, 63.873230901232425, 63.849716076805265, 66.32476829559258, 74.35592510070563, 75.42069691044506, 67.18173763986948, 65.19069563067146, 65.18801160856363, 65.21509338962986, 66.3550259103651, 66.3815386386484, 65.8776821250934, 66.47313656157802, 66.23869067856194, 67.12887070426162, 66.29188304727658, 66.11253544739074, 65.16884940534054, 64.66622073986797, 65.02636127631051, 65.87694355605956, 81.28896195278105, 91.9062990260201, 89.95696913182242, 72.20416919709228, 64.99742978603699, 64.11187304144886, 63.77166818892307, 68.16391368510655, 73.73232488719759, 69.52309966636969, 63.441082295548725, 63.14296962025861, 63.04257838834757, 63.41272200900987, 62.93532524937164, 62.36458537543895, 62.68574632609369, 62.0723558779288, 62.118459356971634, 62.378240200463594, 72.90183153682844, 78.71228054325375, 73.38662140511775, 63.06436823391166, 62.56804618637482, 62.62611178070855, 62.64940096304556, 62.91295808506547, 63.20194515455608, 63.265657955804045, 62.61518007074987, 61.71145088578469, 61.52424232968815, 61.64485971528617, 61.53199148534966, 60.697097943988084, 59.85587171346494, 60.01755038391882, 62.094345603280516, 62.07932869078863, 65.18461386906982, 62.35240273239724, 51.74550931354622, 46.95457804342246, 42.5633832849812, 37.56436432616039, 32.325353126796145, 25.30856569809388, 22.268030663252084, 21.10086068903232, 21.03325204308112, 21.289533226923965, 21.3353687030374, 16.948938085061677], "f": [0.0, 0.78125, 1.5625, 2.34375, 3.125, 3.90625, 4.6875, 5.46875, 6.25, 7.03125, 7.8125, 8.59375, 9.375, 10.15625, 10.9375, 11.71875, 12.5, 13.28125, 14.0625, 14.84375, 15.625, 16.40625, 17.1875, 17.96875, 18.75, 19.53125, 20.3125, 21.09375, 21.875, 22.65625, 23.4375, 24.21875, 25.0, 25.78125, 26.5625, 27.34375, 28.125, 28.90625, 29.6875, 30.46875, 31.25, 32.03125, 32.8125, 33.59375, 34.375, 35.15625, 35.9375, 36.71875, 37.5, 38.28125, 39.0625, 39.84375, 40.625, 41.40625, 42.1875, 42.96875, 43.75, 44.53125, 45.3125, 46.09375, 46.875, 47.65625, 48.4375, 49.21875, 50.0, 50.78125, 51.5625, 52.34375, 53.125, 53.90625, 54.6875, 55.46875, 56.25, 57.03125, 57.8125, 58.59375, 59.375, 60.15625, 60.9375, 61.71875, 62.5, 63.28125, 64.0625, 64.84375, 65.625, 66.40625, 67.1875, 67.96875, 68.75, 69.53125, 70.3125, 71.09375, 71.875, 72.65625, 73.4375, 74.21875, 75.0, 75.78125, 76.5625, 77.34375, 78.125, 78.90625, 79.6875, 80.46875, 81.25, 82.03125, 82.8125, 83.59375, 84.375, 85.15625, 85.9375, 86.71875, 87.5, 88.28125, 89.0625, 89.84375, 90.625, 91.40625, 92.1875, 92.96875, 93.75, 94.53125, 95.3125, 96.09375, 96.875, 97.65625, 98.4375, 99.21875, 100.0]}