{"psd": [72.07767964034727, 81.75712635915652, 77.58875749977699, 74.2132515903738, 70.35925548688279, 65.1479935347196, 60.80456878680971, 57.17426664632954, 54.364656669438006, 54.3566477823767, 54.84029229455817, 55.70680184145451, 58.395898722047804, 58.03887613941288, 54.537018734339796, 55.36796554261802, 55.02003140792703, 55.032888205487694, 55.231624899569944, 57.898652539448186, 57.44597925527312, 56.209365095463596, 56.98092809711477, 56.15121067556412, 54.990348823392374, 57.79380364316064, 58.85246737093836, 57.598930713702956, 57.22737594782895, 58.26518623042462, 58.31455405991526, 57.80624169657413, 58.326194159003265, 58.561653020379445, 59.05544827335418, 58.08322248385451, 58.3617581222995, 58.323259958042115, 60.28177021761383, 59.87888737335546, 57.923481618843454, 57.78961219770943, 57.82809082569759, 57.775353409942355, 57.85952277327155, 57.91143734733946, 57.70253476482814, 57.88157056961183, 58.300936302665924, 58.56640511856998, 58.500999316901705, 58.5154324127926, 58.35279926991938, 58.18835565592416, 58.49309602656608, 58.66122528067216, 59.16497149528264, 65.94333017101391, 67.32590362358864, 61.945609243068624, 59.606900784412964, 59.34122266382335, 59.74997211657744, 59.68818927902041, 59.69583588033289, 60.18275377981847, 60.843475711325894, 60.38522641032144, 60.440066061726185, 59.505561379338154, 59.308016846859566, 59.7148685393083, 60.06002558171552, 60.03320537495804, 64.37309633583129, 73.90839191938623, 83.95630657668262, 81.73748934128966, 68.57925028245776, 63.10973883547682, 59.81023607066878, 60.45919321401457, 61.316814896790675, 63.33730423493326, 60.73025878198062, 59.51389470366088, 59.27792636425738, 59.406774211440705, 58.68631785560471, 57.349463952142834, 58.57429723858098, 58.67542124611818, 58.462565077193894, 58.917883247004625, 59.17636948037127, 68.90404717802318, 74.52807026646936, 69.00471044016376, 63.08404129246068, 60.63444277736555, 58.594230098013824, 58.19630795841438, 58.20326428425496, 57.8757088967803, 58.281420415281715, 58.53045719090109, 58.92109128949548, 58.2590011631618, 57.642842988552616, 59.5858545202589, 59.92119944613965, 57.115741703592555, 55.70620372266494, 55.763226219720956, 57.079066540808874, 62.05526478319743, 58.73515257748557, 48.048513053932105, 44.75630591779043, 40.09017195611756, 34.98764696849628, 29.198459978237747, 24.110818946651978, 21.354971946798244, 21.365222173659767, 21.14684907293234, 21.440958155832057, 21.57257027178002, 15.78296993346369], "f": [0.0, 0.78125, 1.5625, 2.34375, 3.125, 3.90625, 4.6875, 5.46875, 6.25, 7.03125, 7.8125, 8.59375, 9.375, 10.15625, 10.9375, 11.71875, 12.5, 13.28125, 14.0625, 14.84375, 15.625, 16.40625, 17.1875, 17.96875, 18.75, 19.53125, 20.3125, 21.09375, 21.875, 22.65625, 23.4375, 24.21875, 25.0, 25.78125, 26.5625, 27.34375, 28.125, 28.90625, 29.6875, 30.46875, 31.25, 32.03125, 32.8125, 33.59375, 34.375, 35.15625, 35.9375, 36.71875, 37.5, 38.28125, 39.0625, 39.84375, 40.625, 41.40625, 42.1875, 42.96875, 43.75, 44.53125, 45.3125, 46.09375, 46.875, 47.65625, 48.4375, 49.21875, 50.0, 50.78125, 51.5625, 52.34375, 53.125, 53.90625, 54.6875, 55.46875, 56.25, 57.03125, 57.8125, 58.59375, 59.375, 60.15625, 60.9375, 61.71875, 62.5, 63.28125, 64.0625, 64.84375, 65.625, 66.40625, 67.1875, 67.96875, 68.75, 69.53125, 70.3125, 71.09375, 71.875, 72.65625, 73.4375, 74.21875, 75.0, 75.78125, 76.5625, 77.34375, 78.125, 78.90625, 79.6875, 80.46875, 81.25, 82.03125, 82.8125, 83.59375, 84.375, 85.15625, 85.9375, 86.71875, 87.5, 88.28125, 89.0625, 89.84375, 90.625, 91.40625, 92.1875, 92.96875, 93.75, 94.53125, 95.3125, 96.09375, 96.875, 97.65625, 98.4375, 99.21875, 100.0]}