{"psd": [64.76772579187606, 73.77089609221254, 71.32930174937526, 70.61050946156423, 68.44888297835561, 64.99144503849492, 60.57012167133807, 61.84673732111558, 66.48871553639805, 65.57542098615924, 58.923623688426716, 59.80024785797039, 60.417122939068754, 59.08283448410954, 59.64226881022411, 61.534594309227735, 61.85536659171205, 60.39397807974989, 60.066748731978464, 62.38035197766634, 60.185376823404084, 61.24652011374099, 60.82037005402774, 62.30424832200049, 62.03251156965387, 60.45077166721015, 60.139283983029415, 61.22581863566705, 62.88238364913952, 64.99915017923355, 66.18317360172847, 67.17566697835579, 65.2699702471327, 64.11854780914288, 62.44985774690174, 62.402607042937525, 62.01048143843006, 62.92351839102181, 66.44538678084261, 65.79088502879522, 64.10723690464285, 63.43585772036847, 62.97894028855368, 63.632787606965195, 63.49144931609417, 64.09724465315107, 64.50736684470088, 64.23621093930412, 66.11996940962175, 65.65537197071022, 65.57982325052117, 65.97207504973822, 65.346853358797, 66.15267661678, 65.31842453346785, 64.90960140686349, 65.24947375451202, 68.41891140171523, 68.78418895335213, 66.79083413738478, 67.1331416658935, 66.78541188175612, 65.47004672327526, 65.52662687379721, 65.25390947740098, 64.54002487345305, 64.85097864259234, 65.28057550796164, 65.82713451635148, 65.85900656741453, 64.37352159440462, 63.06369232870574, 63.50461369554018, 63.07406356436505, 64.75627017456425, 74.32070706240518, 84.35206232387063, 82.68032612937553, 71.78109651170686, 66.45603876802855, 63.74807691114433, 63.60948982944421, 64.1435477994732, 66.7057027219893, 63.69419921449914, 62.28323300437083, 62.734354650219856, 61.858687189659946, 61.716338836680066, 62.153414943359245, 61.97639786806705, 61.99665431353167, 61.708241410142705, 61.690167662609205, 61.3112039201097, 63.34202966256833, 65.32770406138445, 62.18753114237921, 59.369158881697864, 59.63688238756731, 60.1241568284949, 59.66709434509396, 59.44439423286556, 60.18287603452712, 59.543252822791175, 59.75173760976163, 60.06254072849208, 60.072843517474595, 59.206913754566756, 58.905363258246204, 58.647274941152425, 58.289402817879605, 58.6647973838197, 58.841937210899566, 57.93030911197427, 62.69246092470031, 59.648937834167945, 50.50874924408707, 46.086087490424916, 41.10827398411291, 35.72080983618267, 29.56344343337486, 24.016498654473068, 21.801477383752633, 21.70007882762284, 21.78419777444592, 22.02061781467522, 21.34339671762172, 16.11591634529211], "f": [0.0, 0.78125, 1.5625, 2.34375, 3.125, 3.90625, 4.6875, 5.46875, 6.25, 7.03125, 7.8125, 8.59375, 9.375, 10.15625, 10.9375, 11.71875, 12.5, 13.28125, 14.0625, 14.84375, 15.625, 16.40625, 17.1875, 17.96875, 18.75, 19.53125, 20.3125, 21.09375, 21.875, 22.65625, 23.4375, 24.21875, 25.0, 25.78125, 26.5625, 27.34375, 28.125, 28.90625, 29.6875, 30.46875, 31.25, 32.03125, 32.8125, 33.59375, 34.375, 35.15625, 35.9375, 36.71875, 37.5, 38.28125, 39.0625, 39.84375, 40.625, 41.40625, 42.1875, 42.96875, 43.75, 44.53125, 45.3125, 46.09375, 46.875, 47.65625, 48.4375, 49.21875, 50.0, 50.78125, 51.5625, 52.34375, 53.125, 53.90625, 54.6875, 55.46875, 56.25, 57.03125, 57.8125, 58.59375, 59.375, 60.15625, 60.9375, 61.71875, 62.5, 63.28125, 64.0625, 64.84375, 65.625, 66.40625, 67.1875, 67.96875, 68.75, 69.53125, 70.3125, 71.09375, 71.875, 72.65625, 73.4375, 74.21875, 75.0, 75.78125, 76.5625, 77.34375, 78.125, 78.90625, 79.6875, 80.46875, 81.25, 82.03125, 82.8125, 83.59375, 84.375, 85.15625, 85.9375, 86.71875, 87.5, 88.28125, 89.0625, 89.84375, 90.625, 91.40625, 92.1875, 92.96875, 93.75, 94.53125, 95.3125, 96.09375, 96.875, 97.65625, 98.4375, 99.21875, 100.0]}