{"psd": [69.3631366799255, 77.95160795857122, 77.18631036041057, 74.29888367053736, 70.30110060819162, 64.74889343551853, 59.92182841502134, 56.10795958094448, 54.588434256451386, 57.04971500675528, 57.676135622434366, 57.10263163567079, 58.48815243272086, 60.227621575257864, 58.264605296339596, 56.45806484244381, 56.45032552820141, 58.19359676209851, 57.73864567425121, 57.66196705713192, 58.38888951569531, 58.865919065674994, 60.67800255857138, 61.805357089891295, 60.885613769607104, 59.622207044988464, 60.665248782186254, 61.38334106399525, 61.46181879211799, 61.13125930207278, 60.720352594683746, 60.52244013612199, 61.2269667447562, 62.05395000290872, 62.86967983089895, 61.70883482668244, 61.30837206303191, 63.62210741255228, 66.33983561503541, 64.47557410853202, 62.608310501168624, 61.63936380855043, 61.765697885905766, 61.56698412703911, 61.66720723780247, 62.11179326883433, 61.57081475495943, 62.14542301204187, 61.606571539802, 61.95991667993995, 62.63932011208203, 61.99354048254119, 61.94165098352916, 61.737830492067324, 62.218206252881075, 63.66120158780282, 64.46586540671275, 64.12235367794028, 63.80692969497947, 63.19659192486831, 61.81059779832306, 62.859624753563274, 63.06600472493881, 61.34421351416325, 61.63102623172299, 62.46505934774248, 62.47005797694192, 62.48516523791409, 62.26567370588923, 62.06886213470236, 62.48438264039158, 62.55088524557092, 61.98716772710998, 61.34605929313085, 62.15704937225009, 65.37912115075024, 65.85078364136707, 63.01406560888323, 61.72700301802723, 60.921641250377725, 60.96282694313509, 60.65283436630079, 59.5433414009218, 60.01900808687151, 60.85079311928659, 60.66332127636968, 60.53800562554369, 60.725067371016934, 60.09549909177491, 59.86794628036332, 59.89619106363087, 59.05683724450718, 59.52713107863271, 59.00456370869759, 58.92613608640772, 59.7988702402312, 61.05884952584243, 59.81780042487543, 59.048642503650086, 59.24125361849548, 59.1484733946202, 58.736829649115535, 58.41435063981025, 58.37713684300915, 58.803490640537376, 58.26641055287885, 58.00974983648434, 58.0913611065712, 57.70834874996768, 57.78716202842331, 57.83112370455651, 57.52426345439605, 57.30515480638612, 56.715296418801024, 55.60999089889616, 57.020900020140076, 53.80519895406853, 48.42971802909045, 44.745128692205384, 40.05962422433092, 34.61905435380213, 29.425334798506164, 23.526913856863295, 21.518193208855294, 21.366624941471734, 20.93803747342959, 21.548971596207004, 21.589787446265284, 16.475931058175608], "f": [0.0, 0.78125, 1.5625, 2.34375, 3.125, 3.90625, 4.6875, 5.46875, 6.25, 7.03125, 7.8125, 8.59375, 9.375, 10.15625, 10.9375, 11.71875, 12.5, 13.28125, 14.0625, 14.84375, 15.625, 16.40625, 17.1875, 17.96875, 18.75, 19.53125, 20.3125, 21.09375, 21.875, 22.65625, 23.4375, 24.21875, 25.0, 25.78125, 26.5625, 27.34375, 28.125, 28.90625, 29.6875, 30.46875, 31.25, 32.03125, 32.8125, 33.59375, 34.375, 35.15625, 35.9375, 36.71875, 37.5, 38.28125, 39.0625, 39.84375, 40.625, 41.40625, 42.1875, 42.96875, 43.75, 44.53125, 45.3125, 46.09375, 46.875, 47.65625, 48.4375, 49.21875, 50.0, 50.78125, 51.5625, 52.34375, 53.125, 53.90625, 54.6875, 55.46875, 56.25, 57.03125, 57.8125, 58.59375, 59.375, 60.15625, 60.9375, 61.71875, 62.5, 63.28125, 64.0625, 64.84375, 65.625, 66.40625, 67.1875, 67.96875, 68.75, 69.53125, 70.3125, 71.09375, 71.875, 72.65625, 73.4375, 74.21875, 75.0, 75.78125, 76.5625, 77.34375, 78.125, 78.90625, 79.6875, 80.46875, 81.25, 82.03125, 82.8125, 83.59375, 84.375, 85.15625, 85.9375, 86.71875, 87.5, 88.28125, 89.0625, 89.84375, 90.625, 91.40625, 92.1875, 92.96875, 93.75, 94.53125, 95.3125, 96.09375, 96.875, 97.65625, 98.4375, 99.21875, 100.0]}