{"psd": [66.39029113718968, 75.38659733353339, 73.87944096805883, 72.53428448674087, 69.39908761689543, 65.22061614620075, 60.62639305321757, 62.86289352856506, 71.93847790079559, 71.70850884354746, 65.57160600728662, 65.64366936455235, 66.36804163278757, 67.30899907673346, 68.14865157789208, 65.72143967563166, 67.25539492729632, 69.96966680871559, 65.02825036885434, 63.97005088451496, 64.60783817778854, 66.460823758198, 64.30509828972562, 63.226623530649384, 63.44687173435073, 67.14289884758456, 68.26221723243619, 67.47347668450263, 70.48254415483511, 72.57622430049713, 74.17507436448793, 74.49323161670955, 71.1208745576462, 68.41232450998477, 68.22605507119508, 70.64483713576755, 71.38236297459666, 72.44425663122169, 76.92642209002028, 75.29178965307659, 71.00262438654524, 71.93025914459898, 71.18557032959407, 71.2692418419124, 71.51967970573354, 70.64524499718732, 71.67717461978371, 73.36516746027235, 74.27207918597033, 72.78561499435273, 71.73530834494838, 72.10152105170964, 74.01803052167973, 74.2187525362683, 73.62586476140179, 73.87758490896913, 74.41571896492745, 76.37561623472651, 77.49877336220433, 77.42745392089577, 77.77726678181887, 77.27599802555947, 76.43790103081932, 75.41001513976755, 75.05227840041188, 75.11516061335374, 75.26920337685038, 76.75972257682103, 77.00893219317933, 76.795570924992, 76.37511072945914, 76.22128843432974, 76.91064177779393, 76.27501621298529, 77.45708353902026, 77.97390047148885, 80.30623927562176, 79.6507198746181, 76.20663905133304, 74.84019383714444, 74.81540776676145, 75.32961092182744, 75.73900524727551, 77.14374069718998, 76.46443879717155, 74.93509512194576, 74.96928421611672, 73.66644001300087, 73.50591932697581, 73.95129474926222, 74.3507601568521, 74.30654963498286, 73.62928353888319, 73.39829815037268, 73.20385350743263, 73.42496463153759, 75.04840325771829, 72.46937066352537, 71.31814038518924, 71.65002204641209, 71.42778372858929, 71.46260108842013, 71.97232983295685, 72.5603904792716, 72.79404265462023, 72.11801926332598, 71.97364050702836, 71.69175254333757, 71.42285412148205, 72.00333763915636, 71.62975155882609, 71.13769565207845, 70.42213646695454, 69.0618536582486, 68.31388604066449, 67.72360375692115, 64.54589886192613, 60.09835822754154, 56.57490905628748, 52.56161849771914, 46.05417897514535, 38.92304494144603, 31.761577979423706, 24.97781852906857, 22.004395381224864, 21.898391766303064, 21.27252000751461, 21.117266905052627, 16.54144960864795], "f": [0.0, 0.78125, 1.5625, 2.34375, 3.125, 3.90625, 4.6875, 5.46875, 6.25, 7.03125, 7.8125, 8.59375, 9.375, 10.15625, 10.9375, 11.71875, 12.5, 13.28125, 14.0625, 14.84375, 15.625, 16.40625, 17.1875, 17.96875, 18.75, 19.53125, 20.3125, 21.09375, 21.875, 22.65625, 23.4375, 24.21875, 25.0, 25.78125, 26.5625, 27.34375, 28.125, 28.90625, 29.6875, 30.46875, 31.25, 32.03125, 32.8125, 33.59375, 34.375, 35.15625, 35.9375, 36.71875, 37.5, 38.28125, 39.0625, 39.84375, 40.625, 41.40625, 42.1875, 42.96875, 43.75, 44.53125, 45.3125, 46.09375, 46.875, 47.65625, 48.4375, 49.21875, 50.0, 50.78125, 51.5625, 52.34375, 53.125, 53.90625, 54.6875, 55.46875, 56.25, 57.03125, 57.8125, 58.59375, 59.375, 60.15625, 60.9375, 61.71875, 62.5, 63.28125, 64.0625, 64.84375, 65.625, 66.40625, 67.1875, 67.96875, 68.75, 69.53125, 70.3125, 71.09375, 71.875, 72.65625, 73.4375, 74.21875, 75.0, 75.78125, 76.5625, 77.34375, 78.125, 78.90625, 79.6875, 80.46875, 81.25, 82.03125, 82.8125, 83.59375, 84.375, 85.15625, 85.9375, 86.71875, 87.5, 88.28125, 89.0625, 89.84375, 90.625, 91.40625, 92.1875, 92.96875, 93.75, 94.53125, 95.3125, 96.09375, 96.875, 97.65625, 98.4375, 99.21875, 100.0]}