{"psd": [79.8139265621907, 89.74018663779397, 82.8768337821573, 75.72508103954809, 68.7766789598699, 64.04447068037445, 71.65166442433386, 76.23693705919061, 71.9071378595576, 69.6861565409449, 71.3431884447378, 75.58087985998164, 72.23882051235408, 74.67511814944572, 81.11874053842823, 85.67161100433654, 82.09141762611759, 73.1059731508851, 75.33504259901547, 74.33955215983534, 76.09885412568221, 79.45075959413295, 79.74221957166857, 79.7970949988242, 81.12507530760075, 84.56944437358064, 88.20527469442057, 87.22366458041915, 84.81496007517049, 84.01371662991426, 83.17339785614122, 82.85923824317629, 80.05019066157251, 79.446187359229, 79.49297917922509, 78.46103160074574, 77.82547681380632, 78.24305489406369, 78.95850909187585, 80.81515043272896, 82.08488818346046, 82.35211430397203, 81.39100559625706, 82.01440252054826, 82.23269404297135, 81.99002342850144, 81.94455642209816, 81.08864069208147, 80.45393824960941, 81.12493072807342, 80.94077945459361, 82.24108849753252, 82.24434352223628, 82.26445056480378, 82.80556749709562, 83.11204921160487, 82.24049828233255, 80.73533431249017, 80.80112874749315, 81.00375777951426, 81.63071571086769, 81.63693971189565, 81.47322926589395, 81.47781531947882, 81.58261265622983, 81.70424349300322, 81.06085426764913, 81.16955169291026, 80.88083263515048, 81.05881642219215, 80.76799403379215, 81.33047919663039, 81.2124851416481, 81.0356830534052, 80.59199427793196, 80.63676120634476, 80.50761112220528, 80.5543424067463, 79.65697439852298, 78.80220601849798, 77.56178497065959, 76.37708132188185, 76.00207985078187, 77.02003908128906, 76.66036133053534, 76.99259650314002, 76.86438668674546, 76.99204819455908, 76.94804899383541, 76.5425653569053, 76.33593046557482, 75.95529758027547, 76.37137193430969, 76.48396300962361, 77.5858629558128, 77.52937848710812, 76.60158700824758, 77.68428974636129, 77.75012131994805, 77.83964894329446, 78.87570589170886, 80.539789876293, 80.78069228521065, 79.80172541861864, 78.65130477708938, 78.58329234866136, 79.12929197466688, 78.80781946775075, 78.07534000600016, 78.05282147099031, 77.72965101944746, 76.90304990562478, 76.61480717562769, 75.97972761762057, 74.78047153774986, 73.24828169576365, 71.46404690848587, 67.86757516456136, 63.39971555257209, 58.53095927755803, 53.016639912138885, 46.50879632880323, 38.640109070841476, 30.464044527767783, 24.432761999773696, 22.455221378548146, 21.93331493183579, 21.589095898078646, 16.672362892982722], "f": [0.0, 0.78125, 1.5625, 2.34375, 3.125, 3.90625, 4.6875, 5.46875, 6.25, 7.03125, 7.8125, 8.59375, 9.375, 10.15625, 10.9375, 11.71875, 12.5, 13.28125, 14.0625, 14.84375, 15.625, 16.40625, 17.1875, 17.96875, 18.75, 19.53125, 20.3125, 21.09375, 21.875, 22.65625, 23.4375, 24.21875, 25.0, 25.78125, 26.5625, 27.34375, 28.125, 28.90625, 29.6875, 30.46875, 31.25, 32.03125, 32.8125, 33.59375, 34.375, 35.15625, 35.9375, 36.71875, 37.5, 38.28125, 39.0625, 39.84375, 40.625, 41.40625, 42.1875, 42.96875, 43.75, 44.53125, 45.3125, 46.09375, 46.875, 47.65625, 48.4375, 49.21875, 50.0, 50.78125, 51.5625, 52.34375, 53.125, 53.90625, 54.6875, 55.46875, 56.25, 57.03125, 57.8125, 58.59375, 59.375, 60.15625, 60.9375, 61.71875, 62.5, 63.28125, 64.0625, 64.84375, 65.625, 66.40625, 67.1875, 67.96875, 68.75, 69.53125, 70.3125, 71.09375, 71.875, 72.65625, 73.4375, 74.21875, 75.0, 75.78125, 76.5625, 77.34375, 78.125, 78.90625, 79.6875, 80.46875, 81.25, 82.03125, 82.8125, 83.59375, 84.375, 85.15625, 85.9375, 86.71875, 87.5, 88.28125, 89.0625, 89.84375, 90.625, 91.40625, 92.1875, 92.96875, 93.75, 94.53125, 95.3125, 96.09375, 96.875, 97.65625, 98.4375, 99.21875, 100.0]}