{"psd": [76.98364792849235, 86.06847758256272, 83.96446000076303, 76.6693938684697, 69.55235398853466, 66.00341372331557, 65.63664108791394, 65.99406793313999, 66.66581968124308, 66.4592471888521, 66.51618710685402, 67.17250227387329, 67.23197813527746, 67.62902427768319, 68.4281496176692, 67.98934148299706, 68.35642638876249, 68.6695135136198, 69.12570643211443, 69.40416798690612, 68.7791777923174, 68.68047125603863, 69.02279132600621, 69.34114443172037, 69.54827716795718, 69.15662516044979, 69.29287496855217, 69.83864815023408, 72.40400509486594, 76.58650238527072, 74.61133117328414, 70.22450178689863, 69.87786890191488, 70.30853202989812, 70.98850205786616, 70.9272421139624, 69.13211995383732, 69.36231287848445, 70.19909690050349, 70.21946676908583, 69.25764658222991, 68.9903373658931, 68.7472034559834, 69.37189832315943, 68.76566262113943, 69.10455619552502, 70.09844604460763, 70.30835353180609, 69.67469931521865, 69.24721416123616, 68.77871144321546, 69.04260280063448, 69.28011801631213, 68.84482723277364, 68.78794033102727, 69.16128046288908, 69.62120908224166, 70.53231480494698, 70.90828901162274, 70.30957780108007, 70.13019220418298, 69.41781838155943, 69.17772397670498, 69.21979116422105, 69.62069775222031, 69.73505234877648, 69.66426891356706, 69.62096208886926, 69.45411859250433, 69.41844894161329, 69.62620056449379, 70.44526022648742, 70.16294344652056, 69.32127694709472, 69.29903667881307, 68.95056762196877, 69.54005278237322, 70.32569720418329, 69.79441278517241, 69.661523332766, 69.49955343241486, 69.41688760733226, 69.45766663084501, 69.74391959923861, 69.82973700879087, 69.67580701534035, 70.23674986047675, 69.80538832636486, 69.76496411411615, 70.02003639274905, 70.59112034429072, 70.78609925422458, 70.25636178418236, 70.87548775230775, 70.86734490869141, 70.83064403435294, 70.90159948942127, 70.61622205781526, 69.99694178855273, 70.14564567413153, 70.25083621971157, 70.5284534257566, 70.84450079123548, 70.74870279648115, 70.8008359904381, 71.41702597803571, 71.96007136403864, 71.96221871850776, 71.71248942904546, 70.88883523319817, 70.28234643079985, 69.77708109788966, 69.13266587282973, 68.0993019969662, 66.81923103077801, 66.27791508789524, 63.407115296424465, 59.62401092999202, 55.68833252197686, 50.36483055027142, 45.03435023630516, 38.6208766048684, 32.28306322534486, 24.95116621927234, 21.93358306295213, 21.602624588346515, 21.09804341932007, 21.3405627061568, 16.759813923143874], "f": [0.0, 0.78125, 1.5625, 2.34375, 3.125, 3.90625, 4.6875, 5.46875, 6.25, 7.03125, 7.8125, 8.59375, 9.375, 10.15625, 10.9375, 11.71875, 12.5, 13.28125, 14.0625, 14.84375, 15.625, 16.40625, 17.1875, 17.96875, 18.75, 19.53125, 20.3125, 21.09375, 21.875, 22.65625, 23.4375, 24.21875, 25.0, 25.78125, 26.5625, 27.34375, 28.125, 28.90625, 29.6875, 30.46875, 31.25, 32.03125, 32.8125, 33.59375, 34.375, 35.15625, 35.9375, 36.71875, 37.5, 38.28125, 39.0625, 39.84375, 40.625, 41.40625, 42.1875, 42.96875, 43.75, 44.53125, 45.3125, 46.09375, 46.875, 47.65625, 48.4375, 49.21875, 50.0, 50.78125, 51.5625, 52.34375, 53.125, 53.90625, 54.6875, 55.46875, 56.25, 57.03125, 57.8125, 58.59375, 59.375, 60.15625, 60.9375, 61.71875, 62.5, 63.28125, 64.0625, 64.84375, 65.625, 66.40625, 67.1875, 67.96875, 68.75, 69.53125, 70.3125, 71.09375, 71.875, 72.65625, 73.4375, 74.21875, 75.0, 75.78125, 76.5625, 77.34375, 78.125, 78.90625, 79.6875, 80.46875, 81.25, 82.03125, 82.8125, 83.59375, 84.375, 85.15625, 85.9375, 86.71875, 87.5, 88.28125, 89.0625, 89.84375, 90.625, 91.40625, 92.1875, 92.96875, 93.75, 94.53125, 95.3125, 96.09375, 96.875, 97.65625, 98.4375, 99.21875, 100.0]}