{"psd": [75.63654243925126, 85.17722337416052, 81.8152116794286, 76.64346505756251, 70.2363914950409, 64.71156184607479, 63.01906193579854, 62.200965680770054, 62.64858927091856, 65.39259784397308, 65.61288945324637, 64.77640289965606, 63.96311836191821, 67.23823906985156, 67.2458832021177, 71.46046683647876, 72.34855594046452, 69.7132919198645, 72.62640625874593, 77.50134068763728, 73.31303908934291, 67.8242320884581, 67.6280108289783, 68.0164783156337, 68.73571878535057, 68.9914232620338, 70.83941456722656, 73.98929538370437, 87.36916220943891, 88.8221094102414, 77.84143570616428, 67.02082219002176, 66.75904194062753, 66.62845986505272, 66.26163938788922, 66.72634758614684, 66.7734566031199, 69.81863825627995, 72.20091841549201, 70.37039095895051, 69.9725559323492, 68.92610773846295, 68.57939549869354, 68.18019427825766, 68.65472846396811, 69.22517754752445, 71.05814927554528, 85.72415566517691, 88.01073200509987, 78.2247872570886, 70.52239885019725, 69.48686194806055, 69.10208587254101, 68.80100017506865, 69.28636540818357, 69.84688003413558, 75.08533413808638, 83.29085582801196, 80.19107759612851, 69.74775217080114, 69.0595905427262, 69.46106429418407, 69.43064543661286, 71.96206762279877, 72.30530451603482, 70.2215302774046, 73.68811808190796, 76.01817380092682, 70.4865505024829, 68.00169553175066, 67.95375575886236, 68.3995973280764, 68.23353033446217, 68.08217814389769, 69.20512507247469, 75.49528696761656, 78.00116419125243, 73.69634709506472, 69.57560249773427, 69.41817044785091, 69.30880493594962, 68.96245746953177, 68.29346781706354, 68.11548014877748, 68.5481873504063, 72.90208899902805, 76.04859888598747, 71.15413450629002, 69.33261581328588, 68.84446797288075, 69.5196603221062, 69.06998118721278, 69.22471649611845, 69.54698230445622, 73.84935999556708, 82.01926666660984, 81.18071556768274, 72.58668321773038, 70.015809344042, 68.99025688060621, 68.44174960875552, 68.0294139963018, 67.91555922823419, 67.79018729589363, 75.96718046750362, 80.55391862075416, 74.65925128878243, 68.00627490181489, 67.8837839382865, 68.14217030127743, 68.13462158696437, 68.88961142705612, 69.49202710262705, 77.18873637262048, 89.89400691204601, 89.74733088467562, 76.32149811100548, 62.81374389550716, 56.32568297742776, 51.267485681411806, 45.597271513219184, 39.02823283502754, 32.32938196233003, 27.37096238284635, 25.600169344496642, 23.902968346239376, 22.93842554324275, 22.763982211692134, 17.591511684362096], "f": [0.0, 0.78125, 1.5625, 2.34375, 3.125, 3.90625, 4.6875, 5.46875, 6.25, 7.03125, 7.8125, 8.59375, 9.375, 10.15625, 10.9375, 11.71875, 12.5, 13.28125, 14.0625, 14.84375, 15.625, 16.40625, 17.1875, 17.96875, 18.75, 19.53125, 20.3125, 21.09375, 21.875, 22.65625, 23.4375, 24.21875, 25.0, 25.78125, 26.5625, 27.34375, 28.125, 28.90625, 29.6875, 30.46875, 31.25, 32.03125, 32.8125, 33.59375, 34.375, 35.15625, 35.9375, 36.71875, 37.5, 38.28125, 39.0625, 39.84375, 40.625, 41.40625, 42.1875, 42.96875, 43.75, 44.53125, 45.3125, 46.09375, 46.875, 47.65625, 48.4375, 49.21875, 50.0, 50.78125, 51.5625, 52.34375, 53.125, 53.90625, 54.6875, 55.46875, 56.25, 57.03125, 57.8125, 58.59375, 59.375, 60.15625, 60.9375, 61.71875, 62.5, 63.28125, 64.0625, 64.84375, 65.625, 66.40625, 67.1875, 67.96875, 68.75, 69.53125, 70.3125, 71.09375, 71.875, 72.65625, 73.4375, 74.21875, 75.0, 75.78125, 76.5625, 77.34375, 78.125, 78.90625, 79.6875, 80.46875, 81.25, 82.03125, 82.8125, 83.59375, 84.375, 85.15625, 85.9375, 86.71875, 87.5, 88.28125, 89.0625, 89.84375, 90.625, 91.40625, 92.1875, 92.96875, 93.75, 94.53125, 95.3125, 96.09375, 96.875, 97.65625, 98.4375, 99.21875, 100.0]}