{"psd": [71.14966328356968, 79.27621315206719, 75.36058769238701, 71.79489805620764, 68.62176454217327, 64.61652705440602, 60.94734956384495, 62.21433090482996, 68.47056790014784, 66.72981226099293, 80.77896351189096, 84.88670621924388, 77.34960754825077, 66.55626503465678, 66.20192154065408, 67.5071020699818, 74.95997080357712, 72.95724153616105, 77.60189920049254, 82.68968871869819, 77.25912812361459, 73.22773654174492, 74.62452203350738, 68.85517190546481, 69.95594686796393, 70.42619402368318, 72.23197286486997, 76.79838007468193, 73.03400895865147, 68.92749717315635, 71.29913474988038, 67.75107821396901, 72.08554042405937, 72.17014133992166, 68.25916130988792, 70.38133376838202, 68.98175712216353, 69.74069539476578, 73.58819590272334, 69.22319142824313, 66.87099694483894, 67.83373946223134, 65.15817137556701, 70.99624262448489, 70.43105945786704, 68.20600799985962, 70.69840916371665, 68.16565256826352, 68.6821956394217, 69.8931009519055, 65.77701483598457, 68.64602320199359, 69.35222665229627, 67.26962255905991, 70.02869501772834, 68.23321743743658, 71.802442011001, 74.64027380348725, 70.76018721659176, 67.0578685991046, 68.01203221359755, 68.01697549263874, 72.73443940137787, 72.62339584913843, 68.97775371624209, 69.39455920873672, 68.77686266784505, 70.75344421886544, 73.3892328746845, 70.96263529510281, 74.05263580889941, 73.55067328585157, 71.30927636767137, 73.90791562948664, 73.67333890689108, 73.78301062493833, 74.86359471520424, 73.25448724954244, 74.57520146786057, 75.01676662662607, 71.18224840377326, 71.14410055474467, 71.08399815570266, 71.82620086649027, 72.78153659689582, 72.82802999940546, 75.31279921125937, 75.70589737076035, 72.84568530830035, 72.90687038514783, 72.57316668834615, 72.55405103594524, 73.39996475145722, 73.26508125971071, 74.61230060504509, 76.04406049483237, 74.90409022262355, 75.42352260717892, 77.24149147672912, 76.55809134256087, 76.22473443217356, 76.35880730719379, 76.07016528997848, 76.26830921205782, 75.22600293782199, 73.2033901264762, 72.81599875255955, 73.7007845445202, 73.8921453999668, 73.63549964567137, 73.18597600233534, 72.99636315472384, 73.43121514348768, 75.10738125298175, 74.72580144376488, 73.0270255551249, 71.28919022445147, 69.03570040040097, 64.92027654877654, 59.79808258209851, 54.194868289300715, 47.69111283901809, 39.94882811686872, 31.21380092068721, 24.367891334546425, 21.773810069295983, 21.575446354719098, 21.13749937676947, 16.0768515655933], "f": [0.0, 0.78125, 1.5625, 2.34375, 3.125, 3.90625, 4.6875, 5.46875, 6.25, 7.03125, 7.8125, 8.59375, 9.375, 10.15625, 10.9375, 11.71875, 12.5, 13.28125, 14.0625, 14.84375, 15.625, 16.40625, 17.1875, 17.96875, 18.75, 19.53125, 20.3125, 21.09375, 21.875, 22.65625, 23.4375, 24.21875, 25.0, 25.78125, 26.5625, 27.34375, 28.125, 28.90625, 29.6875, 30.46875, 31.25, 32.03125, 32.8125, 33.59375, 34.375, 35.15625, 35.9375, 36.71875, 37.5, 38.28125, 39.0625, 39.84375, 40.625, 41.40625, 42.1875, 42.96875, 43.75, 44.53125, 45.3125, 46.09375, 46.875, 47.65625, 48.4375, 49.21875, 50.0, 50.78125, 51.5625, 52.34375, 53.125, 53.90625, 54.6875, 55.46875, 56.25, 57.03125, 57.8125, 58.59375, 59.375, 60.15625, 60.9375, 61.71875, 62.5, 63.28125, 64.0625, 64.84375, 65.625, 66.40625, 67.1875, 67.96875, 68.75, 69.53125, 70.3125, 71.09375, 71.875, 72.65625, 73.4375, 74.21875, 75.0, 75.78125, 76.5625, 77.34375, 78.125, 78.90625, 79.6875, 80.46875, 81.25, 82.03125, 82.8125, 83.59375, 84.375, 85.15625, 85.9375, 86.71875, 87.5, 88.28125, 89.0625, 89.84375, 90.625, 91.40625, 92.1875, 92.96875, 93.75, 94.53125, 95.3125, 96.09375, 96.875, 97.65625, 98.4375, 99.21875, 100.0]}