{"psd": [73.47503207216033, 83.14803537381192, 80.6141675663321, 75.96458238021015, 69.77862524518595, 63.661943801915, 59.507848090924085, 57.92470089427014, 58.92846231359882, 59.03872740656115, 58.46827754941063, 59.775621004092216, 61.5914573551758, 59.97729512776029, 59.29190023346833, 59.07586675467155, 57.84031227231445, 59.80927856964695, 61.443358432259096, 61.67576804087015, 62.76368696804543, 63.78410406318859, 63.94915335589599, 65.20771647348559, 64.09973453121661, 64.45185544265323, 66.92898500132729, 67.5622234071017, 66.18425945374203, 65.87819320809285, 70.54882825283411, 71.12522096245289, 64.9686527751898, 64.39001747270235, 65.01211993524633, 66.44621349836633, 65.64340735794556, 64.12355126207135, 65.20331004874494, 65.30367854544417, 66.71971898629346, 69.08367905113181, 68.15470580422432, 67.69204959387625, 66.80158642896305, 66.15927163492306, 65.68392287516488, 64.88444046453289, 66.36507216105709, 66.99293663270817, 67.02664310551054, 67.7956461512752, 69.1067837736172, 69.85331718866283, 68.44919802707176, 68.29601638537203, 67.53243747016236, 66.99692147423963, 66.86585005314731, 66.69876997471204, 67.0283998376192, 68.60982090332766, 69.0252630231608, 66.77075130359023, 66.2875194431986, 65.83231610972783, 66.38683715488663, 66.83922658114102, 66.46509844301994, 68.1413858361247, 69.72537682404214, 68.90758329915042, 67.2366267514479, 66.90685759618202, 67.19563174644068, 67.60964652426361, 67.60573339050688, 67.80588674583258, 68.90660779460819, 69.98699762732423, 67.8614503608103, 66.40670154581633, 65.92407374615429, 66.5795259493418, 66.31948171583925, 66.51813769230299, 67.08314894032665, 67.69222405921408, 68.22251038633067, 67.29120695078632, 66.73810310137627, 66.83565683624361, 66.05695561642061, 66.01404160975532, 66.54888740861148, 66.65901113659898, 66.95334507971434, 66.84533427734432, 66.09217081752654, 65.74734941433802, 66.23942109104958, 66.72411666834019, 66.96856401763816, 67.32664140153558, 66.75430700424269, 68.16401432439248, 68.70964488094143, 68.26575214001294, 67.282467910131, 67.00527311954087, 67.63957267429018, 66.73977436789303, 65.41389172628402, 64.11644999018651, 62.98211103229939, 61.23642164021127, 58.86934554634784, 55.53790074147806, 51.41668173267775, 46.48736741257983, 41.01218946437861, 34.7396510652954, 28.26242673253152, 23.17954031257818, 21.190293406148836, 21.180812199488564, 21.216546658729683, 21.115768200066928, 16.23285531896307], "f": [0.0, 0.78125, 1.5625, 2.34375, 3.125, 3.90625, 4.6875, 5.46875, 6.25, 7.03125, 7.8125, 8.59375, 9.375, 10.15625, 10.9375, 11.71875, 12.5, 13.28125, 14.0625, 14.84375, 15.625, 16.40625, 17.1875, 17.96875, 18.75, 19.53125, 20.3125, 21.09375, 21.875, 22.65625, 23.4375, 24.21875, 25.0, 25.78125, 26.5625, 27.34375, 28.125, 28.90625, 29.6875, 30.46875, 31.25, 32.03125, 32.8125, 33.59375, 34.375, 35.15625, 35.9375, 36.71875, 37.5, 38.28125, 39.0625, 39.84375, 40.625, 41.40625, 42.1875, 42.96875, 43.75, 44.53125, 45.3125, 46.09375, 46.875, 47.65625, 48.4375, 49.21875, 50.0, 50.78125, 51.5625, 52.34375, 53.125, 53.90625, 54.6875, 55.46875, 56.25, 57.03125, 57.8125, 58.59375, 59.375, 60.15625, 60.9375, 61.71875, 62.5, 63.28125, 64.0625, 64.84375, 65.625, 66.40625, 67.1875, 67.96875, 68.75, 69.53125, 70.3125, 71.09375, 71.875, 72.65625, 73.4375, 74.21875, 75.0, 75.78125, 76.5625, 77.34375, 78.125, 78.90625, 79.6875, 80.46875, 81.25, 82.03125, 82.8125, 83.59375, 84.375, 85.15625, 85.9375, 86.71875, 87.5, 88.28125, 89.0625, 89.84375, 90.625, 91.40625, 92.1875, 92.96875, 93.75, 94.53125, 95.3125, 96.09375, 96.875, 97.65625, 98.4375, 99.21875, 100.0]}