{"psd": [67.49466315304453, 75.92555242617689, 69.11725420820618, 63.922056199507715, 61.67552191591546, 58.5645115520566, 55.79657332240523, 54.06334939656845, 54.15558867192095, 56.839758335165286, 55.83279936064625, 54.2036083798991, 54.35703301786029, 53.140880112005874, 53.986836946476444, 58.92766866791027, 58.06858737734139, 56.23728517676926, 62.50745041960669, 62.87101963073978, 61.8423726628673, 63.30690984616244, 62.88052464129333, 63.97177116541805, 64.59371644407258, 65.06524404729328, 65.78781140141758, 66.18392961156235, 65.44853044500594, 64.76029160085743, 65.58916067092258, 65.95838684715025, 62.7412265259014, 62.01318614024808, 62.5569847015766, 63.17079710048375, 67.57582021537398, 67.43279089557248, 63.4976442122325, 61.769136981315654, 60.26396222156862, 60.06064770360622, 59.64840268979504, 59.12440772374838, 60.065239026604196, 62.9117337248102, 63.184931738872976, 61.047979211037486, 60.20371444823968, 59.22570320866967, 59.64384600296927, 61.33951234378863, 61.361737230610174, 60.928649759608575, 63.839959048351616, 64.803301959707, 61.866100663772045, 61.17190322622541, 60.725309936278855, 59.3111263952525, 59.665049163172924, 60.52871079900676, 60.95155250666589, 61.76217668893011, 60.95778710330255, 59.96763476340003, 60.01342690188558, 59.77130196392529, 59.41609387546967, 60.20403000258934, 59.76295762305458, 59.36749737178972, 59.938017984043874, 60.37640462321949, 61.3617121501455, 66.46237362011811, 65.3450837675774, 63.997161836067356, 58.99414360110514, 58.21159109966898, 57.73403924765635, 57.783490766322096, 59.19469151843302, 57.67382779461629, 55.65428375120125, 56.20632312185678, 56.45127812998004, 56.31958119482417, 56.41189191559782, 56.186890813701034, 56.332898794576714, 57.99019595527668, 57.32403352242108, 55.93881496951293, 56.16797285507197, 57.72721639097575, 60.883333653368894, 59.35459302151894, 57.605456090058865, 57.491118681504155, 58.64639604149353, 58.930784282949524, 58.38955009534446, 57.60936608981129, 56.58706503934219, 56.64628902673969, 56.91440356332241, 57.61936029465383, 57.19698023727552, 59.74478086691615, 58.5311985033197, 56.18098551929616, 55.98627955732049, 54.41164276788669, 54.732821111435584, 55.7697005986703, 52.51639731547336, 46.08841576340016, 41.732723736764534, 36.98280307219021, 31.61362206704721, 26.0999298374557, 22.75581553455982, 21.815958323244043, 21.431233319654233, 21.466417189929636, 21.451499285278892, 21.217429848442336, 16.697324461752018], "f": [0.0, 0.78125, 1.5625, 2.34375, 3.125, 3.90625, 4.6875, 5.46875, 6.25, 7.03125, 7.8125, 8.59375, 9.375, 10.15625, 10.9375, 11.71875, 12.5, 13.28125, 14.0625, 14.84375, 15.625, 16.40625, 17.1875, 17.96875, 18.75, 19.53125, 20.3125, 21.09375, 21.875, 22.65625, 23.4375, 24.21875, 25.0, 25.78125, 26.5625, 27.34375, 28.125, 28.90625, 29.6875, 30.46875, 31.25, 32.03125, 32.8125, 33.59375, 34.375, 35.15625, 35.9375, 36.71875, 37.5, 38.28125, 39.0625, 39.84375, 40.625, 41.40625, 42.1875, 42.96875, 43.75, 44.53125, 45.3125, 46.09375, 46.875, 47.65625, 48.4375, 49.21875, 50.0, 50.78125, 51.5625, 52.34375, 53.125, 53.90625, 54.6875, 55.46875, 56.25, 57.03125, 57.8125, 58.59375, 59.375, 60.15625, 60.9375, 61.71875, 62.5, 63.28125, 64.0625, 64.84375, 65.625, 66.40625, 67.1875, 67.96875, 68.75, 69.53125, 70.3125, 71.09375, 71.875, 72.65625, 73.4375, 74.21875, 75.0, 75.78125, 76.5625, 77.34375, 78.125, 78.90625, 79.6875, 80.46875, 81.25, 82.03125, 82.8125, 83.59375, 84.375, 85.15625, 85.9375, 86.71875, 87.5, 88.28125, 89.0625, 89.84375, 90.625, 91.40625, 92.1875, 92.96875, 93.75, 94.53125, 95.3125, 96.09375, 96.875, 97.65625, 98.4375, 99.21875, 100.0]}