{"psd": [66.63377567405654, 75.92465080493886, 75.15120664562397, 73.1088244101909, 69.93515175121712, 65.25559422603705, 60.49925656886202, 57.08515108294074, 56.6581690493864, 58.44526934352524, 67.88804194985187, 71.3313904983901, 64.90040901736664, 61.19565179417374, 61.49884884640217, 60.70720220097353, 62.693184836371486, 64.23376155712302, 68.1201009145376, 70.22741915913738, 64.72498923179333, 64.63451996391365, 65.54884089289737, 60.677997665779024, 63.40462645849543, 62.7177795735108, 64.73601790730079, 68.17307790009197, 64.25368343279418, 64.30360979011611, 66.72032843494337, 64.52472442840227, 70.47290724889407, 69.9932124979638, 63.394332541806264, 64.23374734200551, 63.67164317784655, 65.74089327435169, 68.61122301306806, 63.727156821487505, 63.47350429381827, 64.66600611827958, 66.4081222134208, 71.57859613231979, 70.44646399491371, 66.94382319238676, 66.14783363576167, 64.20899079977131, 65.67155334013191, 66.38166557660794, 63.833902532404764, 65.32751068510073, 67.02360690536428, 71.87221823118806, 76.18333570287598, 73.73518214899971, 70.57590168966664, 69.89454676612422, 67.56197569500745, 68.53662901502992, 67.55616480029951, 67.90001450743843, 70.01517613869241, 71.58393983243103, 75.19461829294939, 76.8148687539562, 74.73351450645168, 72.71723273464004, 71.60835950333544, 69.22125624451559, 69.91517337918988, 69.9892420278193, 69.740394529718, 71.9389250293486, 73.09939783166324, 77.09039118102761, 76.94878373253883, 74.30396757609346, 73.672958592452, 71.75236163236717, 68.6464757148991, 69.59823153704325, 69.09546638513193, 68.72996630298887, 70.36986202799282, 71.83860036105182, 74.10264955075016, 75.04958787363339, 73.01279444500143, 71.78160442830765, 70.11634256465598, 69.38236754409849, 69.20151104628674, 68.0569436199263, 68.86405111329744, 69.23067839575526, 69.78870719350328, 72.53210113608301, 72.03914957698267, 69.04419160283946, 68.5903164677224, 67.72523504017794, 68.15601053620105, 69.08908444425013, 67.60153152064122, 68.17999374586228, 68.71286391312924, 69.8374926465041, 70.97650223443212, 70.02768072825751, 69.80035692125897, 69.07111768846602, 67.5621153591827, 66.59383324776107, 65.36748537409396, 63.98876713419156, 62.7006684366897, 60.64675848247142, 55.81362310109857, 51.563075585810445, 46.0060302523582, 39.11477271981652, 32.37538683601244, 25.333595216965037, 22.03653474472184, 21.36780785601664, 21.221405701151767, 21.46593839206482, 16.46654054935115], "f": [0.0, 0.78125, 1.5625, 2.34375, 3.125, 3.90625, 4.6875, 5.46875, 6.25, 7.03125, 7.8125, 8.59375, 9.375, 10.15625, 10.9375, 11.71875, 12.5, 13.28125, 14.0625, 14.84375, 15.625, 16.40625, 17.1875, 17.96875, 18.75, 19.53125, 20.3125, 21.09375, 21.875, 22.65625, 23.4375, 24.21875, 25.0, 25.78125, 26.5625, 27.34375, 28.125, 28.90625, 29.6875, 30.46875, 31.25, 32.03125, 32.8125, 33.59375, 34.375, 35.15625, 35.9375, 36.71875, 37.5, 38.28125, 39.0625, 39.84375, 40.625, 41.40625, 42.1875, 42.96875, 43.75, 44.53125, 45.3125, 46.09375, 46.875, 47.65625, 48.4375, 49.21875, 50.0, 50.78125, 51.5625, 52.34375, 53.125, 53.90625, 54.6875, 55.46875, 56.25, 57.03125, 57.8125, 58.59375, 59.375, 60.15625, 60.9375, 61.71875, 62.5, 63.28125, 64.0625, 64.84375, 65.625, 66.40625, 67.1875, 67.96875, 68.75, 69.53125, 70.3125, 71.09375, 71.875, 72.65625, 73.4375, 74.21875, 75.0, 75.78125, 76.5625, 77.34375, 78.125, 78.90625, 79.6875, 80.46875, 81.25, 82.03125, 82.8125, 83.59375, 84.375, 85.15625, 85.9375, 86.71875, 87.5, 88.28125, 89.0625, 89.84375, 90.625, 91.40625, 92.1875, 92.96875, 93.75, 94.53125, 95.3125, 96.09375, 96.875, 97.65625, 98.4375, 99.21875, 100.0]}