{"psd": [66.64195138573982, 75.42540013645201, 72.48238271187662, 69.28021649513097, 67.55585767888783, 64.0823962428428, 60.25364304104278, 57.03917281702861, 55.871260128632926, 59.44037380592639, 59.83897370874064, 59.36270734396195, 57.53832109688339, 61.278443832642935, 61.86058810688024, 59.04013306562654, 59.1330561250486, 58.25313023276854, 61.08469110588036, 63.061228405093104, 61.570053587035304, 62.09242212776634, 61.28646916627279, 60.73800915966848, 61.1633157149889, 61.00494006878095, 62.14212194319879, 63.09063460092732, 62.664836253679724, 62.87574315699739, 66.19585732724558, 72.3300504338946, 70.50398635711156, 66.30658560400407, 65.54394679496357, 64.3570491791145, 63.47571490870001, 63.58297040749636, 65.67437585828532, 66.02127559702869, 67.02669941520831, 69.47598360795924, 70.04285666134727, 67.57947184357296, 66.32150916095176, 66.07779114132077, 66.00034767804532, 65.89471741350414, 71.5910577876502, 72.76122007728799, 66.97776279898339, 66.48406128619874, 67.09570130761782, 66.38129249227632, 65.4032688890217, 64.01004600293359, 63.66257268782917, 69.53357909339564, 70.60883380013085, 64.49647907765483, 63.90340021054883, 64.63253122179214, 64.47288951345963, 65.03708482187945, 64.59736499506342, 64.27390318530573, 63.501468686468925, 63.20070205671841, 62.4805161877934, 62.24409639116644, 62.73477050299384, 63.14229604786305, 63.57696846483919, 63.88539238191981, 64.0745245547694, 72.5669463349542, 81.69709684691328, 79.62828380739658, 66.4537985267231, 62.141246659089376, 62.349769303774245, 63.089205270065136, 62.985506512587115, 63.9356642459867, 62.52383679728667, 61.90613755233904, 61.79715363277067, 60.896299365823474, 60.1640405450396, 60.729803768010626, 61.69774311217079, 61.159271408157196, 60.30642631313789, 60.3680807994981, 63.66735121362407, 69.87963747657815, 74.87406501282932, 69.40000336275652, 61.50053719561549, 61.5324591253286, 61.241368650112236, 61.82482229296514, 62.40282374066617, 62.056996532875594, 61.28033230205733, 61.662542642067265, 61.287407758294776, 60.805039793799054, 60.81363947307337, 60.96069084284983, 60.04093810433497, 59.648593116822596, 60.49498263435251, 61.68852135638631, 59.892239357578426, 61.61933519525623, 58.20269994376588, 50.55942652053276, 46.80078833732117, 42.07226242534904, 35.580669536773584, 29.32219469886536, 24.208083471203334, 22.14968263842206, 21.428465527316753, 21.638026447004787, 21.45301407519149, 21.252267453700895, 16.39049492690787], "f": [0.0, 0.78125, 1.5625, 2.34375, 3.125, 3.90625, 4.6875, 5.46875, 6.25, 7.03125, 7.8125, 8.59375, 9.375, 10.15625, 10.9375, 11.71875, 12.5, 13.28125, 14.0625, 14.84375, 15.625, 16.40625, 17.1875, 17.96875, 18.75, 19.53125, 20.3125, 21.09375, 21.875, 22.65625, 23.4375, 24.21875, 25.0, 25.78125, 26.5625, 27.34375, 28.125, 28.90625, 29.6875, 30.46875, 31.25, 32.03125, 32.8125, 33.59375, 34.375, 35.15625, 35.9375, 36.71875, 37.5, 38.28125, 39.0625, 39.84375, 40.625, 41.40625, 42.1875, 42.96875, 43.75, 44.53125, 45.3125, 46.09375, 46.875, 47.65625, 48.4375, 49.21875, 50.0, 50.78125, 51.5625, 52.34375, 53.125, 53.90625, 54.6875, 55.46875, 56.25, 57.03125, 57.8125, 58.59375, 59.375, 60.15625, 60.9375, 61.71875, 62.5, 63.28125, 64.0625, 64.84375, 65.625, 66.40625, 67.1875, 67.96875, 68.75, 69.53125, 70.3125, 71.09375, 71.875, 72.65625, 73.4375, 74.21875, 75.0, 75.78125, 76.5625, 77.34375, 78.125, 78.90625, 79.6875, 80.46875, 81.25, 82.03125, 82.8125, 83.59375, 84.375, 85.15625, 85.9375, 86.71875, 87.5, 88.28125, 89.0625, 89.84375, 90.625, 91.40625, 92.1875, 92.96875, 93.75, 94.53125, 95.3125, 96.09375, 96.875, 97.65625, 98.4375, 99.21875, 100.0]}