{"psd": [69.47456160005711, 78.67483381064108, 77.72893803723359, 74.78590703756669, 70.02445899567364, 64.65816907632268, 60.332434087726455, 57.792717360488524, 56.31953133784347, 55.83092341042715, 55.89082069817095, 55.12117631877237, 55.69073209490796, 59.51788451546237, 67.4884749397319, 67.25688792276861, 65.05854139634036, 61.56492159708324, 58.9537484527824, 59.85298929301561, 59.14690992889255, 61.480221113983106, 62.84813459275736, 61.56514403710625, 61.59691356062667, 61.85715269394456, 62.22938473306903, 63.44783827380115, 64.96185893770536, 66.29279764972198, 65.80271743534328, 64.93212739204509, 64.40053219799755, 64.27823094762005, 64.59985336889468, 65.6427687882453, 66.26136216062154, 66.49611488724776, 66.0058291504616, 65.84779659219228, 65.79915123547268, 65.79192031801949, 67.2206333896736, 67.903129214525, 68.06534663786974, 67.21079549477169, 66.94163894351759, 67.41458362364713, 67.45175176619385, 67.66526150767979, 68.42501489011786, 68.25733002037475, 68.59192924361341, 67.97302260198995, 68.0450195355059, 68.03534806852565, 67.77686506486202, 67.78586671240107, 68.00043487814455, 67.73683994803122, 67.70628140721692, 67.31201491805331, 66.83027493243436, 66.83035004090145, 66.63107166553911, 66.85337075280154, 66.0115178051647, 64.92014304375415, 65.10917932975818, 64.78937698377283, 64.37281460982312, 64.0837791083552, 64.16364720269243, 63.23587650375523, 63.08005328268819, 63.870802516134376, 64.49888263281485, 64.22884441339743, 63.10268739438973, 62.15955016679661, 62.0489992369826, 62.338815133936336, 62.33311022962862, 62.1246325743714, 62.58635272357904, 62.86645824199441, 63.863766276457234, 64.36800474919704, 65.08861927773847, 65.25405036637008, 65.20622651767593, 65.19189614060052, 64.50425965614679, 63.36048658445612, 63.11413135101738, 63.74355097392598, 63.17153337281713, 63.34796128716769, 64.00347098621218, 63.53318454787577, 63.840746364528115, 64.01227838282355, 64.15423701887644, 64.44388600411705, 64.1321696417515, 64.41801804514968, 63.827881594575544, 63.458510656162005, 62.95792549463107, 62.34842750124774, 62.422948772782654, 61.50792219727083, 61.16807156798852, 59.763566943528865, 58.56509164692262, 56.87467575399185, 54.902892103811865, 50.7508745013446, 46.99636291822215, 42.858694145216006, 37.718008239218335, 30.88805425632884, 24.748770554327145, 21.805590302334128, 21.71213353727677, 21.567406152183505, 21.37466067817734, 21.154930709530664, 16.104880557282716], "f": [0.0, 0.78125, 1.5625, 2.34375, 3.125, 3.90625, 4.6875, 5.46875, 6.25, 7.03125, 7.8125, 8.59375, 9.375, 10.15625, 10.9375, 11.71875, 12.5, 13.28125, 14.0625, 14.84375, 15.625, 16.40625, 17.1875, 17.96875, 18.75, 19.53125, 20.3125, 21.09375, 21.875, 22.65625, 23.4375, 24.21875, 25.0, 25.78125, 26.5625, 27.34375, 28.125, 28.90625, 29.6875, 30.46875, 31.25, 32.03125, 32.8125, 33.59375, 34.375, 35.15625, 35.9375, 36.71875, 37.5, 38.28125, 39.0625, 39.84375, 40.625, 41.40625, 42.1875, 42.96875, 43.75, 44.53125, 45.3125, 46.09375, 46.875, 47.65625, 48.4375, 49.21875, 50.0, 50.78125, 51.5625, 52.34375, 53.125, 53.90625, 54.6875, 55.46875, 56.25, 57.03125, 57.8125, 58.59375, 59.375, 60.15625, 60.9375, 61.71875, 62.5, 63.28125, 64.0625, 64.84375, 65.625, 66.40625, 67.1875, 67.96875, 68.75, 69.53125, 70.3125, 71.09375, 71.875, 72.65625, 73.4375, 74.21875, 75.0, 75.78125, 76.5625, 77.34375, 78.125, 78.90625, 79.6875, 80.46875, 81.25, 82.03125, 82.8125, 83.59375, 84.375, 85.15625, 85.9375, 86.71875, 87.5, 88.28125, 89.0625, 89.84375, 90.625, 91.40625, 92.1875, 92.96875, 93.75, 94.53125, 95.3125, 96.09375, 96.875, 97.65625, 98.4375, 99.21875, 100.0]}