{"psd": [69.71811986563127, 79.18806410417099, 78.91081488367759, 76.2935428419352, 71.8918104216338, 66.45967627916225, 61.64368468021063, 58.38484682248037, 56.397179226036194, 56.56808724433535, 60.271097914611325, 60.67504515568511, 57.974683264750496, 59.05358069906225, 58.966849141889845, 59.55482330942083, 61.277963565351136, 62.84158873967889, 63.56986992692062, 63.58735802357974, 63.15325960301323, 63.45684379021235, 63.67016309123543, 64.245777488698, 64.63349676680737, 65.06129276539134, 65.80977325279477, 66.49535763433384, 67.95866672866316, 69.25333898487983, 69.34678355502992, 67.98124240383945, 66.87346443645194, 67.84329284873394, 70.32175606218976, 71.0932281338476, 67.9228785288804, 67.88852822649795, 69.6297002195094, 67.60855198641687, 66.17188684216858, 65.04785729651898, 64.52025822022505, 65.47237499785147, 66.83119513103, 67.36349142886047, 67.24920433166466, 66.22859726676324, 65.7054883132389, 65.36456881319626, 65.32406793571388, 65.12084594490973, 65.51176360764676, 66.0727319097527, 66.85478835917137, 67.09029392858488, 67.35240726847898, 68.45535247014689, 68.51319109687535, 66.67363488730103, 66.9445091485015, 67.74334565012788, 69.71584607496206, 69.9350673312093, 69.11596113485632, 68.32363562662128, 70.29863186235141, 69.26825819572048, 66.8376826349204, 67.40654442256988, 67.90747725261836, 68.04665348030653, 68.374443013452, 68.51396880605196, 68.75768484139913, 71.1067813109135, 76.74098665301133, 79.7475013164435, 72.71508588656825, 66.29182394228985, 66.44547586645837, 65.64399960246311, 64.91888928338498, 65.07268095241136, 64.00505366563755, 64.01814709802274, 63.48406620357858, 63.902330758957945, 63.49290396184606, 63.071376955331566, 62.86174757863786, 63.81318891508661, 64.21639359841492, 64.42735157171748, 64.52556898574825, 73.23062233340436, 79.41500716731224, 74.11942866398996, 64.15924138071728, 68.59255118619325, 69.56542282406798, 65.09793150939825, 64.67691723087577, 63.92889795647634, 63.493203803401066, 65.53765615225177, 65.47987364766654, 65.22266197193183, 64.17319869456432, 64.09595070424395, 64.7079711530227, 66.3206074933416, 63.868421093464576, 62.738916456242954, 61.599174675823896, 64.12157776713153, 61.157188818504, 53.4752577314378, 49.58161264368456, 45.189444207552754, 39.01685281886894, 31.55062784771014, 25.870082589080198, 22.00976202214886, 21.518749656324996, 21.763029672102242, 21.769606268258865, 21.136067710158652, 16.198988930148282], "f": [0.0, 0.78125, 1.5625, 2.34375, 3.125, 3.90625, 4.6875, 5.46875, 6.25, 7.03125, 7.8125, 8.59375, 9.375, 10.15625, 10.9375, 11.71875, 12.5, 13.28125, 14.0625, 14.84375, 15.625, 16.40625, 17.1875, 17.96875, 18.75, 19.53125, 20.3125, 21.09375, 21.875, 22.65625, 23.4375, 24.21875, 25.0, 25.78125, 26.5625, 27.34375, 28.125, 28.90625, 29.6875, 30.46875, 31.25, 32.03125, 32.8125, 33.59375, 34.375, 35.15625, 35.9375, 36.71875, 37.5, 38.28125, 39.0625, 39.84375, 40.625, 41.40625, 42.1875, 42.96875, 43.75, 44.53125, 45.3125, 46.09375, 46.875, 47.65625, 48.4375, 49.21875, 50.0, 50.78125, 51.5625, 52.34375, 53.125, 53.90625, 54.6875, 55.46875, 56.25, 57.03125, 57.8125, 58.59375, 59.375, 60.15625, 60.9375, 61.71875, 62.5, 63.28125, 64.0625, 64.84375, 65.625, 66.40625, 67.1875, 67.96875, 68.75, 69.53125, 70.3125, 71.09375, 71.875, 72.65625, 73.4375, 74.21875, 75.0, 75.78125, 76.5625, 77.34375, 78.125, 78.90625, 79.6875, 80.46875, 81.25, 82.03125, 82.8125, 83.59375, 84.375, 85.15625, 85.9375, 86.71875, 87.5, 88.28125, 89.0625, 89.84375, 90.625, 91.40625, 92.1875, 92.96875, 93.75, 94.53125, 95.3125, 96.09375, 96.875, 97.65625, 98.4375, 99.21875, 100.0]}