{"psd": [75.71228131284539, 85.20524885816843, 83.17770104326597, 76.7423294406743, 69.17784106732653, 63.9237808716356, 62.06230147925457, 62.19315588085816, 62.610754522197276, 63.97100671021604, 63.92938616342312, 63.88407088028302, 63.568821895190275, 63.45499376703897, 64.83137085572704, 64.78099792058107, 64.1331725427551, 64.45803110400198, 64.48239940345121, 66.79417484689243, 66.54725189512332, 64.92490377513745, 65.10902992655629, 65.58529638285643, 65.89064572523725, 66.2423108225069, 66.82995577676613, 66.9852623137151, 71.90327521026241, 77.36812677877684, 72.82017090828151, 68.14347220067197, 67.41091716260733, 68.13020627320225, 67.57110998638873, 68.13541678487044, 66.28895148209207, 66.27372246305916, 67.31089422156047, 66.73923037152495, 66.09334913913393, 65.62440023198883, 65.67600387639841, 66.29414234068162, 67.01144592210052, 66.47621635890386, 66.63844359892673, 66.47763052165915, 67.28025371577844, 66.62130065313995, 65.81418147017335, 66.49199650410193, 66.66518107208302, 66.33484620848354, 66.400484354164, 66.40675880007477, 66.31079730403303, 67.52630954583991, 67.92615435286507, 66.55830680230734, 66.1033013167164, 66.21046873413725, 66.222602007216, 66.37887766046627, 66.57855025293104, 66.59932939547394, 66.19004543660436, 66.3631087965449, 66.28098497553273, 65.93545284751623, 65.56027109685618, 66.37010210638262, 65.99878036809885, 66.04412407361961, 66.44627419946596, 66.40638540253023, 68.11443283924129, 68.9303205048689, 66.66516860057877, 66.23225819474166, 66.7709437864335, 67.00307743968112, 66.73630450972011, 66.68616880494751, 66.31402706365489, 65.91241089305959, 66.69932539329666, 66.64550587164761, 67.17274587396864, 66.99973820106014, 67.38179025855243, 67.63379838378764, 67.37293559759382, 67.80762252802178, 67.83118174614435, 67.446453852527, 68.5777896373419, 68.18587899681535, 66.96615296223337, 67.3281798207932, 68.53846986574578, 67.66858966043254, 67.57154597590974, 67.14984589819917, 67.10767820069917, 67.91646600975139, 67.85509330016346, 67.3653037041431, 67.05860777577449, 66.49979703559939, 66.624490032672, 66.43240592070838, 66.08240701426507, 65.14019345728306, 64.13060454961042, 63.22155927627211, 60.7645792170963, 56.5247854549251, 53.02135114596942, 47.759181189708045, 42.94840146724483, 36.70924671105473, 29.48157865172957, 23.508076571766736, 21.385108810385876, 20.951438618284655, 21.248881081272867, 21.430766875072965, 16.81033752630048], "f": [0.0, 0.78125, 1.5625, 2.34375, 3.125, 3.90625, 4.6875, 5.46875, 6.25, 7.03125, 7.8125, 8.59375, 9.375, 10.15625, 10.9375, 11.71875, 12.5, 13.28125, 14.0625, 14.84375, 15.625, 16.40625, 17.1875, 17.96875, 18.75, 19.53125, 20.3125, 21.09375, 21.875, 22.65625, 23.4375, 24.21875, 25.0, 25.78125, 26.5625, 27.34375, 28.125, 28.90625, 29.6875, 30.46875, 31.25, 32.03125, 32.8125, 33.59375, 34.375, 35.15625, 35.9375, 36.71875, 37.5, 38.28125, 39.0625, 39.84375, 40.625, 41.40625, 42.1875, 42.96875, 43.75, 44.53125, 45.3125, 46.09375, 46.875, 47.65625, 48.4375, 49.21875, 50.0, 50.78125, 51.5625, 52.34375, 53.125, 53.90625, 54.6875, 55.46875, 56.25, 57.03125, 57.8125, 58.59375, 59.375, 60.15625, 60.9375, 61.71875, 62.5, 63.28125, 64.0625, 64.84375, 65.625, 66.40625, 67.1875, 67.96875, 68.75, 69.53125, 70.3125, 71.09375, 71.875, 72.65625, 73.4375, 74.21875, 75.0, 75.78125, 76.5625, 77.34375, 78.125, 78.90625, 79.6875, 80.46875, 81.25, 82.03125, 82.8125, 83.59375, 84.375, 85.15625, 85.9375, 86.71875, 87.5, 88.28125, 89.0625, 89.84375, 90.625, 91.40625, 92.1875, 92.96875, 93.75, 94.53125, 95.3125, 96.09375, 96.875, 97.65625, 98.4375, 99.21875, 100.0]}