{"psd": [66.54512143711683, 75.31699439760857, 73.32822186609623, 71.800620992831, 69.07774108074607, 65.74315469663954, 62.41427243486845, 60.14679028001826, 59.838695079091764, 60.52261643215022, 61.33563533723043, 61.35414796478594, 61.25951534639454, 61.81284656756853, 61.344647508133086, 62.201837928719655, 63.61216425671265, 64.13012050956291, 63.98662957874181, 64.89036315952983, 64.32932245171256, 64.86439300827429, 64.84508971949265, 65.55557373589787, 64.77508229220992, 65.13313097229906, 65.03288229249452, 65.16273777194213, 65.3512802686049, 65.79570009557573, 64.81829594128637, 64.17882245320779, 63.56031114361614, 63.626171036416665, 63.220719574210314, 63.51248799695927, 63.38327044617935, 64.61669579258184, 67.29967633430716, 65.95074708184555, 62.79459638414025, 62.78583487000934, 62.961201443604764, 63.11973902865422, 63.52004797959203, 64.39945382029802, 65.93786315259047, 68.02794224363305, 68.41322676646207, 65.76920581881174, 64.38280495383414, 63.78643761634056, 63.66370543715363, 63.8022712662389, 63.18188987166881, 63.79108016454626, 64.24571825362312, 69.47933450959462, 70.99734405490219, 66.09804072352425, 65.85025532645913, 67.24532342770443, 67.55369540201801, 67.08424990708217, 67.15075865884144, 66.88905408576484, 65.94095887918853, 64.59666504348448, 64.18729551839358, 64.91233670486162, 65.21979697959836, 64.29311488756808, 63.200224491493756, 63.22223060062896, 67.24097675840224, 72.81853543950385, 71.38392068819834, 68.73023961377572, 64.36098234720643, 62.65890328770303, 61.88354727104422, 62.550539299520445, 62.02092257830844, 61.51614664402903, 61.21637162259566, 60.80381702651036, 60.92257938270234, 60.353500807625, 60.86085247193048, 60.8453628522516, 61.1208571957262, 61.43594297886282, 61.54468263486209, 62.0292428630819, 63.015119642984274, 64.14299806718427, 66.10203588176687, 65.38847049920537, 65.9754674230412, 66.86348906724336, 67.94430645219909, 67.6663188157215, 67.10184666999265, 66.80136831581247, 66.5659337506169, 66.65316602722476, 66.84259571696417, 66.04676110396913, 64.62781479615509, 64.39165975216363, 65.36811294526855, 63.485601127849726, 62.21002332996317, 60.955515416412894, 63.912510544919556, 66.08771373223601, 61.77455392059908, 51.85710305944174, 47.42390537102749, 42.79069210860021, 37.35286016973528, 31.467142611695, 25.11808717675471, 22.05846983991257, 21.31327698325674, 21.199005837756655, 21.1205721362094, 21.449822787946285, 16.505974701661078], "f": [0.0, 0.78125, 1.5625, 2.34375, 3.125, 3.90625, 4.6875, 5.46875, 6.25, 7.03125, 7.8125, 8.59375, 9.375, 10.15625, 10.9375, 11.71875, 12.5, 13.28125, 14.0625, 14.84375, 15.625, 16.40625, 17.1875, 17.96875, 18.75, 19.53125, 20.3125, 21.09375, 21.875, 22.65625, 23.4375, 24.21875, 25.0, 25.78125, 26.5625, 27.34375, 28.125, 28.90625, 29.6875, 30.46875, 31.25, 32.03125, 32.8125, 33.59375, 34.375, 35.15625, 35.9375, 36.71875, 37.5, 38.28125, 39.0625, 39.84375, 40.625, 41.40625, 42.1875, 42.96875, 43.75, 44.53125, 45.3125, 46.09375, 46.875, 47.65625, 48.4375, 49.21875, 50.0, 50.78125, 51.5625, 52.34375, 53.125, 53.90625, 54.6875, 55.46875, 56.25, 57.03125, 57.8125, 58.59375, 59.375, 60.15625, 60.9375, 61.71875, 62.5, 63.28125, 64.0625, 64.84375, 65.625, 66.40625, 67.1875, 67.96875, 68.75, 69.53125, 70.3125, 71.09375, 71.875, 72.65625, 73.4375, 74.21875, 75.0, 75.78125, 76.5625, 77.34375, 78.125, 78.90625, 79.6875, 80.46875, 81.25, 82.03125, 82.8125, 83.59375, 84.375, 85.15625, 85.9375, 86.71875, 87.5, 88.28125, 89.0625, 89.84375, 90.625, 91.40625, 92.1875, 92.96875, 93.75, 94.53125, 95.3125, 96.09375, 96.875, 97.65625, 98.4375, 99.21875, 100.0]}