{"psd": [72.08043685110427, 80.46384099595322, 79.86563757290084, 76.13320631149719, 70.70615871864975, 65.5318372228225, 61.322116906235465, 58.981900968423446, 58.16816140695721, 58.59547574590092, 58.63784770614445, 58.93355662207991, 58.05472769614119, 57.44980030469408, 57.471862376765095, 59.14355306546028, 60.3824487284887, 58.720429053375355, 58.66031942934127, 58.88437575995446, 59.383608197522115, 58.89175329283671, 57.81818414834034, 57.76706856862734, 57.63918639593163, 58.904459735325325, 59.97363692900939, 59.41755839121192, 59.16402252075035, 59.6220334420819, 60.247882108236404, 59.766521379453756, 59.76763813628325, 59.598461153625294, 60.19030581839671, 60.57502116338023, 59.77700211944481, 63.19177388758888, 73.66946905107974, 72.68343223050216, 61.540736855224424, 60.490619448726406, 62.0672137029051, 63.295775318847056, 63.010590795632154, 62.031372818066195, 62.5643105802594, 63.74784526134864, 63.49079304544237, 62.42989730401666, 62.786187370592685, 63.28237982320595, 65.08007715228504, 64.49780451786692, 63.020384637045396, 64.62645239093987, 67.93415750283499, 69.86692204800912, 69.22601008300781, 64.52416699704892, 64.25633373433011, 64.59604297716136, 64.07934276102478, 64.8748227513593, 67.38073711357623, 69.4006340426663, 67.8825687877174, 65.05281270698578, 64.02846650133515, 64.40682805479034, 64.34021187041927, 64.03045508964301, 64.42880214866767, 65.14217289999658, 67.22085490979322, 73.47159854949564, 82.66745750384513, 82.05851953297974, 71.6074714225758, 63.516124551811984, 62.782367857712686, 62.54920462454037, 65.74998561778257, 71.13969392909456, 67.46754463432453, 62.81410821769007, 62.96267080106115, 63.17620616390437, 62.65101110133769, 62.41883175532932, 62.816982299107565, 63.09180460416137, 61.87090824906897, 61.84190641175852, 61.982890437483604, 64.59437902560052, 68.0712339466422, 65.534135248657, 62.75803950519751, 62.53000589905782, 62.34942380476922, 61.39202536143255, 61.54369805866953, 61.95647535547383, 62.38991253537611, 62.09880965226375, 62.25222463887331, 62.287230183191596, 61.66211128886319, 61.57885744839315, 61.21170861301149, 61.35706533972464, 60.69770108661622, 59.69924022899106, 60.83676644244103, 64.44339791981841, 61.218332508389, 52.681933749754336, 47.77545139572521, 43.01326120431735, 36.86280049896479, 31.4930320497903, 25.482024662554963, 22.102384017506154, 21.582291038721234, 21.862613971675557, 21.38882438076902, 21.49364507373297, 17.082166029231914], "f": [0.0, 0.78125, 1.5625, 2.34375, 3.125, 3.90625, 4.6875, 5.46875, 6.25, 7.03125, 7.8125, 8.59375, 9.375, 10.15625, 10.9375, 11.71875, 12.5, 13.28125, 14.0625, 14.84375, 15.625, 16.40625, 17.1875, 17.96875, 18.75, 19.53125, 20.3125, 21.09375, 21.875, 22.65625, 23.4375, 24.21875, 25.0, 25.78125, 26.5625, 27.34375, 28.125, 28.90625, 29.6875, 30.46875, 31.25, 32.03125, 32.8125, 33.59375, 34.375, 35.15625, 35.9375, 36.71875, 37.5, 38.28125, 39.0625, 39.84375, 40.625, 41.40625, 42.1875, 42.96875, 43.75, 44.53125, 45.3125, 46.09375, 46.875, 47.65625, 48.4375, 49.21875, 50.0, 50.78125, 51.5625, 52.34375, 53.125, 53.90625, 54.6875, 55.46875, 56.25, 57.03125, 57.8125, 58.59375, 59.375, 60.15625, 60.9375, 61.71875, 62.5, 63.28125, 64.0625, 64.84375, 65.625, 66.40625, 67.1875, 67.96875, 68.75, 69.53125, 70.3125, 71.09375, 71.875, 72.65625, 73.4375, 74.21875, 75.0, 75.78125, 76.5625, 77.34375, 78.125, 78.90625, 79.6875, 80.46875, 81.25, 82.03125, 82.8125, 83.59375, 84.375, 85.15625, 85.9375, 86.71875, 87.5, 88.28125, 89.0625, 89.84375, 90.625, 91.40625, 92.1875, 92.96875, 93.75, 94.53125, 95.3125, 96.09375, 96.875, 97.65625, 98.4375, 99.21875, 100.0]}