{"psd": [58.759538573808186, 68.92430584263103, 65.52507537089573, 64.7950706481987, 63.35128192504026, 60.37597361518124, 58.11334958861841, 55.42302394985896, 55.83583447846579, 57.19201235693099, 61.06356413896531, 65.43152363315559, 60.007277657033086, 55.681625570979506, 55.98567081316989, 55.73324948302891, 57.311535458306636, 56.57537357955677, 57.19608041298551, 56.63446477649227, 59.43099493048736, 58.66744481257494, 56.29481121359315, 56.57651598438555, 57.258217023839144, 56.28600416918246, 57.65094445372489, 59.17101649092393, 59.37194777730262, 62.295969089196525, 69.40171781947433, 71.43438021607466, 66.52804992240905, 63.557531618036705, 62.55247175643603, 62.23963183685427, 62.28006095123247, 60.52873820359323, 62.65265827089674, 63.703571079690455, 66.96925067460836, 70.2352096481105, 66.91565758943318, 63.43956111670998, 63.441355271257734, 62.73119860751454, 62.473667653439364, 62.75168521941163, 67.25708482417888, 67.37557345169061, 63.07047518754757, 64.92332134279074, 63.04946796388417, 63.36821243536996, 62.51515250118218, 61.19781305732868, 63.11560537273202, 66.17916159915158, 66.24348362763166, 63.47182260237087, 61.93019158188406, 60.438551172994934, 62.219365680680134, 64.04879947415532, 66.14767353677303, 64.3840311672638, 62.112827569578506, 61.22539543804551, 61.01131738880366, 59.645079087020044, 59.58188742704294, 60.573467135306586, 61.68584717316562, 61.15591382828274, 60.8131548902948, 66.43829434231958, 75.74466880386947, 73.64895462573182, 62.02463914939508, 61.33794267201792, 61.262622749407676, 60.1311993525788, 59.96889041694634, 60.366726418767385, 59.44650203490258, 59.17291850600684, 58.99063042840565, 59.8531149277907, 60.701047650693106, 58.15966858906138, 56.1641100224789, 57.02545883150265, 56.47888271165311, 56.286255775764715, 56.25840051756555, 62.49424914306615, 68.60950913832878, 62.776642401125144, 56.85574911100115, 55.92718713461879, 55.01029550974806, 56.027444183545214, 55.64050257605727, 55.88109463689732, 55.55208813384931, 55.27448507221646, 54.971922784486786, 55.45122433026856, 54.77944628448086, 53.868269915865284, 53.33151410071372, 54.23888136615868, 53.73047398374068, 52.794006408687196, 53.35289457689298, 57.7285513393495, 54.74747715874411, 45.24514247183643, 40.58003768890923, 35.35361212374662, 31.06350649955905, 26.79837238204618, 22.29865281365943, 21.754999569003477, 20.453320178773154, 20.51587837221306, 21.667851186564334, 21.704081365019782, 16.394908783843615], "f": [0.0, 0.78125, 1.5625, 2.34375, 3.125, 3.90625, 4.6875, 5.46875, 6.25, 7.03125, 7.8125, 8.59375, 9.375, 10.15625, 10.9375, 11.71875, 12.5, 13.28125, 14.0625, 14.84375, 15.625, 16.40625, 17.1875, 17.96875, 18.75, 19.53125, 20.3125, 21.09375, 21.875, 22.65625, 23.4375, 24.21875, 25.0, 25.78125, 26.5625, 27.34375, 28.125, 28.90625, 29.6875, 30.46875, 31.25, 32.03125, 32.8125, 33.59375, 34.375, 35.15625, 35.9375, 36.71875, 37.5, 38.28125, 39.0625, 39.84375, 40.625, 41.40625, 42.1875, 42.96875, 43.75, 44.53125, 45.3125, 46.09375, 46.875, 47.65625, 48.4375, 49.21875, 50.0, 50.78125, 51.5625, 52.34375, 53.125, 53.90625, 54.6875, 55.46875, 56.25, 57.03125, 57.8125, 58.59375, 59.375, 60.15625, 60.9375, 61.71875, 62.5, 63.28125, 64.0625, 64.84375, 65.625, 66.40625, 67.1875, 67.96875, 68.75, 69.53125, 70.3125, 71.09375, 71.875, 72.65625, 73.4375, 74.21875, 75.0, 75.78125, 76.5625, 77.34375, 78.125, 78.90625, 79.6875, 80.46875, 81.25, 82.03125, 82.8125, 83.59375, 84.375, 85.15625, 85.9375, 86.71875, 87.5, 88.28125, 89.0625, 89.84375, 90.625, 91.40625, 92.1875, 92.96875, 93.75, 94.53125, 95.3125, 96.09375, 96.875, 97.65625, 98.4375, 99.21875, 100.0]}