{"psd": [69.25399260377009, 78.03396907236488, 77.05002234354089, 74.84786276547874, 69.76051450872346, 64.3607422370122, 59.91934455383465, 60.36645833671767, 59.0607321049561, 58.30977825198205, 56.31903352179815, 56.593637470426934, 60.45224925481399, 61.67020211789192, 66.46923784905593, 66.43132804044563, 64.40534327772455, 61.30988427552565, 60.1953762176374, 61.04731442608145, 62.23534165512898, 64.68650165586848, 65.12480587893869, 65.39234434958277, 64.8507170234433, 64.34836871773896, 65.54795269470495, 66.9430487096557, 68.16984946740457, 69.03888180366161, 68.83518680737834, 67.87763370284819, 67.80247693829014, 68.0722858508825, 69.21162997958166, 69.53478119387783, 70.24453687435873, 69.5120907888388, 69.90864618719834, 70.22226170997604, 70.2092776186462, 70.43916339518799, 71.94713498145782, 73.86375345079301, 73.55920885679062, 72.83412872863708, 72.97374197005605, 73.5248401785371, 73.81876982382605, 74.35165632303045, 74.63994499071764, 75.01539695648647, 74.75754827416135, 74.48883954802741, 75.09017196725418, 75.41459502108692, 75.25121308174681, 74.62123940273075, 74.87131049349786, 74.82688979104593, 74.2965352438434, 74.03043652234477, 73.55743189685765, 73.3090820737888, 74.14606479334918, 73.10241573084237, 72.77991375790106, 72.21253650683431, 72.03946159310408, 71.53096902721524, 70.7341673784479, 70.58356074525624, 70.46903373459826, 69.30761974979755, 68.85268873820988, 68.75655967881036, 69.32298627114838, 69.04046122507583, 68.2161985504899, 68.07960561729, 67.92848590061101, 67.80161614229537, 67.39214675160903, 67.62509043984886, 68.13181593520747, 68.87607457049216, 69.54599364703334, 69.70386367484898, 70.16225666307994, 70.93013136218899, 70.2323704738665, 69.91713862362685, 69.05703798559345, 68.5415068449088, 68.29901105421091, 67.86851268483885, 68.14703948499483, 67.28900625277441, 67.69121563517095, 68.06706326403209, 67.86108348745502, 67.79130817148713, 67.78304342555639, 67.51237953465318, 67.00229010460697, 66.76736702437967, 66.96605905766066, 67.44662926169053, 67.24011452441003, 66.06847244487548, 65.4863439861812, 65.69858988624766, 65.0541019533296, 64.31830608269061, 62.724116066445916, 61.51056039121103, 59.13200030920119, 56.15814961055094, 52.662136164267196, 47.52948436057281, 42.30952725666122, 35.13811251862224, 28.5540763920225, 23.911828283902228, 21.63515883026505, 21.118318135327414, 21.263508493061195, 21.496427228822217, 16.784877325861572], "f": [0.0, 0.78125, 1.5625, 2.34375, 3.125, 3.90625, 4.6875, 5.46875, 6.25, 7.03125, 7.8125, 8.59375, 9.375, 10.15625, 10.9375, 11.71875, 12.5, 13.28125, 14.0625, 14.84375, 15.625, 16.40625, 17.1875, 17.96875, 18.75, 19.53125, 20.3125, 21.09375, 21.875, 22.65625, 23.4375, 24.21875, 25.0, 25.78125, 26.5625, 27.34375, 28.125, 28.90625, 29.6875, 30.46875, 31.25, 32.03125, 32.8125, 33.59375, 34.375, 35.15625, 35.9375, 36.71875, 37.5, 38.28125, 39.0625, 39.84375, 40.625, 41.40625, 42.1875, 42.96875, 43.75, 44.53125, 45.3125, 46.09375, 46.875, 47.65625, 48.4375, 49.21875, 50.0, 50.78125, 51.5625, 52.34375, 53.125, 53.90625, 54.6875, 55.46875, 56.25, 57.03125, 57.8125, 58.59375, 59.375, 60.15625, 60.9375, 61.71875, 62.5, 63.28125, 64.0625, 64.84375, 65.625, 66.40625, 67.1875, 67.96875, 68.75, 69.53125, 70.3125, 71.09375, 71.875, 72.65625, 73.4375, 74.21875, 75.0, 75.78125, 76.5625, 77.34375, 78.125, 78.90625, 79.6875, 80.46875, 81.25, 82.03125, 82.8125, 83.59375, 84.375, 85.15625, 85.9375, 86.71875, 87.5, 88.28125, 89.0625, 89.84375, 90.625, 91.40625, 92.1875, 92.96875, 93.75, 94.53125, 95.3125, 96.09375, 96.875, 97.65625, 98.4375, 99.21875, 100.0]}