{"psd": [72.27552166704236, 81.69570632409487, 80.54640870628405, 76.9235262383834, 70.59017499769011, 64.26468276856708, 60.152757277152546, 57.07546100114176, 56.337264684643735, 55.91051829924745, 56.07503625545134, 56.927614619466524, 57.661146786650725, 59.174890071573216, 58.75426455439394, 58.548678650753715, 59.412333742516566, 59.67521542144703, 60.75525241556767, 61.95670906432074, 62.206757254768384, 63.29507934831203, 63.286883148445696, 63.79022362950423, 64.50256206648419, 64.78460881562411, 65.66513133073184, 65.51260213121274, 66.02516855029715, 66.04634606938261, 65.64574834397202, 65.40240471864969, 64.98219796659392, 64.61421007649969, 67.51410546044548, 67.3313167262147, 67.31245072190623, 72.39586350351843, 71.72720302387216, 67.22282665547561, 65.13669086765474, 66.1185591592807, 66.02551067283413, 66.20156496160713, 65.89851608342246, 66.2740484121446, 66.09931789565388, 66.33388219709974, 65.99884123193087, 66.3473236603752, 65.3877617930614, 66.04867891143715, 65.92631365100675, 66.40135726329116, 66.787501571374, 66.29365329543572, 66.12675410996643, 65.81867897085965, 65.98834992047546, 65.004405055813, 65.25549391390322, 65.40990733425362, 64.96658190317211, 64.27151070876417, 63.879167854068, 64.1289039323067, 64.44961362881925, 64.57094980976433, 64.58802145924628, 63.864755452256226, 64.36663416679765, 64.01615713486925, 64.09969081092244, 65.28155599796337, 67.34341502839403, 71.41509693924084, 70.98050671976259, 69.31975551391375, 64.49930196012976, 63.36218060082976, 63.625678474899566, 63.52870988173987, 63.9537790549729, 63.629516756847664, 62.741873282745445, 62.3673249268899, 63.35420560561873, 63.770417811331, 62.99131305684246, 63.13718145355598, 63.11660845925034, 63.186759584360004, 63.42260472214495, 63.461658716586086, 63.95604080864789, 67.46657719731152, 71.48142131099424, 68.00393190748977, 65.62637866942976, 65.69736901200385, 64.88532014229008, 64.9502702879966, 65.6585374471852, 65.64166795257218, 67.20360534947159, 67.37707297367155, 66.8846444481104, 67.14685155787404, 66.10875995154653, 64.63871764085339, 63.38789556862324, 64.13599007854855, 64.54621965997278, 63.39359181726505, 62.0990847941292, 61.54634477947371, 58.5494417620448, 53.648828373704205, 50.52587885401644, 45.98720130738266, 39.82656326375278, 32.887714665029215, 26.105492065900442, 22.25384485224522, 21.885523318850503, 21.075637678132246, 21.31086088290795, 21.29603979896845, 16.36755435674618], "f": [0.0, 0.78125, 1.5625, 2.34375, 3.125, 3.90625, 4.6875, 5.46875, 6.25, 7.03125, 7.8125, 8.59375, 9.375, 10.15625, 10.9375, 11.71875, 12.5, 13.28125, 14.0625, 14.84375, 15.625, 16.40625, 17.1875, 17.96875, 18.75, 19.53125, 20.3125, 21.09375, 21.875, 22.65625, 23.4375, 24.21875, 25.0, 25.78125, 26.5625, 27.34375, 28.125, 28.90625, 29.6875, 30.46875, 31.25, 32.03125, 32.8125, 33.59375, 34.375, 35.15625, 35.9375, 36.71875, 37.5, 38.28125, 39.0625, 39.84375, 40.625, 41.40625, 42.1875, 42.96875, 43.75, 44.53125, 45.3125, 46.09375, 46.875, 47.65625, 48.4375, 49.21875, 50.0, 50.78125, 51.5625, 52.34375, 53.125, 53.90625, 54.6875, 55.46875, 56.25, 57.03125, 57.8125, 58.59375, 59.375, 60.15625, 60.9375, 61.71875, 62.5, 63.28125, 64.0625, 64.84375, 65.625, 66.40625, 67.1875, 67.96875, 68.75, 69.53125, 70.3125, 71.09375, 71.875, 72.65625, 73.4375, 74.21875, 75.0, 75.78125, 76.5625, 77.34375, 78.125, 78.90625, 79.6875, 80.46875, 81.25, 82.03125, 82.8125, 83.59375, 84.375, 85.15625, 85.9375, 86.71875, 87.5, 88.28125, 89.0625, 89.84375, 90.625, 91.40625, 92.1875, 92.96875, 93.75, 94.53125, 95.3125, 96.09375, 96.875, 97.65625, 98.4375, 99.21875, 100.0]}