{"psd": [69.7855938440244, 78.64204516205989, 76.70608716722741, 73.55986251918802, 69.3074704344346, 65.09205792750295, 60.56624032419812, 57.578344054659816, 57.99870530877403, 62.69759266307217, 65.32199544315328, 65.19393722293796, 58.62237049149414, 56.30903450389727, 58.30144076294666, 56.95927015797068, 58.53481076720584, 59.915545943916506, 67.37474196647133, 71.32693875826699, 69.15274252595583, 65.00887730335923, 62.250343395154324, 63.50700479281016, 62.832312108752035, 62.17224151135734, 63.209813711440496, 66.05088755325666, 66.75465364503222, 65.99401004893426, 66.880910395288, 64.48321675980242, 65.36344328561314, 66.07834328663975, 65.8892515830384, 66.3768696984132, 65.11215387346121, 65.02635704639249, 66.25248918609913, 65.42907735233482, 66.40622162694956, 66.10917697602322, 65.93421510414149, 69.30111298431059, 69.43049660934847, 67.33506887670677, 66.09468821906508, 65.63045467314764, 66.08943903208161, 65.83880976679406, 65.89723073039674, 65.76714517462702, 66.12793785723466, 68.5705912526652, 72.2457822348156, 70.76654618004652, 68.09832918021152, 67.60192659756693, 66.67135615639681, 65.6560174717934, 66.42615251057099, 67.57657975491945, 68.54518514119593, 69.7162029506865, 72.20352688410387, 74.67185446119993, 73.81712726723833, 69.6523837222533, 67.29532605432729, 66.26687982246611, 66.5590439457558, 66.29534197425166, 67.15583305532586, 67.97995737066903, 70.9117224242677, 74.8201947757119, 76.65857980152553, 75.08309122766272, 71.31620587113926, 68.32658718146297, 66.2897386334651, 66.67720143635879, 67.31611733856069, 67.7473113149601, 69.49637164461718, 71.75059323312371, 74.00683615204417, 74.96461421745616, 72.78968645048307, 70.33228642635206, 67.91678301243579, 66.5832876355561, 66.89932769375807, 67.01036089704222, 66.94765739036802, 69.33933412789493, 72.32201740330117, 70.18328374039383, 69.55887187142811, 69.98884267629836, 67.07017313630966, 65.11420333896571, 65.75065659124343, 66.91351445653022, 66.89620168602335, 67.08012168707864, 67.85933369620506, 68.46553151864401, 69.23043129804684, 68.74127664856891, 67.40774240267145, 65.520571554317, 64.03132058877249, 64.00355877928034, 63.9241448058219, 63.30184937602026, 60.48836540684248, 57.44684209326857, 52.81736288078246, 47.97123216010078, 42.420253899889474, 35.09557517011765, 28.06951374642235, 22.59950019772856, 21.10071725521768, 21.458659969868524, 20.8798853243768, 20.964955082313633, 16.13929904771236], "f": [0.0, 0.78125, 1.5625, 2.34375, 3.125, 3.90625, 4.6875, 5.46875, 6.25, 7.03125, 7.8125, 8.59375, 9.375, 10.15625, 10.9375, 11.71875, 12.5, 13.28125, 14.0625, 14.84375, 15.625, 16.40625, 17.1875, 17.96875, 18.75, 19.53125, 20.3125, 21.09375, 21.875, 22.65625, 23.4375, 24.21875, 25.0, 25.78125, 26.5625, 27.34375, 28.125, 28.90625, 29.6875, 30.46875, 31.25, 32.03125, 32.8125, 33.59375, 34.375, 35.15625, 35.9375, 36.71875, 37.5, 38.28125, 39.0625, 39.84375, 40.625, 41.40625, 42.1875, 42.96875, 43.75, 44.53125, 45.3125, 46.09375, 46.875, 47.65625, 48.4375, 49.21875, 50.0, 50.78125, 51.5625, 52.34375, 53.125, 53.90625, 54.6875, 55.46875, 56.25, 57.03125, 57.8125, 58.59375, 59.375, 60.15625, 60.9375, 61.71875, 62.5, 63.28125, 64.0625, 64.84375, 65.625, 66.40625, 67.1875, 67.96875, 68.75, 69.53125, 70.3125, 71.09375, 71.875, 72.65625, 73.4375, 74.21875, 75.0, 75.78125, 76.5625, 77.34375, 78.125, 78.90625, 79.6875, 80.46875, 81.25, 82.03125, 82.8125, 83.59375, 84.375, 85.15625, 85.9375, 86.71875, 87.5, 88.28125, 89.0625, 89.84375, 90.625, 91.40625, 92.1875, 92.96875, 93.75, 94.53125, 95.3125, 96.09375, 96.875, 97.65625, 98.4375, 99.21875, 100.0]}