{"psd": [65.72877980372145, 74.70284185256419, 70.80622242510698, 67.13707802598226, 65.63589234586446, 62.67310227001524, 59.79630304134705, 57.168321590589244, 55.99756908498583, 57.053020695562765, 59.09196534056889, 60.98624826132833, 58.30198893638119, 59.72173020373936, 60.252963851009795, 59.374498645108474, 60.26442854912949, 58.82236753755124, 60.31755923503839, 61.738747683333216, 60.83814807160206, 61.339350706159536, 61.50121682812219, 61.14368421065949, 61.27517616455388, 61.60139226591534, 62.868505081247676, 62.2396097395914, 62.07739771722312, 62.44803302213044, 65.14730289151751, 70.96866047760756, 69.82381896166945, 65.13556739616475, 63.734099333559115, 62.99613140621819, 62.81602506967454, 62.89246712487606, 64.49619186154737, 64.58146759702944, 64.79666125416956, 68.45822509313392, 69.10949494287551, 66.33949768492054, 65.02007191530656, 64.84469190067392, 65.64102692403728, 66.34838421645205, 72.56854673106888, 73.26358145329428, 66.48092077910364, 66.61289278639042, 67.39623009036964, 66.4910072813004, 65.30417851730104, 64.72247492728162, 65.17288320279607, 76.59439888852496, 77.71960327012059, 67.56956530846603, 63.84898946259794, 64.46375937609338, 64.27216594064234, 64.32609760955069, 64.26950866998565, 63.42971604123256, 62.8621942287396, 62.483985402055865, 62.58753511641805, 62.318778406871154, 62.186621446504475, 61.60841042586032, 62.42531725589038, 62.87482899106256, 63.50755480505243, 72.25221975150033, 82.04660013070333, 80.38641497031415, 67.57388055293657, 61.464578305093475, 60.44147617868071, 61.28969085190089, 61.97331219211051, 63.691904704359374, 61.049557370353554, 60.48943621509289, 60.859391925090655, 60.086662376018076, 60.07179097454265, 60.048114102800334, 59.81167579135465, 59.657230157927444, 59.29614943592358, 60.57301721230969, 63.05256999163235, 69.68684767740001, 74.93632348438283, 69.28100805664873, 59.822291854108954, 59.49673946253835, 58.75666002361897, 59.63533449770986, 61.57674766511042, 60.3649453882505, 60.20995386547697, 60.44252609772311, 59.41152553963435, 59.17589971997552, 58.93359704968789, 58.96856709312389, 58.772616671734994, 57.51998036987735, 57.98317914384353, 59.15318576778975, 60.259678403789195, 66.0623801438554, 62.64002179281881, 50.31229809855618, 45.78541649570043, 39.997685312253914, 33.43953126277736, 27.912785102845916, 23.37941332507619, 21.526913300321368, 21.170339524105803, 20.895872987772798, 21.397182113331326, 21.00733708062473, 15.976893742877287], "f": [0.0, 0.78125, 1.5625, 2.34375, 3.125, 3.90625, 4.6875, 5.46875, 6.25, 7.03125, 7.8125, 8.59375, 9.375, 10.15625, 10.9375, 11.71875, 12.5, 13.28125, 14.0625, 14.84375, 15.625, 16.40625, 17.1875, 17.96875, 18.75, 19.53125, 20.3125, 21.09375, 21.875, 22.65625, 23.4375, 24.21875, 25.0, 25.78125, 26.5625, 27.34375, 28.125, 28.90625, 29.6875, 30.46875, 31.25, 32.03125, 32.8125, 33.59375, 34.375, 35.15625, 35.9375, 36.71875, 37.5, 38.28125, 39.0625, 39.84375, 40.625, 41.40625, 42.1875, 42.96875, 43.75, 44.53125, 45.3125, 46.09375, 46.875, 47.65625, 48.4375, 49.21875, 50.0, 50.78125, 51.5625, 52.34375, 53.125, 53.90625, 54.6875, 55.46875, 56.25, 57.03125, 57.8125, 58.59375, 59.375, 60.15625, 60.9375, 61.71875, 62.5, 63.28125, 64.0625, 64.84375, 65.625, 66.40625, 67.1875, 67.96875, 68.75, 69.53125, 70.3125, 71.09375, 71.875, 72.65625, 73.4375, 74.21875, 75.0, 75.78125, 76.5625, 77.34375, 78.125, 78.90625, 79.6875, 80.46875, 81.25, 82.03125, 82.8125, 83.59375, 84.375, 85.15625, 85.9375, 86.71875, 87.5, 88.28125, 89.0625, 89.84375, 90.625, 91.40625, 92.1875, 92.96875, 93.75, 94.53125, 95.3125, 96.09375, 96.875, 97.65625, 98.4375, 99.21875, 100.0]}