{"psd": [68.90562133602826, 78.76322870937747, 78.00593522681217, 74.22509551810958, 69.53744338685307, 64.82125208433472, 60.71841061648139, 57.06127855924712, 56.10185014576512, 58.2457354196237, 60.8639416817282, 58.91363558025215, 63.09991166054491, 61.82988063494231, 57.90814882008383, 58.24485654938698, 58.4019828961327, 59.23071494510049, 58.12126840539569, 60.324244049530776, 60.27494923110772, 59.205612769616295, 58.46830770856514, 60.09116270945236, 64.16657420223454, 63.23371642713484, 59.391450250456224, 58.73831038893036, 61.50763546452054, 64.01820365109393, 61.99858371718358, 59.807146633566916, 59.50710571067107, 58.79989159121212, 59.294495769212304, 61.51775190238561, 64.89883331455252, 65.20541599754563, 65.01497550437277, 65.38581605119789, 62.810410777073585, 60.73960927771373, 59.41253249577869, 59.84985072462529, 60.209159118741404, 59.99773196537011, 61.42197083424512, 62.69907877586991, 64.29256047672, 64.34124116753877, 62.79973922914785, 62.01710725193042, 61.93266948798558, 62.04039540385107, 62.12477201339797, 62.35407515822949, 62.323509576334814, 62.78152886579936, 63.06055300872066, 62.90725178400177, 63.07887514135536, 62.88708999267364, 62.571454768173886, 61.90194555594667, 61.52137685304366, 61.071515887630234, 61.01858088684662, 61.18514022090722, 60.91120038440291, 61.083208773863824, 60.43461583202186, 60.115426450112835, 60.61545005555757, 61.0637039814046, 61.90507105612405, 62.652685669721684, 63.23371738584523, 63.10120634519308, 60.82874931784037, 59.96968700104604, 61.106871582753485, 61.43358846599427, 61.22188140685236, 60.24458616715119, 59.48018821343268, 59.80915658207337, 59.998358699028415, 59.63619759392344, 60.13109783215885, 59.96434224474072, 59.873695297587695, 59.44170122612667, 59.142713341562214, 58.964326029524685, 59.291161988199875, 61.38785818592565, 62.58812396741544, 60.60385791514462, 59.26389144422642, 58.76019972602077, 58.77001340057532, 59.09478092290683, 59.83563037022837, 59.459195237642064, 59.19439141432732, 59.58701278769502, 59.397640511724305, 59.54156500820354, 58.99319218530566, 58.2185012047582, 58.08578100216554, 57.63349368692001, 57.81484536253651, 57.35311803145009, 55.52782942561655, 54.62580083119234, 51.653609826473065, 47.67228997471547, 43.92235259531531, 40.11308354745764, 34.37237574013928, 28.257367467660952, 23.870694613197806, 22.466336695947895, 21.58205309909457, 21.502294239720104, 21.285053839014587, 20.96487483763124, 15.767321489356531], "f": [0.0, 0.78125, 1.5625, 2.34375, 3.125, 3.90625, 4.6875, 5.46875, 6.25, 7.03125, 7.8125, 8.59375, 9.375, 10.15625, 10.9375, 11.71875, 12.5, 13.28125, 14.0625, 14.84375, 15.625, 16.40625, 17.1875, 17.96875, 18.75, 19.53125, 20.3125, 21.09375, 21.875, 22.65625, 23.4375, 24.21875, 25.0, 25.78125, 26.5625, 27.34375, 28.125, 28.90625, 29.6875, 30.46875, 31.25, 32.03125, 32.8125, 33.59375, 34.375, 35.15625, 35.9375, 36.71875, 37.5, 38.28125, 39.0625, 39.84375, 40.625, 41.40625, 42.1875, 42.96875, 43.75, 44.53125, 45.3125, 46.09375, 46.875, 47.65625, 48.4375, 49.21875, 50.0, 50.78125, 51.5625, 52.34375, 53.125, 53.90625, 54.6875, 55.46875, 56.25, 57.03125, 57.8125, 58.59375, 59.375, 60.15625, 60.9375, 61.71875, 62.5, 63.28125, 64.0625, 64.84375, 65.625, 66.40625, 67.1875, 67.96875, 68.75, 69.53125, 70.3125, 71.09375, 71.875, 72.65625, 73.4375, 74.21875, 75.0, 75.78125, 76.5625, 77.34375, 78.125, 78.90625, 79.6875, 80.46875, 81.25, 82.03125, 82.8125, 83.59375, 84.375, 85.15625, 85.9375, 86.71875, 87.5, 88.28125, 89.0625, 89.84375, 90.625, 91.40625, 92.1875, 92.96875, 93.75, 94.53125, 95.3125, 96.09375, 96.875, 97.65625, 98.4375, 99.21875, 100.0]}