{"psd": [71.6029333918859, 80.4382642880692, 77.8800025769065, 74.2315279946347, 70.10752496357719, 65.23127830969581, 60.685393300742554, 57.107012824852184, 56.48752245357531, 59.13485206553294, 58.27878135419742, 59.084942894021246, 61.20671290290632, 66.62345440009253, 62.44596271976413, 57.984210794751014, 58.671746871281144, 58.377820230764506, 63.15090592129644, 67.08932470398874, 64.80774585202462, 64.57488787232502, 65.27223079451372, 66.61087828890898, 66.82214661113005, 67.62001716408022, 69.61741452525821, 68.66595919449844, 67.94067457232114, 67.30780155893856, 67.4538860542065, 66.90829734486796, 66.1008097121935, 65.6513464027156, 65.84256159093242, 66.45923046229052, 65.91668863575036, 64.7361404617943, 65.05437766028712, 64.88940461605922, 63.82139623210548, 63.489146661772544, 63.50119615797499, 63.8973863282056, 65.33909371899142, 65.03125168861912, 64.03774526168392, 62.947052645291066, 62.02322976078851, 61.510619316344005, 62.48864857274639, 64.01759139825371, 64.91054594617601, 64.85343110618587, 64.94976790282377, 64.69033453840045, 64.17397444577459, 64.01142831669637, 64.86297196229694, 62.97442781289867, 61.876361864531034, 62.78265434022872, 63.61307918430195, 64.6383550387695, 64.17550803837608, 63.12183717321665, 62.29788181458222, 62.586320080816684, 62.46527295169443, 63.14995698903978, 63.43545901909586, 63.226658100503386, 62.796273053861285, 63.084707093128785, 64.65765752336993, 66.91028434108523, 67.60069542871611, 66.30067219691583, 63.335116297703955, 62.71934153959392, 62.99700622074582, 63.7423933831371, 63.19908011784933, 62.09239386556511, 61.85346470453162, 61.91708760257338, 61.53167843631803, 61.743973869451025, 61.53431264040175, 62.49666919584166, 64.00736509663628, 64.23668786506391, 64.00466192992278, 63.97333444155123, 65.1431575478079, 65.94621802702942, 64.76405679264266, 64.97557124122856, 65.80059654164093, 66.14403770123963, 65.63620884021277, 65.13154584097441, 64.8398865296949, 64.46761732726057, 64.57007127607811, 66.6457852687625, 66.51647885011573, 65.31706782240109, 63.6951102423628, 62.73739626716385, 61.53121591472961, 61.46449906080918, 60.44163907711222, 59.27146628102002, 58.62790532499419, 59.1077991317135, 56.42060637566921, 51.044721519389064, 46.68243341753307, 41.83658573734285, 36.34327493809636, 30.746904241188698, 25.441014718454188, 22.32638558847157, 21.471664389667605, 21.181174548561064, 21.42322502899652, 21.34142344735926, 16.865586561717517], "f": [0.0, 0.78125, 1.5625, 2.34375, 3.125, 3.90625, 4.6875, 5.46875, 6.25, 7.03125, 7.8125, 8.59375, 9.375, 10.15625, 10.9375, 11.71875, 12.5, 13.28125, 14.0625, 14.84375, 15.625, 16.40625, 17.1875, 17.96875, 18.75, 19.53125, 20.3125, 21.09375, 21.875, 22.65625, 23.4375, 24.21875, 25.0, 25.78125, 26.5625, 27.34375, 28.125, 28.90625, 29.6875, 30.46875, 31.25, 32.03125, 32.8125, 33.59375, 34.375, 35.15625, 35.9375, 36.71875, 37.5, 38.28125, 39.0625, 39.84375, 40.625, 41.40625, 42.1875, 42.96875, 43.75, 44.53125, 45.3125, 46.09375, 46.875, 47.65625, 48.4375, 49.21875, 50.0, 50.78125, 51.5625, 52.34375, 53.125, 53.90625, 54.6875, 55.46875, 56.25, 57.03125, 57.8125, 58.59375, 59.375, 60.15625, 60.9375, 61.71875, 62.5, 63.28125, 64.0625, 64.84375, 65.625, 66.40625, 67.1875, 67.96875, 68.75, 69.53125, 70.3125, 71.09375, 71.875, 72.65625, 73.4375, 74.21875, 75.0, 75.78125, 76.5625, 77.34375, 78.125, 78.90625, 79.6875, 80.46875, 81.25, 82.03125, 82.8125, 83.59375, 84.375, 85.15625, 85.9375, 86.71875, 87.5, 88.28125, 89.0625, 89.84375, 90.625, 91.40625, 92.1875, 92.96875, 93.75, 94.53125, 95.3125, 96.09375, 96.875, 97.65625, 98.4375, 99.21875, 100.0]}