{"psd": [73.03054638831256, 82.00036393816647, 81.01068723325022, 76.99658020550359, 71.35247722511927, 65.26782655813261, 60.61989094383535, 58.50855293421625, 57.877639351976605, 58.638261574387435, 59.30876761777569, 60.23517988109623, 60.5795441927637, 58.0817729904134, 57.30380488016007, 60.610466782791804, 67.72840858219952, 65.79757369929999, 60.99131973503911, 61.955628323534455, 60.43131212766173, 60.98980250415024, 61.83976779564488, 61.12844823221647, 59.88649482185359, 60.039311041880474, 60.41944785318848, 60.258593158142155, 61.23618120319006, 61.5489569167794, 61.95419120794703, 61.35915219747684, 61.60172918092951, 61.31416867200399, 61.66889692299533, 62.371485582302256, 61.554118145669946, 64.55086408737883, 74.08556456626178, 72.9436126741035, 63.079987728414324, 61.121823691610246, 61.90934977646592, 62.026227435578924, 62.47333986725355, 61.8389382259284, 62.275668298175866, 62.18101958967268, 62.26041127514388, 62.67039658347974, 62.507570161495536, 62.217010975449014, 62.315625902462216, 61.30173161122008, 61.22903135969065, 61.56845582541627, 62.86180363000205, 66.33386779790521, 66.5917396830343, 62.51844835519806, 62.787529799270246, 63.31159687639235, 63.271794842643175, 63.894558370533076, 64.4989738566675, 64.97814855226954, 64.54732124840463, 63.389708107232025, 63.64930190878714, 63.160518410407384, 63.7439814746455, 63.129338509750134, 63.25705254581791, 63.07635686069343, 69.049485537956, 75.26817000356732, 83.62018741253806, 81.88307008488627, 67.35889908653671, 62.86991613267506, 61.899892354440524, 61.81083771661492, 65.60327260439902, 71.09231610646894, 67.08446374672167, 62.063697828680525, 61.61978935404133, 62.3390801955745, 62.760548969954264, 62.15259399020961, 62.62908504760545, 62.803746735280804, 61.75811760780634, 61.92022644441819, 61.24704981970495, 69.91555541199588, 75.52402176733148, 70.00998015466766, 64.74199146567125, 63.282674965880254, 63.30818762934675, 62.736064410779335, 62.57248567785296, 62.618533095391236, 62.735522163389135, 63.185254583857116, 62.7465458958044, 62.67088336040982, 61.80519635181372, 62.57279639143902, 62.52997245423032, 62.18614924044408, 63.04059561505811, 61.20006461239279, 60.73862027113648, 63.964208603343366, 60.55303094790631, 54.185208064671414, 48.8724784617726, 43.353081902047144, 38.00252571774992, 31.42979571793701, 25.982955618902913, 22.376606305870105, 21.492164781204934, 21.232980341440797, 21.448804987490163, 20.89950225425713, 17.069913823091692], "f": [0.0, 0.78125, 1.5625, 2.34375, 3.125, 3.90625, 4.6875, 5.46875, 6.25, 7.03125, 7.8125, 8.59375, 9.375, 10.15625, 10.9375, 11.71875, 12.5, 13.28125, 14.0625, 14.84375, 15.625, 16.40625, 17.1875, 17.96875, 18.75, 19.53125, 20.3125, 21.09375, 21.875, 22.65625, 23.4375, 24.21875, 25.0, 25.78125, 26.5625, 27.34375, 28.125, 28.90625, 29.6875, 30.46875, 31.25, 32.03125, 32.8125, 33.59375, 34.375, 35.15625, 35.9375, 36.71875, 37.5, 38.28125, 39.0625, 39.84375, 40.625, 41.40625, 42.1875, 42.96875, 43.75, 44.53125, 45.3125, 46.09375, 46.875, 47.65625, 48.4375, 49.21875, 50.0, 50.78125, 51.5625, 52.34375, 53.125, 53.90625, 54.6875, 55.46875, 56.25, 57.03125, 57.8125, 58.59375, 59.375, 60.15625, 60.9375, 61.71875, 62.5, 63.28125, 64.0625, 64.84375, 65.625, 66.40625, 67.1875, 67.96875, 68.75, 69.53125, 70.3125, 71.09375, 71.875, 72.65625, 73.4375, 74.21875, 75.0, 75.78125, 76.5625, 77.34375, 78.125, 78.90625, 79.6875, 80.46875, 81.25, 82.03125, 82.8125, 83.59375, 84.375, 85.15625, 85.9375, 86.71875, 87.5, 88.28125, 89.0625, 89.84375, 90.625, 91.40625, 92.1875, 92.96875, 93.75, 94.53125, 95.3125, 96.09375, 96.875, 97.65625, 98.4375, 99.21875, 100.0]}