{"psd": [70.20774559136464, 78.43354338145312, 75.93073346240969, 72.47222132480505, 69.55146444149949, 65.48015675763443, 60.9570657231444, 57.798619996690384, 56.1053645747168, 54.61909750890527, 57.22530983722251, 59.82251511207289, 56.963316662999716, 56.60136824002544, 57.59562996156412, 57.42405164714381, 59.56974519170857, 62.950676542880984, 64.4524454046411, 63.47338151608405, 62.02939214574809, 62.695474136603096, 62.902051263695625, 63.378384465343075, 64.07973781257948, 64.52345562213017, 65.27234191241435, 64.90655393251774, 67.61620516881206, 71.02532253369321, 71.67394144308525, 70.40589028661171, 70.31977464744034, 71.39259826132971, 74.17343189778254, 73.80355185839247, 72.17989924682983, 73.06057176560657, 73.88032089745164, 71.96939091343403, 65.66361867373962, 63.556980483057224, 63.64202866703284, 63.880117179033824, 63.56348671002834, 64.18206138694983, 63.977983741551, 63.59049180445042, 63.181814517276294, 62.40385600211542, 62.919026612378644, 63.875558966556135, 64.31153940768199, 64.0524459437934, 64.5610986540587, 65.2085241307363, 66.34148862404072, 66.75638387801905, 66.07972018993456, 65.15316184986823, 65.65769188757588, 65.99036619203065, 66.89213183911484, 66.84075048068154, 66.88826316095883, 65.06123318135579, 64.06923674878041, 63.725481523763875, 63.08042738662748, 63.23495937719889, 63.39294277096694, 64.69214989608213, 65.47727793035445, 65.02725242816811, 65.36275005655192, 67.637868549864, 73.6692798848033, 77.86000285874823, 71.43610927941876, 63.728031017774555, 64.04069835154542, 64.79662156301494, 65.26465848991765, 65.85338893816608, 66.71525950512395, 66.84196058300077, 67.20259983898234, 68.20129370962208, 68.67000270428939, 68.7992644894102, 68.87419772752251, 68.22308299821194, 67.13061419537041, 66.62170436065492, 65.43204069461338, 72.12477358103021, 77.75540933926307, 72.99080669654317, 66.47316505736396, 66.64246163838443, 66.99189539608285, 67.94158390795637, 67.4153352857205, 67.14794531917525, 68.73507451441783, 69.13148718040068, 68.75593999825078, 67.32299612647724, 65.89680046399377, 64.27085739147083, 64.41285319422755, 64.51234867781633, 63.89313258150886, 62.16286623641856, 62.34444196093159, 69.72953401503207, 68.09288773099743, 54.98615870475283, 49.3806036798287, 44.13722829146627, 39.073295650473035, 32.813828915000414, 26.932288731224393, 22.87937008765973, 21.137164973602168, 21.388775461293967, 21.268469562505313, 20.879437576997493, 17.07764754264756], "f": [0.0, 0.78125, 1.5625, 2.34375, 3.125, 3.90625, 4.6875, 5.46875, 6.25, 7.03125, 7.8125, 8.59375, 9.375, 10.15625, 10.9375, 11.71875, 12.5, 13.28125, 14.0625, 14.84375, 15.625, 16.40625, 17.1875, 17.96875, 18.75, 19.53125, 20.3125, 21.09375, 21.875, 22.65625, 23.4375, 24.21875, 25.0, 25.78125, 26.5625, 27.34375, 28.125, 28.90625, 29.6875, 30.46875, 31.25, 32.03125, 32.8125, 33.59375, 34.375, 35.15625, 35.9375, 36.71875, 37.5, 38.28125, 39.0625, 39.84375, 40.625, 41.40625, 42.1875, 42.96875, 43.75, 44.53125, 45.3125, 46.09375, 46.875, 47.65625, 48.4375, 49.21875, 50.0, 50.78125, 51.5625, 52.34375, 53.125, 53.90625, 54.6875, 55.46875, 56.25, 57.03125, 57.8125, 58.59375, 59.375, 60.15625, 60.9375, 61.71875, 62.5, 63.28125, 64.0625, 64.84375, 65.625, 66.40625, 67.1875, 67.96875, 68.75, 69.53125, 70.3125, 71.09375, 71.875, 72.65625, 73.4375, 74.21875, 75.0, 75.78125, 76.5625, 77.34375, 78.125, 78.90625, 79.6875, 80.46875, 81.25, 82.03125, 82.8125, 83.59375, 84.375, 85.15625, 85.9375, 86.71875, 87.5, 88.28125, 89.0625, 89.84375, 90.625, 91.40625, 92.1875, 92.96875, 93.75, 94.53125, 95.3125, 96.09375, 96.875, 97.65625, 98.4375, 99.21875, 100.0]}