{"psd": [72.32968179755778, 81.45949336777812, 81.04723248792615, 76.96582214932104, 70.62404026674383, 64.97591231789558, 61.64057875325525, 60.40957313346251, 61.01529753149185, 61.89200193537049, 63.946605438369744, 70.0711912319522, 80.20887829696605, 82.88802889175386, 78.34656652802873, 69.63408173350399, 67.95801595766176, 67.75219929179697, 69.37805181514686, 70.75750049746827, 71.32929620023124, 70.94016164219903, 70.45762981521085, 72.97971306579451, 77.15997500800376, 80.93737597353, 81.4506914040838, 78.84668655108109, 77.44920812141223, 75.21125696268898, 74.35533550456614, 74.56732967236518, 72.64591048817498, 71.92798922124891, 73.33899958073839, 72.8386931717724, 73.34907500440352, 76.93106104298923, 77.31360569043318, 76.28588766565024, 75.41418652047818, 75.71071518512058, 75.35581716239989, 74.62648448518149, 74.61032316664657, 74.01429458073903, 72.63283275444306, 71.60831861620444, 71.3414283046645, 70.71383738104925, 70.66396441235288, 71.08538153473103, 71.51067253835757, 71.06717326553168, 70.93743045855771, 70.61525880014574, 70.68306807280663, 71.47450572551912, 72.1841298481765, 71.7252477796425, 71.24550758458147, 72.4727666197754, 72.23199636943707, 70.50757501117349, 69.40750100873362, 68.69371890900784, 69.11617887314131, 68.69571135311813, 67.87623600334032, 67.63350180935299, 67.61383122894634, 67.87889190588132, 67.68691690333183, 68.31113907839655, 70.88465131574792, 74.95591539039947, 73.983263879801, 69.89200123716458, 67.90422044800951, 67.44851325205292, 67.91739086232248, 68.37332911871823, 69.17287821081436, 68.41478180731995, 67.22368161678742, 67.31723019861329, 67.4272084274944, 66.8065258938512, 67.01038152334891, 67.36815638172436, 67.42336993711054, 67.17372736133254, 67.0481137323714, 66.9446214696118, 66.93638114273878, 68.39196506027756, 71.00097542666794, 68.81171575166667, 67.546689797253, 67.95024698587422, 67.33428728022461, 67.54604388198753, 67.36026894590805, 67.81755290994823, 68.00183070190612, 67.97316896881867, 68.0723324191336, 67.64388701524224, 67.10715795882804, 66.76331720666215, 66.61754097327129, 66.92826656022012, 66.36419690109263, 65.61200095247459, 65.91552067306169, 67.17093144770816, 64.40123517366372, 57.671195224563036, 53.44298705524123, 48.55320020731267, 43.91301328871044, 38.59449915554389, 31.421463980778867, 25.188594905618366, 21.94803053441044, 21.88274059376138, 21.623208751057682, 21.038719436622756, 16.781869485256266], "f": [0.0, 0.78125, 1.5625, 2.34375, 3.125, 3.90625, 4.6875, 5.46875, 6.25, 7.03125, 7.8125, 8.59375, 9.375, 10.15625, 10.9375, 11.71875, 12.5, 13.28125, 14.0625, 14.84375, 15.625, 16.40625, 17.1875, 17.96875, 18.75, 19.53125, 20.3125, 21.09375, 21.875, 22.65625, 23.4375, 24.21875, 25.0, 25.78125, 26.5625, 27.34375, 28.125, 28.90625, 29.6875, 30.46875, 31.25, 32.03125, 32.8125, 33.59375, 34.375, 35.15625, 35.9375, 36.71875, 37.5, 38.28125, 39.0625, 39.84375, 40.625, 41.40625, 42.1875, 42.96875, 43.75, 44.53125, 45.3125, 46.09375, 46.875, 47.65625, 48.4375, 49.21875, 50.0, 50.78125, 51.5625, 52.34375, 53.125, 53.90625, 54.6875, 55.46875, 56.25, 57.03125, 57.8125, 58.59375, 59.375, 60.15625, 60.9375, 61.71875, 62.5, 63.28125, 64.0625, 64.84375, 65.625, 66.40625, 67.1875, 67.96875, 68.75, 69.53125, 70.3125, 71.09375, 71.875, 72.65625, 73.4375, 74.21875, 75.0, 75.78125, 76.5625, 77.34375, 78.125, 78.90625, 79.6875, 80.46875, 81.25, 82.03125, 82.8125, 83.59375, 84.375, 85.15625, 85.9375, 86.71875, 87.5, 88.28125, 89.0625, 89.84375, 90.625, 91.40625, 92.1875, 92.96875, 93.75, 94.53125, 95.3125, 96.09375, 96.875, 97.65625, 98.4375, 99.21875, 100.0]}