{"psd": [75.48568608395426, 84.4194405718288, 83.05043939981971, 76.63215738711335, 69.42861695772977, 64.38343281836217, 63.64170925349769, 64.69718852776701, 63.615716868837204, 62.84919824859331, 63.76821069987227, 63.84665293463228, 64.25857658779584, 65.54390136307092, 65.60295666380179, 65.28465397631034, 65.00119111798936, 64.90894175851423, 65.87993947595203, 67.20791328848081, 66.41985264275019, 65.88122509222559, 66.53336711222254, 66.96016607143085, 66.56688380467213, 66.09925743258447, 66.1157698697848, 66.09202189145094, 66.82124771631472, 67.14381826467712, 66.32136130280755, 66.31283572647261, 65.4068792452138, 66.101531321717, 66.38578069056281, 67.00839800310905, 66.97366145854417, 66.42987728467233, 69.29055196985115, 68.6195363022915, 65.82212493631319, 66.14329531985605, 66.21197501477981, 66.086428503186, 65.38585966280631, 65.7440698361576, 66.10929927363162, 70.00315536519184, 75.53482806905704, 71.96195798089786, 66.69036614587958, 66.31582603009979, 66.60487829706129, 66.86584922233264, 66.62346464929232, 66.54834161068028, 66.42753006903293, 70.59329357912299, 71.69740537072943, 67.88542667739746, 66.65025841837647, 66.26894435946406, 66.7913201519132, 66.71659536540906, 66.62297588195362, 66.18890568644571, 67.1969149942538, 67.83872597841597, 67.93956867087122, 68.02570081448428, 67.24438184925053, 67.22711965696325, 67.58041163977028, 67.0211930897961, 67.6626579124931, 68.34577180460295, 69.27731901366171, 69.14562287130673, 68.56506851952237, 67.89827247432336, 67.89615664546183, 68.08717480605311, 68.70579912284603, 69.03748522952752, 69.10489093429709, 69.20818318216806, 71.43221346691269, 71.96917952179226, 69.2287156860275, 69.05266690542702, 69.67646239480759, 69.3522594590196, 68.69420465378822, 68.26330378215353, 68.01523087321655, 68.19365132899438, 70.14031925456538, 68.76750544518505, 67.3620870127638, 67.42549289600757, 67.19907923077994, 66.7863213263361, 67.12142863470356, 66.76752453073455, 66.47908630412013, 66.9119657367664, 68.5629151655119, 66.55212205776814, 66.36811182171945, 66.098451177879, 65.67281939932738, 65.4091506067326, 65.42194803398728, 65.02480227248985, 63.972119237822575, 66.13847231148841, 65.50845407670812, 57.628177197626584, 52.84875479932792, 48.34626492957105, 42.9700617134032, 36.424913855416534, 29.478664478933236, 23.44377652078549, 21.459506720276238, 21.63331520786873, 21.48460722666972, 21.334583780883637, 16.760735721893823], "f": [0.0, 0.78125, 1.5625, 2.34375, 3.125, 3.90625, 4.6875, 5.46875, 6.25, 7.03125, 7.8125, 8.59375, 9.375, 10.15625, 10.9375, 11.71875, 12.5, 13.28125, 14.0625, 14.84375, 15.625, 16.40625, 17.1875, 17.96875, 18.75, 19.53125, 20.3125, 21.09375, 21.875, 22.65625, 23.4375, 24.21875, 25.0, 25.78125, 26.5625, 27.34375, 28.125, 28.90625, 29.6875, 30.46875, 31.25, 32.03125, 32.8125, 33.59375, 34.375, 35.15625, 35.9375, 36.71875, 37.5, 38.28125, 39.0625, 39.84375, 40.625, 41.40625, 42.1875, 42.96875, 43.75, 44.53125, 45.3125, 46.09375, 46.875, 47.65625, 48.4375, 49.21875, 50.0, 50.78125, 51.5625, 52.34375, 53.125, 53.90625, 54.6875, 55.46875, 56.25, 57.03125, 57.8125, 58.59375, 59.375, 60.15625, 60.9375, 61.71875, 62.5, 63.28125, 64.0625, 64.84375, 65.625, 66.40625, 67.1875, 67.96875, 68.75, 69.53125, 70.3125, 71.09375, 71.875, 72.65625, 73.4375, 74.21875, 75.0, 75.78125, 76.5625, 77.34375, 78.125, 78.90625, 79.6875, 80.46875, 81.25, 82.03125, 82.8125, 83.59375, 84.375, 85.15625, 85.9375, 86.71875, 87.5, 88.28125, 89.0625, 89.84375, 90.625, 91.40625, 92.1875, 92.96875, 93.75, 94.53125, 95.3125, 96.09375, 96.875, 97.65625, 98.4375, 99.21875, 100.0]}