{"psd": [63.06623224337524, 70.95046161946482, 69.23357953709095, 67.35107455292072, 64.68315798145534, 61.69318047379701, 58.807126118016, 55.90045152809594, 54.055174886868485, 55.68967793477586, 59.15721171712364, 59.38947431702431, 56.05080553043423, 54.90668557317549, 58.146068642195125, 57.45491731938935, 55.171666073140685, 56.43368513552276, 58.289298557550104, 58.20251164432936, 57.37691522813782, 55.30216508539179, 55.72848950616809, 56.60010943905568, 57.26910135918626, 57.51391623616479, 57.17348304228543, 58.27199612398388, 60.561427586210755, 59.97740910091388, 57.95916098674364, 57.8029991703352, 57.5491422400754, 57.04105908114932, 57.32275457810851, 57.87501994607319, 59.75475599129396, 58.95755890410306, 61.34498963662945, 60.971737722810516, 59.2697781104783, 59.56657235194712, 61.186903815706295, 60.9526090238266, 58.613290419405246, 59.96603798318394, 60.97154054958693, 60.173259988986075, 60.54551336066524, 61.29537111964232, 61.374022017655534, 62.25738735911938, 61.37001030112694, 61.8923827614567, 61.24253135823298, 61.586502377768866, 61.5528222955189, 64.84283463670805, 65.84678959690427, 63.126631843250635, 62.40463583906113, 61.67196435607941, 62.333167638212466, 62.6193143469166, 62.396588201233854, 61.799789068180644, 61.76680632632756, 62.477858166540926, 62.81752678091509, 62.41749145699807, 62.005823864112386, 62.07904103807482, 61.75886492157226, 62.075426246251425, 62.254755318814475, 70.51369331680932, 80.42933415957138, 78.39247920607681, 63.813407318335045, 61.10524655898571, 60.84563562073093, 60.606524788821986, 61.3108153334004, 61.154893257078584, 61.38344039728899, 60.69594529312741, 60.014244869458125, 59.86980106334819, 59.95460981640938, 59.92494348255376, 59.738580183148606, 59.903898310133556, 59.584575256433666, 58.855466612846506, 59.05297236150591, 64.12111538443747, 69.59566012414611, 64.18096950608343, 58.27913938868405, 58.691648157913164, 58.92746366585659, 58.635839493956226, 58.14758780803725, 58.431611833514225, 58.8785539885778, 59.230430575048516, 59.02858555035098, 58.390610225333276, 58.40338890389232, 57.768817907464545, 57.752374180040334, 57.8397565544281, 57.21525263456509, 57.004719475626786, 56.8932364840791, 60.289784492908176, 57.309573707998666, 48.76628446948175, 45.56251346080485, 41.03790116653535, 35.9281378088332, 29.576539469708244, 24.01544045633814, 21.98727717643932, 21.293345157789197, 21.684498182502235, 21.485623673187785, 21.658878664558962, 16.745243982905315], "f": [0.0, 0.78125, 1.5625, 2.34375, 3.125, 3.90625, 4.6875, 5.46875, 6.25, 7.03125, 7.8125, 8.59375, 9.375, 10.15625, 10.9375, 11.71875, 12.5, 13.28125, 14.0625, 14.84375, 15.625, 16.40625, 17.1875, 17.96875, 18.75, 19.53125, 20.3125, 21.09375, 21.875, 22.65625, 23.4375, 24.21875, 25.0, 25.78125, 26.5625, 27.34375, 28.125, 28.90625, 29.6875, 30.46875, 31.25, 32.03125, 32.8125, 33.59375, 34.375, 35.15625, 35.9375, 36.71875, 37.5, 38.28125, 39.0625, 39.84375, 40.625, 41.40625, 42.1875, 42.96875, 43.75, 44.53125, 45.3125, 46.09375, 46.875, 47.65625, 48.4375, 49.21875, 50.0, 50.78125, 51.5625, 52.34375, 53.125, 53.90625, 54.6875, 55.46875, 56.25, 57.03125, 57.8125, 58.59375, 59.375, 60.15625, 60.9375, 61.71875, 62.5, 63.28125, 64.0625, 64.84375, 65.625, 66.40625, 67.1875, 67.96875, 68.75, 69.53125, 70.3125, 71.09375, 71.875, 72.65625, 73.4375, 74.21875, 75.0, 75.78125, 76.5625, 77.34375, 78.125, 78.90625, 79.6875, 80.46875, 81.25, 82.03125, 82.8125, 83.59375, 84.375, 85.15625, 85.9375, 86.71875, 87.5, 88.28125, 89.0625, 89.84375, 90.625, 91.40625, 92.1875, 92.96875, 93.75, 94.53125, 95.3125, 96.09375, 96.875, 97.65625, 98.4375, 99.21875, 100.0]}