{"psd": [64.58487968664384, 74.04388121304595, 73.37383899307878, 71.33828285691847, 68.03903652706792, 63.67339424148391, 60.279345791513784, 58.10476779643658, 57.92494883141143, 57.35665835366646, 58.33912257032672, 57.67940333000503, 56.83529659065958, 58.3494815466313, 60.751798258147566, 57.392078855604794, 55.54870831234474, 55.6110368491884, 56.03196821901421, 58.3660605596388, 57.77576779890275, 56.962654186979194, 57.24272197879253, 57.83155747320862, 57.450112597465775, 58.060636243584895, 57.22373880799906, 56.814674789441206, 57.92667314917327, 58.537102305776486, 58.08244142369186, 57.710067743983075, 57.344821960354864, 62.95866981218789, 64.97285151256958, 60.45363845024384, 58.309354706299736, 59.72797001861779, 61.31975149121011, 59.901043125308945, 60.00473533270088, 59.24984740970231, 59.03074737190639, 58.99588767554964, 58.0602810318006, 58.84304837734006, 58.71119747732629, 59.07102301916569, 60.54287970679298, 61.16886953058134, 60.23575956815097, 59.79465681052762, 59.9105651377618, 59.545572077093986, 60.22485749284765, 60.45884360065546, 61.4158531157662, 64.12564149061895, 64.11317295632158, 59.93644987784664, 59.65667637219438, 59.9665319968104, 60.469146740892924, 60.934253156062, 61.511426605192895, 61.51767836671521, 61.38828148642389, 61.789489513997935, 60.74828414707231, 60.17967789324252, 60.081197234356345, 59.90035158408127, 59.79147049154247, 59.341869453846876, 60.66410121662215, 61.05032140354386, 64.40979364935374, 66.04683300359353, 60.95374820713773, 59.66440332653494, 59.15845663132025, 59.14781147744272, 58.499390720679486, 57.87938255233108, 58.143635426533365, 58.713581976060425, 59.422213393891354, 58.85505541828093, 57.62497563197557, 57.896683078240684, 57.46946657096934, 57.3493859087884, 57.797844409658396, 57.26874012296343, 57.127680871500544, 63.93712941239011, 68.37730667344103, 62.9286178624436, 57.5542623653423, 57.34999504328056, 57.58477544358945, 57.77074642581459, 57.44755367690645, 56.93075739381143, 56.94416298811598, 58.790798674031834, 58.47088004015142, 56.28920196919859, 56.25398208132533, 55.888012393657895, 55.61307718305937, 54.36869080101255, 53.677394384114635, 53.13747282586486, 54.63598656966161, 58.66740457349162, 54.54103313878079, 46.12708520434241, 41.95507807973876, 36.573563775262855, 30.971897734540505, 26.102680407920012, 23.019673695856532, 21.13602977042269, 21.335448123578075, 21.024976885045376, 21.302582886829814, 21.238832998331656, 15.962019609871195], "f": [0.0, 0.78125, 1.5625, 2.34375, 3.125, 3.90625, 4.6875, 5.46875, 6.25, 7.03125, 7.8125, 8.59375, 9.375, 10.15625, 10.9375, 11.71875, 12.5, 13.28125, 14.0625, 14.84375, 15.625, 16.40625, 17.1875, 17.96875, 18.75, 19.53125, 20.3125, 21.09375, 21.875, 22.65625, 23.4375, 24.21875, 25.0, 25.78125, 26.5625, 27.34375, 28.125, 28.90625, 29.6875, 30.46875, 31.25, 32.03125, 32.8125, 33.59375, 34.375, 35.15625, 35.9375, 36.71875, 37.5, 38.28125, 39.0625, 39.84375, 40.625, 41.40625, 42.1875, 42.96875, 43.75, 44.53125, 45.3125, 46.09375, 46.875, 47.65625, 48.4375, 49.21875, 50.0, 50.78125, 51.5625, 52.34375, 53.125, 53.90625, 54.6875, 55.46875, 56.25, 57.03125, 57.8125, 58.59375, 59.375, 60.15625, 60.9375, 61.71875, 62.5, 63.28125, 64.0625, 64.84375, 65.625, 66.40625, 67.1875, 67.96875, 68.75, 69.53125, 70.3125, 71.09375, 71.875, 72.65625, 73.4375, 74.21875, 75.0, 75.78125, 76.5625, 77.34375, 78.125, 78.90625, 79.6875, 80.46875, 81.25, 82.03125, 82.8125, 83.59375, 84.375, 85.15625, 85.9375, 86.71875, 87.5, 88.28125, 89.0625, 89.84375, 90.625, 91.40625, 92.1875, 92.96875, 93.75, 94.53125, 95.3125, 96.09375, 96.875, 97.65625, 98.4375, 99.21875, 100.0]}