{"psd": [59.93854385891921, 69.82540934681529, 69.90313724864349, 66.63749447810875, 61.359159086384174, 55.1886782874038, 52.4706217343142, 57.19201942171635, 57.97146349990456, 54.97954433152309, 58.328418476050814, 60.37453774439909, 57.18214416475882, 57.51331028132648, 58.981557720059456, 57.64718970991944, 58.405273882642334, 58.64187376577641, 59.70285555365953, 60.31662692460802, 57.98796521916919, 57.56755634655228, 58.4180337652286, 59.28152954442771, 59.306762379282986, 59.21821119653826, 59.410205434001924, 58.36458112758251, 57.78011060785354, 59.059484341464135, 59.13754561038118, 59.35940175024942, 59.33021796552027, 58.86052387957669, 59.204647179574145, 60.24997986954002, 61.55574517456155, 66.58662140438767, 76.78107495862534, 75.86095617068615, 63.141659256190756, 60.78835123895384, 62.03756365342129, 62.888157300944826, 62.64971792053966, 62.388099717662385, 64.34912023162049, 65.42387302667737, 74.29303826589334, 75.84868091682358, 66.77389704519192, 62.45186000341641, 61.737436319892716, 61.42563345635462, 61.999465723905885, 62.05126008764144, 64.01224766365836, 71.1879385956706, 72.45312762192044, 65.0975129147935, 63.62590417836779, 64.67556510064965, 64.52990265012966, 66.16809887405991, 66.43130447221569, 64.92698552322852, 65.00737658633965, 64.85935181560875, 64.8740027162677, 63.77346631680535, 62.925841440946556, 63.23351125824185, 62.96047831953576, 62.87564425311019, 66.31521807412449, 77.3897387940502, 87.62917596331066, 85.64256234133124, 69.27602885681839, 62.526006853260654, 61.964410556750884, 62.02085159463926, 64.33268236419715, 69.52995849764862, 65.26175897356457, 61.871242822733315, 61.85217611102495, 61.82746264313283, 62.586082671527485, 61.98015741313249, 61.01692966991037, 60.11785242483317, 60.3943596834555, 60.223968652637474, 60.805058241697935, 70.71932361404086, 76.67632711292838, 71.49338942538256, 61.24937996057503, 60.80921903541346, 60.395682439617715, 60.053602399107746, 60.69683230544028, 61.64719409651231, 62.651096252077345, 62.40964225865902, 62.332191982360555, 62.213097371224855, 61.36526672183198, 60.9856989070951, 60.91347382683621, 59.91937471544912, 59.15585693654194, 59.69440091169332, 60.684693041116724, 65.8856991960336, 62.80269906221706, 50.747852188504595, 45.61214289980866, 41.306629245300456, 35.22819168293313, 29.07379611147554, 24.25599364422204, 21.86568705307982, 21.380180053352134, 21.187170195253074, 21.470301588167008, 21.380047945448332, 16.71472995643603], "f": [0.0, 0.78125, 1.5625, 2.34375, 3.125, 3.90625, 4.6875, 5.46875, 6.25, 7.03125, 7.8125, 8.59375, 9.375, 10.15625, 10.9375, 11.71875, 12.5, 13.28125, 14.0625, 14.84375, 15.625, 16.40625, 17.1875, 17.96875, 18.75, 19.53125, 20.3125, 21.09375, 21.875, 22.65625, 23.4375, 24.21875, 25.0, 25.78125, 26.5625, 27.34375, 28.125, 28.90625, 29.6875, 30.46875, 31.25, 32.03125, 32.8125, 33.59375, 34.375, 35.15625, 35.9375, 36.71875, 37.5, 38.28125, 39.0625, 39.84375, 40.625, 41.40625, 42.1875, 42.96875, 43.75, 44.53125, 45.3125, 46.09375, 46.875, 47.65625, 48.4375, 49.21875, 50.0, 50.78125, 51.5625, 52.34375, 53.125, 53.90625, 54.6875, 55.46875, 56.25, 57.03125, 57.8125, 58.59375, 59.375, 60.15625, 60.9375, 61.71875, 62.5, 63.28125, 64.0625, 64.84375, 65.625, 66.40625, 67.1875, 67.96875, 68.75, 69.53125, 70.3125, 71.09375, 71.875, 72.65625, 73.4375, 74.21875, 75.0, 75.78125, 76.5625, 77.34375, 78.125, 78.90625, 79.6875, 80.46875, 81.25, 82.03125, 82.8125, 83.59375, 84.375, 85.15625, 85.9375, 86.71875, 87.5, 88.28125, 89.0625, 89.84375, 90.625, 91.40625, 92.1875, 92.96875, 93.75, 94.53125, 95.3125, 96.09375, 96.875, 97.65625, 98.4375, 99.21875, 100.0]}