{"psd": [74.83254601894652, 84.67625333206014, 79.227274343841, 75.47404029612889, 70.93005879591543, 65.74007616077732, 61.096970661376034, 58.44293989546874, 57.5486890868465, 57.77664838452225, 61.779005552205255, 60.63145962495761, 57.190967926777375, 56.83021148012421, 57.459491787943485, 62.06564452016582, 61.85106332647261, 58.620710097855365, 59.527270628918515, 64.94614358395158, 64.708140926989, 63.20513482016836, 63.36871184474947, 62.320500898401995, 62.86272993939242, 67.40871570153585, 66.27579866086177, 60.540814527098235, 61.74883526946486, 63.17010091491806, 63.04445711245486, 63.73376041773621, 62.875153517705144, 63.470068836261326, 64.16728360587057, 62.3745966443387, 63.120948119250684, 65.87609599417476, 71.81402714859398, 70.44700941853654, 64.7400224279426, 64.72749437839039, 63.31100264100739, 62.70807856879992, 62.707431809560454, 63.52885409553414, 64.05150814143914, 64.21386109939449, 64.96337803845731, 64.61619513704477, 65.53356960671505, 66.91236714737636, 65.2266929738849, 64.35217784852045, 64.21325057020331, 64.51204441486713, 64.7588077330468, 69.46654567329827, 70.13070987824888, 66.3810834891219, 66.51429900615618, 68.17895492169124, 68.06301302220183, 68.21179962426311, 67.92957771900441, 66.35987458441869, 66.61926806909835, 66.32379827931369, 66.59512444946692, 66.42946208157161, 66.02215549851485, 67.15551700212372, 67.32415557103654, 66.42210585760316, 74.2269886753794, 82.35778721503017, 92.15582691156912, 89.95004576869361, 75.75425022720977, 70.20909961107617, 66.74735101138309, 66.819802324174, 70.68386557202984, 75.60707209126308, 71.14219037963053, 65.2788657027756, 65.81891827916911, 65.26797379808485, 65.82160122431058, 65.92147231490371, 66.63238106827121, 66.86334608707274, 65.81850485608517, 65.40791841558712, 65.54382439059782, 72.53357775162117, 77.50402929565311, 72.4405611936974, 65.33578658780662, 65.23333968877085, 67.17541632128105, 74.5955041546179, 73.13444109111423, 66.82806968273607, 66.31720257551886, 66.07034876055347, 66.65766267274044, 66.08928338907776, 65.82633522943101, 67.03676471116357, 66.21475919575255, 65.19073839537491, 64.28300016365714, 65.56733544793074, 65.91572023806573, 71.60605993359367, 68.44790729791852, 55.253714292466654, 50.75160357595791, 46.384342155297546, 40.2776118178064, 34.80688339897278, 27.881723349993067, 22.960029465448333, 22.10224683912424, 21.449780727508, 21.420683392787375, 21.426686081813536, 16.94995489746348], "f": [0.0, 0.78125, 1.5625, 2.34375, 3.125, 3.90625, 4.6875, 5.46875, 6.25, 7.03125, 7.8125, 8.59375, 9.375, 10.15625, 10.9375, 11.71875, 12.5, 13.28125, 14.0625, 14.84375, 15.625, 16.40625, 17.1875, 17.96875, 18.75, 19.53125, 20.3125, 21.09375, 21.875, 22.65625, 23.4375, 24.21875, 25.0, 25.78125, 26.5625, 27.34375, 28.125, 28.90625, 29.6875, 30.46875, 31.25, 32.03125, 32.8125, 33.59375, 34.375, 35.15625, 35.9375, 36.71875, 37.5, 38.28125, 39.0625, 39.84375, 40.625, 41.40625, 42.1875, 42.96875, 43.75, 44.53125, 45.3125, 46.09375, 46.875, 47.65625, 48.4375, 49.21875, 50.0, 50.78125, 51.5625, 52.34375, 53.125, 53.90625, 54.6875, 55.46875, 56.25, 57.03125, 57.8125, 58.59375, 59.375, 60.15625, 60.9375, 61.71875, 62.5, 63.28125, 64.0625, 64.84375, 65.625, 66.40625, 67.1875, 67.96875, 68.75, 69.53125, 70.3125, 71.09375, 71.875, 72.65625, 73.4375, 74.21875, 75.0, 75.78125, 76.5625, 77.34375, 78.125, 78.90625, 79.6875, 80.46875, 81.25, 82.03125, 82.8125, 83.59375, 84.375, 85.15625, 85.9375, 86.71875, 87.5, 88.28125, 89.0625, 89.84375, 90.625, 91.40625, 92.1875, 92.96875, 93.75, 94.53125, 95.3125, 96.09375, 96.875, 97.65625, 98.4375, 99.21875, 100.0]}