{"psd": [66.8272105723414, 75.90464683222311, 76.49177561633425, 74.22984088952592, 69.71941925553695, 65.60667093830625, 60.878887717898245, 57.889248131094746, 56.58658552179635, 56.016611851395446, 56.53935274884308, 58.58257280136485, 57.61107688408227, 60.94152063113033, 60.81405120040667, 57.76629379701965, 57.05813712819064, 57.623065306810105, 59.865001759284425, 59.51577422324683, 58.978616241234924, 59.05990461922356, 58.368040190427266, 57.406171330981294, 56.936226918052604, 57.44427397226524, 57.11464280817474, 59.294612523940486, 58.04348037010902, 57.57165949785639, 59.80904443485451, 59.678416418942206, 59.50229563069804, 60.06781475292954, 60.748488606168024, 61.25801369523319, 63.1364193984552, 62.402849666277376, 64.09360992787767, 62.831954568691614, 60.06231753577112, 60.23842404966945, 59.704247755510096, 60.43149520811582, 60.042441620072736, 60.416398230542654, 60.2752463893071, 59.74633482736074, 59.80152255782574, 59.945740679648154, 60.69828982202432, 61.46596988721698, 60.7987836750248, 61.16106253301817, 61.403762717867785, 61.250065236352576, 62.133128114019044, 62.1758773495339, 61.43314924121383, 61.868989529052016, 61.82025589242837, 62.842338575676926, 62.347159361719946, 61.24995170402477, 60.938218593046315, 60.27454467169497, 59.63562831360055, 59.60394590405429, 59.91036937233034, 59.72219218846717, 59.030857558541456, 59.34260852451455, 59.34860177989697, 58.8862831677499, 65.1434330115588, 70.32344777382731, 65.17815761185385, 60.40893229018554, 59.28903368208946, 59.33291977627612, 60.21657707988226, 60.39645698342554, 59.87893027151684, 58.78527680913887, 58.388208842927696, 58.79640186047679, 58.87484967540865, 57.81527686528502, 57.62564438151769, 57.63148378812366, 57.671291850296534, 57.35315918579189, 57.64148837830976, 57.03649665460538, 56.479074573214795, 57.74838692049374, 59.18625316225716, 57.37970831673287, 56.1916468755334, 55.78621864327579, 55.68614147598791, 55.562853958030274, 55.34054469115985, 55.51885455838437, 55.32214639003242, 55.28388815994971, 55.63639244047433, 55.316573288778095, 55.97708292750128, 55.81895775143778, 55.44141254393419, 55.30376158047045, 54.43085678881477, 52.58474561086707, 51.24017971196813, 51.18544130914277, 48.691661287903194, 44.537896656987535, 40.53748001761313, 36.68066736368115, 31.86434258685737, 26.052611362889063, 23.085632139948412, 21.592929071916394, 21.537451896518256, 21.335687282365807, 20.915862382657885, 21.16746716656886, 16.584582875452764], "f": [0.0, 0.78125, 1.5625, 2.34375, 3.125, 3.90625, 4.6875, 5.46875, 6.25, 7.03125, 7.8125, 8.59375, 9.375, 10.15625, 10.9375, 11.71875, 12.5, 13.28125, 14.0625, 14.84375, 15.625, 16.40625, 17.1875, 17.96875, 18.75, 19.53125, 20.3125, 21.09375, 21.875, 22.65625, 23.4375, 24.21875, 25.0, 25.78125, 26.5625, 27.34375, 28.125, 28.90625, 29.6875, 30.46875, 31.25, 32.03125, 32.8125, 33.59375, 34.375, 35.15625, 35.9375, 36.71875, 37.5, 38.28125, 39.0625, 39.84375, 40.625, 41.40625, 42.1875, 42.96875, 43.75, 44.53125, 45.3125, 46.09375, 46.875, 47.65625, 48.4375, 49.21875, 50.0, 50.78125, 51.5625, 52.34375, 53.125, 53.90625, 54.6875, 55.46875, 56.25, 57.03125, 57.8125, 58.59375, 59.375, 60.15625, 60.9375, 61.71875, 62.5, 63.28125, 64.0625, 64.84375, 65.625, 66.40625, 67.1875, 67.96875, 68.75, 69.53125, 70.3125, 71.09375, 71.875, 72.65625, 73.4375, 74.21875, 75.0, 75.78125, 76.5625, 77.34375, 78.125, 78.90625, 79.6875, 80.46875, 81.25, 82.03125, 82.8125, 83.59375, 84.375, 85.15625, 85.9375, 86.71875, 87.5, 88.28125, 89.0625, 89.84375, 90.625, 91.40625, 92.1875, 92.96875, 93.75, 94.53125, 95.3125, 96.09375, 96.875, 97.65625, 98.4375, 99.21875, 100.0]}