{"psd": [67.97904831967516, 77.74339090455119, 78.53758248013058, 75.51137579720859, 70.02562896268593, 63.97157541298749, 59.69646118487718, 57.22265032427589, 56.93442711167585, 55.80797097759457, 57.44405034846383, 58.72110160564113, 57.80846324322482, 59.452886473759364, 56.872978128268166, 57.00360218337072, 57.73094912829095, 58.04964514815933, 60.857742837780535, 62.01386078297367, 58.437785060214686, 57.840659940176586, 59.50595194311777, 61.992232824091076, 61.59126144760404, 60.42638097976606, 60.33774848615181, 60.84673122970874, 60.83522254842519, 60.82854304257097, 61.737958116809125, 61.65410880485932, 61.61495290427352, 62.019083811600424, 62.22927801189159, 60.99323071834537, 60.46071272134014, 60.56749611250579, 61.700864838906355, 62.437153003675206, 61.855793655452146, 61.375480172765236, 61.674918896575896, 61.04818563051171, 61.1822023789988, 61.158964828718155, 60.544934705167684, 60.84246491030156, 61.027727055509175, 61.48875031643988, 61.03892013506713, 62.09370079995625, 62.15723731960687, 62.2780443870445, 61.767138265762, 61.908723303890305, 61.95014671521353, 62.05068522885669, 62.13831378819396, 62.57856232565679, 61.10705410240526, 60.91379250996326, 61.89477837089997, 61.99002102848205, 63.95550064999792, 63.01773110669448, 62.943988741965775, 62.49548414832094, 62.17992767847222, 62.264011628207456, 61.58713880926995, 61.43702091874006, 61.722680117096814, 62.08013276665173, 62.57029181677322, 64.93251209533403, 64.26413429473884, 63.60686448833469, 61.90511184639405, 61.421250551094914, 61.487835141535626, 61.48803290443028, 61.49348407870528, 61.51132445509708, 61.33939816003227, 61.468572264568266, 61.23609008673561, 61.52311806754113, 61.58142299345016, 61.50983896872539, 61.257026915375626, 60.94169885784224, 60.87386226433574, 61.395761620369306, 61.14871004008406, 61.74343613024951, 61.83979731007614, 61.81993241362119, 62.38457595120166, 61.40266967019615, 61.570554641763806, 61.31611224376065, 61.395282442054466, 61.3676138671681, 61.30452046247258, 61.3958738439016, 61.015401388913524, 61.77123994626017, 61.338398553268554, 60.986310190023985, 61.03835144408586, 60.73350420802639, 60.12583510741855, 59.48315647654429, 58.41322647556694, 57.249586970888004, 54.66553001802695, 51.38651982546726, 47.96162080915205, 43.50055405590058, 37.68820252821928, 31.731485440514, 25.772847988109532, 22.526765129880232, 21.897253102799862, 21.33045932564933, 21.24490903829978, 21.301137057723697, 16.13156650001534], "f": [0.0, 0.78125, 1.5625, 2.34375, 3.125, 3.90625, 4.6875, 5.46875, 6.25, 7.03125, 7.8125, 8.59375, 9.375, 10.15625, 10.9375, 11.71875, 12.5, 13.28125, 14.0625, 14.84375, 15.625, 16.40625, 17.1875, 17.96875, 18.75, 19.53125, 20.3125, 21.09375, 21.875, 22.65625, 23.4375, 24.21875, 25.0, 25.78125, 26.5625, 27.34375, 28.125, 28.90625, 29.6875, 30.46875, 31.25, 32.03125, 32.8125, 33.59375, 34.375, 35.15625, 35.9375, 36.71875, 37.5, 38.28125, 39.0625, 39.84375, 40.625, 41.40625, 42.1875, 42.96875, 43.75, 44.53125, 45.3125, 46.09375, 46.875, 47.65625, 48.4375, 49.21875, 50.0, 50.78125, 51.5625, 52.34375, 53.125, 53.90625, 54.6875, 55.46875, 56.25, 57.03125, 57.8125, 58.59375, 59.375, 60.15625, 60.9375, 61.71875, 62.5, 63.28125, 64.0625, 64.84375, 65.625, 66.40625, 67.1875, 67.96875, 68.75, 69.53125, 70.3125, 71.09375, 71.875, 72.65625, 73.4375, 74.21875, 75.0, 75.78125, 76.5625, 77.34375, 78.125, 78.90625, 79.6875, 80.46875, 81.25, 82.03125, 82.8125, 83.59375, 84.375, 85.15625, 85.9375, 86.71875, 87.5, 88.28125, 89.0625, 89.84375, 90.625, 91.40625, 92.1875, 92.96875, 93.75, 94.53125, 95.3125, 96.09375, 96.875, 97.65625, 98.4375, 99.21875, 100.0]}