{"psd": [68.30203549311483, 77.89688882839732, 77.77857235225328, 75.50546129485144, 70.4630137580354, 64.76911191966832, 60.25699141827091, 56.59972116460906, 56.671792957518754, 56.60488991359487, 57.931091198219484, 60.25861344559481, 58.55820463545642, 59.32893337828558, 57.27639127474545, 57.686829221018286, 58.950622285672615, 60.42877379478476, 60.9881440586894, 62.581099646986345, 61.84802928784778, 62.558132180154054, 63.43896188438275, 64.90471206674057, 64.08961923455153, 63.31249513812686, 63.51494006255209, 63.609885178831924, 64.45461965427154, 64.73508484217672, 63.62718897556558, 63.04670770661298, 63.17123317292577, 63.11158281980373, 62.47234950574193, 62.82162578902185, 62.62534277985289, 62.982177403476655, 64.08156136971246, 62.38426235594093, 60.55078180927816, 60.58323718090692, 61.18530923749841, 62.0695595205421, 62.00117614499467, 62.2383974320086, 62.37783624693843, 62.81558349803893, 61.39425949760131, 59.10179824965941, 59.481557354142886, 61.07608206462193, 60.66370187930039, 61.64220598830511, 62.312493232731214, 61.725165281902306, 62.375315553400235, 64.19236805121511, 65.80758725287208, 63.119873206423584, 61.15563227978873, 62.6575909258535, 63.24192896065278, 63.572258482186434, 64.09526964775853, 63.626284606695116, 61.56954356738539, 61.11219826137015, 60.558172242567785, 62.19002461066858, 63.051662976896125, 63.68654939149146, 63.25355788500091, 63.723453012348045, 67.69977978510047, 71.19550617289745, 70.2783334209863, 69.95380053268087, 67.03613125362267, 64.93384230090112, 64.14086249672458, 65.1304829836558, 65.81607921189318, 63.91947431940459, 63.05196155960523, 63.30660094762681, 63.40255610126842, 63.5112581471454, 64.52501403655187, 64.97725838914495, 64.17748649902359, 63.82564689497848, 64.72323290933775, 66.34079424312236, 67.53088230013614, 67.62021922195133, 66.72701586605838, 66.54729659761196, 66.92116009663637, 67.15147545257467, 67.68691690333183, 69.51647999923077, 69.89626115042797, 69.0043926003461, 68.18826517843259, 68.54365728748746, 68.8263953910025, 67.55087549934369, 66.35780520461378, 65.51939814267959, 64.17558058756282, 62.92206078920748, 61.558217242069986, 60.99123484838636, 63.375682397427724, 65.89848632456881, 63.13758170766761, 54.963115485346165, 48.444120059796624, 43.66993602727397, 38.00064471482159, 32.157207780625356, 26.067472659727912, 22.187471498033187, 21.316778519180147, 21.489209094006934, 21.747252879839124, 21.755967276920963, 16.296712350365723], "f": [0.0, 0.78125, 1.5625, 2.34375, 3.125, 3.90625, 4.6875, 5.46875, 6.25, 7.03125, 7.8125, 8.59375, 9.375, 10.15625, 10.9375, 11.71875, 12.5, 13.28125, 14.0625, 14.84375, 15.625, 16.40625, 17.1875, 17.96875, 18.75, 19.53125, 20.3125, 21.09375, 21.875, 22.65625, 23.4375, 24.21875, 25.0, 25.78125, 26.5625, 27.34375, 28.125, 28.90625, 29.6875, 30.46875, 31.25, 32.03125, 32.8125, 33.59375, 34.375, 35.15625, 35.9375, 36.71875, 37.5, 38.28125, 39.0625, 39.84375, 40.625, 41.40625, 42.1875, 42.96875, 43.75, 44.53125, 45.3125, 46.09375, 46.875, 47.65625, 48.4375, 49.21875, 50.0, 50.78125, 51.5625, 52.34375, 53.125, 53.90625, 54.6875, 55.46875, 56.25, 57.03125, 57.8125, 58.59375, 59.375, 60.15625, 60.9375, 61.71875, 62.5, 63.28125, 64.0625, 64.84375, 65.625, 66.40625, 67.1875, 67.96875, 68.75, 69.53125, 70.3125, 71.09375, 71.875, 72.65625, 73.4375, 74.21875, 75.0, 75.78125, 76.5625, 77.34375, 78.125, 78.90625, 79.6875, 80.46875, 81.25, 82.03125, 82.8125, 83.59375, 84.375, 85.15625, 85.9375, 86.71875, 87.5, 88.28125, 89.0625, 89.84375, 90.625, 91.40625, 92.1875, 92.96875, 93.75, 94.53125, 95.3125, 96.09375, 96.875, 97.65625, 98.4375, 99.21875, 100.0]}