{"psd": [76.21316022363604, 85.1771998415997, 82.65435899378018, 76.38344826046897, 69.0112516214918, 64.05771377652438, 62.193226946024794, 62.49147705827585, 62.50102181974583, 62.181128317757285, 62.17969875366067, 62.733015764028075, 62.92408399826058, 63.27560214156543, 62.90851667213918, 63.793702129844775, 64.22143431460243, 64.59452292980592, 65.07034507116677, 66.09908694201948, 65.51094308214387, 65.13871353837027, 65.00561482290728, 65.38533629459857, 65.68308115319992, 65.8055712578542, 65.76127345103035, 66.07813379177954, 68.60599476651007, 69.49488433918476, 68.84183530314442, 67.49525734056047, 66.65261543584505, 67.25821443043525, 68.7269666868243, 68.90843296574769, 67.56174070933395, 67.39837468361094, 68.41405787128254, 67.29709928816756, 66.13500014854486, 66.02468556720332, 66.04107525973598, 66.0724160937938, 66.19565730293391, 65.88595323265413, 66.7765989730591, 66.5920101720976, 66.41084529648874, 66.55396195117916, 66.35596032538169, 67.14667789078997, 67.04578710224902, 66.65920834557006, 66.72697554913262, 66.91460121678213, 66.93184312149698, 68.20136172099821, 68.69947200336706, 66.99842676735489, 67.22163779590076, 66.9149426903758, 66.88866373788395, 67.01999850822943, 66.9478587675537, 67.35302272516124, 67.75288164350013, 67.1279194377185, 66.94188060356451, 66.8569800867875, 66.63618778430957, 66.95761287804757, 66.65820449063558, 66.65713531588412, 66.75315948267703, 66.99317814456938, 68.2131681421673, 69.73833105678311, 67.32784369606841, 66.20116446100135, 66.32770400375705, 66.66369468063337, 66.7090374703409, 66.6861188705762, 66.85431522721962, 66.80560269927253, 67.48282524796733, 67.59365708827093, 67.39646734153415, 67.88042117582792, 68.52314298687703, 68.2806229170364, 67.98689648685242, 68.28584787472143, 68.01394565408432, 67.95932945872791, 68.49147088141015, 68.31792710836163, 68.2466416186937, 69.37751445475485, 68.61623917645858, 67.21114387059356, 67.45217570736486, 67.92734218885063, 68.58883197616228, 68.57510864305773, 68.52387845930403, 68.12895960660646, 68.11299377884473, 67.79002881010712, 67.3003218604209, 66.59505105582495, 65.97916387735947, 65.03183007389276, 64.11198503738382, 63.48350838104604, 60.988683189919044, 57.15521277919228, 52.85170925506002, 47.96085819125551, 43.159823155173626, 36.8041452496187, 29.587230893884215, 23.97964058892791, 21.599058872940454, 21.166681754101422, 21.430719902892847, 21.251270938997664, 16.46362977723843], "f": [0.0, 0.78125, 1.5625, 2.34375, 3.125, 3.90625, 4.6875, 5.46875, 6.25, 7.03125, 7.8125, 8.59375, 9.375, 10.15625, 10.9375, 11.71875, 12.5, 13.28125, 14.0625, 14.84375, 15.625, 16.40625, 17.1875, 17.96875, 18.75, 19.53125, 20.3125, 21.09375, 21.875, 22.65625, 23.4375, 24.21875, 25.0, 25.78125, 26.5625, 27.34375, 28.125, 28.90625, 29.6875, 30.46875, 31.25, 32.03125, 32.8125, 33.59375, 34.375, 35.15625, 35.9375, 36.71875, 37.5, 38.28125, 39.0625, 39.84375, 40.625, 41.40625, 42.1875, 42.96875, 43.75, 44.53125, 45.3125, 46.09375, 46.875, 47.65625, 48.4375, 49.21875, 50.0, 50.78125, 51.5625, 52.34375, 53.125, 53.90625, 54.6875, 55.46875, 56.25, 57.03125, 57.8125, 58.59375, 59.375, 60.15625, 60.9375, 61.71875, 62.5, 63.28125, 64.0625, 64.84375, 65.625, 66.40625, 67.1875, 67.96875, 68.75, 69.53125, 70.3125, 71.09375, 71.875, 72.65625, 73.4375, 74.21875, 75.0, 75.78125, 76.5625, 77.34375, 78.125, 78.90625, 79.6875, 80.46875, 81.25, 82.03125, 82.8125, 83.59375, 84.375, 85.15625, 85.9375, 86.71875, 87.5, 88.28125, 89.0625, 89.84375, 90.625, 91.40625, 92.1875, 92.96875, 93.75, 94.53125, 95.3125, 96.09375, 96.875, 97.65625, 98.4375, 99.21875, 100.0]}