{"psd": [67.67510454963764, 76.76006220225672, 77.03106303695641, 74.4786449713079, 69.58151007937343, 64.41235235227015, 59.47871545987485, 56.61201976136297, 56.27812380439852, 56.92271408343913, 55.176475646411795, 56.19477469471644, 55.8409289165552, 55.31475539381545, 55.99130521782395, 57.24292510946191, 58.45122231411894, 57.216400453268584, 58.017855929950706, 59.30775012032449, 59.37786498900117, 59.4098504860212, 59.59172962825744, 60.412799795101364, 60.19316856192275, 61.53324912863333, 61.951064375291, 60.938608920404356, 61.41475582012411, 62.98022207623337, 62.89093093719078, 61.55122147621646, 61.8024748903906, 61.79987487305968, 59.540621564920585, 60.13052849039837, 60.60945990981999, 60.893800021405404, 62.63903940804089, 66.07890465648117, 65.62209085381605, 63.05518334719273, 60.34477183459907, 59.94830005991658, 59.53710437662298, 60.80487795205414, 61.221915941650096, 61.489139541672714, 63.75115985617228, 65.77288252529124, 62.72273232107915, 61.44345688487796, 60.69865992527699, 61.709930640727954, 62.36643378669174, 61.92080845540896, 61.647427557730865, 61.781637733702794, 61.47909927776233, 61.038686257665795, 61.2492270455537, 61.29761060408427, 61.223875849186385, 61.1179899674751, 60.72357011322747, 60.268393317666835, 59.45904929089377, 59.30255081165785, 59.381559253422644, 59.55575472871316, 59.568513566784205, 59.41700550412239, 59.400399209306116, 58.99948301573278, 60.96342743944475, 62.36245341780534, 61.21258206818226, 60.41849866614329, 60.27219268042753, 59.850042620132726, 60.69790020557642, 61.270863654396436, 59.950696982674316, 58.92603915118065, 59.067942224123115, 59.18129503992784, 59.168523720510635, 59.1764434985875, 59.14072424079433, 59.79106453554249, 60.42963754298224, 59.7705153193487, 59.20142605121739, 59.35219486078268, 59.37374010988809, 59.224547410220666, 59.46666968558275, 59.358499397860996, 59.22439175206418, 59.08045521804492, 59.071492178656406, 59.193368636617194, 59.61661523304542, 59.60150937913308, 59.3191298217254, 58.850086477603895, 59.795815726121916, 59.26772412065251, 59.16029557591226, 59.08894626253659, 58.77950417124651, 58.64585427871403, 58.052688173622855, 57.522363061199286, 56.72290862255413, 55.21097397081938, 52.856253298502544, 49.33716873438048, 45.08884722463611, 40.647573067181696, 35.45611702922017, 29.548662578281505, 24.394605611802177, 22.11247725687757, 21.493709422833543, 21.243252022242196, 21.18907362527851, 21.18062256434793, 16.324839730650208], "f": [0.0, 0.78125, 1.5625, 2.34375, 3.125, 3.90625, 4.6875, 5.46875, 6.25, 7.03125, 7.8125, 8.59375, 9.375, 10.15625, 10.9375, 11.71875, 12.5, 13.28125, 14.0625, 14.84375, 15.625, 16.40625, 17.1875, 17.96875, 18.75, 19.53125, 20.3125, 21.09375, 21.875, 22.65625, 23.4375, 24.21875, 25.0, 25.78125, 26.5625, 27.34375, 28.125, 28.90625, 29.6875, 30.46875, 31.25, 32.03125, 32.8125, 33.59375, 34.375, 35.15625, 35.9375, 36.71875, 37.5, 38.28125, 39.0625, 39.84375, 40.625, 41.40625, 42.1875, 42.96875, 43.75, 44.53125, 45.3125, 46.09375, 46.875, 47.65625, 48.4375, 49.21875, 50.0, 50.78125, 51.5625, 52.34375, 53.125, 53.90625, 54.6875, 55.46875, 56.25, 57.03125, 57.8125, 58.59375, 59.375, 60.15625, 60.9375, 61.71875, 62.5, 63.28125, 64.0625, 64.84375, 65.625, 66.40625, 67.1875, 67.96875, 68.75, 69.53125, 70.3125, 71.09375, 71.875, 72.65625, 73.4375, 74.21875, 75.0, 75.78125, 76.5625, 77.34375, 78.125, 78.90625, 79.6875, 80.46875, 81.25, 82.03125, 82.8125, 83.59375, 84.375, 85.15625, 85.9375, 86.71875, 87.5, 88.28125, 89.0625, 89.84375, 90.625, 91.40625, 92.1875, 92.96875, 93.75, 94.53125, 95.3125, 96.09375, 96.875, 97.65625, 98.4375, 99.21875, 100.0]}