{"psd": [59.57935805986183, 68.65688482092483, 63.444816552752165, 59.138652590726295, 55.28882995741342, 51.979492497309884, 50.50401740821185, 52.403047972736104, 53.19321010251969, 53.069462051395284, 56.38324216190337, 58.66916422774588, 58.59643380078525, 61.55242461690665, 66.02098629383784, 61.58445750811328, 56.59666933356904, 55.78362655549747, 56.16222046531068, 56.959553051618, 57.57186428888641, 57.440862912383594, 58.66673508676804, 58.432946024554575, 56.45944797859266, 57.19511558141079, 58.55478729833678, 59.97442282867265, 58.286458621277575, 58.25014824683563, 60.95850539575237, 62.54169804528566, 59.997756201650255, 59.61410859071766, 59.16949574530023, 60.507434742828664, 60.17492748201665, 64.367049719508, 73.82473902650793, 72.5233949782958, 62.22484737341684, 61.07101822872061, 61.28001460749335, 61.138163828351296, 60.98279252779126, 60.66206805423217, 62.13197137699928, 61.64542546192061, 61.515433743750776, 61.21817951285071, 61.95316906505259, 62.589017844884026, 62.84185595354791, 62.923200891087355, 64.0078688953682, 64.46110215453209, 65.56703742333004, 65.73848742712474, 66.43972640418936, 63.29925098126065, 63.140731481742904, 63.13670665533824, 63.155335437057374, 64.05852628842507, 65.187039524792, 63.630044178858896, 63.55908764805156, 63.829968895857306, 63.23803933756781, 62.988714394416256, 62.50574723433325, 61.88190156512111, 61.29362755608337, 61.62333988706561, 63.73907578636148, 69.11273733122297, 79.00496205531829, 79.32812994124893, 68.8417551808854, 62.40009759231171, 62.25165894902064, 61.459690790715136, 62.942658283057746, 67.55150225008049, 63.863598765876816, 61.45848620765817, 60.911156469097335, 60.89125621687191, 60.564414014597546, 61.013617092812765, 60.58285240210286, 60.408140061276114, 60.719443576468926, 63.11995784454684, 63.27418872626161, 67.79207032698227, 73.22932094465247, 68.01586377719784, 60.96464758190743, 61.03465379924573, 61.06432834534532, 60.47807466312371, 61.4692727489815, 63.646079805328704, 63.874121685962365, 62.39096921035638, 61.9847458670704, 61.81658071121937, 61.38275284689858, 61.214660144485684, 60.71080539897572, 60.437971471207405, 60.23251340786197, 60.32988686434565, 61.46214556692443, 67.40850013782054, 63.987816552930255, 52.00931788374075, 47.271452525031705, 42.76270033180193, 37.36176708629648, 31.316851790387293, 25.76951306885491, 22.04282312483874, 21.471599127781754, 21.351536583503616, 21.24444959040182, 21.45220309775096, 16.612242019351996], "f": [0.0, 0.78125, 1.5625, 2.34375, 3.125, 3.90625, 4.6875, 5.46875, 6.25, 7.03125, 7.8125, 8.59375, 9.375, 10.15625, 10.9375, 11.71875, 12.5, 13.28125, 14.0625, 14.84375, 15.625, 16.40625, 17.1875, 17.96875, 18.75, 19.53125, 20.3125, 21.09375, 21.875, 22.65625, 23.4375, 24.21875, 25.0, 25.78125, 26.5625, 27.34375, 28.125, 28.90625, 29.6875, 30.46875, 31.25, 32.03125, 32.8125, 33.59375, 34.375, 35.15625, 35.9375, 36.71875, 37.5, 38.28125, 39.0625, 39.84375, 40.625, 41.40625, 42.1875, 42.96875, 43.75, 44.53125, 45.3125, 46.09375, 46.875, 47.65625, 48.4375, 49.21875, 50.0, 50.78125, 51.5625, 52.34375, 53.125, 53.90625, 54.6875, 55.46875, 56.25, 57.03125, 57.8125, 58.59375, 59.375, 60.15625, 60.9375, 61.71875, 62.5, 63.28125, 64.0625, 64.84375, 65.625, 66.40625, 67.1875, 67.96875, 68.75, 69.53125, 70.3125, 71.09375, 71.875, 72.65625, 73.4375, 74.21875, 75.0, 75.78125, 76.5625, 77.34375, 78.125, 78.90625, 79.6875, 80.46875, 81.25, 82.03125, 82.8125, 83.59375, 84.375, 85.15625, 85.9375, 86.71875, 87.5, 88.28125, 89.0625, 89.84375, 90.625, 91.40625, 92.1875, 92.96875, 93.75, 94.53125, 95.3125, 96.09375, 96.875, 97.65625, 98.4375, 99.21875, 100.0]}