{"psd": [73.86107603825931, 83.80365419079999, 81.23875582957467, 75.92378780259148, 69.67047185438412, 63.70593625753854, 59.94757241621645, 59.14373992189971, 64.32584015490167, 66.71934147473414, 62.45110696936264, 63.3439994628797, 62.681037926321636, 64.81116079726056, 69.9438810413208, 66.11531002604528, 62.05489001075386, 66.65818270301665, 67.631571492159, 66.0885097274643, 65.19887882276856, 64.40844448419344, 65.95491244576769, 67.86304433650903, 65.96337166187148, 67.06892297513252, 70.96832840519896, 70.6965836736712, 68.73257683618245, 69.31672868826115, 79.42105723799189, 81.78578259134244, 74.04030291748316, 70.45260103638269, 75.08225547489472, 78.66632599055792, 76.56821590395327, 72.24724139049317, 74.27068241862946, 73.86137385590322, 71.07598820929859, 71.56644916444615, 73.04469016848896, 77.73722616921143, 80.9664296349414, 77.88598734438362, 75.74520968971626, 73.9474722993415, 73.59119852141197, 74.45035487869752, 75.13895293120713, 77.2777776557739, 80.68916030541419, 82.98457441618018, 80.70363108920942, 77.7590318774116, 77.27589199059446, 77.27103620303654, 77.11925690243072, 76.3577708985685, 77.16412837245076, 80.36727616092612, 81.42466160881483, 78.61392180976988, 77.83915813631965, 77.8241941539531, 78.48610880884196, 79.3781405819271, 80.12466952095423, 82.4616610981827, 85.88573376254553, 85.06595731911288, 83.05020002485293, 81.70199043958723, 80.7584225946747, 80.833630500145, 81.1515098053853, 81.86601680545718, 83.89427816884972, 85.64703497095843, 83.48887572139549, 80.97122523674217, 80.56346197330316, 80.43435739993032, 79.97203206065586, 79.90507218306091, 80.57847307732541, 81.97314191649441, 82.3093518809107, 80.4678912093058, 78.31351030164755, 77.14807445515147, 77.02549369439522, 76.62454056358308, 76.64669261728845, 76.63120712519157, 77.68353330600875, 77.54290745980883, 75.24708023752837, 73.71064792041327, 72.8779765357374, 72.43428060607003, 72.14377554317933, 72.72062767986674, 73.09556134326087, 73.35480365578896, 73.4344107512679, 72.8615495479013, 72.27474858410477, 72.33990763356134, 72.65586553537776, 72.72554312660401, 71.8690021307996, 70.73942142635963, 69.49845905890751, 68.42562716532584, 66.08298178809943, 63.02095824186254, 58.93046795861527, 54.73830816628209, 48.872362601440244, 41.64514254022751, 33.6918844731353, 26.528612714033464, 22.617218601349922, 21.27943173381771, 21.328705192447966, 21.357051752849475, 16.286458368150427], "f": [0.0, 0.78125, 1.5625, 2.34375, 3.125, 3.90625, 4.6875, 5.46875, 6.25, 7.03125, 7.8125, 8.59375, 9.375, 10.15625, 10.9375, 11.71875, 12.5, 13.28125, 14.0625, 14.84375, 15.625, 16.40625, 17.1875, 17.96875, 18.75, 19.53125, 20.3125, 21.09375, 21.875, 22.65625, 23.4375, 24.21875, 25.0, 25.78125, 26.5625, 27.34375, 28.125, 28.90625, 29.6875, 30.46875, 31.25, 32.03125, 32.8125, 33.59375, 34.375, 35.15625, 35.9375, 36.71875, 37.5, 38.28125, 39.0625, 39.84375, 40.625, 41.40625, 42.1875, 42.96875, 43.75, 44.53125, 45.3125, 46.09375, 46.875, 47.65625, 48.4375, 49.21875, 50.0, 50.78125, 51.5625, 52.34375, 53.125, 53.90625, 54.6875, 55.46875, 56.25, 57.03125, 57.8125, 58.59375, 59.375, 60.15625, 60.9375, 61.71875, 62.5, 63.28125, 64.0625, 64.84375, 65.625, 66.40625, 67.1875, 67.96875, 68.75, 69.53125, 70.3125, 71.09375, 71.875, 72.65625, 73.4375, 74.21875, 75.0, 75.78125, 76.5625, 77.34375, 78.125, 78.90625, 79.6875, 80.46875, 81.25, 82.03125, 82.8125, 83.59375, 84.375, 85.15625, 85.9375, 86.71875, 87.5, 88.28125, 89.0625, 89.84375, 90.625, 91.40625, 92.1875, 92.96875, 93.75, 94.53125, 95.3125, 96.09375, 96.875, 97.65625, 98.4375, 99.21875, 100.0]}