{"psd": [71.55050366948115, 80.65970851995931, 80.33509742575151, 76.36942159995573, 70.84478175673098, 65.19055837349276, 61.2052285670915, 56.95614422716727, 55.44348369171129, 59.44745277215392, 59.34875969409066, 54.96861457161148, 56.0428539945989, 56.565036467846866, 56.10349714061434, 55.330885542036214, 55.75043953873354, 57.23119717478209, 57.3194537538577, 58.39888836772143, 58.62172914553962, 58.99395655810614, 59.16634259498564, 60.23137605626918, 60.41683777717931, 60.52057979179668, 60.28305458023843, 60.69951258958481, 61.333255990366446, 61.113274477862305, 61.35090030249607, 60.35039829961683, 60.44572868168336, 60.30147928630909, 59.291067718234515, 59.618822556131974, 58.901069090959155, 59.05700613183804, 60.51196617790973, 60.5317766569495, 59.318596534902326, 58.69320438204534, 57.919754656901034, 58.3356621058767, 58.17419589219625, 58.906575597146016, 58.793483242556384, 58.71246750239048, 59.3189822396748, 58.979712561124444, 58.55141517378138, 58.22377698122396, 57.891727496883014, 59.33378902125605, 60.18533878221332, 58.802705293163136, 58.22781600747448, 58.54166434298485, 58.690810030007334, 57.61098940669158, 58.09740046439754, 58.50880003717777, 58.548541426864716, 58.19098133703235, 58.511858491384004, 57.457666747284044, 58.47890453210516, 58.73653218043732, 57.86050878168889, 57.36437050150936, 57.963973320702706, 58.49135355187296, 57.829960769077374, 57.60850606347457, 58.87204919056768, 60.27516649648676, 62.81462138491978, 64.59245221229594, 60.239851187649776, 58.282900466973686, 58.906190420824416, 59.56443500875204, 58.194179113581235, 57.42671115619372, 57.26392792599097, 57.1771808638555, 57.646028232727815, 57.697824975191324, 57.315643887166914, 57.43915470874589, 58.170866992288396, 58.2949100902446, 57.95992148095672, 58.152244576726304, 58.242959115275895, 60.63765483371344, 62.665482830713, 59.299435510210074, 59.12074300767529, 59.00162168689946, 59.39794389966342, 60.32664510773496, 60.08257497556399, 60.00433505064847, 60.11968828180096, 60.03415982625007, 60.09736218537334, 60.030685203192824, 59.35969729423728, 58.8520506335245, 59.13187499105838, 58.77454568400431, 57.6328711152458, 56.51560123499565, 55.33989344682577, 55.600162014962535, 52.9897915846812, 48.032227591672466, 43.722194617255354, 39.564187550220815, 34.65842562149932, 28.195523570909323, 23.6918064006208, 21.695362469282266, 21.462709084011973, 21.300756880868903, 20.98226015673277, 21.125287724561503, 16.212045245123413], "f": [0.0, 0.78125, 1.5625, 2.34375, 3.125, 3.90625, 4.6875, 5.46875, 6.25, 7.03125, 7.8125, 8.59375, 9.375, 10.15625, 10.9375, 11.71875, 12.5, 13.28125, 14.0625, 14.84375, 15.625, 16.40625, 17.1875, 17.96875, 18.75, 19.53125, 20.3125, 21.09375, 21.875, 22.65625, 23.4375, 24.21875, 25.0, 25.78125, 26.5625, 27.34375, 28.125, 28.90625, 29.6875, 30.46875, 31.25, 32.03125, 32.8125, 33.59375, 34.375, 35.15625, 35.9375, 36.71875, 37.5, 38.28125, 39.0625, 39.84375, 40.625, 41.40625, 42.1875, 42.96875, 43.75, 44.53125, 45.3125, 46.09375, 46.875, 47.65625, 48.4375, 49.21875, 50.0, 50.78125, 51.5625, 52.34375, 53.125, 53.90625, 54.6875, 55.46875, 56.25, 57.03125, 57.8125, 58.59375, 59.375, 60.15625, 60.9375, 61.71875, 62.5, 63.28125, 64.0625, 64.84375, 65.625, 66.40625, 67.1875, 67.96875, 68.75, 69.53125, 70.3125, 71.09375, 71.875, 72.65625, 73.4375, 74.21875, 75.0, 75.78125, 76.5625, 77.34375, 78.125, 78.90625, 79.6875, 80.46875, 81.25, 82.03125, 82.8125, 83.59375, 84.375, 85.15625, 85.9375, 86.71875, 87.5, 88.28125, 89.0625, 89.84375, 90.625, 91.40625, 92.1875, 92.96875, 93.75, 94.53125, 95.3125, 96.09375, 96.875, 97.65625, 98.4375, 99.21875, 100.0]}