{"psd": [76.00122885552055, 85.2663996084288, 83.29978906503088, 76.79692080414418, 69.3946981340346, 63.53986289779318, 62.00705453233293, 61.8557234320284, 62.19117858473905, 61.70172620603276, 61.821864520795124, 62.16951651270952, 62.24763128745774, 63.3734790561867, 63.226788695246285, 63.464111153778276, 63.33369120495582, 63.65013384630349, 64.25563216302533, 64.27265352601734, 64.2653738074627, 63.931315037852514, 64.205353906028, 64.57307634690936, 65.11888035796684, 65.24711569654241, 65.31095420295964, 66.58999186451516, 71.72387261266907, 78.04703201529745, 74.39221888640685, 67.17619093900862, 65.7131302509357, 65.35624451985132, 65.69608507499305, 65.80011871993742, 65.77510243551976, 66.0403331515844, 67.08440712764492, 65.71112808612095, 65.67733563604143, 66.13612071580317, 65.91224360040175, 65.58512269726428, 66.03363773183102, 66.47116049882891, 66.94185774440618, 66.325426666387, 66.05648416381565, 65.96908654632712, 66.01195843068047, 66.35066233489025, 65.43657525142179, 65.50148962353371, 65.7055935837572, 65.97380132517931, 66.06480230416705, 66.61862462954187, 66.43910805093309, 65.8854808931321, 66.06912059732568, 66.27159224212808, 66.36495188543003, 66.1399301198558, 66.17598704690802, 65.9333937506222, 66.81031208283052, 66.02616526834427, 66.11071879467008, 66.10133417074455, 65.81710040398474, 65.86978572926434, 65.7382992963613, 65.45786614569722, 66.11498576908456, 65.90857188756613, 67.23298755617486, 68.64518164523459, 66.41910622236128, 65.65737219975207, 65.97993077441713, 65.83919810944778, 65.09004841944547, 65.52281442530635, 65.84818028139446, 65.65646714345492, 65.55473260748943, 65.23309890884948, 65.46456244422605, 65.78647865467147, 65.7939398225732, 66.1487536004439, 66.3680205137719, 65.38826852389985, 65.34921561956097, 65.33223134078474, 66.48094740824295, 65.9363060570634, 66.59681245563179, 69.20777523559212, 67.2361202043248, 65.66865565420969, 65.33229757016686, 65.94174796904748, 65.69483085814346, 66.11943338426872, 66.37942782875425, 66.43838785170095, 66.6720372950268, 66.8034790000118, 66.94161390589713, 67.21580001010437, 67.16775088896776, 67.02432817175722, 66.03219949804357, 65.34134808586542, 63.333681836015465, 58.991035776314575, 54.1105024889813, 48.939649739112035, 43.41964051595337, 36.90243285433825, 29.873031848474213, 23.77415775751958, 21.304455875473845, 21.332936765144428, 21.01567709106577, 21.168367924455993, 16.483496432208668], "f": [0.0, 0.78125, 1.5625, 2.34375, 3.125, 3.90625, 4.6875, 5.46875, 6.25, 7.03125, 7.8125, 8.59375, 9.375, 10.15625, 10.9375, 11.71875, 12.5, 13.28125, 14.0625, 14.84375, 15.625, 16.40625, 17.1875, 17.96875, 18.75, 19.53125, 20.3125, 21.09375, 21.875, 22.65625, 23.4375, 24.21875, 25.0, 25.78125, 26.5625, 27.34375, 28.125, 28.90625, 29.6875, 30.46875, 31.25, 32.03125, 32.8125, 33.59375, 34.375, 35.15625, 35.9375, 36.71875, 37.5, 38.28125, 39.0625, 39.84375, 40.625, 41.40625, 42.1875, 42.96875, 43.75, 44.53125, 45.3125, 46.09375, 46.875, 47.65625, 48.4375, 49.21875, 50.0, 50.78125, 51.5625, 52.34375, 53.125, 53.90625, 54.6875, 55.46875, 56.25, 57.03125, 57.8125, 58.59375, 59.375, 60.15625, 60.9375, 61.71875, 62.5, 63.28125, 64.0625, 64.84375, 65.625, 66.40625, 67.1875, 67.96875, 68.75, 69.53125, 70.3125, 71.09375, 71.875, 72.65625, 73.4375, 74.21875, 75.0, 75.78125, 76.5625, 77.34375, 78.125, 78.90625, 79.6875, 80.46875, 81.25, 82.03125, 82.8125, 83.59375, 84.375, 85.15625, 85.9375, 86.71875, 87.5, 88.28125, 89.0625, 89.84375, 90.625, 91.40625, 92.1875, 92.96875, 93.75, 94.53125, 95.3125, 96.09375, 96.875, 97.65625, 98.4375, 99.21875, 100.0]}