{"psd": [77.1573348226916, 85.93400908359658, 83.70845024269673, 76.66293939655313, 69.52821982700885, 64.77646338613741, 63.573850615353756, 63.7186926952604, 64.44926532424019, 64.213391351465, 64.42412924714309, 65.22826879545654, 65.18833640315444, 65.14010898648333, 65.60090638054257, 65.57869330471509, 66.09167702524424, 66.44632757912886, 66.73858307533378, 66.86800769645899, 66.72803853269147, 67.21235964183873, 67.4120440937824, 67.53618839766018, 67.19636837704311, 67.08525975913138, 67.71280111087043, 68.44951228366898, 72.44477601649538, 77.84436579340434, 74.38824121209925, 68.48617685105492, 68.11669082460625, 67.55981221407592, 67.62142159775094, 68.3332128545666, 67.8707505699776, 68.13528157428368, 68.54016227737333, 67.89281700765356, 67.52248436368045, 67.49499140377884, 67.62798480425576, 67.46268549972443, 67.47340252366556, 67.39656537542115, 67.66079724555584, 67.33665202374218, 67.65280322326095, 67.35995605688838, 66.94097839187594, 67.22568216019087, 67.6061565767701, 67.60376171448569, 67.4596304995356, 67.70705999900474, 67.97710786009958, 67.98663590837893, 67.72436743194032, 67.22106110730817, 67.11906859547163, 67.45310087817205, 67.00572043533774, 67.08565205031229, 67.96984595648995, 67.44555828317651, 67.23104435205002, 66.98985496748921, 66.66152945232758, 66.82623922368414, 66.85174903245334, 67.154599281252, 67.16776638938018, 66.91027227982433, 67.03953363838414, 67.05283673638453, 68.29206295409301, 69.03184701018348, 67.44824492175135, 67.19319304414496, 66.90141109049539, 66.70643624160671, 67.11626549317161, 67.26452156282696, 67.31765200238759, 67.80094363833668, 68.1448954227559, 67.8133400811118, 67.92742243632263, 68.48303946958237, 68.84019004051167, 68.96784270067455, 68.18076267589036, 68.4287533351405, 68.93021720679306, 68.93558029286254, 69.372254753632, 68.83905018747485, 68.43019040159683, 68.70368288431, 68.9407554018773, 68.91700650197804, 69.02769324863, 68.84200397675293, 69.11799557252515, 69.52769923033533, 69.44170818932544, 69.8178268792718, 68.71172490417325, 68.48379779195005, 68.49014464450738, 67.90427408670999, 66.80777223211767, 66.24964483957119, 64.89767970140817, 64.3141521551895, 61.748005692394855, 57.58809148788192, 54.10332607661307, 49.17406411692119, 43.66445453076839, 37.713979410838405, 29.755539594805494, 23.849976182443665, 21.642206427262032, 21.10061270491901, 21.324312367345406, 21.718599600512324, 16.346105956944164], "f": [0.0, 0.78125, 1.5625, 2.34375, 3.125, 3.90625, 4.6875, 5.46875, 6.25, 7.03125, 7.8125, 8.59375, 9.375, 10.15625, 10.9375, 11.71875, 12.5, 13.28125, 14.0625, 14.84375, 15.625, 16.40625, 17.1875, 17.96875, 18.75, 19.53125, 20.3125, 21.09375, 21.875, 22.65625, 23.4375, 24.21875, 25.0, 25.78125, 26.5625, 27.34375, 28.125, 28.90625, 29.6875, 30.46875, 31.25, 32.03125, 32.8125, 33.59375, 34.375, 35.15625, 35.9375, 36.71875, 37.5, 38.28125, 39.0625, 39.84375, 40.625, 41.40625, 42.1875, 42.96875, 43.75, 44.53125, 45.3125, 46.09375, 46.875, 47.65625, 48.4375, 49.21875, 50.0, 50.78125, 51.5625, 52.34375, 53.125, 53.90625, 54.6875, 55.46875, 56.25, 57.03125, 57.8125, 58.59375, 59.375, 60.15625, 60.9375, 61.71875, 62.5, 63.28125, 64.0625, 64.84375, 65.625, 66.40625, 67.1875, 67.96875, 68.75, 69.53125, 70.3125, 71.09375, 71.875, 72.65625, 73.4375, 74.21875, 75.0, 75.78125, 76.5625, 77.34375, 78.125, 78.90625, 79.6875, 80.46875, 81.25, 82.03125, 82.8125, 83.59375, 84.375, 85.15625, 85.9375, 86.71875, 87.5, 88.28125, 89.0625, 89.84375, 90.625, 91.40625, 92.1875, 92.96875, 93.75, 94.53125, 95.3125, 96.09375, 96.875, 97.65625, 98.4375, 99.21875, 100.0]}