{"psd": [63.934091972302625, 72.74923615272185, 71.2013153803362, 68.21975731032653, 63.25308577892585, 58.75976061042074, 55.239846276688816, 54.484532296551116, 54.89310890714287, 56.992574138001686, 60.17477010114084, 58.28325566428509, 55.7870907607009, 59.195099723927065, 58.36626052371662, 58.57027909019657, 57.863932052798816, 57.480558984785176, 57.94863711295686, 60.772574201487785, 63.29249234712491, 63.35133977722049, 61.2486693395369, 61.677664290675274, 59.58626605512371, 58.118308097286864, 58.92078719884455, 59.83990862848306, 59.587386475810646, 59.679097486242625, 62.29418049991341, 61.887028110645055, 59.68186014727309, 60.03599636279994, 59.925825855778456, 60.09595819381106, 61.04244028246926, 60.19115714494659, 60.33955843759658, 61.861328954214386, 65.4475926991016, 63.9853546575548, 61.68861987869061, 60.87535755744029, 61.35421890328906, 60.66543380776689, 60.52473202277055, 60.95480013974988, 60.90122539632215, 61.91408766419441, 64.14746855230125, 61.998737030202655, 61.22831182273016, 61.804321068550905, 62.139346315576496, 61.74595536351015, 61.267481221175295, 62.22635363679288, 62.65723658948863, 60.93010376976676, 61.36699355421423, 61.06390359802678, 60.805318181032675, 62.15611033257895, 63.43869820815663, 63.14325742311793, 61.133725983359135, 59.5277743981478, 59.53869477837558, 60.12804915553683, 59.669967018038996, 59.29067120744742, 58.90814278263014, 59.07251740323503, 60.61901083152336, 64.6737198573012, 70.14558685146937, 69.46289340769633, 61.82122795391172, 59.704755176843264, 59.61321681971306, 58.694555112538715, 59.18657695660325, 58.60127430014711, 58.308454348302696, 58.2124381368213, 58.46770927349124, 58.210827202683234, 57.93014221977964, 58.01185508522046, 58.05317700895976, 57.62801018998029, 57.128561415596934, 56.93434021969577, 57.191457093080245, 60.60125443654207, 64.615222017407, 60.141235539917616, 57.85803273519121, 57.46010831708926, 58.11202288133678, 57.60391715664004, 57.64560793050573, 58.857888761378675, 59.60268559980703, 59.62506994134276, 58.118904522809814, 57.92015875344917, 57.90102044248222, 57.70151079800358, 57.11636489756291, 56.70510206593421, 55.88687494500023, 54.44990466635432, 53.241246717619426, 53.8580712330538, 51.528586988816656, 45.87755936495068, 42.25693890481593, 37.994160944857306, 32.74989570521364, 27.79928873808968, 23.37121630118929, 21.902344261648924, 21.324688066044992, 21.255941222421768, 21.445949460737673, 21.06143335968273, 16.613157156834074], "f": [0.0, 0.78125, 1.5625, 2.34375, 3.125, 3.90625, 4.6875, 5.46875, 6.25, 7.03125, 7.8125, 8.59375, 9.375, 10.15625, 10.9375, 11.71875, 12.5, 13.28125, 14.0625, 14.84375, 15.625, 16.40625, 17.1875, 17.96875, 18.75, 19.53125, 20.3125, 21.09375, 21.875, 22.65625, 23.4375, 24.21875, 25.0, 25.78125, 26.5625, 27.34375, 28.125, 28.90625, 29.6875, 30.46875, 31.25, 32.03125, 32.8125, 33.59375, 34.375, 35.15625, 35.9375, 36.71875, 37.5, 38.28125, 39.0625, 39.84375, 40.625, 41.40625, 42.1875, 42.96875, 43.75, 44.53125, 45.3125, 46.09375, 46.875, 47.65625, 48.4375, 49.21875, 50.0, 50.78125, 51.5625, 52.34375, 53.125, 53.90625, 54.6875, 55.46875, 56.25, 57.03125, 57.8125, 58.59375, 59.375, 60.15625, 60.9375, 61.71875, 62.5, 63.28125, 64.0625, 64.84375, 65.625, 66.40625, 67.1875, 67.96875, 68.75, 69.53125, 70.3125, 71.09375, 71.875, 72.65625, 73.4375, 74.21875, 75.0, 75.78125, 76.5625, 77.34375, 78.125, 78.90625, 79.6875, 80.46875, 81.25, 82.03125, 82.8125, 83.59375, 84.375, 85.15625, 85.9375, 86.71875, 87.5, 88.28125, 89.0625, 89.84375, 90.625, 91.40625, 92.1875, 92.96875, 93.75, 94.53125, 95.3125, 96.09375, 96.875, 97.65625, 98.4375, 99.21875, 100.0]}