{"psd": [72.77401347961472, 82.18211528136537, 80.25556796122947, 76.01742776877599, 70.46806239944095, 63.84706306932305, 59.34545910982201, 57.05198739914604, 57.57640575449354, 58.513752884440876, 56.554557175223145, 57.36244853400251, 58.599773950712056, 60.07800030082359, 60.15453363579557, 57.730523348594204, 57.66725647173018, 58.120946381027714, 59.53614386612742, 60.22936087950734, 60.70716503608229, 60.75881541886858, 61.92277573231527, 63.84497480840723, 62.8647841026107, 62.471358537445454, 63.43665470814222, 63.46521445035074, 64.28435674570491, 66.43491228910295, 67.96576847684997, 65.29462585151784, 63.5788549246469, 62.99528882564792, 63.793250402595525, 65.2182876904024, 65.12095065741688, 63.783857715872294, 64.27466316854284, 66.94643098925032, 67.65785682757863, 64.73719989391684, 62.92509147527853, 62.3194963590546, 62.31062369183452, 62.365035842063406, 62.26231014590185, 62.18022583290931, 63.29948895151251, 66.09427707811918, 66.92475316780491, 64.65174151090113, 64.01931668972483, 64.20931245695391, 63.69978164523828, 64.04390826188124, 64.7960564821784, 63.74318892246485, 64.50203948753855, 64.51641061695531, 64.89044171928624, 65.52850000374985, 65.43319442129581, 64.9914667851493, 64.12446973296345, 63.683013356110706, 62.867203796759, 62.385660342170866, 62.931801223289355, 63.74456933046452, 64.23392553529278, 63.16278373342469, 62.36315950063599, 62.73071280365031, 64.81100789360266, 66.87574844395672, 66.44057588532856, 64.71658801331871, 63.09181913227945, 62.614602247764815, 62.88708999267364, 63.04226914064523, 62.49110928489816, 61.689737220628274, 61.477263225194285, 60.613164367321, 60.661597172092, 60.95175626425017, 61.18870200632264, 61.62959500723102, 61.57287448872695, 61.90670497083591, 61.787271418748134, 62.53457752431995, 62.40801428827233, 62.03349161782265, 62.305926333731, 62.16974638314652, 62.48787722722989, 62.26512174775047, 62.191341497926125, 62.21359616193268, 62.219492020229616, 62.13040647094681, 62.01064237890446, 62.321244983277424, 63.07439541984961, 61.91612507757108, 61.4701290096651, 61.51106503056636, 60.97708676533402, 60.84726190678965, 59.48603977617998, 58.52604066959796, 57.421328368357855, 57.00558843101642, 54.477619163826404, 50.67535273649331, 46.97100399355372, 42.313335493099835, 37.46256916484758, 30.9383105344765, 25.36806321010982, 22.05376920046216, 21.483977225506273, 21.299952890504002, 21.480585204357887, 21.50071834640344, 17.064461858351038], "f": [0.0, 0.78125, 1.5625, 2.34375, 3.125, 3.90625, 4.6875, 5.46875, 6.25, 7.03125, 7.8125, 8.59375, 9.375, 10.15625, 10.9375, 11.71875, 12.5, 13.28125, 14.0625, 14.84375, 15.625, 16.40625, 17.1875, 17.96875, 18.75, 19.53125, 20.3125, 21.09375, 21.875, 22.65625, 23.4375, 24.21875, 25.0, 25.78125, 26.5625, 27.34375, 28.125, 28.90625, 29.6875, 30.46875, 31.25, 32.03125, 32.8125, 33.59375, 34.375, 35.15625, 35.9375, 36.71875, 37.5, 38.28125, 39.0625, 39.84375, 40.625, 41.40625, 42.1875, 42.96875, 43.75, 44.53125, 45.3125, 46.09375, 46.875, 47.65625, 48.4375, 49.21875, 50.0, 50.78125, 51.5625, 52.34375, 53.125, 53.90625, 54.6875, 55.46875, 56.25, 57.03125, 57.8125, 58.59375, 59.375, 60.15625, 60.9375, 61.71875, 62.5, 63.28125, 64.0625, 64.84375, 65.625, 66.40625, 67.1875, 67.96875, 68.75, 69.53125, 70.3125, 71.09375, 71.875, 72.65625, 73.4375, 74.21875, 75.0, 75.78125, 76.5625, 77.34375, 78.125, 78.90625, 79.6875, 80.46875, 81.25, 82.03125, 82.8125, 83.59375, 84.375, 85.15625, 85.9375, 86.71875, 87.5, 88.28125, 89.0625, 89.84375, 90.625, 91.40625, 92.1875, 92.96875, 93.75, 94.53125, 95.3125, 96.09375, 96.875, 97.65625, 98.4375, 99.21875, 100.0]}