{"psd": [63.533143385487854, 72.87008702644789, 73.14486641830422, 71.55105999652244, 68.50566909028916, 64.1379126614498, 60.203222291775816, 57.37742451079946, 56.59219724805304, 55.93588015937786, 55.72784083197065, 56.910505481108025, 55.20164612654974, 54.729762075467335, 56.42355369199297, 58.83930485209545, 58.0496427759337, 56.968750093740184, 59.50804402799589, 63.72550321090107, 61.04346195699389, 59.981700701359664, 61.30837355658905, 62.87419062672151, 62.391917786906426, 62.37274819801921, 62.49454163617108, 62.77854817664058, 62.677101517206296, 62.90308972800814, 62.205817565493604, 62.86897293382939, 62.439260125062354, 61.96500893261551, 62.59082431709444, 62.82258143362923, 62.81421662843924, 63.82226226965243, 65.09124206766617, 62.95401045036541, 61.67492530238064, 63.11223356690458, 64.21978952938296, 64.58129186085752, 65.60146961945955, 65.59173309727586, 65.17403549578559, 65.24232771896466, 63.88545124045689, 63.446015755117585, 63.917100603985176, 63.57870262121282, 64.31434452208573, 64.46317528318329, 63.90365246850205, 63.20922916579947, 63.632363725222504, 63.63068149222785, 63.805085694822154, 63.45758048302634, 64.55624363579355, 67.09605720044635, 68.12120203195619, 66.60542438757999, 64.76684801135744, 63.643952796502575, 62.428584650639245, 62.71979192626237, 62.61778521546117, 63.35512834991722, 63.00958613628947, 62.082708641718575, 61.6913534372748, 62.32164437848424, 63.643004507303125, 66.44025272941775, 67.39336146296324, 66.83086068819664, 62.28930882018642, 62.56019374316981, 61.84272220829867, 60.72250394926533, 60.01837092550157, 58.98242535870664, 58.42291894433123, 58.56294785966915, 58.63597030238406, 58.20492787317009, 57.648158623159205, 57.84670745082306, 58.922423430039586, 58.77496501811752, 58.595124731605914, 58.341346685307435, 58.60298483689352, 60.42481951216171, 62.52883780801173, 61.854963629760256, 61.63465118398692, 62.10731065937928, 62.68829282827747, 62.54181347377503, 61.90136014279034, 61.142219553664134, 60.830318579457376, 62.29705481489863, 62.33232688052749, 59.970972205554595, 59.88051236412653, 60.13457135429293, 60.573349794221116, 59.97043974208246, 59.45522053363506, 58.06248045889072, 57.99814869028391, 59.545368860237744, 56.30415005693951, 50.349423266653886, 46.0562465204581, 41.10862708755047, 34.46314761597255, 28.41870709401947, 24.021435675349714, 21.395709666448383, 21.427050071583015, 21.29507126184624, 21.362117861613235, 21.727006844566887, 16.86033808294881], "f": [0.0, 0.78125, 1.5625, 2.34375, 3.125, 3.90625, 4.6875, 5.46875, 6.25, 7.03125, 7.8125, 8.59375, 9.375, 10.15625, 10.9375, 11.71875, 12.5, 13.28125, 14.0625, 14.84375, 15.625, 16.40625, 17.1875, 17.96875, 18.75, 19.53125, 20.3125, 21.09375, 21.875, 22.65625, 23.4375, 24.21875, 25.0, 25.78125, 26.5625, 27.34375, 28.125, 28.90625, 29.6875, 30.46875, 31.25, 32.03125, 32.8125, 33.59375, 34.375, 35.15625, 35.9375, 36.71875, 37.5, 38.28125, 39.0625, 39.84375, 40.625, 41.40625, 42.1875, 42.96875, 43.75, 44.53125, 45.3125, 46.09375, 46.875, 47.65625, 48.4375, 49.21875, 50.0, 50.78125, 51.5625, 52.34375, 53.125, 53.90625, 54.6875, 55.46875, 56.25, 57.03125, 57.8125, 58.59375, 59.375, 60.15625, 60.9375, 61.71875, 62.5, 63.28125, 64.0625, 64.84375, 65.625, 66.40625, 67.1875, 67.96875, 68.75, 69.53125, 70.3125, 71.09375, 71.875, 72.65625, 73.4375, 74.21875, 75.0, 75.78125, 76.5625, 77.34375, 78.125, 78.90625, 79.6875, 80.46875, 81.25, 82.03125, 82.8125, 83.59375, 84.375, 85.15625, 85.9375, 86.71875, 87.5, 88.28125, 89.0625, 89.84375, 90.625, 91.40625, 92.1875, 92.96875, 93.75, 94.53125, 95.3125, 96.09375, 96.875, 97.65625, 98.4375, 99.21875, 100.0]}