{"psd": [66.1290110263718, 74.53403055335896, 74.1232527692801, 71.36989367681116, 67.53626671520267, 63.406214282503115, 59.95792840336548, 57.045423080002934, 55.983283339658584, 64.55976460660919, 71.47017534366358, 67.43902978212361, 58.745681375184546, 61.64156282147558, 64.56421485726506, 60.80745524282331, 58.13421514449759, 58.73753791157839, 59.2534292029232, 62.79949695884753, 69.63960710375265, 67.73305976642278, 62.99886731534494, 64.21218180999907, 63.00995660203113, 63.12105339851173, 64.58649860124163, 64.48431239918385, 63.03593105987312, 62.91742486361257, 67.95952666491422, 67.92189404013995, 63.98516811788525, 66.66033159791554, 68.56608862976343, 65.00838590006262, 62.093443184235646, 62.62421145414828, 63.50111472662812, 62.81133472795894, 64.8368409795591, 65.02094360610323, 62.492806848877, 62.38772852075296, 62.247077031336445, 62.15763734605098, 62.27223431620112, 62.64799027647862, 63.662915757084164, 65.01120444906736, 66.56371535754387, 66.32340763912373, 64.84211180958295, 65.05832809769139, 65.06920514039817, 65.54240597554451, 65.70494527941734, 65.27770296999445, 65.02427796608711, 63.6839281737369, 65.60323852984834, 66.36837362264009, 65.36913954220394, 65.88590083014151, 65.88670137440675, 65.49133151566613, 65.27574521947807, 65.18074934934373, 64.77003276775135, 64.42644155829869, 65.08238901573418, 66.04237531773315, 64.65506337708933, 64.11349656941151, 64.5437159556783, 65.16788899029665, 66.32782468844226, 66.85621216425109, 65.73749210853555, 65.7981360831956, 65.09293486840487, 65.08415414162361, 65.07640362491664, 64.83372519759179, 64.42879972173473, 63.987366572603925, 64.25729423347028, 64.39153393458989, 63.92989527785205, 63.999136138309936, 64.55875237840905, 65.1749438661414, 64.91020491036836, 64.1528215845216, 64.14279121919745, 64.90821507334292, 66.40892744186255, 64.58678505538363, 64.03135356688905, 63.94603535477549, 64.68777081836204, 65.28942301344307, 64.87779539438893, 64.33605505110354, 64.33785168966172, 64.459257471251, 63.743993976999036, 62.66821706027205, 62.24232284450884, 62.13964356886946, 61.55799021657607, 61.09744941529392, 60.168024834788234, 58.45771519822878, 57.67216426032718, 58.57967481164417, 55.31556723359788, 50.25122310033345, 46.2943961415135, 42.45031744437756, 36.38765447426253, 30.945590152709016, 24.977317757439646, 22.368747273230717, 21.706924638154895, 21.37403397791529, 21.344459108323647, 20.899741960952976, 16.461310329383096], "f": [0.0, 0.78125, 1.5625, 2.34375, 3.125, 3.90625, 4.6875, 5.46875, 6.25, 7.03125, 7.8125, 8.59375, 9.375, 10.15625, 10.9375, 11.71875, 12.5, 13.28125, 14.0625, 14.84375, 15.625, 16.40625, 17.1875, 17.96875, 18.75, 19.53125, 20.3125, 21.09375, 21.875, 22.65625, 23.4375, 24.21875, 25.0, 25.78125, 26.5625, 27.34375, 28.125, 28.90625, 29.6875, 30.46875, 31.25, 32.03125, 32.8125, 33.59375, 34.375, 35.15625, 35.9375, 36.71875, 37.5, 38.28125, 39.0625, 39.84375, 40.625, 41.40625, 42.1875, 42.96875, 43.75, 44.53125, 45.3125, 46.09375, 46.875, 47.65625, 48.4375, 49.21875, 50.0, 50.78125, 51.5625, 52.34375, 53.125, 53.90625, 54.6875, 55.46875, 56.25, 57.03125, 57.8125, 58.59375, 59.375, 60.15625, 60.9375, 61.71875, 62.5, 63.28125, 64.0625, 64.84375, 65.625, 66.40625, 67.1875, 67.96875, 68.75, 69.53125, 70.3125, 71.09375, 71.875, 72.65625, 73.4375, 74.21875, 75.0, 75.78125, 76.5625, 77.34375, 78.125, 78.90625, 79.6875, 80.46875, 81.25, 82.03125, 82.8125, 83.59375, 84.375, 85.15625, 85.9375, 86.71875, 87.5, 88.28125, 89.0625, 89.84375, 90.625, 91.40625, 92.1875, 92.96875, 93.75, 94.53125, 95.3125, 96.09375, 96.875, 97.65625, 98.4375, 99.21875, 100.0]}