{"psd": [69.22831030665178, 78.6100969875804, 76.83371965038863, 71.60603650406317, 66.32555462778184, 60.77200756209465, 56.44702694461373, 53.713210727655685, 55.54549757728374, 57.620606609039214, 60.2014368334903, 63.322765793349795, 60.37980984093588, 60.43515702354981, 60.78740751103172, 60.10901912457705, 60.71510252229941, 58.84187966845242, 61.17040745718277, 64.60175917755953, 62.707761152987814, 63.543645331257814, 64.34160963425371, 63.35507987109517, 61.59733979286784, 62.04718786079516, 62.052825248041515, 60.77265361521747, 61.24748908832369, 63.24137328558712, 64.48929057702094, 68.82185143704342, 67.94761278895608, 63.99128534322393, 62.41208635266319, 61.90764052888743, 61.775580971862084, 62.340781309823726, 65.21876238400114, 64.79467045172737, 64.83710299408061, 67.85116617375398, 68.74334337796549, 66.36031173883985, 64.7199105974076, 64.01925135026289, 64.68584291724171, 65.35413633795301, 66.05462988772584, 66.34904026490439, 66.39383870066658, 66.29116393464324, 67.09665913138119, 67.08494221427956, 64.92640728781737, 64.65750464436672, 64.90876444463962, 70.26560323202456, 71.03238542346708, 64.78115949298935, 64.3316967018717, 64.46064250268597, 64.05015017932818, 63.900950273039, 63.3013324643437, 63.482270899659625, 63.52782389192717, 63.19971176693304, 62.69321559994452, 62.835248081662044, 62.847190144170774, 62.957197056740725, 62.58415732219433, 62.82057257969872, 64.66797454065271, 73.03482639721604, 82.10126257219181, 80.46549557953495, 67.50498326335249, 62.47729677420217, 61.08506586832597, 60.8318761625695, 61.12766356759465, 62.098141437306595, 60.706618103635705, 60.78745353760806, 60.70099554596862, 60.40414977173923, 59.979969833473454, 60.192557091867585, 60.04581563746794, 60.1505096457951, 59.45527087873836, 59.849301807902236, 60.17124967795422, 68.51166331910764, 74.20740575415353, 68.97445357937177, 60.54398316856432, 60.02403242254968, 60.23100059468699, 60.87407575195599, 61.068918652933434, 60.240453170593504, 59.979845787360794, 59.8862644678604, 59.8927811501362, 59.61962577562859, 59.04959231900016, 58.97943723040677, 58.68665383732764, 57.037759910269216, 57.11812582761846, 57.07712945051932, 59.970879063029784, 67.51717054425046, 64.19084399083928, 49.81254064177331, 45.2751637362599, 40.525658368891946, 34.59433588699149, 28.620410689099952, 23.996096002601895, 21.88174986886188, 21.251043096910678, 21.36655508368019, 21.493707093470967, 21.429241940017334, 16.607580023209138], "f": [0.0, 0.78125, 1.5625, 2.34375, 3.125, 3.90625, 4.6875, 5.46875, 6.25, 7.03125, 7.8125, 8.59375, 9.375, 10.15625, 10.9375, 11.71875, 12.5, 13.28125, 14.0625, 14.84375, 15.625, 16.40625, 17.1875, 17.96875, 18.75, 19.53125, 20.3125, 21.09375, 21.875, 22.65625, 23.4375, 24.21875, 25.0, 25.78125, 26.5625, 27.34375, 28.125, 28.90625, 29.6875, 30.46875, 31.25, 32.03125, 32.8125, 33.59375, 34.375, 35.15625, 35.9375, 36.71875, 37.5, 38.28125, 39.0625, 39.84375, 40.625, 41.40625, 42.1875, 42.96875, 43.75, 44.53125, 45.3125, 46.09375, 46.875, 47.65625, 48.4375, 49.21875, 50.0, 50.78125, 51.5625, 52.34375, 53.125, 53.90625, 54.6875, 55.46875, 56.25, 57.03125, 57.8125, 58.59375, 59.375, 60.15625, 60.9375, 61.71875, 62.5, 63.28125, 64.0625, 64.84375, 65.625, 66.40625, 67.1875, 67.96875, 68.75, 69.53125, 70.3125, 71.09375, 71.875, 72.65625, 73.4375, 74.21875, 75.0, 75.78125, 76.5625, 77.34375, 78.125, 78.90625, 79.6875, 80.46875, 81.25, 82.03125, 82.8125, 83.59375, 84.375, 85.15625, 85.9375, 86.71875, 87.5, 88.28125, 89.0625, 89.84375, 90.625, 91.40625, 92.1875, 92.96875, 93.75, 94.53125, 95.3125, 96.09375, 96.875, 97.65625, 98.4375, 99.21875, 100.0]}