{"psd": [62.98995578096074, 73.10083257717041, 74.42712899053367, 73.04396539062071, 69.67017218294183, 64.59455516743195, 60.81494481567721, 57.868259910690696, 56.9687484034045, 57.8191131563526, 59.16853635089497, 57.890963987741905, 58.58324279991577, 58.658190072164764, 57.28983666881003, 57.453151135141766, 56.67455335257965, 56.94375328514508, 59.299992895583244, 63.345881795633716, 61.221270400243064, 59.92624336324373, 59.782461706917175, 59.49807544940322, 59.96471672075069, 60.45203218130523, 61.19073015554442, 61.650503284776576, 62.17274909628919, 63.16024377503599, 62.81567533456288, 62.911243608682234, 63.34915610064516, 65.43497699080734, 67.1117154218891, 65.73164269752705, 64.1667871386072, 65.33556245125732, 67.752214195395, 66.34541188360858, 64.7186621451981, 63.97611858521903, 64.47820857593268, 62.47685856390003, 62.75626846187321, 62.75146917873633, 61.77608032522553, 61.510326108378734, 62.32812340456148, 61.6522707729888, 61.74127459374507, 61.88199754177327, 62.3091408435923, 62.10230800886674, 61.89265650037938, 62.18677273681077, 62.18139055706818, 68.4285454060752, 69.28159750472713, 62.59644277744566, 61.59927105560382, 63.17922418332128, 64.85494240200293, 68.01204455009925, 66.7540680332922, 64.7815032059843, 68.44156349462904, 65.03832770411816, 61.99804686661685, 61.99655616375235, 61.85615879895281, 63.2333246164373, 62.06728560496838, 60.82921687591043, 62.16138564971267, 64.16103780258715, 76.5358754840035, 79.23816408997021, 70.17118751389015, 61.56834422268428, 62.02540107587252, 61.02412878275163, 60.46771265351181, 59.99244219180692, 60.00922027024937, 58.58058737624063, 58.08275428313958, 59.087179389918646, 58.947559458004235, 58.862744309943224, 58.90521131329863, 58.88315633699631, 58.88772295358252, 58.560571036962244, 58.939816266772965, 64.06165755695007, 68.59746553036659, 63.413787542738895, 62.35738171425962, 67.06100247984003, 63.82851533073136, 58.134184124685504, 57.407878804755434, 57.936996588191775, 58.61170158369902, 58.08844068123557, 57.00345294340701, 56.98439231311093, 56.74398432828529, 56.27660239344597, 55.7624028539732, 56.63166087255341, 56.11326597954661, 54.333695400369564, 60.540379627261544, 67.45679475765444, 63.143979456772506, 47.912714685460465, 43.22369409648624, 38.700510307163526, 33.252013179280816, 27.670441976548844, 23.267663049295958, 21.54956406999371, 21.940662941540985, 21.431991812858996, 21.163485588083294, 21.116931892984606, 16.37451441934008], "f": [0.0, 0.78125, 1.5625, 2.34375, 3.125, 3.90625, 4.6875, 5.46875, 6.25, 7.03125, 7.8125, 8.59375, 9.375, 10.15625, 10.9375, 11.71875, 12.5, 13.28125, 14.0625, 14.84375, 15.625, 16.40625, 17.1875, 17.96875, 18.75, 19.53125, 20.3125, 21.09375, 21.875, 22.65625, 23.4375, 24.21875, 25.0, 25.78125, 26.5625, 27.34375, 28.125, 28.90625, 29.6875, 30.46875, 31.25, 32.03125, 32.8125, 33.59375, 34.375, 35.15625, 35.9375, 36.71875, 37.5, 38.28125, 39.0625, 39.84375, 40.625, 41.40625, 42.1875, 42.96875, 43.75, 44.53125, 45.3125, 46.09375, 46.875, 47.65625, 48.4375, 49.21875, 50.0, 50.78125, 51.5625, 52.34375, 53.125, 53.90625, 54.6875, 55.46875, 56.25, 57.03125, 57.8125, 58.59375, 59.375, 60.15625, 60.9375, 61.71875, 62.5, 63.28125, 64.0625, 64.84375, 65.625, 66.40625, 67.1875, 67.96875, 68.75, 69.53125, 70.3125, 71.09375, 71.875, 72.65625, 73.4375, 74.21875, 75.0, 75.78125, 76.5625, 77.34375, 78.125, 78.90625, 79.6875, 80.46875, 81.25, 82.03125, 82.8125, 83.59375, 84.375, 85.15625, 85.9375, 86.71875, 87.5, 88.28125, 89.0625, 89.84375, 90.625, 91.40625, 92.1875, 92.96875, 93.75, 94.53125, 95.3125, 96.09375, 96.875, 97.65625, 98.4375, 99.21875, 100.0]}