{"psd": [65.53474484012074, 73.92459620540447, 73.53499351790246, 72.38757832453584, 69.21366268186577, 64.84988141027445, 60.6295409262303, 57.3840987455949, 56.92136393659062, 57.252336139413416, 56.20758455884734, 57.79996137663395, 59.21276720016308, 60.04755973348893, 57.88409402548865, 58.19125688024941, 60.13806882540191, 58.94250087205656, 58.44630970583904, 58.254684320833576, 56.985328322907534, 57.555208222767305, 58.30164571428938, 58.42046808735449, 59.57465892513955, 64.74151317865142, 64.94058300248396, 60.55463820087806, 59.16449683003134, 58.76884497058504, 58.88026759677261, 59.43976142578815, 59.97210398163412, 60.8270535110696, 63.500691619629805, 63.12586039966884, 64.73737259799994, 63.898500049544545, 66.59940242238939, 65.68100614820419, 65.11456478706525, 64.48579773294387, 64.32546289166142, 64.69463661340528, 64.54969447692955, 64.53276266254842, 65.2944592313238, 66.5468784623585, 67.68288466634745, 68.4350340505853, 67.87443566535192, 69.13809207871577, 68.08682776901644, 68.93940868679607, 66.11481819940043, 66.00978318746117, 66.16932797718506, 67.78048483401174, 66.75870416561165, 65.65888483962111, 66.8930426032313, 65.80388359163992, 64.32424588251988, 64.53309627909238, 64.12374861432184, 63.94122056168878, 63.37496137635821, 63.229240138735406, 63.298910686328114, 63.24622809435438, 62.84724813029022, 63.19650361003419, 62.51710830277271, 62.27879976271767, 62.13672771648351, 66.56111411461089, 74.7852027531482, 73.16333844697061, 63.52637850749892, 61.7431037254848, 60.92180614562189, 60.30076955167989, 59.88327013598478, 60.821062422646975, 60.98286148160614, 60.646150832211525, 61.297299162232676, 62.25308064550382, 61.03317338197682, 60.932265821629265, 60.99582491503648, 60.60016631167195, 60.41314671052197, 59.99916773161921, 60.02912313830087, 63.99448851879032, 68.71061457170833, 64.11139291425715, 59.50554893802276, 59.25493043096351, 58.98143691740317, 58.8114756538867, 58.182264131802874, 58.74471166743785, 59.2125667540834, 58.41948154764068, 58.08341968848913, 58.530848389352705, 58.39433106068036, 58.6277032085917, 58.303624588989045, 58.016984150238365, 57.704771175618944, 56.06700501040744, 55.62304789794158, 57.99162851739948, 54.80385424446916, 46.725632259717145, 43.00953738623062, 38.92218428990975, 33.503902165676166, 28.60532970988627, 24.364434590499968, 21.78374050549418, 21.027444523404295, 21.399767290314443, 20.925494310145712, 21.537184966709326, 16.46213771960368], "f": [0.0, 0.78125, 1.5625, 2.34375, 3.125, 3.90625, 4.6875, 5.46875, 6.25, 7.03125, 7.8125, 8.59375, 9.375, 10.15625, 10.9375, 11.71875, 12.5, 13.28125, 14.0625, 14.84375, 15.625, 16.40625, 17.1875, 17.96875, 18.75, 19.53125, 20.3125, 21.09375, 21.875, 22.65625, 23.4375, 24.21875, 25.0, 25.78125, 26.5625, 27.34375, 28.125, 28.90625, 29.6875, 30.46875, 31.25, 32.03125, 32.8125, 33.59375, 34.375, 35.15625, 35.9375, 36.71875, 37.5, 38.28125, 39.0625, 39.84375, 40.625, 41.40625, 42.1875, 42.96875, 43.75, 44.53125, 45.3125, 46.09375, 46.875, 47.65625, 48.4375, 49.21875, 50.0, 50.78125, 51.5625, 52.34375, 53.125, 53.90625, 54.6875, 55.46875, 56.25, 57.03125, 57.8125, 58.59375, 59.375, 60.15625, 60.9375, 61.71875, 62.5, 63.28125, 64.0625, 64.84375, 65.625, 66.40625, 67.1875, 67.96875, 68.75, 69.53125, 70.3125, 71.09375, 71.875, 72.65625, 73.4375, 74.21875, 75.0, 75.78125, 76.5625, 77.34375, 78.125, 78.90625, 79.6875, 80.46875, 81.25, 82.03125, 82.8125, 83.59375, 84.375, 85.15625, 85.9375, 86.71875, 87.5, 88.28125, 89.0625, 89.84375, 90.625, 91.40625, 92.1875, 92.96875, 93.75, 94.53125, 95.3125, 96.09375, 96.875, 97.65625, 98.4375, 99.21875, 100.0]}