{"psd": [67.57518144090515, 76.6847971617301, 76.53557428334933, 73.79821934555379, 70.06061061105, 65.43282926817238, 61.18702822348706, 58.42819290878297, 59.384350667180065, 61.547406503139655, 61.39377331930347, 61.801965231877375, 61.18567490543064, 61.21724414053712, 61.00014638268274, 59.80026089216384, 59.24630187983223, 60.01120396178989, 61.349405759193985, 61.88658101053584, 61.11764326546194, 60.94615187963428, 60.34361532781048, 60.44079595092137, 59.76194983610913, 59.104391628220185, 59.295470080268856, 61.332105934378006, 61.11375768599957, 59.965292278979945, 60.12860935033861, 62.3023411711778, 62.74335970675623, 61.7735132077963, 61.48668134513207, 61.898292382315745, 63.430288451259926, 63.17060839236662, 64.17262670164077, 63.527706522792926, 61.387601057166876, 61.12889006263147, 61.21887989346725, 61.39539418999349, 61.009144475560724, 59.89433545408591, 60.92606132439458, 61.463388047791476, 61.46837505302693, 61.533192873425605, 61.556765578360086, 61.54096242494626, 62.43519196356221, 62.30183147921476, 61.87360597183799, 62.117149521678854, 62.69205403337167, 62.676367289541616, 61.98560342640958, 61.504787556420965, 61.50098394570949, 62.224768357759714, 61.816381413522954, 61.89296764529301, 61.660368920159065, 61.25586455474702, 60.51202000254206, 60.139479471412, 60.59888066047059, 60.486881410981105, 60.60844753912338, 60.29992719948816, 60.85272601797364, 61.122265936629, 64.71185381196199, 69.2704635661533, 64.61828291211789, 60.67787419289992, 60.629267048260175, 61.17884350922948, 61.59296135107781, 61.35351340774776, 60.694166423693616, 60.30464578165903, 60.2165601159361, 59.960531200890685, 59.92060602161618, 59.226505330522286, 58.89028704192583, 59.06425331708763, 58.852787236883856, 58.771223930487686, 59.12030797763798, 59.122460044523834, 58.17707382531839, 58.498185189831055, 59.4159915025137, 58.259759647787135, 57.44269017687118, 57.31727936956507, 57.07370413273726, 56.627281745468565, 56.820939508953465, 56.776265812014884, 56.82707924618488, 56.99439168627891, 56.670011231046395, 56.16814887412897, 55.934555287095264, 56.556756758170685, 56.72153963206399, 55.66258649973048, 55.05977358928541, 54.562977303698645, 53.260171357083934, 53.19452959495034, 50.48823071041292, 46.17851916108873, 42.66289834795402, 38.173601440771556, 33.10548394047337, 26.816148755257704, 23.2256350950261, 21.3877838282692, 21.13790517740981, 21.53156467910041, 21.785299216381183, 21.598475103075568, 17.146423486024972], "f": [0.0, 0.78125, 1.5625, 2.34375, 3.125, 3.90625, 4.6875, 5.46875, 6.25, 7.03125, 7.8125, 8.59375, 9.375, 10.15625, 10.9375, 11.71875, 12.5, 13.28125, 14.0625, 14.84375, 15.625, 16.40625, 17.1875, 17.96875, 18.75, 19.53125, 20.3125, 21.09375, 21.875, 22.65625, 23.4375, 24.21875, 25.0, 25.78125, 26.5625, 27.34375, 28.125, 28.90625, 29.6875, 30.46875, 31.25, 32.03125, 32.8125, 33.59375, 34.375, 35.15625, 35.9375, 36.71875, 37.5, 38.28125, 39.0625, 39.84375, 40.625, 41.40625, 42.1875, 42.96875, 43.75, 44.53125, 45.3125, 46.09375, 46.875, 47.65625, 48.4375, 49.21875, 50.0, 50.78125, 51.5625, 52.34375, 53.125, 53.90625, 54.6875, 55.46875, 56.25, 57.03125, 57.8125, 58.59375, 59.375, 60.15625, 60.9375, 61.71875, 62.5, 63.28125, 64.0625, 64.84375, 65.625, 66.40625, 67.1875, 67.96875, 68.75, 69.53125, 70.3125, 71.09375, 71.875, 72.65625, 73.4375, 74.21875, 75.0, 75.78125, 76.5625, 77.34375, 78.125, 78.90625, 79.6875, 80.46875, 81.25, 82.03125, 82.8125, 83.59375, 84.375, 85.15625, 85.9375, 86.71875, 87.5, 88.28125, 89.0625, 89.84375, 90.625, 91.40625, 92.1875, 92.96875, 93.75, 94.53125, 95.3125, 96.09375, 96.875, 97.65625, 98.4375, 99.21875, 100.0]}