{"psd": [65.4142975466998, 74.70150296753998, 73.49367929280297, 71.3954719726695, 68.25422479114623, 64.12015190730196, 59.98084650525945, 57.129921313132115, 55.012299497720754, 54.608161244814454, 60.39281585611711, 63.574766854331955, 59.01084612814418, 59.87131959935303, 60.77943840608306, 58.41707767374159, 57.74741044410887, 58.17096336946668, 67.7948229079889, 70.88409889371877, 65.34602858243056, 64.10657016239288, 64.76176057580983, 63.335842403070004, 63.76681093491847, 68.2943727818682, 69.1435361004644, 66.79758894713896, 64.94713750389795, 65.99274351189305, 66.57389626033167, 63.54514982735323, 63.890898251775724, 62.95094360889578, 62.246358639028976, 63.63492475169524, 63.2208202188223, 65.32582715840383, 67.55260227454956, 62.92274571015062, 63.02090420742626, 62.876363250389204, 61.16107592374951, 61.780710355331905, 61.413114459539614, 63.48121237867446, 65.43909924343093, 63.15755403071937, 62.91985938451632, 62.62140190360092, 60.33797539383944, 61.93213908916003, 61.48809547970254, 63.687011490316095, 66.35588931689912, 63.80587095420822, 65.69399705132506, 66.60404535473236, 63.43852292319434, 63.10772727988878, 62.38263183971779, 64.54287113786171, 68.5334313021047, 66.51107572014952, 65.14767928305656, 63.84387171037625, 61.91023405451936, 63.40560889516056, 63.95159197015496, 62.01024552279812, 63.29828763511035, 62.69964510731146, 63.74188426382087, 65.99461728693069, 66.348473754344, 69.07713395458836, 68.93170170838297, 68.0655844684736, 68.0369048692759, 66.12309709690989, 62.819580284007735, 63.849166135329526, 63.57179051399295, 63.308733565158334, 63.04308763058067, 61.134055079313505, 64.07368447968918, 63.759969819415154, 62.28103445929506, 64.09426660483098, 62.412367443417445, 63.14401991059721, 64.3282838678198, 63.00659871148773, 68.17269010652652, 68.29118343729961, 63.40564944124176, 65.43113521863576, 64.08732755169825, 63.10073221049676, 64.81761340030111, 65.18776178139152, 67.32974606790899, 67.18982056264676, 62.6769166096124, 62.53463420750326, 62.92747403814775, 62.99156547148621, 64.31835736551305, 61.5337525566657, 60.311611971886094, 60.67041066379919, 59.047911573960754, 60.964833213998936, 62.077419821324526, 61.92803040114675, 60.87952933201068, 54.80604087632016, 46.26375560671534, 42.32712861281648, 36.56288797242436, 30.498275083131677, 25.37238233854215, 21.779419538606906, 21.359223365667507, 21.594631176830724, 21.595492787377747, 21.4530193655946, 16.566837381172068], "f": [0.0, 0.78125, 1.5625, 2.34375, 3.125, 3.90625, 4.6875, 5.46875, 6.25, 7.03125, 7.8125, 8.59375, 9.375, 10.15625, 10.9375, 11.71875, 12.5, 13.28125, 14.0625, 14.84375, 15.625, 16.40625, 17.1875, 17.96875, 18.75, 19.53125, 20.3125, 21.09375, 21.875, 22.65625, 23.4375, 24.21875, 25.0, 25.78125, 26.5625, 27.34375, 28.125, 28.90625, 29.6875, 30.46875, 31.25, 32.03125, 32.8125, 33.59375, 34.375, 35.15625, 35.9375, 36.71875, 37.5, 38.28125, 39.0625, 39.84375, 40.625, 41.40625, 42.1875, 42.96875, 43.75, 44.53125, 45.3125, 46.09375, 46.875, 47.65625, 48.4375, 49.21875, 50.0, 50.78125, 51.5625, 52.34375, 53.125, 53.90625, 54.6875, 55.46875, 56.25, 57.03125, 57.8125, 58.59375, 59.375, 60.15625, 60.9375, 61.71875, 62.5, 63.28125, 64.0625, 64.84375, 65.625, 66.40625, 67.1875, 67.96875, 68.75, 69.53125, 70.3125, 71.09375, 71.875, 72.65625, 73.4375, 74.21875, 75.0, 75.78125, 76.5625, 77.34375, 78.125, 78.90625, 79.6875, 80.46875, 81.25, 82.03125, 82.8125, 83.59375, 84.375, 85.15625, 85.9375, 86.71875, 87.5, 88.28125, 89.0625, 89.84375, 90.625, 91.40625, 92.1875, 92.96875, 93.75, 94.53125, 95.3125, 96.09375, 96.875, 97.65625, 98.4375, 99.21875, 100.0]}