{"psd": [62.219291812723334, 71.66654850869857, 70.62905381313425, 68.79145526253383, 66.15420894455968, 63.17077245865213, 59.22791220399699, 57.210003743885906, 58.482425024501836, 61.98311335252339, 67.88456114084879, 69.19969529983292, 63.6523936468471, 61.12811897057601, 58.70140228556343, 59.28660141386453, 61.380004984287666, 63.211107208942536, 61.622284526226636, 60.84234048349727, 61.396754941824376, 62.25568127763607, 61.3974061368626, 60.170544862564284, 60.479790627773546, 62.704264076012464, 62.76831519559893, 60.51575529720416, 60.45887629296759, 60.87905094692361, 62.713760353459804, 61.740078934452136, 62.26787604725784, 66.40850284631186, 67.10387239457359, 63.94952980473232, 62.3112256208918, 62.237173530080796, 63.21796632811521, 62.480808086975195, 62.393266775319056, 63.792964958666104, 67.72173764304807, 68.63581130514521, 65.04811109367995, 63.47450029816948, 62.59170096731572, 62.182621729954036, 62.31134220289037, 63.43850981464328, 65.07231976830883, 66.72658093818559, 66.22632478549518, 64.74569584115433, 65.16415543742947, 64.17790100761205, 64.28936284464902, 65.86657016163169, 66.75410241636723, 66.64813102927982, 67.08349401017668, 65.45361370194496, 64.99738635229652, 64.78936581589291, 64.14661838498182, 64.24434752073697, 66.25143398020455, 67.0030989055779, 68.47359916817403, 67.63670782338355, 66.03206360108555, 66.04956230243398, 65.37996618130227, 65.05056874957303, 66.11638072503213, 67.5699684847128, 70.0911944684693, 70.76503528522638, 67.58253483030657, 66.02161264458012, 65.95022531824257, 65.93569198265892, 65.1588820375504, 64.32842295610642, 64.47652765535209, 63.609292580896124, 63.70792339871266, 64.37040763961954, 64.70248702624801, 66.55899193368779, 66.17878173562548, 64.90615387696403, 64.32453375983832, 64.2643480464532, 64.366816345274, 65.03797757301227, 66.30580528114615, 65.23798650507509, 65.34881113331926, 64.99743787658771, 63.76768679465151, 62.68753367307408, 62.14627610912668, 62.56023180737499, 62.83677117428301, 63.5950232755735, 64.17830724935364, 64.24319267040572, 63.0035957519042, 61.93011478518463, 61.47504935486981, 61.26782948275909, 60.3850792399148, 60.06743183704711, 60.45223439957056, 62.25015783112205, 58.24844851474899, 50.08216851637664, 46.19196000140945, 41.603747636847785, 36.55134593988775, 30.162824816872774, 24.75269113723425, 21.715446625981482, 21.69655169559284, 21.206668835432467, 21.006104877873764, 21.213755331045917, 16.33868272818284], "f": [0.0, 0.78125, 1.5625, 2.34375, 3.125, 3.90625, 4.6875, 5.46875, 6.25, 7.03125, 7.8125, 8.59375, 9.375, 10.15625, 10.9375, 11.71875, 12.5, 13.28125, 14.0625, 14.84375, 15.625, 16.40625, 17.1875, 17.96875, 18.75, 19.53125, 20.3125, 21.09375, 21.875, 22.65625, 23.4375, 24.21875, 25.0, 25.78125, 26.5625, 27.34375, 28.125, 28.90625, 29.6875, 30.46875, 31.25, 32.03125, 32.8125, 33.59375, 34.375, 35.15625, 35.9375, 36.71875, 37.5, 38.28125, 39.0625, 39.84375, 40.625, 41.40625, 42.1875, 42.96875, 43.75, 44.53125, 45.3125, 46.09375, 46.875, 47.65625, 48.4375, 49.21875, 50.0, 50.78125, 51.5625, 52.34375, 53.125, 53.90625, 54.6875, 55.46875, 56.25, 57.03125, 57.8125, 58.59375, 59.375, 60.15625, 60.9375, 61.71875, 62.5, 63.28125, 64.0625, 64.84375, 65.625, 66.40625, 67.1875, 67.96875, 68.75, 69.53125, 70.3125, 71.09375, 71.875, 72.65625, 73.4375, 74.21875, 75.0, 75.78125, 76.5625, 77.34375, 78.125, 78.90625, 79.6875, 80.46875, 81.25, 82.03125, 82.8125, 83.59375, 84.375, 85.15625, 85.9375, 86.71875, 87.5, 88.28125, 89.0625, 89.84375, 90.625, 91.40625, 92.1875, 92.96875, 93.75, 94.53125, 95.3125, 96.09375, 96.875, 97.65625, 98.4375, 99.21875, 100.0]}