{"psd": [69.8914987409327, 78.98226450138337, 76.32380794289872, 73.06892980304254, 69.28001445230657, 64.54786107587518, 60.355131837759764, 55.926104171031554, 55.79617831507731, 56.888202616631006, 58.171438047125186, 58.90193476255191, 62.427752162055484, 65.63410101637471, 60.65829783206976, 56.72233474389433, 56.636834100963355, 56.37176124755768, 59.85798925586772, 61.804771832596934, 60.09876769645007, 60.88267200897846, 61.92347018306636, 62.76314922722099, 62.70036384795855, 65.76077306672875, 67.93837379053934, 65.1832685527965, 63.87624118438779, 63.69144801516776, 64.33891970274007, 64.08064350753203, 64.09556996516748, 63.621767533938154, 63.97047811929313, 64.09890219927365, 63.421316401668506, 63.493332042565086, 68.12101908491232, 69.0888909056257, 64.81792406294491, 62.8054371586321, 61.86209947670551, 63.01924492229026, 62.396003026916745, 61.958722298929665, 61.73372917112768, 62.19333252641087, 63.31636852872897, 63.73021331604295, 63.968957792119056, 66.93419369202702, 67.94475017880985, 66.85708026471701, 67.66301012747009, 66.46257327773897, 65.93585528689724, 66.25225188281472, 66.46413071753202, 65.8697690094532, 64.6395306104883, 65.67184318470244, 65.90913285286281, 66.50241327312204, 67.44258578246581, 66.71180385594168, 65.5789186469743, 65.32080428033794, 65.16336284773354, 64.67496707632498, 64.55270376915475, 63.84400694033018, 64.078843240272, 63.70412715135902, 63.94400446805846, 66.38905749001944, 66.1939361962095, 64.55639870717218, 63.68576731037231, 62.55595458786552, 62.65788283934678, 62.38084592619596, 62.514661527566844, 62.01719986379552, 61.8646743440818, 61.11351817144452, 60.78179450696199, 60.53280854469841, 60.899816653793636, 61.20991839721783, 61.2403214408742, 61.22791980493311, 60.163631352571386, 60.45578971970208, 60.73107996153314, 61.08460356929355, 61.63881295854306, 61.62157633211174, 61.31250873987695, 60.250779884401894, 59.61849968394253, 60.028988456987726, 60.73314587201257, 60.271769218296214, 60.57174060428754, 61.018877581567985, 60.485395704410514, 60.15238827497467, 59.91574319130577, 60.24167502532987, 60.25967428391843, 59.92215656632631, 59.68627660812254, 58.08331821029951, 57.3681388049986, 57.397953726549595, 54.25089403248782, 49.957047942066936, 46.266609307639335, 42.02869479039531, 36.31320815027904, 30.491459734928775, 25.41361498640679, 22.279898755898433, 21.502320393213672, 20.993131710943324, 21.477212745040397, 21.14479483793243, 16.132080396959218], "f": [0.0, 0.78125, 1.5625, 2.34375, 3.125, 3.90625, 4.6875, 5.46875, 6.25, 7.03125, 7.8125, 8.59375, 9.375, 10.15625, 10.9375, 11.71875, 12.5, 13.28125, 14.0625, 14.84375, 15.625, 16.40625, 17.1875, 17.96875, 18.75, 19.53125, 20.3125, 21.09375, 21.875, 22.65625, 23.4375, 24.21875, 25.0, 25.78125, 26.5625, 27.34375, 28.125, 28.90625, 29.6875, 30.46875, 31.25, 32.03125, 32.8125, 33.59375, 34.375, 35.15625, 35.9375, 36.71875, 37.5, 38.28125, 39.0625, 39.84375, 40.625, 41.40625, 42.1875, 42.96875, 43.75, 44.53125, 45.3125, 46.09375, 46.875, 47.65625, 48.4375, 49.21875, 50.0, 50.78125, 51.5625, 52.34375, 53.125, 53.90625, 54.6875, 55.46875, 56.25, 57.03125, 57.8125, 58.59375, 59.375, 60.15625, 60.9375, 61.71875, 62.5, 63.28125, 64.0625, 64.84375, 65.625, 66.40625, 67.1875, 67.96875, 68.75, 69.53125, 70.3125, 71.09375, 71.875, 72.65625, 73.4375, 74.21875, 75.0, 75.78125, 76.5625, 77.34375, 78.125, 78.90625, 79.6875, 80.46875, 81.25, 82.03125, 82.8125, 83.59375, 84.375, 85.15625, 85.9375, 86.71875, 87.5, 88.28125, 89.0625, 89.84375, 90.625, 91.40625, 92.1875, 92.96875, 93.75, 94.53125, 95.3125, 96.09375, 96.875, 97.65625, 98.4375, 99.21875, 100.0]}