{"psd": [73.18699120085637, 82.48171848875428, 81.79387600877669, 76.08195549978612, 68.68279203137915, 63.62675695711996, 62.01253806288578, 61.55413508232766, 63.69965620195397, 63.60974392395388, 62.77128194080831, 63.15047985583853, 63.17094300320095, 63.52303486643916, 64.04716031925948, 64.01504168437458, 64.0988147414852, 64.71112113141692, 64.8632657827997, 64.54498972666036, 65.05577483877386, 65.08947731946277, 65.06193848641107, 65.54576255512734, 65.45539825817858, 65.82924565714409, 65.80355043607774, 66.13008852329062, 67.36264379482974, 68.0088950525313, 66.3539535771517, 66.26732993450861, 65.96067121237631, 65.59354643853172, 65.97807851036916, 65.84894545809463, 66.51323525582141, 67.53188683355182, 67.65586019515413, 66.7511692149259, 66.13694588442301, 65.87549039214994, 66.07104385612546, 66.66118720044992, 66.71456274541721, 66.87807875059977, 66.63617201750674, 66.86990696392743, 66.96283638642214, 66.79330647017682, 66.54154586950399, 66.40484776225959, 66.20700984669664, 66.51606103888679, 67.06271149410328, 66.90355086844905, 66.83443074957559, 66.71534867082886, 66.76089582922589, 66.63674338157149, 67.00718220377486, 66.82068472820723, 66.90380399112033, 66.23502140119044, 66.0131381564898, 66.24669834703427, 66.41678880101907, 66.4100348870756, 66.56921681559942, 66.31654861370846, 66.3801374305287, 66.05445963911896, 66.19591064396418, 66.23478602375056, 66.65669129858534, 68.27412551944539, 68.2677844325185, 67.34539788524222, 66.78765609345285, 66.385441986152, 65.99410212169441, 66.16346612704335, 66.34529793074563, 66.18508006237295, 66.18389882933437, 66.01481921759361, 65.85753900481788, 65.77791112842937, 65.55803252167644, 65.98535564009114, 66.05041310246189, 65.87620033981428, 65.22491211627931, 66.03563141556178, 65.82464012779594, 65.76787697750886, 67.03778380076369, 66.05317588327526, 65.60410475526767, 65.55933696968373, 65.16841998769594, 65.4534193342096, 65.45093894428535, 65.68096140010407, 65.83151672172538, 65.26425005523697, 65.37733305915225, 65.50724217128908, 65.59477717822267, 65.13717126509606, 65.54780752004368, 65.3769971247283, 64.6345523689334, 63.46896616694095, 62.48319157607619, 61.730960282181115, 59.937737445898385, 55.76060161559144, 52.28612917927043, 47.625917766088044, 42.445338047798906, 36.228373319964156, 28.921916964787314, 23.47468010735575, 21.406732996627124, 21.562496407189986, 20.979150163956884, 21.190228147490537, 16.20996881786293], "f": [0.0, 0.78125, 1.5625, 2.34375, 3.125, 3.90625, 4.6875, 5.46875, 6.25, 7.03125, 7.8125, 8.59375, 9.375, 10.15625, 10.9375, 11.71875, 12.5, 13.28125, 14.0625, 14.84375, 15.625, 16.40625, 17.1875, 17.96875, 18.75, 19.53125, 20.3125, 21.09375, 21.875, 22.65625, 23.4375, 24.21875, 25.0, 25.78125, 26.5625, 27.34375, 28.125, 28.90625, 29.6875, 30.46875, 31.25, 32.03125, 32.8125, 33.59375, 34.375, 35.15625, 35.9375, 36.71875, 37.5, 38.28125, 39.0625, 39.84375, 40.625, 41.40625, 42.1875, 42.96875, 43.75, 44.53125, 45.3125, 46.09375, 46.875, 47.65625, 48.4375, 49.21875, 50.0, 50.78125, 51.5625, 52.34375, 53.125, 53.90625, 54.6875, 55.46875, 56.25, 57.03125, 57.8125, 58.59375, 59.375, 60.15625, 60.9375, 61.71875, 62.5, 63.28125, 64.0625, 64.84375, 65.625, 66.40625, 67.1875, 67.96875, 68.75, 69.53125, 70.3125, 71.09375, 71.875, 72.65625, 73.4375, 74.21875, 75.0, 75.78125, 76.5625, 77.34375, 78.125, 78.90625, 79.6875, 80.46875, 81.25, 82.03125, 82.8125, 83.59375, 84.375, 85.15625, 85.9375, 86.71875, 87.5, 88.28125, 89.0625, 89.84375, 90.625, 91.40625, 92.1875, 92.96875, 93.75, 94.53125, 95.3125, 96.09375, 96.875, 97.65625, 98.4375, 99.21875, 100.0]}