{"psd": [70.03863737093917, 79.10319031301562, 77.87243435553596, 75.53049774668209, 71.35595476201868, 65.63020585529566, 60.34803301025513, 57.09464750997767, 54.849198858880385, 54.808691733896055, 57.85101773374897, 57.68837343155107, 57.91991733200877, 59.673850148213, 58.41732713026449, 57.84623817954134, 60.10179196604153, 61.30748280748739, 62.32102259924738, 63.33499048121006, 62.65501284292625, 62.09731744067191, 60.67830215964773, 61.81048426489962, 63.11874979075614, 62.729119387445536, 64.59363232917248, 65.53178036844159, 66.83657282840447, 68.20254380848696, 67.87677714414326, 65.88919471223016, 64.7027062326736, 67.46341005875985, 70.77298144900966, 70.65571470225287, 67.94466809064434, 67.12211504101629, 69.91836336453775, 68.69648503727576, 64.37469882722779, 63.7076864453432, 63.189388045325366, 63.93624819714735, 64.57450159587742, 65.66678800218719, 65.51683954990865, 65.51093551548887, 66.10040608698452, 66.09820266264532, 65.90465761317824, 66.74481392770245, 67.1976539729288, 66.30766686128803, 66.25557868639657, 66.76718939794986, 66.562238966953, 69.34847036276719, 70.0917979774296, 65.30155500778558, 64.65977425227783, 64.98410807155054, 66.14472241103105, 68.83626469201899, 68.70584734728459, 65.71471456852059, 64.89482092322623, 64.40624845198067, 64.41113459768269, 64.89921008931456, 64.21831582277436, 64.21044572575077, 64.94723615107613, 65.59005942884096, 66.2374464869658, 67.14647020802883, 73.62785630121628, 76.92002809813616, 70.85714351150673, 66.63478840365697, 66.97437297003094, 67.37541435871874, 67.3689235210747, 67.95906377597355, 68.20615933243954, 67.9266572054889, 65.64659586523236, 65.39879490977472, 65.82353656620555, 66.13666451266052, 66.33954176425284, 65.84337682187686, 65.32785165299897, 66.15484932086338, 65.98043573852448, 69.09360839994665, 73.74326116465656, 69.71757328782518, 64.8783184285813, 64.84484979764854, 65.30051747064542, 63.87814503886428, 63.53187163342258, 63.450879476745705, 62.584618608119285, 63.807127970110635, 64.19700614607521, 63.51128542763028, 62.96006685073236, 61.84164618753443, 61.29296610737469, 61.683554944275336, 60.986349866819424, 60.453083795345265, 61.542369847509775, 66.58961234979554, 63.649876006272606, 52.5600732976167, 48.269645809792074, 42.385779434807844, 37.11739697820692, 30.530132481569396, 24.878414473617397, 22.27471681041572, 21.603899376659612, 21.345904446489396, 21.634339163296442, 21.457241109456962, 16.635701355392467], "f": [0.0, 0.78125, 1.5625, 2.34375, 3.125, 3.90625, 4.6875, 5.46875, 6.25, 7.03125, 7.8125, 8.59375, 9.375, 10.15625, 10.9375, 11.71875, 12.5, 13.28125, 14.0625, 14.84375, 15.625, 16.40625, 17.1875, 17.96875, 18.75, 19.53125, 20.3125, 21.09375, 21.875, 22.65625, 23.4375, 24.21875, 25.0, 25.78125, 26.5625, 27.34375, 28.125, 28.90625, 29.6875, 30.46875, 31.25, 32.03125, 32.8125, 33.59375, 34.375, 35.15625, 35.9375, 36.71875, 37.5, 38.28125, 39.0625, 39.84375, 40.625, 41.40625, 42.1875, 42.96875, 43.75, 44.53125, 45.3125, 46.09375, 46.875, 47.65625, 48.4375, 49.21875, 50.0, 50.78125, 51.5625, 52.34375, 53.125, 53.90625, 54.6875, 55.46875, 56.25, 57.03125, 57.8125, 58.59375, 59.375, 60.15625, 60.9375, 61.71875, 62.5, 63.28125, 64.0625, 64.84375, 65.625, 66.40625, 67.1875, 67.96875, 68.75, 69.53125, 70.3125, 71.09375, 71.875, 72.65625, 73.4375, 74.21875, 75.0, 75.78125, 76.5625, 77.34375, 78.125, 78.90625, 79.6875, 80.46875, 81.25, 82.03125, 82.8125, 83.59375, 84.375, 85.15625, 85.9375, 86.71875, 87.5, 88.28125, 89.0625, 89.84375, 90.625, 91.40625, 92.1875, 92.96875, 93.75, 94.53125, 95.3125, 96.09375, 96.875, 97.65625, 98.4375, 99.21875, 100.0]}