{"psd": [72.10735746337261, 81.79528644238289, 79.99564794739844, 76.31647148937562, 71.26029426817314, 65.14176184335366, 60.407107833881284, 58.22526566711246, 57.737932932557364, 55.64091108089472, 58.49680431278398, 60.61834121993247, 60.826190199816104, 58.54896154385531, 58.62121433682233, 58.864487326211936, 57.775664205369424, 57.90270493547925, 58.58596369398883, 59.35245457579217, 59.817345692818726, 58.68495636279721, 59.1956803787286, 59.914197560976355, 59.86890965968289, 59.62749768638888, 59.72887828807215, 60.582734725936746, 63.89245191376083, 69.86727948841849, 68.00759475600177, 61.18811036964939, 60.15917244714096, 60.83957695725863, 60.940408851398146, 61.37989430882506, 60.4832653751636, 61.02382314420935, 62.05239825138512, 61.660660893699635, 60.82871151070758, 60.55055211885821, 59.751377087029745, 60.04757637225343, 60.11642720197473, 60.42907889978026, 60.512945980782106, 61.252329712364535, 62.367208667656286, 62.148556233234345, 61.49829560729957, 61.86595266711517, 61.73131213554554, 62.13815380878319, 62.54143382242212, 63.084445481691915, 63.52515766560583, 64.28958488106423, 64.87991909078391, 63.91574774835214, 63.15046291659249, 63.950713413950446, 64.14861418923998, 64.11951242399397, 63.88512420792739, 63.61613535518777, 63.48116860763861, 63.87669814148942, 64.10116501539397, 63.48801054921581, 62.8934809254457, 62.619894856113106, 62.226563190512316, 62.36976760168413, 62.708982355385615, 62.5914842296071, 64.04434924020812, 65.92502549435258, 62.1536509950187, 61.621662488775726, 61.75284191055568, 62.36088775395825, 62.81593183318785, 63.1234223268936, 62.22471756122098, 61.70168209581614, 61.38417529521029, 62.393680929203185, 61.35742913544513, 61.89413195628927, 62.81260954901062, 63.812328058835355, 64.24205322105121, 63.434367665518884, 62.505038258502225, 61.4876421468403, 62.79429725167332, 63.090395475954466, 63.59647656959712, 63.49737956378252, 62.023445969926776, 62.15108242396087, 61.90608158732401, 61.80324970557224, 63.568391427858444, 64.21258740868068, 63.56493045881092, 62.370586329355575, 62.194451926697255, 60.633989242297595, 61.06740777155476, 61.77794043641778, 62.331725902510755, 61.742851026792195, 59.39111737793496, 58.77822373752045, 56.31055364555139, 52.76485801549999, 49.55721630764492, 44.78108049781221, 39.92356257491392, 33.48362636618446, 26.30777346063003, 22.38619831205439, 21.424113629041063, 21.067118221893146, 21.256249382320934, 21.106556599145982, 16.398903161930594], "f": [0.0, 0.78125, 1.5625, 2.34375, 3.125, 3.90625, 4.6875, 5.46875, 6.25, 7.03125, 7.8125, 8.59375, 9.375, 10.15625, 10.9375, 11.71875, 12.5, 13.28125, 14.0625, 14.84375, 15.625, 16.40625, 17.1875, 17.96875, 18.75, 19.53125, 20.3125, 21.09375, 21.875, 22.65625, 23.4375, 24.21875, 25.0, 25.78125, 26.5625, 27.34375, 28.125, 28.90625, 29.6875, 30.46875, 31.25, 32.03125, 32.8125, 33.59375, 34.375, 35.15625, 35.9375, 36.71875, 37.5, 38.28125, 39.0625, 39.84375, 40.625, 41.40625, 42.1875, 42.96875, 43.75, 44.53125, 45.3125, 46.09375, 46.875, 47.65625, 48.4375, 49.21875, 50.0, 50.78125, 51.5625, 52.34375, 53.125, 53.90625, 54.6875, 55.46875, 56.25, 57.03125, 57.8125, 58.59375, 59.375, 60.15625, 60.9375, 61.71875, 62.5, 63.28125, 64.0625, 64.84375, 65.625, 66.40625, 67.1875, 67.96875, 68.75, 69.53125, 70.3125, 71.09375, 71.875, 72.65625, 73.4375, 74.21875, 75.0, 75.78125, 76.5625, 77.34375, 78.125, 78.90625, 79.6875, 80.46875, 81.25, 82.03125, 82.8125, 83.59375, 84.375, 85.15625, 85.9375, 86.71875, 87.5, 88.28125, 89.0625, 89.84375, 90.625, 91.40625, 92.1875, 92.96875, 93.75, 94.53125, 95.3125, 96.09375, 96.875, 97.65625, 98.4375, 99.21875, 100.0]}