{"psd": [72.2989040476354, 81.42064349973397, 80.15088815324638, 76.52132228533023, 70.96192404794093, 64.67993542348998, 59.84062207632972, 57.743147939335635, 57.88078115792537, 69.70697136201846, 75.29243327059835, 69.63621347123811, 62.94541680625656, 62.1456377389757, 63.53645660411364, 65.37183115425302, 66.80482956938144, 68.85548964559722, 69.12391106823961, 74.84333172014891, 79.36541570417029, 74.6806364657991, 70.34642466017968, 69.88480677252963, 69.72912695459738, 70.4853654976934, 69.9520436755902, 70.46861139963701, 72.9898084017754, 79.11207649922106, 80.82152331295919, 76.07097335389328, 72.63071250094248, 72.75410021529639, 73.09214752082, 73.81612176079679, 72.54133892313818, 72.5436240253241, 73.46980474173434, 75.79182094947359, 77.82493146318102, 74.1472909191528, 71.9084940226874, 71.5178226852226, 70.38595960177891, 70.70115054137345, 70.93493194682772, 71.55430952605853, 72.08677076858176, 75.03313831772664, 75.79603342872042, 73.30623187462871, 72.08222225085008, 72.022947152459, 71.42664283711545, 72.47516114678574, 72.34785186822768, 74.12918627932002, 74.45476942264933, 76.15032688948628, 77.40293273812085, 75.1941153141762, 73.49765022678258, 73.04966074279551, 73.04538892782868, 73.44320106290192, 72.41919236222813, 72.73978785344059, 73.60156969572812, 75.8853725358522, 76.89622055163417, 75.00496407300346, 73.11998349810186, 73.08001957864471, 73.13519015577617, 73.62410692660197, 76.26667064435483, 78.53025245123764, 74.39789485426188, 73.92151092429219, 74.47380771737744, 74.48013147682889, 73.93005464290577, 73.12412151213744, 73.55991659135194, 73.71783193920812, 74.63397765317328, 75.90222098980013, 76.41934642903979, 77.43107572038626, 77.8258611826795, 77.0326516875457, 75.36717636461239, 76.14615014471941, 75.9466360335722, 76.47901788600637, 77.17013224026468, 77.65632192585967, 77.5493306101234, 77.93061542915991, 77.61070075379385, 76.64968632651048, 76.43966298426103, 76.53389721779915, 75.81942462476974, 75.93832612648842, 75.93135139779625, 75.53227057182458, 74.28884956126778, 74.17026008485446, 73.31102938805587, 72.58418434013026, 71.74444552991167, 70.86793120302045, 69.5746090546369, 69.55206037758833, 67.70775769216131, 62.36523451656665, 58.731181016137235, 53.825335824849006, 48.37960927590058, 41.13272613665198, 33.44619199797046, 26.387345138670632, 22.42391121959949, 21.254067804070573, 21.156075145535738, 21.50567167703919, 17.05617237086267], "f": [0.0, 0.78125, 1.5625, 2.34375, 3.125, 3.90625, 4.6875, 5.46875, 6.25, 7.03125, 7.8125, 8.59375, 9.375, 10.15625, 10.9375, 11.71875, 12.5, 13.28125, 14.0625, 14.84375, 15.625, 16.40625, 17.1875, 17.96875, 18.75, 19.53125, 20.3125, 21.09375, 21.875, 22.65625, 23.4375, 24.21875, 25.0, 25.78125, 26.5625, 27.34375, 28.125, 28.90625, 29.6875, 30.46875, 31.25, 32.03125, 32.8125, 33.59375, 34.375, 35.15625, 35.9375, 36.71875, 37.5, 38.28125, 39.0625, 39.84375, 40.625, 41.40625, 42.1875, 42.96875, 43.75, 44.53125, 45.3125, 46.09375, 46.875, 47.65625, 48.4375, 49.21875, 50.0, 50.78125, 51.5625, 52.34375, 53.125, 53.90625, 54.6875, 55.46875, 56.25, 57.03125, 57.8125, 58.59375, 59.375, 60.15625, 60.9375, 61.71875, 62.5, 63.28125, 64.0625, 64.84375, 65.625, 66.40625, 67.1875, 67.96875, 68.75, 69.53125, 70.3125, 71.09375, 71.875, 72.65625, 73.4375, 74.21875, 75.0, 75.78125, 76.5625, 77.34375, 78.125, 78.90625, 79.6875, 80.46875, 81.25, 82.03125, 82.8125, 83.59375, 84.375, 85.15625, 85.9375, 86.71875, 87.5, 88.28125, 89.0625, 89.84375, 90.625, 91.40625, 92.1875, 92.96875, 93.75, 94.53125, 95.3125, 96.09375, 96.875, 97.65625, 98.4375, 99.21875, 100.0]}