{"psd": [64.45865734658496, 74.06273923790653, 71.92861352529107, 69.87438084521821, 66.97181298290188, 63.42024138675761, 59.887439594361425, 56.59095570053066, 55.802277436821896, 59.892690453737245, 63.576135091308615, 61.720532220020196, 57.41814615406326, 64.6781374088603, 68.4312341888211, 63.765524663893814, 59.68737477944185, 58.17388596537822, 63.817044452528464, 69.70860050409615, 68.86525118321683, 63.67355567815118, 63.14365613887495, 62.44950710395899, 62.28517082728779, 62.606607655004225, 63.37134673431153, 64.38684769446202, 64.39342032622069, 65.45654924518, 66.62462499514922, 65.68418244893957, 64.59536476730696, 64.49309962082606, 65.00658885282294, 65.62603382509866, 67.55266280091261, 68.95060292211954, 70.61812552174443, 73.40002872516652, 73.42891967323857, 70.26861609795031, 68.79076693981338, 68.3326660400848, 67.68085727232757, 68.44771028852033, 69.41022601315797, 68.26365546728395, 69.41740318979188, 71.79063948203749, 71.10782920397972, 69.89669887442818, 69.46451197536112, 69.27724462863247, 69.29720240520938, 70.31739705680192, 69.76456945382682, 69.84906229686116, 71.43216314555151, 74.13908183594421, 72.54452238896265, 70.29850069923174, 70.16828259967424, 69.56222643154008, 69.30396241428207, 69.11908133729747, 68.94852075078822, 69.53980711469298, 72.30743179739062, 75.09503872111586, 71.96603548162877, 69.34293989110488, 68.04815223491653, 67.92332445011854, 68.36069779523763, 69.80755214419764, 69.33081921966246, 69.88234678684177, 69.9688083445571, 71.08894174022237, 69.3495156482955, 67.82796972167077, 66.72703330801666, 66.07693738581644, 65.45617417340146, 65.54664106996074, 64.9740559721312, 65.03843737793576, 65.9989585614666, 66.30570572240434, 65.04950860635601, 64.07680089436616, 63.8738621913766, 63.3439362162882, 63.012255407598936, 63.9833799947981, 63.370721294043676, 62.75931972727797, 63.54938234935865, 62.71299194681583, 63.27126705432516, 62.817189125818786, 62.6816581454127, 62.869639171796905, 62.63185879975737, 63.40427711460103, 64.69537253652439, 64.54868886989615, 62.519706633151515, 62.04579375400901, 61.83245260685225, 61.69854138846915, 60.5536357736625, 59.673799735487016, 60.106416841791585, 59.82402364256012, 56.01330666259108, 52.10376073261689, 47.58999645216031, 42.270563291542196, 37.170733868545184, 30.945999752873018, 24.636835239161986, 21.96550782587277, 21.314645955398692, 21.465685785874555, 21.613997004958037, 21.46628738642167, 15.853913289361364], "f": [0.0, 0.78125, 1.5625, 2.34375, 3.125, 3.90625, 4.6875, 5.46875, 6.25, 7.03125, 7.8125, 8.59375, 9.375, 10.15625, 10.9375, 11.71875, 12.5, 13.28125, 14.0625, 14.84375, 15.625, 16.40625, 17.1875, 17.96875, 18.75, 19.53125, 20.3125, 21.09375, 21.875, 22.65625, 23.4375, 24.21875, 25.0, 25.78125, 26.5625, 27.34375, 28.125, 28.90625, 29.6875, 30.46875, 31.25, 32.03125, 32.8125, 33.59375, 34.375, 35.15625, 35.9375, 36.71875, 37.5, 38.28125, 39.0625, 39.84375, 40.625, 41.40625, 42.1875, 42.96875, 43.75, 44.53125, 45.3125, 46.09375, 46.875, 47.65625, 48.4375, 49.21875, 50.0, 50.78125, 51.5625, 52.34375, 53.125, 53.90625, 54.6875, 55.46875, 56.25, 57.03125, 57.8125, 58.59375, 59.375, 60.15625, 60.9375, 61.71875, 62.5, 63.28125, 64.0625, 64.84375, 65.625, 66.40625, 67.1875, 67.96875, 68.75, 69.53125, 70.3125, 71.09375, 71.875, 72.65625, 73.4375, 74.21875, 75.0, 75.78125, 76.5625, 77.34375, 78.125, 78.90625, 79.6875, 80.46875, 81.25, 82.03125, 82.8125, 83.59375, 84.375, 85.15625, 85.9375, 86.71875, 87.5, 88.28125, 89.0625, 89.84375, 90.625, 91.40625, 92.1875, 92.96875, 93.75, 94.53125, 95.3125, 96.09375, 96.875, 97.65625, 98.4375, 99.21875, 100.0]}