{"psd": [68.26788149020443, 77.55648021500679, 77.88302877074419, 75.29620520479209, 70.778422319121, 65.14875397900748, 60.0617663034135, 57.36941432050642, 56.428685153216385, 55.71479326385207, 56.76772487566288, 58.13186993897769, 57.486313654180805, 58.16493773500411, 58.16261779731403, 58.06176899368986, 60.27190479387505, 61.28441816724368, 59.97905309298257, 62.92115735233508, 62.35322121736221, 62.18742216785038, 64.3282128317264, 66.82400927417662, 66.80386247182304, 65.4862621819027, 65.31956613650686, 65.4867465168821, 66.667524499083, 66.91599186224792, 63.882317426916345, 62.53143101063017, 63.05316034911421, 63.23971476929834, 63.72138442227015, 64.39550497613413, 64.77504554068804, 65.46193000771234, 66.87139911743111, 65.84476859944975, 64.95574755076346, 65.14601715527849, 65.16831559472236, 65.29148205488666, 64.52725570985936, 63.81404205160062, 64.80402637732296, 64.15134929162429, 63.625392021913456, 62.83582530171364, 63.08677363328316, 63.53105462788241, 62.80370086738222, 63.45841324769498, 64.27119714886163, 65.6076807812049, 66.02262800199992, 66.28868832856045, 67.16662954571638, 65.37631073889241, 63.95306612566094, 64.1739692985789, 65.03880645217096, 66.37583715776893, 66.91230056784177, 66.53887129308171, 65.506773749843, 64.80054165405143, 64.59875709175074, 65.1808881414957, 65.59547441785777, 65.66815433528424, 65.5422917912002, 65.80036860954878, 68.24042572671244, 71.22507410506645, 71.35218349323236, 71.12201966731543, 67.46840964722949, 65.06224138417764, 65.88400975217986, 66.54540200071237, 66.64660238031291, 65.31213975298672, 64.36344234204954, 64.86086412879988, 66.49046472808273, 67.36415963906788, 67.39950389399286, 67.14396503124895, 66.98792640208336, 67.01890973642938, 66.58796523759523, 67.56752059106344, 69.97920745155581, 70.3200156853653, 69.51445330237468, 69.89537013002243, 70.56331738726043, 70.29858311636717, 71.34058552438152, 70.97870238676992, 71.15619824592056, 71.96896093611899, 72.82806199779418, 75.15787624433909, 74.94134285545455, 73.80609510388426, 72.43313197561805, 71.18374963052365, 71.60413568777196, 69.83572890488792, 67.71255819431931, 66.45281914268246, 65.79165894762605, 66.37663475577025, 63.204089233520484, 58.02648488450275, 53.31012400934509, 49.067294086942155, 43.23517248424291, 37.184235170978305, 30.682919114742745, 24.8834206222918, 22.64978524061139, 21.692842312359787, 21.815242925264812, 21.369331140750862, 16.786149776692074], "f": [0.0, 0.78125, 1.5625, 2.34375, 3.125, 3.90625, 4.6875, 5.46875, 6.25, 7.03125, 7.8125, 8.59375, 9.375, 10.15625, 10.9375, 11.71875, 12.5, 13.28125, 14.0625, 14.84375, 15.625, 16.40625, 17.1875, 17.96875, 18.75, 19.53125, 20.3125, 21.09375, 21.875, 22.65625, 23.4375, 24.21875, 25.0, 25.78125, 26.5625, 27.34375, 28.125, 28.90625, 29.6875, 30.46875, 31.25, 32.03125, 32.8125, 33.59375, 34.375, 35.15625, 35.9375, 36.71875, 37.5, 38.28125, 39.0625, 39.84375, 40.625, 41.40625, 42.1875, 42.96875, 43.75, 44.53125, 45.3125, 46.09375, 46.875, 47.65625, 48.4375, 49.21875, 50.0, 50.78125, 51.5625, 52.34375, 53.125, 53.90625, 54.6875, 55.46875, 56.25, 57.03125, 57.8125, 58.59375, 59.375, 60.15625, 60.9375, 61.71875, 62.5, 63.28125, 64.0625, 64.84375, 65.625, 66.40625, 67.1875, 67.96875, 68.75, 69.53125, 70.3125, 71.09375, 71.875, 72.65625, 73.4375, 74.21875, 75.0, 75.78125, 76.5625, 77.34375, 78.125, 78.90625, 79.6875, 80.46875, 81.25, 82.03125, 82.8125, 83.59375, 84.375, 85.15625, 85.9375, 86.71875, 87.5, 88.28125, 89.0625, 89.84375, 90.625, 91.40625, 92.1875, 92.96875, 93.75, 94.53125, 95.3125, 96.09375, 96.875, 97.65625, 98.4375, 99.21875, 100.0]}