{"psd": [66.82550693579793, 75.92866607816592, 75.9049611275478, 72.98364239049016, 68.50978110114576, 63.77963188087422, 59.70361204470214, 57.40456807233586, 58.58978023227462, 62.15402020981922, 60.19774991640614, 56.18926969794178, 58.7440944270956, 59.93802788104411, 59.069556464802446, 58.18690840273004, 59.24804800398874, 58.64090222062349, 60.446340439419195, 59.817253056376956, 57.908564072414805, 59.10471868928269, 61.75496580575654, 61.06774219439263, 58.5501413195479, 60.9225353102562, 65.43087510020585, 62.6882464493312, 59.492320640489204, 59.01065431043207, 58.607392455610054, 59.15483853009615, 60.27195030081292, 60.549892024706196, 59.911660917778285, 61.16004574690828, 64.51107577396145, 65.45300028304881, 68.19618818761981, 66.65811443443617, 62.43971327205175, 62.28939302533376, 62.42864350354287, 62.73948155580327, 64.00111891678537, 64.21436904323483, 63.95524434882101, 63.38004957850468, 63.51876221129277, 63.398333964901845, 63.85586717916852, 63.54544489378679, 63.12746635486335, 64.32422649113369, 65.48370682981765, 65.93677667431332, 64.73305610204717, 65.20860768690086, 65.12524872685691, 64.64825928259745, 63.609162737809285, 64.65887529794065, 67.12023676101731, 70.24211415977378, 71.2231931299772, 69.82724786277106, 68.67233857935548, 66.38374064090306, 65.47410340583927, 64.72135199976829, 64.73724826983674, 65.97804657371125, 67.482170724577, 68.31636872027548, 67.06530047050815, 73.3405399239752, 82.90875193101151, 80.84900016890536, 69.73012777932203, 65.11599080424679, 63.83647930834779, 64.83301367782963, 65.78206922701958, 66.9792135013185, 64.48512364603165, 62.71083730562666, 61.777750975709125, 62.688659856687565, 62.85626846205787, 63.55763720965065, 64.08757591294686, 64.00053317790949, 64.13514882688568, 62.92678163121686, 62.157579207341406, 66.76589848431837, 71.49866701434826, 66.70283439918481, 61.49935151333044, 62.270622617437695, 62.4434739867184, 62.50534174153583, 62.42665244777613, 61.96490835302355, 61.35962504639168, 61.41362811951844, 61.17128823000226, 61.08904447974972, 60.86707002842104, 61.319122317169565, 62.28538034508912, 60.765498582898985, 58.721157609325616, 57.29610378299972, 59.065780486681916, 65.5918355912929, 62.25720369640261, 48.41088935275123, 44.527741518175006, 39.91378126395877, 34.57785565420581, 28.56329645664946, 23.34944559877352, 21.66867685918259, 21.539897892886202, 21.017471971482408, 21.19431538058428, 21.408910199943954, 15.319284695799372], "f": [0.0, 0.78125, 1.5625, 2.34375, 3.125, 3.90625, 4.6875, 5.46875, 6.25, 7.03125, 7.8125, 8.59375, 9.375, 10.15625, 10.9375, 11.71875, 12.5, 13.28125, 14.0625, 14.84375, 15.625, 16.40625, 17.1875, 17.96875, 18.75, 19.53125, 20.3125, 21.09375, 21.875, 22.65625, 23.4375, 24.21875, 25.0, 25.78125, 26.5625, 27.34375, 28.125, 28.90625, 29.6875, 30.46875, 31.25, 32.03125, 32.8125, 33.59375, 34.375, 35.15625, 35.9375, 36.71875, 37.5, 38.28125, 39.0625, 39.84375, 40.625, 41.40625, 42.1875, 42.96875, 43.75, 44.53125, 45.3125, 46.09375, 46.875, 47.65625, 48.4375, 49.21875, 50.0, 50.78125, 51.5625, 52.34375, 53.125, 53.90625, 54.6875, 55.46875, 56.25, 57.03125, 57.8125, 58.59375, 59.375, 60.15625, 60.9375, 61.71875, 62.5, 63.28125, 64.0625, 64.84375, 65.625, 66.40625, 67.1875, 67.96875, 68.75, 69.53125, 70.3125, 71.09375, 71.875, 72.65625, 73.4375, 74.21875, 75.0, 75.78125, 76.5625, 77.34375, 78.125, 78.90625, 79.6875, 80.46875, 81.25, 82.03125, 82.8125, 83.59375, 84.375, 85.15625, 85.9375, 86.71875, 87.5, 88.28125, 89.0625, 89.84375, 90.625, 91.40625, 92.1875, 92.96875, 93.75, 94.53125, 95.3125, 96.09375, 96.875, 97.65625, 98.4375, 99.21875, 100.0]}