{"psd": [63.957659258600536, 73.77471006145477, 75.04727455915567, 73.47372449878301, 69.7707963004645, 65.0146523266274, 60.69809702354786, 57.756168277162494, 56.92374033796724, 56.51658202108968, 56.985930778812175, 59.76341382205257, 57.89048361621095, 56.76173213278976, 56.81805118823963, 59.785929977837, 58.856641740288765, 57.00942725319143, 59.32884699264898, 63.05909777286206, 61.17140794787288, 59.48965114373494, 61.259544044931516, 64.0864642152203, 63.23772007360439, 63.098678896542125, 63.307747501091676, 62.344478826394, 62.1475554406306, 62.749253516717054, 61.734317761448324, 61.05311510928168, 61.19947247974672, 61.48075512873408, 61.68797898757386, 61.53833414111655, 61.846271538378765, 63.29554376113145, 64.80491626158978, 62.79260107093548, 60.72941867519375, 62.51709058839972, 63.57040789521278, 64.26002256861987, 65.08093855401975, 65.59331962666444, 64.81134347451484, 63.90265184124887, 62.293928951457005, 62.50534022984227, 62.90509835337825, 62.493900550425685, 62.71354457929357, 63.67671418182873, 63.203252261098726, 62.656988427344245, 63.91677922287783, 64.97053028391495, 66.11189440136775, 64.17865843785381, 64.85189990981284, 67.64441946713931, 68.57382377920146, 67.1869670933957, 64.50677523873607, 63.047513018482675, 62.29693031521066, 62.82976557154856, 62.431157662447454, 62.55065972927235, 62.46505515184536, 62.36442922358933, 61.601113965570946, 62.10026027939811, 65.43470131606712, 70.12112133453834, 69.6855011760372, 67.1565557462984, 62.94262411079384, 62.23315091494048, 61.692870173314496, 60.93780681387136, 61.04197501147196, 60.85684362401192, 59.985417268740434, 59.42522038062584, 60.07039822140588, 60.60522140964932, 59.60359206789684, 59.58534781990614, 58.867139843806974, 58.926481589039746, 58.222177847751894, 58.569231058967716, 58.842222276358896, 59.5916501629906, 59.815013390190515, 60.31865048141772, 60.86364413852826, 61.32377317075034, 62.74603570483839, 63.57845142694249, 64.0744300215189, 62.284020883601144, 61.58888186450063, 62.658645370772135, 63.63115657256094, 63.387660543095194, 62.389075705425896, 61.72138562138525, 61.565012170028844, 60.37803509409716, 59.3082985491108, 58.87392190413897, 59.27556339382504, 60.51063260916864, 57.412880310444294, 51.75520410066567, 47.07871510351839, 42.08959766114158, 36.43369383494344, 30.243573393528308, 24.42532371149578, 21.76317525800302, 21.726812577304496, 21.411286622530042, 21.05491970232922, 21.074213690770243, 15.95094779488621], "f": [0.0, 0.78125, 1.5625, 2.34375, 3.125, 3.90625, 4.6875, 5.46875, 6.25, 7.03125, 7.8125, 8.59375, 9.375, 10.15625, 10.9375, 11.71875, 12.5, 13.28125, 14.0625, 14.84375, 15.625, 16.40625, 17.1875, 17.96875, 18.75, 19.53125, 20.3125, 21.09375, 21.875, 22.65625, 23.4375, 24.21875, 25.0, 25.78125, 26.5625, 27.34375, 28.125, 28.90625, 29.6875, 30.46875, 31.25, 32.03125, 32.8125, 33.59375, 34.375, 35.15625, 35.9375, 36.71875, 37.5, 38.28125, 39.0625, 39.84375, 40.625, 41.40625, 42.1875, 42.96875, 43.75, 44.53125, 45.3125, 46.09375, 46.875, 47.65625, 48.4375, 49.21875, 50.0, 50.78125, 51.5625, 52.34375, 53.125, 53.90625, 54.6875, 55.46875, 56.25, 57.03125, 57.8125, 58.59375, 59.375, 60.15625, 60.9375, 61.71875, 62.5, 63.28125, 64.0625, 64.84375, 65.625, 66.40625, 67.1875, 67.96875, 68.75, 69.53125, 70.3125, 71.09375, 71.875, 72.65625, 73.4375, 74.21875, 75.0, 75.78125, 76.5625, 77.34375, 78.125, 78.90625, 79.6875, 80.46875, 81.25, 82.03125, 82.8125, 83.59375, 84.375, 85.15625, 85.9375, 86.71875, 87.5, 88.28125, 89.0625, 89.84375, 90.625, 91.40625, 92.1875, 92.96875, 93.75, 94.53125, 95.3125, 96.09375, 96.875, 97.65625, 98.4375, 99.21875, 100.0]}