{"psd": [71.91442299826629, 81.37185828032025, 80.91760037312001, 76.40728199515553, 70.20887491098803, 64.19997368946636, 59.81100676890467, 58.31169089281828, 59.29240631839426, 58.469694324757654, 57.635862762675515, 58.90045461071995, 63.06645842142242, 63.73248597146734, 63.94194195365181, 63.07069849039024, 63.24542852580851, 63.21503225018916, 64.13930883622312, 64.75570612129206, 63.75249944911226, 64.1684835540294, 63.91257805682951, 64.16297848689372, 64.30381461395592, 63.85170809559904, 63.79722079097508, 64.8912652018739, 74.12260072134936, 74.86054878837302, 66.04761813690166, 64.638116370877, 64.87591589067627, 64.03917905124342, 64.54974404308564, 67.01244606918371, 68.38887079374516, 73.48808041213927, 72.93235383277026, 68.4447209597773, 65.90599327702424, 66.1322361574318, 66.34298794560164, 65.59179177168306, 65.13872301870944, 64.83382026443083, 65.28806995488834, 65.61121800455507, 65.72522436907542, 65.16617027528508, 64.71539131503016, 65.4033677844496, 64.96771307324937, 64.91532805238444, 64.93447441628068, 64.70050272757119, 64.63722957700813, 65.2859415587551, 65.22369685168474, 64.08947543295872, 64.03272459661216, 64.85221165197741, 64.82564886168089, 64.21211803317509, 64.19532903274916, 63.7180101412046, 64.30349938106377, 64.26895576948277, 63.90221623751712, 64.39541497671792, 65.15231671069922, 64.63329395070065, 65.3961510396952, 65.27197857031092, 66.78392233954156, 70.06795022286846, 68.81463372745627, 65.69095750584646, 64.24237699896031, 64.31596335558191, 63.89407172235459, 63.86059325813967, 63.6137005456926, 63.47992502405507, 63.45658848348804, 63.30207336246072, 62.654247117085546, 62.374146389329006, 63.02413669999414, 63.305532988705416, 63.01128746073583, 62.57064661696856, 62.6240540673269, 62.50053908284219, 63.089363850882776, 65.13801894417799, 67.6273095011278, 64.75325909162419, 62.87929560955847, 62.81214368404257, 62.93812332489837, 63.607801643136256, 64.05370052998013, 64.61022466213112, 64.22891048631348, 63.42797941176829, 63.46968597567844, 64.9341270450537, 64.48000493449571, 63.14899611825756, 62.855185964928175, 63.30534910229595, 63.62387885123247, 62.745782195937984, 62.566780971778535, 65.4263095092657, 61.45692720724823, 53.230098344879096, 49.39778389898397, 45.03872191057809, 39.50213774265612, 33.507062028049205, 26.829104716674085, 22.536023259015337, 21.193322014974978, 21.349622392038818, 21.213066459281833, 21.095270278283426, 16.769272001294325], "f": [0.0, 0.78125, 1.5625, 2.34375, 3.125, 3.90625, 4.6875, 5.46875, 6.25, 7.03125, 7.8125, 8.59375, 9.375, 10.15625, 10.9375, 11.71875, 12.5, 13.28125, 14.0625, 14.84375, 15.625, 16.40625, 17.1875, 17.96875, 18.75, 19.53125, 20.3125, 21.09375, 21.875, 22.65625, 23.4375, 24.21875, 25.0, 25.78125, 26.5625, 27.34375, 28.125, 28.90625, 29.6875, 30.46875, 31.25, 32.03125, 32.8125, 33.59375, 34.375, 35.15625, 35.9375, 36.71875, 37.5, 38.28125, 39.0625, 39.84375, 40.625, 41.40625, 42.1875, 42.96875, 43.75, 44.53125, 45.3125, 46.09375, 46.875, 47.65625, 48.4375, 49.21875, 50.0, 50.78125, 51.5625, 52.34375, 53.125, 53.90625, 54.6875, 55.46875, 56.25, 57.03125, 57.8125, 58.59375, 59.375, 60.15625, 60.9375, 61.71875, 62.5, 63.28125, 64.0625, 64.84375, 65.625, 66.40625, 67.1875, 67.96875, 68.75, 69.53125, 70.3125, 71.09375, 71.875, 72.65625, 73.4375, 74.21875, 75.0, 75.78125, 76.5625, 77.34375, 78.125, 78.90625, 79.6875, 80.46875, 81.25, 82.03125, 82.8125, 83.59375, 84.375, 85.15625, 85.9375, 86.71875, 87.5, 88.28125, 89.0625, 89.84375, 90.625, 91.40625, 92.1875, 92.96875, 93.75, 94.53125, 95.3125, 96.09375, 96.875, 97.65625, 98.4375, 99.21875, 100.0]}