{"psd": [71.22077492911102, 79.6868112862688, 77.78726888720576, 73.68818807998895, 70.25852551148233, 65.37872841100017, 60.20905908383742, 57.508932788678955, 56.652304552114074, 55.4895494053661, 55.55233125585417, 53.25833030436242, 54.29169497603732, 55.40209399418575, 56.57426123171966, 56.924823040050185, 57.777269206556895, 57.82608798698404, 57.4963369724609, 57.801596774655344, 58.06216350726078, 57.99953143699014, 58.28065070898425, 60.14511747794724, 61.092859359242, 61.67095784294026, 62.259587506698765, 62.89339244767571, 64.35711629085498, 66.02985979909592, 64.56543042205281, 62.46510283225581, 60.997280144056134, 62.35723234180027, 64.72673578018271, 67.11308805976194, 64.68718270484774, 60.986945243305414, 62.80924490243993, 61.40853256919839, 59.77978957874433, 60.685270037950445, 60.649916836086845, 61.14387346291891, 60.39438702736114, 60.065962133600515, 60.1554861402067, 59.98291649218376, 60.11883690469425, 59.34285080897368, 59.19371377507154, 59.87665920004719, 60.17559249059434, 60.26073264532557, 60.869811714869684, 60.01707856094548, 59.81730463827584, 61.66464143581471, 62.13997122285357, 60.60860868034942, 60.51294837246252, 61.132195748342596, 62.495451951722416, 63.64949212146945, 63.37517605580636, 62.773458327369276, 62.22056111737949, 62.22238310151255, 62.24262276849019, 63.046074094099474, 63.22748769445724, 62.09289715459391, 61.37156450215652, 61.353451819248306, 61.73712330185778, 62.47390671997957, 69.47984212520795, 72.29518020148808, 65.0521454442283, 59.14266292837284, 59.009246261206634, 59.00127533599334, 59.612534537229855, 59.180200095980204, 59.397046428353676, 59.008493029469804, 58.69317665403809, 59.006247353182346, 58.52639022663589, 58.38308818880773, 57.55510661648043, 57.74338553061309, 58.11107884613088, 57.683726821479354, 57.45391005958605, 60.75737864265993, 65.31945542957367, 61.06554837410337, 57.352090593669196, 57.02091672170043, 56.41231310572536, 56.707437125053104, 56.80451155765101, 56.91529043460505, 57.29733637509973, 58.74575772093041, 59.288824043773914, 57.876237265202874, 57.509353095308796, 56.158343139907274, 55.892947715103574, 56.22676628655171, 55.11167127086605, 54.81077063780789, 55.894889278745474, 60.808415013588764, 57.52871765333059, 46.898933372704796, 42.39393969474145, 37.92401436479984, 33.10532836445189, 27.495550126863854, 23.352367122821676, 21.43665151164261, 20.857384579067627, 21.61529309250565, 21.53415303792749, 21.267705274176404, 16.54203332493949], "f": [0.0, 0.78125, 1.5625, 2.34375, 3.125, 3.90625, 4.6875, 5.46875, 6.25, 7.03125, 7.8125, 8.59375, 9.375, 10.15625, 10.9375, 11.71875, 12.5, 13.28125, 14.0625, 14.84375, 15.625, 16.40625, 17.1875, 17.96875, 18.75, 19.53125, 20.3125, 21.09375, 21.875, 22.65625, 23.4375, 24.21875, 25.0, 25.78125, 26.5625, 27.34375, 28.125, 28.90625, 29.6875, 30.46875, 31.25, 32.03125, 32.8125, 33.59375, 34.375, 35.15625, 35.9375, 36.71875, 37.5, 38.28125, 39.0625, 39.84375, 40.625, 41.40625, 42.1875, 42.96875, 43.75, 44.53125, 45.3125, 46.09375, 46.875, 47.65625, 48.4375, 49.21875, 50.0, 50.78125, 51.5625, 52.34375, 53.125, 53.90625, 54.6875, 55.46875, 56.25, 57.03125, 57.8125, 58.59375, 59.375, 60.15625, 60.9375, 61.71875, 62.5, 63.28125, 64.0625, 64.84375, 65.625, 66.40625, 67.1875, 67.96875, 68.75, 69.53125, 70.3125, 71.09375, 71.875, 72.65625, 73.4375, 74.21875, 75.0, 75.78125, 76.5625, 77.34375, 78.125, 78.90625, 79.6875, 80.46875, 81.25, 82.03125, 82.8125, 83.59375, 84.375, 85.15625, 85.9375, 86.71875, 87.5, 88.28125, 89.0625, 89.84375, 90.625, 91.40625, 92.1875, 92.96875, 93.75, 94.53125, 95.3125, 96.09375, 96.875, 97.65625, 98.4375, 99.21875, 100.0]}