{"psd": [68.79482241813697, 77.16434265857895, 74.50305232676382, 69.81616969495481, 64.91193674738055, 60.662237617076656, 56.879268765963076, 54.607489350202, 53.38262649459186, 53.804533855201115, 57.48887953621725, 60.3685966576992, 58.974338969895406, 57.40798819222018, 58.01528283942666, 59.005842153674365, 58.756179333018764, 58.856154039702815, 59.19186137266381, 61.4629628768295, 59.98928007223079, 60.255466489925695, 63.657876139544776, 64.62657854035014, 60.68307888187772, 58.3414649836157, 58.034454295258165, 58.63384924602215, 59.97467291936377, 61.38838021801948, 63.77966147206915, 66.75354372871489, 67.22245064366578, 63.45803057209933, 60.56978854704354, 59.902605141901276, 60.07376415929181, 61.244338498593805, 63.40866476285246, 63.549478927349995, 64.5552022988283, 65.57327598570686, 65.31473629569622, 63.62369861414444, 62.97970066503542, 63.41361339567359, 64.05309484905742, 64.56039141979073, 64.94049283283863, 65.79153942837883, 65.96013733467566, 66.56748749430162, 66.4099127743315, 65.34194955101783, 63.537145049934864, 63.245378806840776, 63.67614275554252, 68.42225684123053, 69.77241813046946, 63.59776010906617, 63.48428460672818, 64.77708701984615, 64.42730010326046, 64.16293668873728, 64.65381227163607, 63.99786783193362, 63.97897335483957, 64.82913873612887, 65.68972758542445, 65.53439151327073, 63.98573281930116, 63.86672981349513, 64.19252642438987, 64.18471364235084, 66.14046558521574, 71.80740060896592, 79.54138243819355, 78.09610309955488, 67.0337771453199, 63.42258116246956, 63.40263847958947, 62.633922358769055, 63.60472669030691, 64.60037877443759, 63.45686746831567, 63.0232039358835, 63.18316843315928, 62.934281112597745, 62.86024924208573, 63.628375637506494, 65.40773903890556, 66.34108238405446, 65.27367830212572, 63.88930418881244, 65.07032455338218, 67.22017857447575, 69.99089489856891, 68.24542551722013, 67.8859846292516, 67.96310926329744, 66.64170935923883, 66.46228731169926, 66.89945795251413, 67.51384926322588, 67.47998153550564, 68.17394928445646, 69.23642932508541, 68.79661633903986, 67.92149227682431, 67.57773268429668, 67.39250688321758, 66.25773875539763, 65.62582417878359, 65.51845971379562, 65.00915080020954, 65.11060711607462, 61.91854007476651, 57.10386334974844, 53.569806336379855, 48.07059446354874, 42.25661500555162, 36.45646520838109, 29.195222889261423, 23.772886533536145, 22.03382040572809, 21.511121392631694, 21.252268069332846, 20.730499433547106, 16.385019793093825], "f": [0.0, 0.78125, 1.5625, 2.34375, 3.125, 3.90625, 4.6875, 5.46875, 6.25, 7.03125, 7.8125, 8.59375, 9.375, 10.15625, 10.9375, 11.71875, 12.5, 13.28125, 14.0625, 14.84375, 15.625, 16.40625, 17.1875, 17.96875, 18.75, 19.53125, 20.3125, 21.09375, 21.875, 22.65625, 23.4375, 24.21875, 25.0, 25.78125, 26.5625, 27.34375, 28.125, 28.90625, 29.6875, 30.46875, 31.25, 32.03125, 32.8125, 33.59375, 34.375, 35.15625, 35.9375, 36.71875, 37.5, 38.28125, 39.0625, 39.84375, 40.625, 41.40625, 42.1875, 42.96875, 43.75, 44.53125, 45.3125, 46.09375, 46.875, 47.65625, 48.4375, 49.21875, 50.0, 50.78125, 51.5625, 52.34375, 53.125, 53.90625, 54.6875, 55.46875, 56.25, 57.03125, 57.8125, 58.59375, 59.375, 60.15625, 60.9375, 61.71875, 62.5, 63.28125, 64.0625, 64.84375, 65.625, 66.40625, 67.1875, 67.96875, 68.75, 69.53125, 70.3125, 71.09375, 71.875, 72.65625, 73.4375, 74.21875, 75.0, 75.78125, 76.5625, 77.34375, 78.125, 78.90625, 79.6875, 80.46875, 81.25, 82.03125, 82.8125, 83.59375, 84.375, 85.15625, 85.9375, 86.71875, 87.5, 88.28125, 89.0625, 89.84375, 90.625, 91.40625, 92.1875, 92.96875, 93.75, 94.53125, 95.3125, 96.09375, 96.875, 97.65625, 98.4375, 99.21875, 100.0]}