{"psd": [69.60989583552708, 79.11626840659595, 74.1507594067188, 68.71574341156293, 64.34984442951563, 59.080420708266416, 56.39687997432585, 59.80575959243603, 59.07721717317106, 57.261529307306695, 59.704102252579546, 59.971105988595, 58.11911048980437, 57.852108014958866, 59.7508301895885, 59.641616653731035, 58.35933336570232, 58.689911238931145, 61.189750990848125, 61.11491159654324, 58.970705688196865, 61.10621627399715, 64.60440819172807, 62.19674869681509, 61.11484522831637, 62.56969905335879, 62.876718541006355, 63.06541710758598, 65.61099359260571, 68.97499446119541, 69.12300997879439, 65.66803027363403, 62.044817318778726, 63.194516373794336, 65.28375112586302, 64.30925090326097, 63.873465887577666, 63.734533050269775, 65.62087115118588, 64.77799766883668, 62.55961751484265, 62.12879854929625, 62.50239936778111, 61.8217287217911, 60.6800064130787, 61.812098732738264, 63.70431497794512, 63.08183346437459, 62.85333062423113, 64.07077983345543, 63.17824451998199, 62.32242610899135, 61.34363281275866, 62.470002730687604, 62.754191576801816, 63.003752098510745, 63.377307735538594, 63.39252162449576, 63.85850706651807, 64.3447151011822, 65.21154492173463, 64.79369367473497, 63.96375184818973, 64.92924362598865, 66.1116311695591, 65.22933867126262, 63.96934979395972, 61.872397231973466, 61.65154721108239, 61.394410318963864, 60.930583624800896, 61.22683028634832, 60.40470642006869, 60.294136513792154, 60.49189218447865, 63.17424330980999, 65.88447218430291, 65.69781261064138, 60.39101198050949, 58.11025157475633, 58.55527391118485, 62.12016113949716, 65.02877335041954, 63.59838748574475, 60.45981457851138, 58.55288631103862, 58.112593412539006, 58.32523643207562, 58.471888456914655, 59.45737836559039, 60.476373396134804, 65.41477682244906, 68.80475230597955, 68.50776068708832, 63.55118904211007, 65.17665747879118, 68.83040541886524, 63.11695841790004, 58.22758882021365, 58.95712133212972, 59.32735696268358, 59.162241461345594, 58.82053116558968, 59.49917618713024, 60.721308155627725, 60.5605234209732, 59.25733299355378, 58.221087951911656, 57.960917510783794, 57.44291720482174, 57.29349889133148, 56.90062371808352, 56.48072340064832, 56.914953985655416, 59.688968929786284, 65.64003398746334, 61.666266100140696, 48.16596200539814, 43.925542567969444, 39.86493631581733, 34.06209358852293, 28.504436006299997, 24.138147556252964, 21.810634625973275, 21.114859006821888, 21.587500474015357, 21.250096808554474, 20.969995685031503, 15.939007920938955], "f": [0.0, 0.78125, 1.5625, 2.34375, 3.125, 3.90625, 4.6875, 5.46875, 6.25, 7.03125, 7.8125, 8.59375, 9.375, 10.15625, 10.9375, 11.71875, 12.5, 13.28125, 14.0625, 14.84375, 15.625, 16.40625, 17.1875, 17.96875, 18.75, 19.53125, 20.3125, 21.09375, 21.875, 22.65625, 23.4375, 24.21875, 25.0, 25.78125, 26.5625, 27.34375, 28.125, 28.90625, 29.6875, 30.46875, 31.25, 32.03125, 32.8125, 33.59375, 34.375, 35.15625, 35.9375, 36.71875, 37.5, 38.28125, 39.0625, 39.84375, 40.625, 41.40625, 42.1875, 42.96875, 43.75, 44.53125, 45.3125, 46.09375, 46.875, 47.65625, 48.4375, 49.21875, 50.0, 50.78125, 51.5625, 52.34375, 53.125, 53.90625, 54.6875, 55.46875, 56.25, 57.03125, 57.8125, 58.59375, 59.375, 60.15625, 60.9375, 61.71875, 62.5, 63.28125, 64.0625, 64.84375, 65.625, 66.40625, 67.1875, 67.96875, 68.75, 69.53125, 70.3125, 71.09375, 71.875, 72.65625, 73.4375, 74.21875, 75.0, 75.78125, 76.5625, 77.34375, 78.125, 78.90625, 79.6875, 80.46875, 81.25, 82.03125, 82.8125, 83.59375, 84.375, 85.15625, 85.9375, 86.71875, 87.5, 88.28125, 89.0625, 89.84375, 90.625, 91.40625, 92.1875, 92.96875, 93.75, 94.53125, 95.3125, 96.09375, 96.875, 97.65625, 98.4375, 99.21875, 100.0]}