{"psd": [69.60552638878701, 78.8397046726729, 78.71687789521316, 75.69677899909946, 70.91990538893826, 65.53376305476357, 61.5170758017408, 58.61988497932278, 58.58235131077499, 60.153025888420544, 58.69106198562136, 58.15359122389908, 59.04849004480275, 64.48350291801488, 62.59606676163862, 59.03083148409405, 59.30728173098507, 59.40515944239887, 59.04513794876807, 58.367296464684586, 57.988141667059985, 58.140332572055186, 59.46280195508501, 60.43942514158196, 60.754553150693084, 61.42562473372429, 66.33748081145187, 65.0926357702187, 62.63939816363725, 62.174523953009185, 61.59984090972137, 61.952623995480025, 61.65484481114278, 61.80183814118786, 62.885973606602576, 61.79259499387556, 62.21744309005444, 63.52143655279245, 63.5228390336198, 63.167775812828204, 62.66065540401406, 61.09971102295412, 61.2877384185693, 61.98931117730474, 62.885534589221166, 63.38895240943479, 62.660896428818525, 61.87476892975512, 62.297686377765125, 61.239141447783226, 62.064732770737464, 62.74564631765749, 63.04995006180988, 62.73033998229616, 62.152277125546284, 61.92258384208554, 61.57297473291066, 61.53917075745814, 61.5158153640473, 61.583526301656086, 62.58900042140745, 63.63370752706579, 63.62499778966297, 63.267329744944874, 62.92845295912083, 63.29598481280896, 63.493378400392054, 63.362558475869406, 63.61252861076849, 65.11897932095133, 65.56462633214753, 64.90076649777743, 64.27072198445148, 64.75516090520871, 65.59969220402425, 67.82377587519397, 67.07456949161812, 65.95961021530856, 63.95006339011964, 63.77139318191596, 64.40853323869081, 65.05203737753837, 64.15069886136583, 64.07065148363459, 64.44598912150607, 64.21024512808516, 64.3404139845776, 64.92425770656479, 65.53630680990047, 65.9119576357614, 66.19095488632892, 66.18845740631937, 65.52259407670962, 65.92597393936353, 65.72893380557771, 67.10418803406321, 67.55291908288342, 67.5452562468091, 67.67122881375226, 67.11437500425271, 67.65380027828702, 68.32035319452795, 68.7881004372966, 68.788721593748, 69.26663267027874, 69.15633360928653, 68.96357837738763, 68.3294370880599, 67.33117789812914, 66.31736722890398, 65.41807809409083, 64.99600604025504, 64.4702474895277, 63.39074786317908, 62.389412242234066, 60.747086367136646, 58.092936323174165, 54.04941859950593, 49.1227526020841, 44.85021274826011, 39.42563339292283, 33.117321573286716, 26.676553979184114, 22.737059109785, 21.784008227464923, 21.270238073642144, 21.11760252630047, 21.157491109273007, 16.595788647603975], "f": [0.0, 0.78125, 1.5625, 2.34375, 3.125, 3.90625, 4.6875, 5.46875, 6.25, 7.03125, 7.8125, 8.59375, 9.375, 10.15625, 10.9375, 11.71875, 12.5, 13.28125, 14.0625, 14.84375, 15.625, 16.40625, 17.1875, 17.96875, 18.75, 19.53125, 20.3125, 21.09375, 21.875, 22.65625, 23.4375, 24.21875, 25.0, 25.78125, 26.5625, 27.34375, 28.125, 28.90625, 29.6875, 30.46875, 31.25, 32.03125, 32.8125, 33.59375, 34.375, 35.15625, 35.9375, 36.71875, 37.5, 38.28125, 39.0625, 39.84375, 40.625, 41.40625, 42.1875, 42.96875, 43.75, 44.53125, 45.3125, 46.09375, 46.875, 47.65625, 48.4375, 49.21875, 50.0, 50.78125, 51.5625, 52.34375, 53.125, 53.90625, 54.6875, 55.46875, 56.25, 57.03125, 57.8125, 58.59375, 59.375, 60.15625, 60.9375, 61.71875, 62.5, 63.28125, 64.0625, 64.84375, 65.625, 66.40625, 67.1875, 67.96875, 68.75, 69.53125, 70.3125, 71.09375, 71.875, 72.65625, 73.4375, 74.21875, 75.0, 75.78125, 76.5625, 77.34375, 78.125, 78.90625, 79.6875, 80.46875, 81.25, 82.03125, 82.8125, 83.59375, 84.375, 85.15625, 85.9375, 86.71875, 87.5, 88.28125, 89.0625, 89.84375, 90.625, 91.40625, 92.1875, 92.96875, 93.75, 94.53125, 95.3125, 96.09375, 96.875, 97.65625, 98.4375, 99.21875, 100.0]}