{"psd": [70.43346285094135, 79.63665900745607, 79.72629624239487, 76.47816141799977, 71.1761467404698, 65.91929499943467, 62.267663288172976, 60.40977856296344, 59.245549837877746, 60.248342221995976, 62.23139865386077, 62.544308302820156, 62.90054537703847, 63.27382429758518, 61.75763907993098, 65.93464820002575, 65.50575759013225, 62.34525488939578, 63.249334466095576, 64.4797876261323, 65.33485411948027, 66.5101674811086, 64.75378427896436, 65.32537823932641, 65.12924554622654, 65.25734089069589, 65.41921003258986, 65.53722747687641, 65.8860948203869, 65.96153892210475, 65.21803231372863, 65.15177675446628, 64.05082749250946, 64.58136871701831, 65.94985259157244, 65.03176501467556, 66.46962256846733, 73.00186693804784, 74.5907475107112, 72.48134827675604, 66.38897125758776, 66.15169089027636, 65.46727812541683, 65.78372062232059, 66.32821900618887, 65.48618342004836, 65.86014025349263, 67.68244456772617, 68.06815607284071, 67.89273218299248, 66.26879946709333, 65.90114340156282, 65.60766487124666, 65.16848221290222, 64.80162736681677, 65.29970172015007, 65.87239079501468, 66.7093349169368, 65.85649373642524, 65.22731456687696, 65.70647941909526, 65.5402006351461, 64.88355623724375, 64.17719487932484, 64.17224670429908, 64.32148546817652, 64.0974751603816, 63.86243679436074, 63.572736449441365, 64.19223222495988, 65.18273202331494, 64.7991557173816, 64.64590792630065, 64.90387894763512, 65.87543786323843, 69.4531940401611, 70.2860946790439, 65.74335983088557, 64.2923280738858, 63.88749539201645, 63.499724148400496, 63.726136085183605, 64.15612854348167, 63.371284813549885, 63.181482036792154, 63.13734809444355, 63.29598071753512, 62.465798906641545, 62.830634570326396, 62.73471422180175, 63.296389595821736, 63.16400915361287, 63.538333628714945, 63.69985369454825, 63.9413660986585, 64.56946606500874, 65.95587760844842, 64.23147029191487, 63.36263758347669, 63.87797835748859, 63.32620960722706, 63.19991177536012, 63.370201676651305, 63.575704757536286, 63.120895970634166, 63.2301296887439, 63.73457206271599, 62.95916175445696, 63.29769094593906, 63.54563941250738, 63.472802660008725, 62.67121803337302, 62.028101988519275, 62.19189885044101, 60.91200360155693, 60.54092680973655, 58.014787594236665, 53.94107257600047, 49.88339930418404, 45.50941483504637, 39.80499237203279, 33.38679578178563, 26.72311696575115, 22.27862304829568, 21.285009846656678, 20.820312591205685, 20.97713867314349, 21.40382588282133, 15.68480861813911], "f": [0.0, 0.78125, 1.5625, 2.34375, 3.125, 3.90625, 4.6875, 5.46875, 6.25, 7.03125, 7.8125, 8.59375, 9.375, 10.15625, 10.9375, 11.71875, 12.5, 13.28125, 14.0625, 14.84375, 15.625, 16.40625, 17.1875, 17.96875, 18.75, 19.53125, 20.3125, 21.09375, 21.875, 22.65625, 23.4375, 24.21875, 25.0, 25.78125, 26.5625, 27.34375, 28.125, 28.90625, 29.6875, 30.46875, 31.25, 32.03125, 32.8125, 33.59375, 34.375, 35.15625, 35.9375, 36.71875, 37.5, 38.28125, 39.0625, 39.84375, 40.625, 41.40625, 42.1875, 42.96875, 43.75, 44.53125, 45.3125, 46.09375, 46.875, 47.65625, 48.4375, 49.21875, 50.0, 50.78125, 51.5625, 52.34375, 53.125, 53.90625, 54.6875, 55.46875, 56.25, 57.03125, 57.8125, 58.59375, 59.375, 60.15625, 60.9375, 61.71875, 62.5, 63.28125, 64.0625, 64.84375, 65.625, 66.40625, 67.1875, 67.96875, 68.75, 69.53125, 70.3125, 71.09375, 71.875, 72.65625, 73.4375, 74.21875, 75.0, 75.78125, 76.5625, 77.34375, 78.125, 78.90625, 79.6875, 80.46875, 81.25, 82.03125, 82.8125, 83.59375, 84.375, 85.15625, 85.9375, 86.71875, 87.5, 88.28125, 89.0625, 89.84375, 90.625, 91.40625, 92.1875, 92.96875, 93.75, 94.53125, 95.3125, 96.09375, 96.875, 97.65625, 98.4375, 99.21875, 100.0]}