{"psd": [70.67436563591724, 79.36009653521003, 76.93516000190931, 73.40470707705335, 69.07008954938117, 64.69357359610764, 60.82334150183287, 57.92117344575446, 59.235169251575, 63.25289043161729, 64.24875794419329, 65.26198374628004, 60.06451977693811, 58.02915754548672, 59.30258636607196, 58.40818233449784, 59.58598997578779, 61.83352340804412, 68.13418319408771, 70.60772662945152, 67.43492577439011, 64.56439269719934, 66.32350208627787, 69.03170068814772, 68.03417332988751, 64.95904124979974, 64.26679938929732, 67.06332388602388, 67.24133542171433, 66.83671278949036, 67.08911215581153, 64.52689934075018, 65.85860357843617, 67.1473400728752, 66.1261768915388, 66.60576018297986, 65.7764308476612, 64.98878771596758, 66.33275985585445, 65.49257294435377, 65.73073320758546, 65.84396554355818, 66.26639278429286, 69.29112142860004, 70.48360905511068, 68.90262353709073, 71.79568419244264, 70.89102718492101, 66.63474955798755, 65.6891851190424, 65.84970245131593, 65.7086764078617, 66.6434968296881, 68.38188812151682, 72.06965920957303, 71.09466756704313, 68.59086715729765, 68.05911175651903, 66.99534819033528, 66.028105288867, 66.41673382861038, 68.06259172813142, 69.21680439987654, 70.97457150903826, 73.0640131475663, 74.5449350968793, 73.6480813873166, 69.71824307309228, 68.00873328176505, 66.5225805551349, 66.49897412812234, 66.26416067512233, 67.28363922991954, 68.68426771293854, 71.42744660775418, 74.41778233299242, 76.34778111349996, 75.82792894339045, 72.74815330258723, 70.69519318257998, 69.2240182301764, 69.2241945770566, 69.05766732107276, 70.11131508492153, 71.38505681294073, 73.51817189311092, 75.15351850923199, 75.45353633926126, 74.30189778445549, 72.60413019315511, 70.57823993458403, 69.70322221610756, 69.71464248070569, 69.64604946090725, 70.65138288300466, 71.96303406494093, 71.7193879916071, 71.2231663226311, 71.99714995727663, 72.93525891136214, 70.63779397978463, 68.85591419700987, 69.01249752251265, 70.64569271903335, 71.22627811866644, 70.19568240826489, 70.552955946012, 70.11168838027955, 69.72088673964257, 69.18652169416396, 68.1537461439043, 66.44786158277472, 65.50481242016022, 64.8227648652603, 64.77198510956734, 64.44438515748533, 61.593808489356235, 57.891081543541304, 53.84914637441159, 49.29503360644468, 43.41628992476289, 37.39196116974968, 30.69055743082547, 24.34879848103542, 21.630618558040627, 21.27315968997256, 21.456755719323645, 21.199118952266428, 16.495937214742536], "f": [0.0, 0.78125, 1.5625, 2.34375, 3.125, 3.90625, 4.6875, 5.46875, 6.25, 7.03125, 7.8125, 8.59375, 9.375, 10.15625, 10.9375, 11.71875, 12.5, 13.28125, 14.0625, 14.84375, 15.625, 16.40625, 17.1875, 17.96875, 18.75, 19.53125, 20.3125, 21.09375, 21.875, 22.65625, 23.4375, 24.21875, 25.0, 25.78125, 26.5625, 27.34375, 28.125, 28.90625, 29.6875, 30.46875, 31.25, 32.03125, 32.8125, 33.59375, 34.375, 35.15625, 35.9375, 36.71875, 37.5, 38.28125, 39.0625, 39.84375, 40.625, 41.40625, 42.1875, 42.96875, 43.75, 44.53125, 45.3125, 46.09375, 46.875, 47.65625, 48.4375, 49.21875, 50.0, 50.78125, 51.5625, 52.34375, 53.125, 53.90625, 54.6875, 55.46875, 56.25, 57.03125, 57.8125, 58.59375, 59.375, 60.15625, 60.9375, 61.71875, 62.5, 63.28125, 64.0625, 64.84375, 65.625, 66.40625, 67.1875, 67.96875, 68.75, 69.53125, 70.3125, 71.09375, 71.875, 72.65625, 73.4375, 74.21875, 75.0, 75.78125, 76.5625, 77.34375, 78.125, 78.90625, 79.6875, 80.46875, 81.25, 82.03125, 82.8125, 83.59375, 84.375, 85.15625, 85.9375, 86.71875, 87.5, 88.28125, 89.0625, 89.84375, 90.625, 91.40625, 92.1875, 92.96875, 93.75, 94.53125, 95.3125, 96.09375, 96.875, 97.65625, 98.4375, 99.21875, 100.0]}