{"psd": [68.58908675187666, 78.40796574866896, 78.52597045247737, 75.43093753004992, 70.325190771863, 64.73280583717144, 59.89862758708127, 56.053955864444035, 55.71737939879485, 55.852064887938006, 56.66956686226758, 55.26626502734784, 58.21219592543707, 64.14908038342851, 64.41423751712773, 60.59850312779213, 58.62226422313469, 57.86300928194041, 58.24662267640262, 59.11251991558426, 58.78386497407614, 58.234470506932496, 58.257883287071415, 58.7918385747298, 59.92948247319565, 61.423092976804924, 60.76615434782741, 60.43867434205386, 60.46816274455864, 60.44924321632526, 60.383291552605385, 60.191485524353354, 60.104463695357296, 60.342130469883244, 59.86453493512361, 59.783268471178985, 60.25522571290214, 60.38408432336607, 61.379772366664724, 60.68428610880886, 59.78439365879437, 59.9232850394319, 58.95157322120188, 59.37074975557096, 60.568734419462785, 62.40350007760636, 62.230712286366895, 60.23758512457205, 60.82807429980464, 59.6650059165616, 59.54573531610053, 59.72334836960442, 59.58487733882089, 60.0084664984555, 60.805210573625395, 60.53970491161326, 59.10308148313659, 60.261751470597424, 60.507003372816555, 60.22433801307538, 60.36201757978042, 60.9421430384856, 61.1979243861197, 61.15161074505343, 61.30348787416119, 60.75133983558405, 59.68373894033132, 59.80999038844836, 60.012875131133285, 60.379071787273055, 60.67749339079473, 60.57934899414289, 59.98644606569667, 60.40239567901142, 61.757155560599195, 65.13290727268165, 65.101411023405, 63.88938415316832, 61.63668825608013, 60.548189900203404, 60.552748647309315, 60.39130960396436, 60.27053651886816, 59.81823616508899, 59.3832770500196, 59.5492052146297, 59.48421288574744, 60.08222373103507, 60.50420516302963, 61.05587641516071, 61.38267307421911, 62.05031845436848, 61.853717195949436, 61.501857309413694, 62.17864970005437, 62.84807557073751, 62.44702269997782, 62.6968011393373, 62.70580276150805, 62.660735625555155, 63.36955098341802, 64.48053400851076, 65.14381344397485, 65.04149995506951, 64.87369472505915, 65.23866690592223, 66.4058823578843, 65.76332760117508, 64.20223560371184, 62.618250308078316, 62.573428169192084, 60.90580994173193, 60.136010852380615, 59.12766384323341, 57.84488090192046, 57.854775456359675, 54.75648083169753, 50.44381543391282, 46.17120581308317, 41.809735759775194, 36.36616364071731, 30.994363614368755, 25.248593513570036, 21.975690113474236, 21.091513249730596, 21.216478689745458, 21.222940605267304, 21.047552552920415, 16.44792451969899], "f": [0.0, 0.78125, 1.5625, 2.34375, 3.125, 3.90625, 4.6875, 5.46875, 6.25, 7.03125, 7.8125, 8.59375, 9.375, 10.15625, 10.9375, 11.71875, 12.5, 13.28125, 14.0625, 14.84375, 15.625, 16.40625, 17.1875, 17.96875, 18.75, 19.53125, 20.3125, 21.09375, 21.875, 22.65625, 23.4375, 24.21875, 25.0, 25.78125, 26.5625, 27.34375, 28.125, 28.90625, 29.6875, 30.46875, 31.25, 32.03125, 32.8125, 33.59375, 34.375, 35.15625, 35.9375, 36.71875, 37.5, 38.28125, 39.0625, 39.84375, 40.625, 41.40625, 42.1875, 42.96875, 43.75, 44.53125, 45.3125, 46.09375, 46.875, 47.65625, 48.4375, 49.21875, 50.0, 50.78125, 51.5625, 52.34375, 53.125, 53.90625, 54.6875, 55.46875, 56.25, 57.03125, 57.8125, 58.59375, 59.375, 60.15625, 60.9375, 61.71875, 62.5, 63.28125, 64.0625, 64.84375, 65.625, 66.40625, 67.1875, 67.96875, 68.75, 69.53125, 70.3125, 71.09375, 71.875, 72.65625, 73.4375, 74.21875, 75.0, 75.78125, 76.5625, 77.34375, 78.125, 78.90625, 79.6875, 80.46875, 81.25, 82.03125, 82.8125, 83.59375, 84.375, 85.15625, 85.9375, 86.71875, 87.5, 88.28125, 89.0625, 89.84375, 90.625, 91.40625, 92.1875, 92.96875, 93.75, 94.53125, 95.3125, 96.09375, 96.875, 97.65625, 98.4375, 99.21875, 100.0]}