{"psd": [67.61183290690613, 77.10967780117971, 76.8522134985957, 75.07406949459353, 70.5306601443598, 65.05682295278446, 60.227981367375506, 59.672121274226306, 58.18370782187003, 54.57974542744077, 55.18796413028055, 56.380431102360205, 57.98490110129558, 60.80284141723162, 59.78225618974609, 57.76210302165323, 59.159094470730906, 61.661197504565415, 61.02850954079783, 59.40743869234929, 59.03179697532937, 60.0873077332714, 61.89982327493595, 63.450859413792394, 62.66386493228161, 62.46959236237366, 62.93599712989469, 63.15823239481536, 63.93688425571341, 65.00458658487352, 63.88646958687724, 62.464026653332624, 61.93672295863984, 61.8100842133243, 62.28757788385635, 64.03836397338623, 65.80129265147137, 65.08579212772412, 64.1574049474456, 62.71446631754693, 60.60055307548878, 61.13952788970039, 62.65470467002831, 64.57701482803597, 64.36873564808374, 63.87619598215774, 62.349359951036796, 61.252794164867396, 60.81251734584696, 60.39917662010721, 60.65720048315348, 61.82948766488252, 62.40437242765908, 62.26078471868098, 62.36907819126604, 62.9301681960238, 63.098830209144865, 63.768536483923384, 64.06695881398743, 61.940313831209004, 61.452218429127406, 61.90295073643809, 63.07481741322495, 63.341323607761936, 63.210421953855416, 63.107373944537024, 61.795080984441455, 61.72332767277409, 62.264074352132155, 62.17202238280865, 62.2256209252696, 62.59112853402903, 62.223369623313204, 62.51433644383356, 64.016270292112, 66.12525147461665, 65.79833049242676, 64.89397456615445, 63.74086840524049, 62.96928304776184, 62.32018737454997, 62.647932493647076, 62.57257349855722, 60.46965828257867, 60.0555851917877, 59.68261523673648, 60.008087044886544, 60.086156443849255, 60.82429832516247, 60.26194975892392, 60.85589587875896, 60.34040184882465, 59.081857413591635, 58.943421833518464, 60.21140160420031, 61.222309009555445, 61.40053343897965, 60.29413494174956, 60.52143830471027, 60.61510082558386, 61.41968540300904, 62.85487354199485, 63.16267686221147, 62.44220185975082, 61.28694148953212, 61.23807396825546, 61.36471978935844, 61.20568992771539, 60.26437979760743, 60.12510196171238, 60.57765808330673, 60.898284072714176, 59.67716631008309, 58.02038716200621, 57.9265890916747, 58.29761754329999, 56.358852700446114, 50.293686571978, 45.857504837567184, 41.73860452587113, 36.33752836631179, 30.505414339954765, 25.146508341809994, 22.23846231656494, 21.363993255043432, 21.455925174086758, 21.513939038996487, 21.04302567311096, 15.977810200021274], "f": [0.0, 0.78125, 1.5625, 2.34375, 3.125, 3.90625, 4.6875, 5.46875, 6.25, 7.03125, 7.8125, 8.59375, 9.375, 10.15625, 10.9375, 11.71875, 12.5, 13.28125, 14.0625, 14.84375, 15.625, 16.40625, 17.1875, 17.96875, 18.75, 19.53125, 20.3125, 21.09375, 21.875, 22.65625, 23.4375, 24.21875, 25.0, 25.78125, 26.5625, 27.34375, 28.125, 28.90625, 29.6875, 30.46875, 31.25, 32.03125, 32.8125, 33.59375, 34.375, 35.15625, 35.9375, 36.71875, 37.5, 38.28125, 39.0625, 39.84375, 40.625, 41.40625, 42.1875, 42.96875, 43.75, 44.53125, 45.3125, 46.09375, 46.875, 47.65625, 48.4375, 49.21875, 50.0, 50.78125, 51.5625, 52.34375, 53.125, 53.90625, 54.6875, 55.46875, 56.25, 57.03125, 57.8125, 58.59375, 59.375, 60.15625, 60.9375, 61.71875, 62.5, 63.28125, 64.0625, 64.84375, 65.625, 66.40625, 67.1875, 67.96875, 68.75, 69.53125, 70.3125, 71.09375, 71.875, 72.65625, 73.4375, 74.21875, 75.0, 75.78125, 76.5625, 77.34375, 78.125, 78.90625, 79.6875, 80.46875, 81.25, 82.03125, 82.8125, 83.59375, 84.375, 85.15625, 85.9375, 86.71875, 87.5, 88.28125, 89.0625, 89.84375, 90.625, 91.40625, 92.1875, 92.96875, 93.75, 94.53125, 95.3125, 96.09375, 96.875, 97.65625, 98.4375, 99.21875, 100.0]}