{"psd": [72.54718133109385, 81.91433016043334, 77.83904799813041, 74.49288153188081, 69.88509061242434, 65.15843357906274, 60.44065855508084, 56.626141278165875, 56.80536744701687, 57.55000700444127, 57.62449049887219, 56.04344808306418, 55.84926246287669, 55.028110047300665, 55.13852361808535, 56.27668684215634, 56.808895594986105, 57.64789205623117, 56.7143555597047, 59.144548311185304, 59.087765106696224, 58.89966536575103, 59.218568060452476, 57.65203818179134, 55.846872325678234, 56.73073463632797, 58.36189205542813, 59.84107507581696, 59.18017490292633, 59.75683480483966, 60.05066674898022, 59.97047564816059, 60.07834990453389, 60.880226069781074, 62.51309924378239, 61.37194033211778, 61.145476605434354, 62.408476503778914, 67.2011208748473, 65.93687717124335, 61.8634328851586, 61.808754730700635, 61.94201715459526, 61.309356205847436, 61.03397636480622, 62.133288278663166, 62.31103157408352, 62.126545963550484, 62.595753637019854, 63.148743565223846, 64.05356558872617, 65.38379035460964, 64.42358013526129, 63.273225504316144, 64.12045598063389, 64.0289090503139, 64.78586572794669, 67.1099768921673, 67.26576996935238, 67.35368363742391, 68.69836216559095, 67.18838146369143, 68.3549603773398, 68.32066146130855, 67.29965829027336, 68.35602200769205, 68.04639013215657, 66.58319808130432, 68.3792456133649, 66.79209512691352, 64.99435385906193, 65.4462719112142, 64.47447914400368, 63.69427624254718, 66.299245280353, 70.09876072429053, 78.33816826270927, 76.67749106454801, 67.91875973480019, 66.1654473141502, 66.0782486665993, 65.50403718936651, 65.3629579194554, 64.87015059765166, 63.95226343244552, 64.2049926043694, 62.97585811301573, 62.71834383155503, 63.09149322849322, 63.0623983779809, 62.273170111240795, 62.3676065890419, 62.04515388600774, 62.05002257823362, 62.16279181013091, 69.1052001808859, 74.17984630370574, 69.07088134470287, 65.46922133322278, 63.759533256248304, 62.19368254763832, 61.660172882884396, 62.14707855712717, 62.59778410404357, 62.884683433842056, 63.152866000473594, 62.653161285778154, 62.27444050807371, 62.47048811167084, 63.4451675211191, 62.82129758902038, 61.504709518288855, 60.74538556959474, 60.41057110524753, 59.206940812208984, 59.76966680352794, 56.576709501016566, 51.46411788760406, 47.524675066927, 43.53090515264984, 38.04753175583737, 32.66272024370267, 25.76899696499096, 22.578299124030814, 22.228536546653434, 20.821467778189824, 20.95097641256475, 21.2544576278029, 16.650067313442072], "f": [0.0, 0.78125, 1.5625, 2.34375, 3.125, 3.90625, 4.6875, 5.46875, 6.25, 7.03125, 7.8125, 8.59375, 9.375, 10.15625, 10.9375, 11.71875, 12.5, 13.28125, 14.0625, 14.84375, 15.625, 16.40625, 17.1875, 17.96875, 18.75, 19.53125, 20.3125, 21.09375, 21.875, 22.65625, 23.4375, 24.21875, 25.0, 25.78125, 26.5625, 27.34375, 28.125, 28.90625, 29.6875, 30.46875, 31.25, 32.03125, 32.8125, 33.59375, 34.375, 35.15625, 35.9375, 36.71875, 37.5, 38.28125, 39.0625, 39.84375, 40.625, 41.40625, 42.1875, 42.96875, 43.75, 44.53125, 45.3125, 46.09375, 46.875, 47.65625, 48.4375, 49.21875, 50.0, 50.78125, 51.5625, 52.34375, 53.125, 53.90625, 54.6875, 55.46875, 56.25, 57.03125, 57.8125, 58.59375, 59.375, 60.15625, 60.9375, 61.71875, 62.5, 63.28125, 64.0625, 64.84375, 65.625, 66.40625, 67.1875, 67.96875, 68.75, 69.53125, 70.3125, 71.09375, 71.875, 72.65625, 73.4375, 74.21875, 75.0, 75.78125, 76.5625, 77.34375, 78.125, 78.90625, 79.6875, 80.46875, 81.25, 82.03125, 82.8125, 83.59375, 84.375, 85.15625, 85.9375, 86.71875, 87.5, 88.28125, 89.0625, 89.84375, 90.625, 91.40625, 92.1875, 92.96875, 93.75, 94.53125, 95.3125, 96.09375, 96.875, 97.65625, 98.4375, 99.21875, 100.0]}