{"psd": [65.18721602409146, 74.06209705369045, 72.29317231380168, 71.79723219418246, 68.97178260565852, 64.68223500899119, 60.63066245241053, 62.63641765054909, 73.21290166010272, 73.25008275935227, 62.49584170391162, 61.064777273639315, 61.87330392769145, 62.48444909641236, 61.316331400221614, 62.14237915278444, 62.42675712116791, 62.34036247276457, 60.7463265728881, 62.394092717221284, 60.51347869506544, 60.72278881698385, 60.84461590508564, 62.02986146714528, 63.40515118965607, 62.09630227774791, 60.488093905075495, 60.815995498792496, 62.48022502922177, 67.8384328905028, 69.83831237063652, 66.62262296300915, 66.44829393362951, 64.86058332928557, 64.3818708373829, 64.56484761436579, 64.52778427809216, 65.27995869904119, 68.13584223659292, 68.28706109645691, 67.47104557204372, 66.37324744192176, 65.48389451704514, 66.17466890823738, 65.41256413072611, 64.82490766070677, 65.23298073224555, 65.58842413781011, 68.20533182052964, 67.53928537321737, 66.61192543920171, 67.3712665269925, 67.44351639249349, 67.25487841059669, 67.99606069531849, 68.06111435326501, 68.31845278949638, 70.36762596511353, 70.95281937786547, 69.28492022812513, 69.86864709237982, 68.88327659784592, 67.8582328872181, 67.96839899258997, 67.58709899284206, 67.35697135668872, 68.0200911137742, 67.40171492417888, 67.73864658032433, 67.74196471095127, 66.80252340389129, 66.2072512463433, 66.44703304412255, 65.77907044794699, 67.59359150947046, 76.9914137228862, 87.39192624212092, 85.32983168952296, 72.5608663109325, 67.36446383079686, 66.625921123982, 66.5662927898522, 66.8208081329393, 68.05802214115795, 65.43874151061773, 64.6901672661645, 64.78800714072617, 64.23715712918461, 63.022534006481294, 63.21877160954961, 63.088656800092934, 62.62798041457497, 62.422441485315154, 61.5392982187121, 60.541936034985184, 62.91364203489405, 66.36809629329242, 62.933728474371236, 59.77381805683486, 59.90605892355389, 59.99042799328821, 59.29856885129911, 59.88553637220466, 59.993001956240235, 60.8445211773562, 61.41958689528288, 62.446587936353055, 61.51766982700828, 60.79363939118557, 60.34838637984154, 60.48452251316626, 60.35405406215939, 59.69376556288531, 59.94163639352901, 59.11893586452326, 61.469554350257035, 58.05262890913386, 51.02959919613231, 46.9954822870333, 42.969571428849264, 37.74346041159865, 30.953406846079332, 24.614512436748438, 21.96872718368297, 21.47071082478106, 21.739422184206973, 20.97495760393461, 21.20525730449115, 16.45869540805405], "f": [0.0, 0.78125, 1.5625, 2.34375, 3.125, 3.90625, 4.6875, 5.46875, 6.25, 7.03125, 7.8125, 8.59375, 9.375, 10.15625, 10.9375, 11.71875, 12.5, 13.28125, 14.0625, 14.84375, 15.625, 16.40625, 17.1875, 17.96875, 18.75, 19.53125, 20.3125, 21.09375, 21.875, 22.65625, 23.4375, 24.21875, 25.0, 25.78125, 26.5625, 27.34375, 28.125, 28.90625, 29.6875, 30.46875, 31.25, 32.03125, 32.8125, 33.59375, 34.375, 35.15625, 35.9375, 36.71875, 37.5, 38.28125, 39.0625, 39.84375, 40.625, 41.40625, 42.1875, 42.96875, 43.75, 44.53125, 45.3125, 46.09375, 46.875, 47.65625, 48.4375, 49.21875, 50.0, 50.78125, 51.5625, 52.34375, 53.125, 53.90625, 54.6875, 55.46875, 56.25, 57.03125, 57.8125, 58.59375, 59.375, 60.15625, 60.9375, 61.71875, 62.5, 63.28125, 64.0625, 64.84375, 65.625, 66.40625, 67.1875, 67.96875, 68.75, 69.53125, 70.3125, 71.09375, 71.875, 72.65625, 73.4375, 74.21875, 75.0, 75.78125, 76.5625, 77.34375, 78.125, 78.90625, 79.6875, 80.46875, 81.25, 82.03125, 82.8125, 83.59375, 84.375, 85.15625, 85.9375, 86.71875, 87.5, 88.28125, 89.0625, 89.84375, 90.625, 91.40625, 92.1875, 92.96875, 93.75, 94.53125, 95.3125, 96.09375, 96.875, 97.65625, 98.4375, 99.21875, 100.0]}