{"psd": [70.81804332136232, 80.58676383745647, 77.2034985570629, 73.97090212983156, 70.49466212980009, 65.32046394455976, 61.24231855536753, 57.90274256117953, 55.7356989182138, 55.44475923089124, 56.2666080161216, 57.451903610610835, 58.22314236235724, 58.85631953131891, 56.344627967939516, 57.33772435874636, 57.295778021813824, 57.38345719549493, 59.25391222513805, 60.86107708540334, 61.153661445002655, 59.61531706189249, 58.849381865117664, 57.59353951414627, 56.782822913702915, 59.435980746043946, 60.48198167759813, 59.02144545402611, 59.157362040667806, 59.931214776423815, 60.33485055789595, 61.47952287199111, 61.29532767640464, 61.292469455044454, 60.71492759127292, 59.94637291702556, 59.16551990556604, 60.16913262341173, 64.08120749910812, 62.526792140274196, 58.7342435554998, 58.67231784307266, 58.690677224414614, 58.40424258970087, 58.18185404448847, 57.842749509701086, 57.94196241738027, 59.740373885554334, 60.36907413509845, 60.27536480481547, 59.46097440282556, 60.023893568141126, 59.74788145754392, 58.94222617658674, 59.296077034410565, 59.653310997199554, 60.798346982315756, 66.21653060313632, 66.41964732855062, 60.86401199711535, 59.585604693652954, 59.74129313434359, 59.42369505702955, 59.8361342012537, 59.390345867131884, 59.32552730477542, 58.536931731026094, 58.69100195420224, 58.13042546900813, 57.99613365226903, 58.470900134232835, 58.88851741360494, 58.92677838917785, 58.76260042434339, 64.55233580078291, 69.1560368084024, 75.1486747739867, 73.93424101193844, 64.66015301858403, 59.831913771933245, 58.138249966767724, 58.73040186138372, 59.53980135435224, 61.31332436400296, 58.689841183634655, 56.61591087489593, 56.48398856174708, 58.339837606262265, 57.35476637553247, 56.76528809935271, 56.5044153499074, 57.33898400171934, 56.611998107818394, 56.15485543709469, 56.602896635215316, 70.68199439102048, 76.41200544111871, 70.54563246510554, 62.23862609662202, 59.68447163389091, 57.460400247222765, 57.56020437776827, 57.61866379745577, 56.88676590488669, 57.15436871939378, 57.70555871171276, 57.35849047977001, 57.61959456969194, 56.841743652752676, 57.99909812593731, 58.528131451766356, 55.87599364605785, 55.351760367890215, 55.580907297573845, 57.857133782934056, 63.80048474710147, 60.241039474609586, 47.32370634481015, 42.758363361996416, 37.92987043051313, 32.31451310107301, 26.862785681540224, 23.123989254470736, 21.81969291728386, 21.71325063781547, 21.786484486048558, 21.17747516451754, 21.241780439500147, 16.5625768048077], "f": [0.0, 0.78125, 1.5625, 2.34375, 3.125, 3.90625, 4.6875, 5.46875, 6.25, 7.03125, 7.8125, 8.59375, 9.375, 10.15625, 10.9375, 11.71875, 12.5, 13.28125, 14.0625, 14.84375, 15.625, 16.40625, 17.1875, 17.96875, 18.75, 19.53125, 20.3125, 21.09375, 21.875, 22.65625, 23.4375, 24.21875, 25.0, 25.78125, 26.5625, 27.34375, 28.125, 28.90625, 29.6875, 30.46875, 31.25, 32.03125, 32.8125, 33.59375, 34.375, 35.15625, 35.9375, 36.71875, 37.5, 38.28125, 39.0625, 39.84375, 40.625, 41.40625, 42.1875, 42.96875, 43.75, 44.53125, 45.3125, 46.09375, 46.875, 47.65625, 48.4375, 49.21875, 50.0, 50.78125, 51.5625, 52.34375, 53.125, 53.90625, 54.6875, 55.46875, 56.25, 57.03125, 57.8125, 58.59375, 59.375, 60.15625, 60.9375, 61.71875, 62.5, 63.28125, 64.0625, 64.84375, 65.625, 66.40625, 67.1875, 67.96875, 68.75, 69.53125, 70.3125, 71.09375, 71.875, 72.65625, 73.4375, 74.21875, 75.0, 75.78125, 76.5625, 77.34375, 78.125, 78.90625, 79.6875, 80.46875, 81.25, 82.03125, 82.8125, 83.59375, 84.375, 85.15625, 85.9375, 86.71875, 87.5, 88.28125, 89.0625, 89.84375, 90.625, 91.40625, 92.1875, 92.96875, 93.75, 94.53125, 95.3125, 96.09375, 96.875, 97.65625, 98.4375, 99.21875, 100.0]}