{"psd": [79.32815960017217, 87.94200417028883, 83.5527922423737, 75.35934015480436, 68.57995802577919, 65.1597849685396, 64.65174934956868, 65.51664459087584, 65.97753487565619, 66.45642100660733, 66.73132076037417, 66.74847616850082, 67.33166203561005, 68.24940832083259, 67.76799861837944, 68.17869169707289, 68.0939197933874, 68.57878660325817, 68.34930747569986, 68.96643948129616, 69.58818768794184, 69.9500742911779, 70.19583009249729, 70.10632642800707, 70.33539043463759, 70.79440916672498, 71.51589842372292, 71.23088892772176, 71.28182074732162, 71.56117782744312, 71.29838112703713, 71.05505857811744, 70.75335732502144, 70.24197567811069, 69.93379318211167, 69.74343279469154, 69.67343000010031, 69.20062882810038, 69.25776696616504, 69.34417683230366, 69.06237274214621, 68.81625582434717, 68.35788051329246, 68.58806197099172, 67.77721577220143, 68.21281356315896, 68.64837384382372, 68.46586605415712, 68.60202599807914, 68.22140101461513, 68.79747024218604, 68.55271644901242, 67.97976151862055, 68.53290157971915, 68.39612652139051, 68.0751679460403, 68.52190960935206, 68.48690716978602, 68.63367542458903, 68.08310520300591, 68.1770251928257, 67.961714708149, 68.41966706132288, 68.50108949470322, 68.04793960527493, 68.48510346008054, 68.49645636142364, 68.72675523599996, 68.44847788213559, 68.3884768339935, 68.46511609160106, 68.40063098876611, 68.2613228133117, 68.2196668763732, 68.13729441233596, 68.68148613254417, 68.83460323747414, 68.51948457207068, 68.36571207082284, 68.36736809914933, 68.15559281767476, 67.97970751847181, 68.39210654218545, 67.67299395116763, 67.85507654020387, 68.33896524662086, 68.30650539993749, 68.06260896751309, 67.74048868908697, 67.8573032839687, 68.21825821570206, 68.35339280916857, 68.18233694126309, 68.5245189184022, 68.77808136455451, 69.02749089400847, 68.91765127861285, 68.74800105791122, 68.58907520534746, 68.64978082698967, 68.76742250987934, 68.7326755745187, 68.69846604332928, 69.07878604432425, 69.02121355682272, 69.0029913230319, 69.9307988405341, 71.17827802434712, 71.52968914928212, 72.38044369298697, 71.86895067343346, 70.57947100166942, 68.86532982463386, 67.52886397776119, 66.31874202951248, 64.2066894902468, 62.40412640786806, 59.19128912365731, 55.644962836381225, 50.878054577232625, 45.42577557241374, 38.91941355179414, 31.644086837909178, 24.70862835375018, 21.861209854629635, 21.110105676347203, 20.93850966099732, 21.327527309179164, 16.478473256098283], "f": [0.0, 0.78125, 1.5625, 2.34375, 3.125, 3.90625, 4.6875, 5.46875, 6.25, 7.03125, 7.8125, 8.59375, 9.375, 10.15625, 10.9375, 11.71875, 12.5, 13.28125, 14.0625, 14.84375, 15.625, 16.40625, 17.1875, 17.96875, 18.75, 19.53125, 20.3125, 21.09375, 21.875, 22.65625, 23.4375, 24.21875, 25.0, 25.78125, 26.5625, 27.34375, 28.125, 28.90625, 29.6875, 30.46875, 31.25, 32.03125, 32.8125, 33.59375, 34.375, 35.15625, 35.9375, 36.71875, 37.5, 38.28125, 39.0625, 39.84375, 40.625, 41.40625, 42.1875, 42.96875, 43.75, 44.53125, 45.3125, 46.09375, 46.875, 47.65625, 48.4375, 49.21875, 50.0, 50.78125, 51.5625, 52.34375, 53.125, 53.90625, 54.6875, 55.46875, 56.25, 57.03125, 57.8125, 58.59375, 59.375, 60.15625, 60.9375, 61.71875, 62.5, 63.28125, 64.0625, 64.84375, 65.625, 66.40625, 67.1875, 67.96875, 68.75, 69.53125, 70.3125, 71.09375, 71.875, 72.65625, 73.4375, 74.21875, 75.0, 75.78125, 76.5625, 77.34375, 78.125, 78.90625, 79.6875, 80.46875, 81.25, 82.03125, 82.8125, 83.59375, 84.375, 85.15625, 85.9375, 86.71875, 87.5, 88.28125, 89.0625, 89.84375, 90.625, 91.40625, 92.1875, 92.96875, 93.75, 94.53125, 95.3125, 96.09375, 96.875, 97.65625, 98.4375, 99.21875, 100.0]}