{"psd": [71.13462790592045, 79.24351006404179, 77.66682282379233, 74.82796176491487, 71.69044733583591, 66.11505819405886, 65.02857253632918, 75.27647323998424, 78.4319899474163, 90.48291020943967, 89.72686668276279, 91.94212063729051, 90.00242433321951, 77.81592060660871, 80.9713536759835, 87.68522144399026, 88.26601745910347, 93.67400184056036, 91.90814130143355, 95.27343937112848, 87.91430560088884, 77.23789265747061, 75.09698449592224, 75.62563935739958, 75.47546191187757, 76.69823981465632, 79.39591992829337, 81.44284010998241, 85.30960075138053, 84.71273155604067, 81.87356191229284, 81.71859234242284, 86.78407925792372, 82.67082550302555, 80.51579416061657, 84.14724426723677, 87.23884127560693, 89.02589727610193, 90.85509068029663, 88.10779874004066, 86.70716154855681, 85.80197912519209, 85.28098531428826, 79.433397116149, 81.30876672262247, 87.94040272918346, 87.60680360769221, 88.04635516980079, 89.95213870608241, 91.4520561466764, 87.61144692194591, 88.36010846138565, 87.24361123746542, 89.1559660700443, 88.42455648199588, 90.20725370934414, 90.25174323572588, 94.04102278653106, 93.90553015472598, 86.29024857067878, 87.4760204241519, 86.55490262066255, 85.09680497367995, 86.62674653417211, 90.88511722778543, 90.96295236424213, 90.89763877060994, 91.19910771035512, 90.67257270503339, 88.54620669697152, 86.66978494835563, 87.39680494132264, 89.03260364854236, 92.0804085774828, 94.30025248792298, 95.1989513417563, 94.28080749301985, 93.8274476866979, 93.08409661899341, 92.26607844232501, 92.50672596894424, 92.64803929912267, 92.9506850128436, 93.63504902287958, 95.1917752054785, 96.5355006533454, 95.4340449148998, 93.80045001556306, 92.15840477613021, 90.61947274090521, 90.03030328661502, 89.85654575056088, 90.31190410460425, 91.24798252282895, 92.78933317746507, 92.7574435138421, 91.44938656495785, 89.94040845766409, 88.41478574656676, 87.55853799349507, 87.80744541368978, 89.10969437156166, 90.2926059099701, 91.19577024556096, 92.13322363708839, 92.88691838766502, 91.96499517517685, 90.78652171200713, 89.99743395578525, 89.87626397389903, 89.8967635259416, 90.42594795403201, 91.36273039892757, 91.87735806489202, 89.85199153338124, 87.61425069917306, 83.76997400450855, 79.95841764729026, 75.74436993984813, 69.62603599516568, 64.97262325702407, 59.58188261130633, 54.517734447307966, 47.90887575787309, 37.95179336812045, 27.567920147990208, 24.487444892571972, 23.33486445069301, 18.38518395996473], "f": [0.0, 0.78125, 1.5625, 2.34375, 3.125, 3.90625, 4.6875, 5.46875, 6.25, 7.03125, 7.8125, 8.59375, 9.375, 10.15625, 10.9375, 11.71875, 12.5, 13.28125, 14.0625, 14.84375, 15.625, 16.40625, 17.1875, 17.96875, 18.75, 19.53125, 20.3125, 21.09375, 21.875, 22.65625, 23.4375, 24.21875, 25.0, 25.78125, 26.5625, 27.34375, 28.125, 28.90625, 29.6875, 30.46875, 31.25, 32.03125, 32.8125, 33.59375, 34.375, 35.15625, 35.9375, 36.71875, 37.5, 38.28125, 39.0625, 39.84375, 40.625, 41.40625, 42.1875, 42.96875, 43.75, 44.53125, 45.3125, 46.09375, 46.875, 47.65625, 48.4375, 49.21875, 50.0, 50.78125, 51.5625, 52.34375, 53.125, 53.90625, 54.6875, 55.46875, 56.25, 57.03125, 57.8125, 58.59375, 59.375, 60.15625, 60.9375, 61.71875, 62.5, 63.28125, 64.0625, 64.84375, 65.625, 66.40625, 67.1875, 67.96875, 68.75, 69.53125, 70.3125, 71.09375, 71.875, 72.65625, 73.4375, 74.21875, 75.0, 75.78125, 76.5625, 77.34375, 78.125, 78.90625, 79.6875, 80.46875, 81.25, 82.03125, 82.8125, 83.59375, 84.375, 85.15625, 85.9375, 86.71875, 87.5, 88.28125, 89.0625, 89.84375, 90.625, 91.40625, 92.1875, 92.96875, 93.75, 94.53125, 95.3125, 96.09375, 96.875, 97.65625, 98.4375, 99.21875, 100.0]}