{"psd": [57.82517823393982, 67.0562507144076, 63.56125009905382, 59.3180379894184, 56.00009449910612, 53.1477160117639, 52.34771363048964, 58.5980430989642, 59.636435381731516, 60.1277799750149, 63.40844006769596, 66.732759631868, 62.28396838927817, 59.269846573346314, 59.424874339329236, 58.981774220637895, 62.10968791281792, 62.1310149523299, 63.276920492415854, 64.31549306417854, 60.73335019252207, 59.63136585330349, 60.43437839263224, 63.57540730906683, 63.56906122248796, 62.67335351252878, 62.651965205799975, 62.00340475224575, 62.017550417763864, 62.100549848878984, 60.69125559112532, 59.80317710187965, 60.39295323720281, 61.99064566963279, 61.86837733762686, 64.17978122780379, 66.79159145115122, 69.60216736452634, 79.9787795883018, 79.01691392458217, 65.04362642276789, 63.4254496076437, 65.32497271140373, 64.8672942569501, 65.08100455156747, 66.430821142256, 67.09826623535805, 68.92659505610287, 76.605320585675, 77.11926024632069, 67.17398533907145, 64.62325847725245, 63.663279351961, 63.98629637239975, 64.99619260605955, 64.63782911945144, 67.21552866252597, 77.65277790118162, 78.8636286852906, 69.45002452789626, 66.11622406991702, 65.70671016237786, 66.03966159516283, 66.76342580657843, 66.4432432938034, 66.29960181681915, 66.71733191946552, 66.2075686874034, 67.17911488122485, 66.69860678901617, 66.04133677575659, 65.95040893420786, 65.50877091092356, 65.62067785570363, 66.04136691103389, 79.23607787315115, 89.45184720526075, 87.48218964082216, 70.68335323929148, 64.2993292600127, 64.04144267839452, 64.02462643422741, 67.78407334443385, 73.26667899402526, 69.3357162730433, 64.26676009002618, 63.59672319615632, 63.6420664831092, 64.02637342943936, 64.54198974256167, 64.10982658393431, 63.82542074042115, 63.463935376175044, 62.81110402283842, 63.631860494147226, 72.31304015145605, 78.01167792834725, 72.40098913009925, 63.62810016004282, 63.98564869661476, 63.85089005063961, 63.76990688274313, 64.24082325303507, 64.52602513981208, 65.25428035478123, 65.72773043074997, 65.64170723360384, 64.67324729754493, 63.91024459737591, 63.57254254946291, 62.72392488424535, 61.77314462743516, 61.282397752120595, 61.326846353468596, 62.112478003484675, 67.95128934644507, 64.49908036167304, 52.65461183048232, 47.966061036597374, 43.612013098653996, 38.6356984041293, 33.53739251265025, 26.078012297483394, 22.332725751805768, 21.77707291098156, 21.613327713291714, 21.66378038511106, 21.535351759248016, 16.413242262569934], "f": [0.0, 0.78125, 1.5625, 2.34375, 3.125, 3.90625, 4.6875, 5.46875, 6.25, 7.03125, 7.8125, 8.59375, 9.375, 10.15625, 10.9375, 11.71875, 12.5, 13.28125, 14.0625, 14.84375, 15.625, 16.40625, 17.1875, 17.96875, 18.75, 19.53125, 20.3125, 21.09375, 21.875, 22.65625, 23.4375, 24.21875, 25.0, 25.78125, 26.5625, 27.34375, 28.125, 28.90625, 29.6875, 30.46875, 31.25, 32.03125, 32.8125, 33.59375, 34.375, 35.15625, 35.9375, 36.71875, 37.5, 38.28125, 39.0625, 39.84375, 40.625, 41.40625, 42.1875, 42.96875, 43.75, 44.53125, 45.3125, 46.09375, 46.875, 47.65625, 48.4375, 49.21875, 50.0, 50.78125, 51.5625, 52.34375, 53.125, 53.90625, 54.6875, 55.46875, 56.25, 57.03125, 57.8125, 58.59375, 59.375, 60.15625, 60.9375, 61.71875, 62.5, 63.28125, 64.0625, 64.84375, 65.625, 66.40625, 67.1875, 67.96875, 68.75, 69.53125, 70.3125, 71.09375, 71.875, 72.65625, 73.4375, 74.21875, 75.0, 75.78125, 76.5625, 77.34375, 78.125, 78.90625, 79.6875, 80.46875, 81.25, 82.03125, 82.8125, 83.59375, 84.375, 85.15625, 85.9375, 86.71875, 87.5, 88.28125, 89.0625, 89.84375, 90.625, 91.40625, 92.1875, 92.96875, 93.75, 94.53125, 95.3125, 96.09375, 96.875, 97.65625, 98.4375, 99.21875, 100.0]}