{"psd": [67.36114916518594, 76.45610742737303, 71.18154926665876, 63.71700612305297, 57.98172023078503, 53.63026600952351, 50.406800262315414, 50.538654006291665, 53.9520017938938, 58.81192903299777, 57.54403472718521, 56.19565536404252, 56.224697566067626, 56.662074198401406, 57.7480747318684, 58.6731522404268, 57.014779586293926, 57.32033461390654, 62.20191614685827, 63.33853536225941, 61.718682683733206, 60.4281659593118, 61.204984357487966, 63.589563272599406, 64.34412120942547, 64.15027243257988, 64.34438748093979, 66.71596589960885, 67.79482201356043, 66.7844178757205, 65.56218473795133, 65.00348071289619, 65.28845186431938, 65.12415289566334, 63.70432902876773, 64.03685766806828, 67.11558548259114, 69.87131003434197, 68.5607191285707, 65.2210950342621, 64.48570096215047, 64.94835428296162, 64.1400758796623, 63.546937468043716, 64.09401810163794, 64.68228812185265, 64.07060588822662, 63.88520975035334, 63.04912852950696, 62.723371774057306, 62.911906491327144, 62.81671777168011, 62.80536732528833, 63.06956759052517, 63.6924803864114, 64.42671399960274, 64.70269939688153, 66.5479512873436, 67.74215257345031, 65.52790385566522, 65.03910759350953, 66.42397559229532, 67.0369851614717, 66.69570641406723, 66.56372099846011, 65.08925469518512, 63.65427606119251, 63.90398714644923, 63.37697875881229, 63.395303762090776, 63.93500217658727, 63.91284508758093, 63.25030109073219, 63.70934083761703, 66.90562318507796, 72.05128215734518, 71.99680769467575, 70.15200423254797, 65.86939871880405, 63.68296206299234, 63.70032098137496, 63.25429171081601, 63.15771696484242, 62.1741756471646, 61.67694631952634, 62.365343803184736, 62.67233245390999, 62.15992460937453, 62.50694648538078, 62.583717514847585, 62.129138561859556, 61.57664657191815, 61.46900072496014, 62.628881922008695, 62.530097589174076, 63.032019121466675, 63.65833985017767, 63.084899570874164, 63.07488370853576, 63.111543377451454, 63.34057846297354, 63.91702278661284, 64.45034589519338, 63.891960086205486, 63.51665963735115, 64.36556654579641, 64.52194938323983, 63.45307550576568, 62.40883743051224, 61.42303867061781, 62.110093170735894, 61.759527746347054, 61.86043466116094, 60.51391659586254, 59.48462431563857, 60.12923805436109, 57.129481852808404, 51.46008677551314, 46.875469485082974, 41.70033667531558, 36.05604721430789, 29.86682701664656, 24.785431066742618, 21.966890901634297, 21.610776491581525, 21.495819021134377, 20.962786310133318, 21.361529571389216, 16.693052861190353], "f": [0.0, 0.78125, 1.5625, 2.34375, 3.125, 3.90625, 4.6875, 5.46875, 6.25, 7.03125, 7.8125, 8.59375, 9.375, 10.15625, 10.9375, 11.71875, 12.5, 13.28125, 14.0625, 14.84375, 15.625, 16.40625, 17.1875, 17.96875, 18.75, 19.53125, 20.3125, 21.09375, 21.875, 22.65625, 23.4375, 24.21875, 25.0, 25.78125, 26.5625, 27.34375, 28.125, 28.90625, 29.6875, 30.46875, 31.25, 32.03125, 32.8125, 33.59375, 34.375, 35.15625, 35.9375, 36.71875, 37.5, 38.28125, 39.0625, 39.84375, 40.625, 41.40625, 42.1875, 42.96875, 43.75, 44.53125, 45.3125, 46.09375, 46.875, 47.65625, 48.4375, 49.21875, 50.0, 50.78125, 51.5625, 52.34375, 53.125, 53.90625, 54.6875, 55.46875, 56.25, 57.03125, 57.8125, 58.59375, 59.375, 60.15625, 60.9375, 61.71875, 62.5, 63.28125, 64.0625, 64.84375, 65.625, 66.40625, 67.1875, 67.96875, 68.75, 69.53125, 70.3125, 71.09375, 71.875, 72.65625, 73.4375, 74.21875, 75.0, 75.78125, 76.5625, 77.34375, 78.125, 78.90625, 79.6875, 80.46875, 81.25, 82.03125, 82.8125, 83.59375, 84.375, 85.15625, 85.9375, 86.71875, 87.5, 88.28125, 89.0625, 89.84375, 90.625, 91.40625, 92.1875, 92.96875, 93.75, 94.53125, 95.3125, 96.09375, 96.875, 97.65625, 98.4375, 99.21875, 100.0]}