{"psd": [64.5365489369593, 74.021225448253, 72.54297276031524, 71.29907727477857, 69.29390870261786, 64.93344691197613, 62.22372529697849, 65.66579181165214, 76.18874916587721, 75.96056635237665, 64.24133464174804, 62.09332143471477, 65.07074452055656, 66.60375061017776, 64.73398598350585, 62.57280867068101, 62.65236344860342, 63.761064148700584, 60.99687045052079, 62.58653373808126, 60.97316985170524, 61.09354650307793, 61.08514003076705, 63.382011478777656, 63.44358687433143, 61.38179058295581, 60.21198992062882, 60.898227168340355, 63.40407769638461, 70.98680269278343, 73.28402332946185, 69.60651308017518, 67.18092486225102, 66.75906124126355, 65.20251320034103, 65.7057248970126, 65.65828913598322, 65.59080051340838, 70.22608719181477, 70.07660781897275, 67.28772430069212, 66.49081949369975, 66.25480890817157, 66.40635153966477, 66.13953404248619, 65.2618483231137, 65.3774735118351, 66.29776171129609, 69.15263522519068, 68.43649527425855, 67.31502916600981, 66.7591356046769, 66.82306769437375, 66.77945544769096, 66.32504871917627, 66.81241365962572, 66.79444005574996, 69.1117903298125, 69.7323010718736, 68.71050699995843, 68.96198749068344, 67.94271004408466, 67.09639730692908, 67.055373014888, 66.79544753285388, 66.7062351322215, 67.16486374756785, 67.56145380195603, 67.95948016295223, 67.56506377272123, 67.59968002461636, 67.1443484192812, 66.15537446987608, 65.83091260302812, 67.55286896250679, 77.76062926560604, 88.10010257051884, 85.73051462829874, 72.24965929392522, 67.8304698931486, 66.08210450608047, 65.65660507246093, 68.05893753742976, 71.38854473310799, 67.43680999109883, 64.68869490117702, 65.20040340487273, 64.62845272600563, 63.204557365741955, 62.937754548822696, 62.44845653686085, 62.30633742687206, 62.158757387839955, 62.007440660504585, 61.050677747886056, 63.0928204647535, 65.83690543804023, 63.19390170684271, 60.12003781853445, 59.618317851154444, 59.59714868438299, 59.66762537534498, 60.620327870699896, 60.94572326272952, 61.29489122252436, 61.54506263665836, 63.051999214225845, 61.45642826663797, 61.436398356508306, 61.19253903434333, 61.289217827468065, 61.088184838410875, 60.373294976551605, 60.378867058439134, 59.38003403777284, 60.94382942784633, 58.36889546454905, 52.14828984960878, 48.46013158208888, 43.98894004092938, 39.024894671849225, 32.44282838475926, 25.311917083197493, 22.230501891625227, 21.529697044144992, 21.725202639327033, 21.56524083136479, 21.195326608015918, 16.071306600889393], "f": [0.0, 0.78125, 1.5625, 2.34375, 3.125, 3.90625, 4.6875, 5.46875, 6.25, 7.03125, 7.8125, 8.59375, 9.375, 10.15625, 10.9375, 11.71875, 12.5, 13.28125, 14.0625, 14.84375, 15.625, 16.40625, 17.1875, 17.96875, 18.75, 19.53125, 20.3125, 21.09375, 21.875, 22.65625, 23.4375, 24.21875, 25.0, 25.78125, 26.5625, 27.34375, 28.125, 28.90625, 29.6875, 30.46875, 31.25, 32.03125, 32.8125, 33.59375, 34.375, 35.15625, 35.9375, 36.71875, 37.5, 38.28125, 39.0625, 39.84375, 40.625, 41.40625, 42.1875, 42.96875, 43.75, 44.53125, 45.3125, 46.09375, 46.875, 47.65625, 48.4375, 49.21875, 50.0, 50.78125, 51.5625, 52.34375, 53.125, 53.90625, 54.6875, 55.46875, 56.25, 57.03125, 57.8125, 58.59375, 59.375, 60.15625, 60.9375, 61.71875, 62.5, 63.28125, 64.0625, 64.84375, 65.625, 66.40625, 67.1875, 67.96875, 68.75, 69.53125, 70.3125, 71.09375, 71.875, 72.65625, 73.4375, 74.21875, 75.0, 75.78125, 76.5625, 77.34375, 78.125, 78.90625, 79.6875, 80.46875, 81.25, 82.03125, 82.8125, 83.59375, 84.375, 85.15625, 85.9375, 86.71875, 87.5, 88.28125, 89.0625, 89.84375, 90.625, 91.40625, 92.1875, 92.96875, 93.75, 94.53125, 95.3125, 96.09375, 96.875, 97.65625, 98.4375, 99.21875, 100.0]}