{"psd": [68.83307037707519, 77.96331610640469, 78.58263647665314, 75.55445139608408, 70.81977167618852, 65.46476319669189, 63.38247440865371, 62.60300226977219, 61.61603834013362, 69.96785616436296, 70.44027351959627, 62.64668339199239, 68.507849491228, 72.29749640316382, 68.09371315004658, 63.73374817070293, 61.86147316364546, 60.76262530642352, 66.4730592582384, 71.56701170838188, 69.71882919405434, 64.39285557148581, 65.53153675217034, 67.29649190542831, 69.91752487260423, 71.71422443805352, 72.48063682663076, 69.67125839355276, 69.75827903172609, 70.10682778384958, 70.42368113857587, 71.60945996594519, 73.53767367840645, 73.90239815533214, 73.13059225163852, 72.61908646572604, 72.43673667828662, 73.02235699635655, 75.78339252545624, 75.57661938354967, 72.99108164696739, 72.42115362575034, 72.72701805542302, 72.56480827516361, 72.17845151250069, 72.89749488293039, 74.23028193305134, 74.79465688812394, 74.37306772156273, 74.26454605988052, 74.6733720950208, 75.01998456715803, 76.34209653807027, 77.80713896921574, 75.93370199092072, 75.03193095599833, 75.1158117178892, 74.93354319141454, 75.74212349924912, 74.35266809256368, 73.93628745063795, 73.46546119165399, 72.84579013824435, 72.42058670471599, 71.78233940917931, 71.78359301807433, 71.45823495828823, 70.74981899764501, 71.28255481237522, 71.1151461415393, 73.09910750300261, 73.7050523266517, 71.1704077655359, 70.74798916529956, 70.6816773879336, 71.90081704507384, 77.04276702626139, 75.36448280437925, 69.9703261956251, 68.70024538098012, 68.32171170221835, 68.37529409322295, 68.5033208225685, 68.53282649275675, 68.39068137881422, 68.7996789598223, 68.83551551488547, 68.59664499998019, 69.00679190207688, 67.93108274691446, 66.6376699001338, 66.45605428951787, 66.27814370051074, 66.43350953733649, 65.96243169085032, 67.30314340708917, 69.60093095994418, 67.3218393643218, 66.37815545880323, 66.06226584820918, 65.97600145913148, 65.74234554121514, 65.95147183945102, 65.58176886891259, 65.87746341882264, 68.28412929609037, 70.13709814956346, 67.27772808591598, 65.64878303335021, 65.4338098736354, 65.2071756526561, 64.90895436143074, 64.73928725428809, 64.06610249944299, 63.15539921304758, 61.700463658206594, 59.341856534650006, 55.74917012374491, 52.03026043478245, 47.55632758060663, 42.04868639923467, 36.21250615003884, 29.22163089702126, 23.800073522374028, 22.32217997086847, 21.166122586971085, 21.429265286403357, 21.61813706926246, 16.519897899737146], "f": [0.0, 0.78125, 1.5625, 2.34375, 3.125, 3.90625, 4.6875, 5.46875, 6.25, 7.03125, 7.8125, 8.59375, 9.375, 10.15625, 10.9375, 11.71875, 12.5, 13.28125, 14.0625, 14.84375, 15.625, 16.40625, 17.1875, 17.96875, 18.75, 19.53125, 20.3125, 21.09375, 21.875, 22.65625, 23.4375, 24.21875, 25.0, 25.78125, 26.5625, 27.34375, 28.125, 28.90625, 29.6875, 30.46875, 31.25, 32.03125, 32.8125, 33.59375, 34.375, 35.15625, 35.9375, 36.71875, 37.5, 38.28125, 39.0625, 39.84375, 40.625, 41.40625, 42.1875, 42.96875, 43.75, 44.53125, 45.3125, 46.09375, 46.875, 47.65625, 48.4375, 49.21875, 50.0, 50.78125, 51.5625, 52.34375, 53.125, 53.90625, 54.6875, 55.46875, 56.25, 57.03125, 57.8125, 58.59375, 59.375, 60.15625, 60.9375, 61.71875, 62.5, 63.28125, 64.0625, 64.84375, 65.625, 66.40625, 67.1875, 67.96875, 68.75, 69.53125, 70.3125, 71.09375, 71.875, 72.65625, 73.4375, 74.21875, 75.0, 75.78125, 76.5625, 77.34375, 78.125, 78.90625, 79.6875, 80.46875, 81.25, 82.03125, 82.8125, 83.59375, 84.375, 85.15625, 85.9375, 86.71875, 87.5, 88.28125, 89.0625, 89.84375, 90.625, 91.40625, 92.1875, 92.96875, 93.75, 94.53125, 95.3125, 96.09375, 96.875, 97.65625, 98.4375, 99.21875, 100.0]}