{"psd": [69.0915790919962, 77.52977818580464, 78.65211071425122, 76.16795213882644, 70.19001412661396, 64.47797725996477, 59.354924411744186, 56.86892263380784, 55.85310790083593, 55.29374028534167, 56.2257117914633, 58.235936846460135, 58.22845500279157, 60.965312479908974, 57.63982515326042, 56.656872485210485, 57.67590093053003, 57.448514583976056, 58.7390476459683, 60.036204563612, 58.215073153287605, 57.95468547514176, 60.05974883326017, 62.334988983713664, 61.028079417029275, 60.57273237457527, 61.00291004859503, 60.57498579714967, 60.07908635939054, 60.74858375282531, 61.20626796124532, 61.65262400036282, 60.71363779253894, 61.72604309688087, 63.16255699440866, 61.333935088330456, 60.51317438031756, 60.56175898747402, 61.4304079200413, 61.541845243139896, 61.96335570783559, 61.00711241804821, 60.669773153174454, 60.791705523433734, 60.95494001814073, 60.162660216603506, 60.188035335034925, 60.5514216182803, 59.747823696154335, 60.224923621422846, 60.49714563166603, 61.68624377352224, 61.044333934503314, 60.32006619161696, 60.66798756771504, 61.170905418955606, 61.26282248530106, 61.33502182009308, 61.13757303354002, 60.29744754445186, 60.42051166148597, 60.76629930787134, 60.79007596599095, 61.54628822233011, 63.021927391366404, 62.19874617096879, 62.40373607428931, 61.529941124320366, 60.67266037736046, 61.1924352372491, 61.062921227180695, 61.08719668220152, 61.004060945957875, 61.56506050611281, 62.09684082112861, 64.4142662510353, 64.60174285227309, 64.87514423995924, 62.11136416859598, 61.511333007290276, 61.36753872708474, 60.883719611800615, 60.825995207892646, 60.994505399748704, 60.69789103770968, 60.56483528886875, 60.74829292598473, 60.735865190063194, 60.58847213819008, 61.199017605791596, 60.99210184596534, 60.84804354772332, 60.87048633462882, 61.16840681240088, 61.46037732569909, 62.21575881185026, 62.13729129896832, 62.1329292381298, 62.967952842203076, 62.63861758495427, 62.99359270410477, 62.88619206007242, 63.564184507828834, 63.21019319015771, 64.02651480944041, 64.80014508069148, 64.66507949306548, 65.01839369324333, 64.97109196454355, 63.93032457556213, 63.44574094179252, 63.02616420899389, 61.06014752994646, 60.43432542361282, 59.12600276205438, 57.69829998508058, 55.05701338201777, 51.52410074695014, 47.2877221646271, 42.715563159407914, 37.44238551565974, 31.329043192607983, 25.276519163046366, 22.24701728892143, 21.651319003931818, 21.30133854709478, 21.40711381125027, 20.79529510740908, 15.812644575666322], "f": [0.0, 0.78125, 1.5625, 2.34375, 3.125, 3.90625, 4.6875, 5.46875, 6.25, 7.03125, 7.8125, 8.59375, 9.375, 10.15625, 10.9375, 11.71875, 12.5, 13.28125, 14.0625, 14.84375, 15.625, 16.40625, 17.1875, 17.96875, 18.75, 19.53125, 20.3125, 21.09375, 21.875, 22.65625, 23.4375, 24.21875, 25.0, 25.78125, 26.5625, 27.34375, 28.125, 28.90625, 29.6875, 30.46875, 31.25, 32.03125, 32.8125, 33.59375, 34.375, 35.15625, 35.9375, 36.71875, 37.5, 38.28125, 39.0625, 39.84375, 40.625, 41.40625, 42.1875, 42.96875, 43.75, 44.53125, 45.3125, 46.09375, 46.875, 47.65625, 48.4375, 49.21875, 50.0, 50.78125, 51.5625, 52.34375, 53.125, 53.90625, 54.6875, 55.46875, 56.25, 57.03125, 57.8125, 58.59375, 59.375, 60.15625, 60.9375, 61.71875, 62.5, 63.28125, 64.0625, 64.84375, 65.625, 66.40625, 67.1875, 67.96875, 68.75, 69.53125, 70.3125, 71.09375, 71.875, 72.65625, 73.4375, 74.21875, 75.0, 75.78125, 76.5625, 77.34375, 78.125, 78.90625, 79.6875, 80.46875, 81.25, 82.03125, 82.8125, 83.59375, 84.375, 85.15625, 85.9375, 86.71875, 87.5, 88.28125, 89.0625, 89.84375, 90.625, 91.40625, 92.1875, 92.96875, 93.75, 94.53125, 95.3125, 96.09375, 96.875, 97.65625, 98.4375, 99.21875, 100.0]}