{"psd": [71.26989686789446, 79.69160049150358, 75.73845238659251, 72.04278399887558, 68.92909213165149, 64.850152770924, 60.18412580278258, 58.36655065130206, 61.90471434190684, 62.09513153559557, 74.58443117145313, 78.57163153248264, 71.65276574316641, 62.110826181689504, 61.99918589620456, 63.34446646215629, 69.30909873633428, 67.58764924082966, 73.74663559888913, 78.05605205908206, 71.49311995745006, 70.51950165072486, 71.46005070627233, 65.4941953484022, 67.38158909365362, 69.51809345831491, 70.12796409106822, 70.49812650364127, 67.44942031820425, 66.82989629897017, 67.48376361050758, 65.9615767781342, 70.3417843653416, 69.23628331810234, 64.40888775092591, 66.31480088032795, 65.78808613639272, 67.71548003938213, 70.96763833697024, 67.27128574056975, 64.4898917485296, 64.29206760765429, 64.55972080636366, 68.3073241919604, 66.63592295282368, 68.16396667506208, 70.64577854644659, 66.41806218491038, 68.18772472508466, 68.7219540480763, 65.2827663464845, 67.63199495409489, 66.84020450136686, 66.56885950072291, 69.9767817041864, 67.58510616463332, 72.49064508768613, 74.3595332012851, 68.462759592457, 66.99328840721185, 66.48131596297078, 68.14905512591062, 72.4282229762666, 69.99193048849418, 68.93781545090697, 70.78130388448005, 68.84800133512934, 69.17416063558986, 69.55035143051282, 68.56703812059085, 71.35989554596054, 69.9282372632913, 69.49317240061028, 71.35670830785484, 71.10975163045363, 73.98162169533838, 74.56015643431486, 72.20422622937505, 73.22710108242447, 71.83267843683468, 69.29141674452457, 70.1537844063084, 70.32178605395329, 71.0225129602903, 72.57997166933475, 73.99662912723008, 77.64457539373693, 77.29484637927327, 75.16925692394315, 74.34472252431524, 73.62204867360964, 73.93443290653576, 75.45906219492406, 74.11483570585227, 75.15029872267937, 75.45155403513361, 75.63337184547979, 77.03191010526957, 77.01021479569654, 75.75675297140357, 76.00105582464951, 75.38661695528117, 75.35199244100315, 75.07801042833785, 74.00924259980098, 73.63779985851897, 74.1670273884197, 74.64750840865216, 75.22300205415397, 74.39205167257427, 73.81801365453123, 73.4740762229654, 73.03988338609176, 72.93853010537448, 72.42664113366286, 70.08776789983044, 68.4032340855198, 65.73145822564186, 62.476077892256896, 58.941381808451105, 53.80350185723755, 46.42321705836241, 38.52692898831676, 29.659032365478488, 23.73401189316063, 21.806826398833635, 21.40150426235118, 21.26517498645788, 15.846447060799067], "f": [0.0, 0.78125, 1.5625, 2.34375, 3.125, 3.90625, 4.6875, 5.46875, 6.25, 7.03125, 7.8125, 8.59375, 9.375, 10.15625, 10.9375, 11.71875, 12.5, 13.28125, 14.0625, 14.84375, 15.625, 16.40625, 17.1875, 17.96875, 18.75, 19.53125, 20.3125, 21.09375, 21.875, 22.65625, 23.4375, 24.21875, 25.0, 25.78125, 26.5625, 27.34375, 28.125, 28.90625, 29.6875, 30.46875, 31.25, 32.03125, 32.8125, 33.59375, 34.375, 35.15625, 35.9375, 36.71875, 37.5, 38.28125, 39.0625, 39.84375, 40.625, 41.40625, 42.1875, 42.96875, 43.75, 44.53125, 45.3125, 46.09375, 46.875, 47.65625, 48.4375, 49.21875, 50.0, 50.78125, 51.5625, 52.34375, 53.125, 53.90625, 54.6875, 55.46875, 56.25, 57.03125, 57.8125, 58.59375, 59.375, 60.15625, 60.9375, 61.71875, 62.5, 63.28125, 64.0625, 64.84375, 65.625, 66.40625, 67.1875, 67.96875, 68.75, 69.53125, 70.3125, 71.09375, 71.875, 72.65625, 73.4375, 74.21875, 75.0, 75.78125, 76.5625, 77.34375, 78.125, 78.90625, 79.6875, 80.46875, 81.25, 82.03125, 82.8125, 83.59375, 84.375, 85.15625, 85.9375, 86.71875, 87.5, 88.28125, 89.0625, 89.84375, 90.625, 91.40625, 92.1875, 92.96875, 93.75, 94.53125, 95.3125, 96.09375, 96.875, 97.65625, 98.4375, 99.21875, 100.0]}