{"psd": [71.39192475920763, 79.90845261680023, 77.92037504914386, 74.38306042716688, 69.81069028256778, 64.5741396945463, 59.983264377466924, 56.249710345901924, 54.734083880972776, 54.03817949764956, 56.64132755688306, 57.620673235902885, 56.80011676419088, 57.81202548978487, 58.5603024908798, 57.4425110316199, 59.245796397114006, 58.50249000349937, 62.68201339778436, 63.26692002425389, 61.491190635989184, 62.601009362143756, 62.46795469434838, 65.403595429288, 66.34785069457585, 64.90841892254225, 65.68834877472636, 66.34987086786778, 66.21002138602746, 66.80365964333238, 65.84860839091925, 67.53057291026562, 68.71889502775225, 65.85059716403984, 65.35671456448163, 65.62317343556904, 65.56963679372734, 65.39603410992257, 65.66617695454514, 65.4595310433476, 64.88087185666011, 66.97202135066449, 71.37008490763252, 69.6946323577181, 66.61231122958597, 65.9547761581712, 65.44882711900291, 65.4891498910919, 65.10948351539213, 64.1193883731326, 65.30935658531394, 66.12788566885476, 69.537331109955, 71.35587400313982, 69.66682299335406, 68.20925967577504, 68.39284583685381, 67.8522211104473, 67.72635463036035, 66.51263178753581, 65.98229548322833, 67.19363579936096, 69.66451723626948, 72.21536070976435, 72.34611094679401, 69.58756117322454, 67.0080906009916, 66.0818255297477, 65.72453072545763, 66.33839117837996, 66.25151309763866, 67.65629329998332, 69.1447482342361, 71.038212107411, 73.27551326664918, 73.68073109073558, 71.6012479056551, 70.1728064649488, 68.01682847015225, 67.22369742892572, 67.0762135481963, 67.30983574262052, 67.735588866818, 68.28511690276932, 68.53621656351254, 68.40301832189706, 67.71772396448412, 66.467995166732, 65.69689165795741, 65.40447099446962, 65.58007608871215, 65.70887088689094, 65.36054985787682, 66.5730573540725, 66.78494890583057, 67.25369728080756, 66.44880275971629, 66.11714976702429, 65.33226209026633, 65.55618032580257, 66.216885634016, 66.52995419703637, 67.27382167345128, 66.98331014350042, 66.74343601649647, 67.10196522385496, 67.0753554441424, 66.40982234101843, 64.87961851933589, 64.23191523319177, 65.22841011491545, 65.0491564300992, 64.15751345031963, 62.6563372992493, 61.34709266574944, 61.95401872211499, 59.74820697496157, 53.853296966076826, 49.56387614389801, 44.59085012871691, 39.34843456390723, 32.9783103129921, 26.870015515009747, 22.74681402397704, 21.342318087542704, 21.109659098885423, 21.14809527265217, 21.233628037925634, 16.976547734112273], "f": [0.0, 0.78125, 1.5625, 2.34375, 3.125, 3.90625, 4.6875, 5.46875, 6.25, 7.03125, 7.8125, 8.59375, 9.375, 10.15625, 10.9375, 11.71875, 12.5, 13.28125, 14.0625, 14.84375, 15.625, 16.40625, 17.1875, 17.96875, 18.75, 19.53125, 20.3125, 21.09375, 21.875, 22.65625, 23.4375, 24.21875, 25.0, 25.78125, 26.5625, 27.34375, 28.125, 28.90625, 29.6875, 30.46875, 31.25, 32.03125, 32.8125, 33.59375, 34.375, 35.15625, 35.9375, 36.71875, 37.5, 38.28125, 39.0625, 39.84375, 40.625, 41.40625, 42.1875, 42.96875, 43.75, 44.53125, 45.3125, 46.09375, 46.875, 47.65625, 48.4375, 49.21875, 50.0, 50.78125, 51.5625, 52.34375, 53.125, 53.90625, 54.6875, 55.46875, 56.25, 57.03125, 57.8125, 58.59375, 59.375, 60.15625, 60.9375, 61.71875, 62.5, 63.28125, 64.0625, 64.84375, 65.625, 66.40625, 67.1875, 67.96875, 68.75, 69.53125, 70.3125, 71.09375, 71.875, 72.65625, 73.4375, 74.21875, 75.0, 75.78125, 76.5625, 77.34375, 78.125, 78.90625, 79.6875, 80.46875, 81.25, 82.03125, 82.8125, 83.59375, 84.375, 85.15625, 85.9375, 86.71875, 87.5, 88.28125, 89.0625, 89.84375, 90.625, 91.40625, 92.1875, 92.96875, 93.75, 94.53125, 95.3125, 96.09375, 96.875, 97.65625, 98.4375, 99.21875, 100.0]}