{"psd": [66.41791174424324, 76.05924181927652, 75.62440170629526, 74.07931188131313, 70.5751303253288, 65.31884451377933, 60.696628838821866, 60.41051111096881, 63.06568684345563, 60.28583133842478, 59.023193767668985, 58.9706267998274, 57.751629529540594, 59.34025268977748, 60.83549012573057, 61.834149353698116, 59.49280654915421, 59.67679410671533, 59.342516538990935, 59.43249315493869, 58.86844715903494, 58.4517451777039, 59.84102517140979, 60.95781327908008, 58.99821032425629, 58.84251127585911, 60.56674380515902, 60.82372280922722, 61.874976926975535, 63.39077899345015, 62.21253707282884, 62.01942871891408, 61.442601141188824, 61.05562234174571, 61.82905535674355, 62.02600630058612, 61.893337508847736, 62.750944565819125, 68.64068911404335, 67.37566604801272, 62.10503570866783, 61.590637749651364, 61.961804648909826, 61.41248991879054, 61.47019328236671, 62.44949217420972, 63.57179583545609, 64.5176206114971, 64.51784649687622, 64.82768263791264, 63.87724130116881, 64.47172898959457, 65.98423110746222, 64.70921312611642, 63.823493905696225, 64.84447004131434, 66.08173529813288, 67.56491335822648, 68.1465120234146, 66.22267844019765, 65.2841290304788, 65.76291492102966, 65.33431865744461, 65.00021162112843, 64.70091944623701, 64.91331928870882, 64.21531082606445, 65.51755659136853, 66.94719671513504, 64.89489199052785, 63.91048032413815, 63.06704523376222, 62.156291358204214, 62.21266886668782, 65.8828739460059, 72.95602946229971, 80.20225438189732, 77.12078604546106, 67.8870893726423, 64.57994525147613, 62.74588410185855, 63.402395950881555, 63.98223242293302, 65.28516291787354, 62.83564667991902, 62.292984522805604, 62.066215311710174, 61.88201804560127, 61.912988466822185, 62.1462740566399, 62.61979841671326, 62.30620053203403, 61.08003611555048, 61.021428319808216, 60.97659858696149, 69.1847759804945, 72.36138103022097, 65.09708054659686, 61.372703176739705, 63.010842765153534, 63.366894239272426, 61.241608294556904, 63.24452265892104, 63.63798539288986, 60.689930613823655, 58.368922403437494, 58.40332330356083, 58.09071101636899, 58.414809626235524, 58.82376029684156, 58.62288701109164, 58.04106715134136, 60.25456263471098, 61.391200452075914, 59.202024863070335, 62.784494043611176, 57.01967662320973, 48.64646387195797, 43.96525136670495, 39.34581108454068, 33.731305401048076, 28.33993888451186, 23.614965338947886, 21.752847907956294, 21.302264608374387, 20.980123935049836, 21.473217801273755, 21.64435509620016, 16.087532587807047], "f": [0.0, 0.78125, 1.5625, 2.34375, 3.125, 3.90625, 4.6875, 5.46875, 6.25, 7.03125, 7.8125, 8.59375, 9.375, 10.15625, 10.9375, 11.71875, 12.5, 13.28125, 14.0625, 14.84375, 15.625, 16.40625, 17.1875, 17.96875, 18.75, 19.53125, 20.3125, 21.09375, 21.875, 22.65625, 23.4375, 24.21875, 25.0, 25.78125, 26.5625, 27.34375, 28.125, 28.90625, 29.6875, 30.46875, 31.25, 32.03125, 32.8125, 33.59375, 34.375, 35.15625, 35.9375, 36.71875, 37.5, 38.28125, 39.0625, 39.84375, 40.625, 41.40625, 42.1875, 42.96875, 43.75, 44.53125, 45.3125, 46.09375, 46.875, 47.65625, 48.4375, 49.21875, 50.0, 50.78125, 51.5625, 52.34375, 53.125, 53.90625, 54.6875, 55.46875, 56.25, 57.03125, 57.8125, 58.59375, 59.375, 60.15625, 60.9375, 61.71875, 62.5, 63.28125, 64.0625, 64.84375, 65.625, 66.40625, 67.1875, 67.96875, 68.75, 69.53125, 70.3125, 71.09375, 71.875, 72.65625, 73.4375, 74.21875, 75.0, 75.78125, 76.5625, 77.34375, 78.125, 78.90625, 79.6875, 80.46875, 81.25, 82.03125, 82.8125, 83.59375, 84.375, 85.15625, 85.9375, 86.71875, 87.5, 88.28125, 89.0625, 89.84375, 90.625, 91.40625, 92.1875, 92.96875, 93.75, 94.53125, 95.3125, 96.09375, 96.875, 97.65625, 98.4375, 99.21875, 100.0]}