{"psd": [68.5147910858137, 77.41311223467646, 76.92416239846024, 74.45833531779789, 70.3245803775109, 65.18793376835961, 61.17313757986083, 59.95019946280941, 61.99251480130715, 59.44098648238433, 68.02810457195378, 73.78849368389717, 72.1774454408037, 66.99308885667102, 65.15424874383021, 69.17978788674552, 72.01420847508642, 67.57399160234719, 64.13077506859187, 61.70815241337132, 60.48126831483408, 61.09510688619176, 63.62345964971383, 63.67004401509979, 65.88935769365294, 61.99485412331184, 61.720141455627285, 61.26519949243102, 61.56468318879783, 64.37525120561335, 66.1055829877139, 66.4134323660003, 67.10446459299897, 64.4926825639915, 63.357659684100526, 63.87831171384303, 63.327173973950636, 62.45509488060931, 66.44828600656818, 67.00029778311949, 66.44945996869302, 65.42435742214428, 64.8774438975306, 66.43522942071701, 65.48856695065847, 63.19664381705362, 64.33669714719338, 67.98242255113874, 70.69787241542079, 69.5597554346769, 67.89471900603006, 67.92354804479898, 66.98452914008622, 66.94143618907302, 69.69224049086965, 72.94288859710329, 72.67883839238249, 72.75369705970147, 71.96427118069171, 70.17466319523153, 70.71685475401401, 71.13331403409744, 72.37923840383112, 75.2218340522899, 75.68434596518158, 73.59388093857434, 71.0257204131897, 69.96872240747821, 69.65618456874111, 69.2094184161217, 70.61370695477879, 71.52777695542723, 71.2723320550176, 69.74427360463926, 68.93348712012104, 74.06185621012577, 81.6742114911813, 79.42514231058739, 70.74542546932675, 68.26499690862912, 66.7173668811829, 66.62833438189269, 67.41411059556013, 69.31499420929205, 67.77756285926324, 66.50446546148373, 66.13917852410162, 66.23137978933002, 66.50654676312828, 65.83482224737587, 66.21559046725552, 66.57387878477066, 65.984027880306, 65.56197273444083, 65.34598889176631, 68.83989262467327, 72.84977347798447, 68.39289376779908, 66.13870412689862, 65.75783746075328, 65.3009447451974, 64.76507799206999, 64.4498797900493, 64.64175370754418, 64.52119202890938, 64.52555189683979, 64.23172781485442, 64.46787180458062, 64.77438530488526, 64.61335653310759, 64.03879064722676, 62.94862268969035, 62.254958702392145, 61.548054342792796, 61.466944401466876, 64.40480057067663, 61.29486175781008, 53.51434994355324, 49.72518403542995, 45.15455140626134, 39.71080046101236, 33.4906893552452, 27.032710716703136, 22.465053604458273, 21.13344339613798, 21.074312464701865, 21.226985726311305, 21.365722700101063, 15.930878359329377], "f": [0.0, 0.78125, 1.5625, 2.34375, 3.125, 3.90625, 4.6875, 5.46875, 6.25, 7.03125, 7.8125, 8.59375, 9.375, 10.15625, 10.9375, 11.71875, 12.5, 13.28125, 14.0625, 14.84375, 15.625, 16.40625, 17.1875, 17.96875, 18.75, 19.53125, 20.3125, 21.09375, 21.875, 22.65625, 23.4375, 24.21875, 25.0, 25.78125, 26.5625, 27.34375, 28.125, 28.90625, 29.6875, 30.46875, 31.25, 32.03125, 32.8125, 33.59375, 34.375, 35.15625, 35.9375, 36.71875, 37.5, 38.28125, 39.0625, 39.84375, 40.625, 41.40625, 42.1875, 42.96875, 43.75, 44.53125, 45.3125, 46.09375, 46.875, 47.65625, 48.4375, 49.21875, 50.0, 50.78125, 51.5625, 52.34375, 53.125, 53.90625, 54.6875, 55.46875, 56.25, 57.03125, 57.8125, 58.59375, 59.375, 60.15625, 60.9375, 61.71875, 62.5, 63.28125, 64.0625, 64.84375, 65.625, 66.40625, 67.1875, 67.96875, 68.75, 69.53125, 70.3125, 71.09375, 71.875, 72.65625, 73.4375, 74.21875, 75.0, 75.78125, 76.5625, 77.34375, 78.125, 78.90625, 79.6875, 80.46875, 81.25, 82.03125, 82.8125, 83.59375, 84.375, 85.15625, 85.9375, 86.71875, 87.5, 88.28125, 89.0625, 89.84375, 90.625, 91.40625, 92.1875, 92.96875, 93.75, 94.53125, 95.3125, 96.09375, 96.875, 97.65625, 98.4375, 99.21875, 100.0]}