{"psd": [65.47430486238181, 74.85774205851307, 73.99901294152212, 71.25872943626193, 67.06264929735357, 62.686089643681, 58.948304472033286, 56.361027270330965, 56.01483976773209, 56.62240468073512, 58.08088333058621, 57.684262726349516, 55.908276445482066, 59.175308278356496, 58.708311157216784, 59.4392297332526, 58.19928434819396, 57.18235851648003, 57.90328073660554, 61.23074833512095, 65.44574578789776, 64.88631584661124, 61.18945985908183, 62.301168037604384, 59.823070928984066, 57.3824184699885, 58.28377866567217, 58.42013410243541, 59.229060276963594, 59.42628943947956, 61.93082014202371, 62.66233610021697, 59.78983443369097, 59.847986702976186, 60.162945066775876, 60.36048729154174, 60.06324372717836, 59.21473688724093, 59.86071029415821, 59.73538426433399, 61.273871620262966, 61.1772044058882, 60.047040904828506, 60.95290107440099, 60.682036372640496, 60.63543370297406, 59.9194562878571, 59.956998842983644, 59.39162983619763, 60.17882818769049, 62.067767150893864, 60.97406949810046, 60.07905100976765, 60.89360283806062, 61.0137439008495, 59.989820685075316, 59.77016522024306, 60.7236589721444, 61.11410808240891, 59.88527349553805, 61.08145710890925, 60.761852416878064, 60.43600063646136, 59.778929066802576, 60.33376867140872, 61.20916257836069, 60.21305163647899, 59.04950563811784, 58.68626868536742, 58.26180488673796, 58.75867583592359, 57.91070777655002, 57.85179464231728, 57.56757401801961, 58.64909787257373, 64.28726672266883, 69.29732422904257, 67.67276259663079, 60.08415159467351, 58.975558617432135, 57.71337866675034, 58.06679957537885, 57.907733800380214, 57.93607757929067, 57.224056310728066, 57.28637246409341, 58.216792082581215, 57.670781665139295, 57.12078775599021, 56.87715793720676, 56.74402811903386, 56.70090391945305, 56.63838399312241, 56.68535333077294, 56.73532752378907, 61.514297227977075, 65.72657892360199, 60.80698338018245, 56.58440690791886, 57.26382685183591, 57.304097493669076, 56.78385242093053, 56.95478476387623, 58.031578183269914, 58.49589299779346, 57.150223450054966, 57.075708720149066, 56.44212627162237, 56.39430540371642, 56.836471967196054, 57.35410872165501, 56.20188160848354, 55.0180789279092, 53.706033859036204, 53.283240547290475, 53.94583308187055, 51.34975700584407, 45.76592744766131, 42.01138552624664, 37.7876171483962, 32.94893033641505, 28.434997440278167, 22.992870024072758, 21.70087674315075, 21.35824839206157, 21.469186383688022, 21.702686918058063, 21.80106614886011, 17.108717963537313], "f": [0.0, 0.78125, 1.5625, 2.34375, 3.125, 3.90625, 4.6875, 5.46875, 6.25, 7.03125, 7.8125, 8.59375, 9.375, 10.15625, 10.9375, 11.71875, 12.5, 13.28125, 14.0625, 14.84375, 15.625, 16.40625, 17.1875, 17.96875, 18.75, 19.53125, 20.3125, 21.09375, 21.875, 22.65625, 23.4375, 24.21875, 25.0, 25.78125, 26.5625, 27.34375, 28.125, 28.90625, 29.6875, 30.46875, 31.25, 32.03125, 32.8125, 33.59375, 34.375, 35.15625, 35.9375, 36.71875, 37.5, 38.28125, 39.0625, 39.84375, 40.625, 41.40625, 42.1875, 42.96875, 43.75, 44.53125, 45.3125, 46.09375, 46.875, 47.65625, 48.4375, 49.21875, 50.0, 50.78125, 51.5625, 52.34375, 53.125, 53.90625, 54.6875, 55.46875, 56.25, 57.03125, 57.8125, 58.59375, 59.375, 60.15625, 60.9375, 61.71875, 62.5, 63.28125, 64.0625, 64.84375, 65.625, 66.40625, 67.1875, 67.96875, 68.75, 69.53125, 70.3125, 71.09375, 71.875, 72.65625, 73.4375, 74.21875, 75.0, 75.78125, 76.5625, 77.34375, 78.125, 78.90625, 79.6875, 80.46875, 81.25, 82.03125, 82.8125, 83.59375, 84.375, 85.15625, 85.9375, 86.71875, 87.5, 88.28125, 89.0625, 89.84375, 90.625, 91.40625, 92.1875, 92.96875, 93.75, 94.53125, 95.3125, 96.09375, 96.875, 97.65625, 98.4375, 99.21875, 100.0]}