{"psd": [63.53256020974254, 72.73967212603301, 73.08372638247224, 71.63004411856379, 68.69191725225495, 64.8053248617118, 61.88787163618472, 59.93458953494844, 60.29334444665528, 60.696955527067516, 60.4575647749277, 59.63514787953703, 60.37072064313374, 61.55578467852446, 61.510977601958565, 66.77948059034223, 67.48431365710915, 66.0765527923364, 64.3643991505327, 61.1995342490788, 59.16274737933074, 58.79951635232308, 59.301566628949644, 60.61793327520701, 60.90036412705062, 62.74870183651423, 63.72117819459869, 63.46391507037283, 62.0639275117317, 61.66103180033041, 61.51076044829086, 62.190053057377455, 62.7426036764608, 63.22054904999, 64.29255947501034, 64.38650853327229, 64.33800633241026, 65.44254043545084, 67.26423808261967, 65.33715479103384, 61.159100344651705, 62.0467393088282, 63.75671719056104, 65.45531625212456, 64.80519000121585, 63.92333865737398, 63.51006573259443, 63.82264708879673, 65.13426621468271, 68.2906013824483, 67.56034421692361, 66.66118110411601, 66.43600212181846, 65.89589617716166, 66.10045893693668, 64.50807275731917, 65.00756988637795, 66.1799821985566, 66.64382444795935, 65.65999557758171, 66.6516443867063, 67.64405185080585, 68.38955214274142, 67.8268325216086, 66.86475656349135, 67.15576492449007, 66.96801574998109, 66.45769894865015, 66.6284136502314, 67.21004442216608, 68.00610280994947, 68.30987814911683, 67.38913991026291, 67.28940518378137, 67.62613711515701, 74.23909990109813, 82.88701798491091, 80.57042175048667, 70.81673578773388, 70.68662441497996, 70.42491286825799, 69.51270630420464, 70.18651255407866, 73.14825862222581, 70.00656359126198, 68.59364002257317, 69.53450047386815, 70.71437352993716, 71.06859821005244, 70.3384782836029, 69.01905904373913, 68.11268371379514, 68.01963463557678, 67.264877276517, 67.61284034402978, 69.78907056423493, 73.47254574900401, 70.0602716540192, 67.43651568165147, 66.59793899967814, 66.50452264515876, 65.94299110286299, 65.51139667902729, 65.3542991153844, 65.91219220404379, 66.07194199430397, 66.19809315934637, 67.78435757159329, 66.71620726294519, 65.27436232337865, 64.64468604784646, 63.499632168807814, 62.40935326408214, 61.20645960264675, 61.275672791886564, 62.41061843904558, 58.8498716421025, 52.84208494345117, 48.246199350059065, 43.383237872642646, 37.80515960143928, 31.031847314063384, 25.369393180802508, 22.721421066868807, 21.497506078636434, 21.5984776611478, 21.277781413622346, 21.31748388517987, 16.525925965972576], "f": [0.0, 0.78125, 1.5625, 2.34375, 3.125, 3.90625, 4.6875, 5.46875, 6.25, 7.03125, 7.8125, 8.59375, 9.375, 10.15625, 10.9375, 11.71875, 12.5, 13.28125, 14.0625, 14.84375, 15.625, 16.40625, 17.1875, 17.96875, 18.75, 19.53125, 20.3125, 21.09375, 21.875, 22.65625, 23.4375, 24.21875, 25.0, 25.78125, 26.5625, 27.34375, 28.125, 28.90625, 29.6875, 30.46875, 31.25, 32.03125, 32.8125, 33.59375, 34.375, 35.15625, 35.9375, 36.71875, 37.5, 38.28125, 39.0625, 39.84375, 40.625, 41.40625, 42.1875, 42.96875, 43.75, 44.53125, 45.3125, 46.09375, 46.875, 47.65625, 48.4375, 49.21875, 50.0, 50.78125, 51.5625, 52.34375, 53.125, 53.90625, 54.6875, 55.46875, 56.25, 57.03125, 57.8125, 58.59375, 59.375, 60.15625, 60.9375, 61.71875, 62.5, 63.28125, 64.0625, 64.84375, 65.625, 66.40625, 67.1875, 67.96875, 68.75, 69.53125, 70.3125, 71.09375, 71.875, 72.65625, 73.4375, 74.21875, 75.0, 75.78125, 76.5625, 77.34375, 78.125, 78.90625, 79.6875, 80.46875, 81.25, 82.03125, 82.8125, 83.59375, 84.375, 85.15625, 85.9375, 86.71875, 87.5, 88.28125, 89.0625, 89.84375, 90.625, 91.40625, 92.1875, 92.96875, 93.75, 94.53125, 95.3125, 96.09375, 96.875, 97.65625, 98.4375, 99.21875, 100.0]}