{"psd": [69.99306449978972, 79.104911904227, 79.17237757495951, 75.72934576968066, 70.08349883751835, 63.63052020390799, 59.35181014158709, 57.053324071922404, 55.80151009656703, 56.562117941244225, 57.80666151132234, 59.02163679572078, 59.814787639650866, 59.97697957223831, 58.944951330941095, 64.81728362978097, 64.14513206988006, 59.294690490604296, 60.6644199671333, 60.96015496790468, 61.87419076750699, 63.17594385357705, 62.76133038637758, 63.76095235067286, 63.014884053606835, 62.34903714233865, 63.336118640859375, 63.1791167450755, 63.32834450186061, 64.2795814846862, 63.81737916624374, 63.065235059623944, 62.06587535479198, 62.718732436044306, 64.1727348248893, 63.927495111226165, 66.01831976045895, 73.17942656128, 74.26998648448196, 71.5391657533474, 65.22526972001407, 65.33325462966707, 64.68794687107103, 65.46699952515976, 64.9274576628616, 65.09030518153371, 65.09609663409393, 66.57331478992874, 67.00379809915117, 66.59681039317545, 66.1719404539757, 65.72127747799455, 65.90199058459997, 65.33298621704377, 64.90967788135015, 64.49384563177632, 65.11526231343012, 65.43259775751521, 65.22652130322234, 65.3530292895903, 65.54224634199103, 65.32308040535023, 65.82132789693448, 64.91530592111404, 64.27119362558805, 63.68093895969096, 63.50979764160258, 63.957754745078944, 64.06498080437581, 64.03335385962625, 64.35287683950139, 64.13276803257563, 64.69566011526923, 64.90831156605422, 65.94972332659611, 69.840885924612, 70.68792989844296, 65.99241606840188, 63.878216668564576, 63.113617559210695, 62.70005743109727, 62.831166474502034, 63.644698545491536, 63.435825996435405, 62.97336317662254, 62.20538631730402, 62.53019265925863, 62.12594386686653, 61.98537126734835, 62.12574218705453, 63.037586992267656, 63.045244485842105, 62.814150807949986, 62.97098054011294, 63.27872300430678, 64.3615320361669, 66.30185110785501, 64.50087670275398, 64.29140084310728, 63.784135031576746, 63.03560996597463, 62.86051635504294, 63.03616617920256, 63.374138443285545, 63.244750577774404, 63.52986793560091, 63.16423029651811, 62.623066592285554, 62.78702510893269, 63.06258087730194, 63.0882615944553, 62.50989861702402, 61.92700726286806, 61.47486729021764, 60.58569184365753, 62.100679692533944, 59.332640451243634, 53.590398636388, 49.927225288671984, 45.51641819032838, 39.45476178705348, 33.27895940887776, 26.90877447485405, 22.14269472474553, 21.494414579912906, 21.172142170747176, 21.0515873178074, 21.014938839682642, 16.424161622011994], "f": [0.0, 0.78125, 1.5625, 2.34375, 3.125, 3.90625, 4.6875, 5.46875, 6.25, 7.03125, 7.8125, 8.59375, 9.375, 10.15625, 10.9375, 11.71875, 12.5, 13.28125, 14.0625, 14.84375, 15.625, 16.40625, 17.1875, 17.96875, 18.75, 19.53125, 20.3125, 21.09375, 21.875, 22.65625, 23.4375, 24.21875, 25.0, 25.78125, 26.5625, 27.34375, 28.125, 28.90625, 29.6875, 30.46875, 31.25, 32.03125, 32.8125, 33.59375, 34.375, 35.15625, 35.9375, 36.71875, 37.5, 38.28125, 39.0625, 39.84375, 40.625, 41.40625, 42.1875, 42.96875, 43.75, 44.53125, 45.3125, 46.09375, 46.875, 47.65625, 48.4375, 49.21875, 50.0, 50.78125, 51.5625, 52.34375, 53.125, 53.90625, 54.6875, 55.46875, 56.25, 57.03125, 57.8125, 58.59375, 59.375, 60.15625, 60.9375, 61.71875, 62.5, 63.28125, 64.0625, 64.84375, 65.625, 66.40625, 67.1875, 67.96875, 68.75, 69.53125, 70.3125, 71.09375, 71.875, 72.65625, 73.4375, 74.21875, 75.0, 75.78125, 76.5625, 77.34375, 78.125, 78.90625, 79.6875, 80.46875, 81.25, 82.03125, 82.8125, 83.59375, 84.375, 85.15625, 85.9375, 86.71875, 87.5, 88.28125, 89.0625, 89.84375, 90.625, 91.40625, 92.1875, 92.96875, 93.75, 94.53125, 95.3125, 96.09375, 96.875, 97.65625, 98.4375, 99.21875, 100.0]}