{"psd": [69.03282135558264, 78.00868594139058, 77.74016652363746, 75.04186843195497, 70.73515688818735, 65.41921312385813, 62.23621587270578, 60.72617417841502, 60.39752152540178, 59.04751694645513, 57.633811610814114, 57.300026674438115, 59.495884094300386, 63.44991118155618, 61.451413546188164, 59.12370672571305, 58.11662993546488, 59.27766135910157, 59.94968588902403, 61.64542039448471, 60.123687618176305, 58.392877303773865, 58.40254865878897, 59.01579961026857, 59.04133563634609, 58.957800982654845, 57.493499579904, 57.78350533873332, 61.430031306867924, 63.23934456377509, 62.296859340861346, 61.28636859080969, 59.21070946555445, 58.769707477382454, 58.934196108324755, 59.60626060813391, 59.86449189453327, 70.38687117747429, 77.33804600762333, 73.0166584901014, 61.1173407563997, 59.963421859886196, 59.986324904438135, 59.65611887420704, 59.751343241956015, 62.02951485731742, 64.59636429581724, 79.60524360202362, 85.04895813851341, 78.58495933354035, 64.28724265225063, 62.97033034888655, 61.75353980580315, 62.64777559841028, 63.1290546934667, 63.95749749484623, 70.4701550907151, 84.43658612617378, 85.10618213249181, 72.92423424246093, 65.14775702544082, 64.47273623636399, 63.99715245418029, 64.3484270636043, 63.45966725264318, 63.97488314471999, 73.93251488485723, 81.43622003979087, 77.61072650903243, 63.84036870401871, 61.834581596131486, 64.19132951312683, 63.85356427262433, 62.3628201421875, 66.12748553710591, 69.59146764609602, 70.80506025419125, 71.27936842321807, 64.0224073231522, 60.8570228740463, 60.64900367360812, 60.673429710839734, 60.670589703547044, 60.95743546905823, 61.649963510053176, 67.28142865281714, 76.78466737202379, 74.83793161589044, 61.680614957319825, 59.5639596527342, 59.864613031879806, 60.4969385923829, 61.24910188337746, 61.9228211105219, 61.95695262272653, 81.80097053678905, 86.78098251209724, 80.12436863990999, 62.31349544312836, 61.283969100441084, 61.60011836064031, 61.96127094285003, 62.89921707249438, 64.83199240566566, 67.12765479789545, 79.14665543069188, 79.31820344288066, 67.83863610612835, 64.17939568705668, 64.10709446928698, 62.61554485562203, 64.13386352629834, 65.44247586611286, 66.93950478468115, 70.04961939422142, 76.24219413201145, 71.71957965322424, 53.66257558304176, 48.28429767104311, 42.58096542295555, 36.42808309463347, 31.573172400254062, 25.554428324372896, 22.65699274122138, 22.16269540564976, 21.543126757078298, 21.232120409891458, 20.93850734485564, 16.004652005660304], "f": [0.0, 0.78125, 1.5625, 2.34375, 3.125, 3.90625, 4.6875, 5.46875, 6.25, 7.03125, 7.8125, 8.59375, 9.375, 10.15625, 10.9375, 11.71875, 12.5, 13.28125, 14.0625, 14.84375, 15.625, 16.40625, 17.1875, 17.96875, 18.75, 19.53125, 20.3125, 21.09375, 21.875, 22.65625, 23.4375, 24.21875, 25.0, 25.78125, 26.5625, 27.34375, 28.125, 28.90625, 29.6875, 30.46875, 31.25, 32.03125, 32.8125, 33.59375, 34.375, 35.15625, 35.9375, 36.71875, 37.5, 38.28125, 39.0625, 39.84375, 40.625, 41.40625, 42.1875, 42.96875, 43.75, 44.53125, 45.3125, 46.09375, 46.875, 47.65625, 48.4375, 49.21875, 50.0, 50.78125, 51.5625, 52.34375, 53.125, 53.90625, 54.6875, 55.46875, 56.25, 57.03125, 57.8125, 58.59375, 59.375, 60.15625, 60.9375, 61.71875, 62.5, 63.28125, 64.0625, 64.84375, 65.625, 66.40625, 67.1875, 67.96875, 68.75, 69.53125, 70.3125, 71.09375, 71.875, 72.65625, 73.4375, 74.21875, 75.0, 75.78125, 76.5625, 77.34375, 78.125, 78.90625, 79.6875, 80.46875, 81.25, 82.03125, 82.8125, 83.59375, 84.375, 85.15625, 85.9375, 86.71875, 87.5, 88.28125, 89.0625, 89.84375, 90.625, 91.40625, 92.1875, 92.96875, 93.75, 94.53125, 95.3125, 96.09375, 96.875, 97.65625, 98.4375, 99.21875, 100.0]}