{"psd": [62.5905749248329, 72.89361979043596, 75.08515253115496, 73.83729056081135, 70.57076878592807, 65.69334157186381, 60.96073776584149, 57.73312531397161, 56.604813817382784, 56.66484041312489, 56.364670763124565, 56.80130099646166, 59.27196361300828, 59.58945745694411, 56.803926240042195, 58.14156059832655, 58.52911155782431, 60.410168576738776, 63.90604449311043, 68.85904520768725, 64.984641093378, 60.039322377757394, 60.18797669710067, 60.10776067954011, 60.26946220467594, 60.64266447754076, 60.70046873781956, 60.482747907652495, 64.83340239698131, 65.87083720639727, 63.366975127423856, 62.835804287766166, 64.75980857860448, 65.26810662984558, 65.17612299247958, 64.44224787502057, 64.6748716783262, 66.09412756267002, 70.58131294588736, 69.11125333978522, 66.93929049422196, 65.40332279700475, 65.36376344101532, 64.64845955525217, 63.75535877671063, 62.99342991183486, 63.26845183923816, 63.75438178219462, 64.26346826970072, 63.46814117632189, 62.63815320234571, 62.681981466175536, 62.311780049023994, 61.17717823678045, 61.382832128723315, 62.25420597540602, 62.64104278310539, 65.47916712588112, 66.38639585868502, 63.048897779007135, 63.24433330185392, 65.50544356649492, 66.73185346686877, 70.78902645523081, 70.2593557109987, 64.93272690919726, 67.11708993835265, 64.05620729343612, 62.82905740886031, 61.87433935774631, 61.29334979986213, 61.90861534204817, 61.36714532542782, 61.647780258372826, 62.685151709783895, 63.876405727556644, 71.07945619989357, 73.51486817417137, 65.62874615580611, 61.936026315399914, 61.84374999062513, 60.8099690237001, 60.97075445765953, 60.648862278494846, 59.56724553849831, 58.74384687739276, 59.11593465911593, 59.58313415272805, 59.09140382981094, 58.36142106351257, 59.364464937105545, 59.40941957641484, 59.301156058877694, 58.68446357024031, 58.06187728479409, 61.51123845710708, 65.55667676782507, 61.62336164915814, 61.84077601834752, 67.75270417915044, 64.25158771112721, 59.272189581845936, 58.565119736716795, 57.918070516446136, 57.65719025062411, 57.938270218040685, 58.19078793607389, 57.99525029441287, 57.99499139114624, 57.87176275617795, 58.049993851231946, 59.5237531193013, 58.63501586307494, 55.869929325408584, 59.784174443343986, 66.66032985576354, 62.3787472295984, 48.09226336971359, 43.97996375186913, 39.5312104171099, 33.99101801095646, 28.312948834604295, 23.731978338847767, 21.469046121108924, 21.358724792832554, 21.310114953890114, 21.052101795280187, 20.613156530879188, 15.84298428974034], "f": [0.0, 0.78125, 1.5625, 2.34375, 3.125, 3.90625, 4.6875, 5.46875, 6.25, 7.03125, 7.8125, 8.59375, 9.375, 10.15625, 10.9375, 11.71875, 12.5, 13.28125, 14.0625, 14.84375, 15.625, 16.40625, 17.1875, 17.96875, 18.75, 19.53125, 20.3125, 21.09375, 21.875, 22.65625, 23.4375, 24.21875, 25.0, 25.78125, 26.5625, 27.34375, 28.125, 28.90625, 29.6875, 30.46875, 31.25, 32.03125, 32.8125, 33.59375, 34.375, 35.15625, 35.9375, 36.71875, 37.5, 38.28125, 39.0625, 39.84375, 40.625, 41.40625, 42.1875, 42.96875, 43.75, 44.53125, 45.3125, 46.09375, 46.875, 47.65625, 48.4375, 49.21875, 50.0, 50.78125, 51.5625, 52.34375, 53.125, 53.90625, 54.6875, 55.46875, 56.25, 57.03125, 57.8125, 58.59375, 59.375, 60.15625, 60.9375, 61.71875, 62.5, 63.28125, 64.0625, 64.84375, 65.625, 66.40625, 67.1875, 67.96875, 68.75, 69.53125, 70.3125, 71.09375, 71.875, 72.65625, 73.4375, 74.21875, 75.0, 75.78125, 76.5625, 77.34375, 78.125, 78.90625, 79.6875, 80.46875, 81.25, 82.03125, 82.8125, 83.59375, 84.375, 85.15625, 85.9375, 86.71875, 87.5, 88.28125, 89.0625, 89.84375, 90.625, 91.40625, 92.1875, 92.96875, 93.75, 94.53125, 95.3125, 96.09375, 96.875, 97.65625, 98.4375, 99.21875, 100.0]}