{"psd": [58.605591355290215, 67.66734132634556, 63.59627696526218, 60.796588569910604, 59.167834697759986, 57.05572281703436, 54.43548635563016, 53.774977424552254, 54.48241762186713, 59.019788352082685, 56.64807068274733, 56.41388644290778, 55.99208885421284, 57.53522527307482, 57.8444805165556, 57.038563064583336, 57.663586103369184, 57.29852036226753, 60.44150018834838, 62.1240322753686, 57.91332451931147, 56.46827703947609, 56.837293705245024, 58.26545560094783, 59.85287165937762, 59.631646387645276, 59.661237447098756, 57.64128771299524, 58.754787135665666, 58.38273813426725, 58.64831762849947, 58.347782359321045, 59.45261933886263, 61.192537500414176, 63.341433965617995, 61.68127064268759, 60.85081082068808, 62.27843622719899, 68.54342693385037, 67.00043927829404, 60.7485152247881, 60.76517108643748, 62.38442867694141, 62.70775429943601, 62.35514958585427, 63.417023629022566, 65.24261668386336, 66.72607961619525, 68.19688209883017, 68.4669966930838, 64.31488968145277, 62.9669046276977, 62.11700405187401, 61.9960262865897, 63.20583795625857, 63.36566864593691, 66.65356765603744, 66.4026065249768, 65.13721373544622, 65.32721507899748, 63.54909111656666, 63.959887360447155, 63.542907619423985, 65.03159180031975, 65.05178128659117, 65.4239911392381, 66.14247822660538, 66.2002648943079, 68.0837215982358, 66.26700602383961, 64.99942343806967, 65.06763001928948, 64.3089719904066, 64.67074095385297, 64.1700448458096, 69.91284230597493, 78.56984449424867, 76.48109053706945, 64.23666300533414, 62.93025318615177, 63.71056969323127, 63.3004391286567, 62.69538442541173, 63.56421826939492, 61.796076050282664, 60.70301944088591, 59.86257580904752, 60.337360007608765, 61.28603782621969, 62.495155353005345, 61.42248199304368, 60.30828038808824, 59.29454286726003, 59.34994699365802, 59.16743084946586, 66.07528618289179, 71.527350941315, 66.05166493909566, 59.06809400164165, 58.742765310573056, 58.765465205957184, 58.935748631618225, 58.55809162721799, 58.591601859839066, 58.804290024396906, 58.81543725025765, 58.285477610863, 58.012953047762316, 58.075578746769104, 58.15225847774051, 57.881696873125755, 57.74605329724644, 56.499661150605355, 56.300535062299815, 56.87442182613917, 61.192633625593814, 57.77107132216035, 47.58447305263299, 43.31509546369908, 38.88522057402417, 33.73774624236235, 27.857753300433185, 23.205135209074736, 21.57441985000328, 21.38510940747205, 21.54118632819432, 21.52160835937704, 21.13932518112408, 15.667475572158931], "f": [0.0, 0.78125, 1.5625, 2.34375, 3.125, 3.90625, 4.6875, 5.46875, 6.25, 7.03125, 7.8125, 8.59375, 9.375, 10.15625, 10.9375, 11.71875, 12.5, 13.28125, 14.0625, 14.84375, 15.625, 16.40625, 17.1875, 17.96875, 18.75, 19.53125, 20.3125, 21.09375, 21.875, 22.65625, 23.4375, 24.21875, 25.0, 25.78125, 26.5625, 27.34375, 28.125, 28.90625, 29.6875, 30.46875, 31.25, 32.03125, 32.8125, 33.59375, 34.375, 35.15625, 35.9375, 36.71875, 37.5, 38.28125, 39.0625, 39.84375, 40.625, 41.40625, 42.1875, 42.96875, 43.75, 44.53125, 45.3125, 46.09375, 46.875, 47.65625, 48.4375, 49.21875, 50.0, 50.78125, 51.5625, 52.34375, 53.125, 53.90625, 54.6875, 55.46875, 56.25, 57.03125, 57.8125, 58.59375, 59.375, 60.15625, 60.9375, 61.71875, 62.5, 63.28125, 64.0625, 64.84375, 65.625, 66.40625, 67.1875, 67.96875, 68.75, 69.53125, 70.3125, 71.09375, 71.875, 72.65625, 73.4375, 74.21875, 75.0, 75.78125, 76.5625, 77.34375, 78.125, 78.90625, 79.6875, 80.46875, 81.25, 82.03125, 82.8125, 83.59375, 84.375, 85.15625, 85.9375, 86.71875, 87.5, 88.28125, 89.0625, 89.84375, 90.625, 91.40625, 92.1875, 92.96875, 93.75, 94.53125, 95.3125, 96.09375, 96.875, 97.65625, 98.4375, 99.21875, 100.0]}