{"psd": [57.38618834960056, 65.99632650723427, 63.406865033529755, 59.92077734187109, 56.49338652921705, 53.760155104847854, 54.64173418123391, 64.93523430197774, 68.39300365626231, 63.822319478426984, 61.619634111227754, 61.387515018289434, 60.43906268187093, 64.45630039222974, 65.68429405362235, 61.70959611538749, 59.16314758398481, 59.4059896614346, 60.96247976017351, 61.01156926977028, 58.19397106702577, 58.62124345240835, 58.06185704612784, 58.07748943675047, 59.199328952463965, 60.080034745123776, 60.53969124389872, 59.8889029644115, 59.52787379470455, 59.27918124403224, 59.05098776868901, 59.72338530207979, 60.45657209330799, 60.52089731513234, 60.13549824487322, 60.40441553730338, 61.206103326373686, 65.54644669369311, 74.73068927779187, 73.5393767713323, 61.71205384455355, 59.703448149491535, 60.374496077617785, 62.918643497310676, 63.66665880651847, 62.642293507911305, 62.47111285506218, 62.05665459636647, 62.110414783659806, 62.18176882159565, 62.87089942698957, 62.805945709017976, 61.927697583879635, 61.59914999853149, 61.82676901621214, 61.44235833604525, 61.878537115944845, 68.32001122261522, 69.17150225163105, 63.02701288655041, 63.57454468191729, 63.797841616941554, 63.89108503919404, 64.1235827661324, 64.6038044836301, 63.74792986037784, 63.473885306066016, 63.35697573557972, 62.85137607939624, 63.08732862110641, 64.04214071717205, 63.268425526133356, 62.44925750243265, 62.12822685604966, 62.066699066759625, 73.75487793127438, 84.01983538083502, 81.99808463520499, 66.60071375321205, 61.37792567530907, 60.728565035335606, 60.89307478079306, 60.9065363356479, 61.741287661703865, 60.40414088195252, 59.89696457453202, 59.76775881118265, 59.52565126963882, 59.26555520936542, 58.46919515563868, 59.34632506673339, 58.81168576228621, 58.73518859226873, 59.15538658667768, 59.823589884214385, 69.02982699403086, 74.8323567120222, 69.24673431502325, 59.16718061583727, 59.33093861275289, 59.72349000214737, 59.99629067339129, 60.40054086224069, 61.267593793630724, 61.782552416100515, 61.08531272214413, 60.74192156729066, 60.20617471515653, 60.61076523308988, 60.71498124134174, 60.04240330554562, 59.82200514180572, 59.6328349783282, 59.44803961859019, 58.89151966396933, 61.312323213738374, 58.32485892278359, 50.11288553555478, 46.10052592745567, 41.75282849811716, 36.15577057033026, 30.085025458727706, 24.429208117540696, 21.925162056583595, 21.391464320150178, 20.904891123582424, 20.925310450059754, 21.43911689143181, 16.838739237008127], "f": [0.0, 0.78125, 1.5625, 2.34375, 3.125, 3.90625, 4.6875, 5.46875, 6.25, 7.03125, 7.8125, 8.59375, 9.375, 10.15625, 10.9375, 11.71875, 12.5, 13.28125, 14.0625, 14.84375, 15.625, 16.40625, 17.1875, 17.96875, 18.75, 19.53125, 20.3125, 21.09375, 21.875, 22.65625, 23.4375, 24.21875, 25.0, 25.78125, 26.5625, 27.34375, 28.125, 28.90625, 29.6875, 30.46875, 31.25, 32.03125, 32.8125, 33.59375, 34.375, 35.15625, 35.9375, 36.71875, 37.5, 38.28125, 39.0625, 39.84375, 40.625, 41.40625, 42.1875, 42.96875, 43.75, 44.53125, 45.3125, 46.09375, 46.875, 47.65625, 48.4375, 49.21875, 50.0, 50.78125, 51.5625, 52.34375, 53.125, 53.90625, 54.6875, 55.46875, 56.25, 57.03125, 57.8125, 58.59375, 59.375, 60.15625, 60.9375, 61.71875, 62.5, 63.28125, 64.0625, 64.84375, 65.625, 66.40625, 67.1875, 67.96875, 68.75, 69.53125, 70.3125, 71.09375, 71.875, 72.65625, 73.4375, 74.21875, 75.0, 75.78125, 76.5625, 77.34375, 78.125, 78.90625, 79.6875, 80.46875, 81.25, 82.03125, 82.8125, 83.59375, 84.375, 85.15625, 85.9375, 86.71875, 87.5, 88.28125, 89.0625, 89.84375, 90.625, 91.40625, 92.1875, 92.96875, 93.75, 94.53125, 95.3125, 96.09375, 96.875, 97.65625, 98.4375, 99.21875, 100.0]}