{"psd": [59.4504083577153, 68.85484328096227, 63.84928622430779, 59.24935153767115, 56.03567835419227, 52.483158053676185, 50.41056720258368, 51.56065731050405, 52.70602270965519, 52.22748399881968, 56.45887166203242, 59.2672900267694, 57.56295342682948, 63.70606495919945, 69.01056989105376, 63.5196733896331, 56.38765167237578, 56.251712160936115, 56.64079529594752, 57.033489786408424, 58.14577371706037, 57.5457442138203, 58.24267220997274, 58.62722649041419, 56.551456682801955, 55.74789765078183, 56.94006251656181, 58.24338464816701, 57.85596318557917, 57.843965957491534, 60.1213205212797, 61.6267334557967, 59.58947261855088, 59.89878462412388, 59.93616275137113, 61.029475040061456, 59.68915397237333, 65.10982129002576, 75.51834686208893, 74.35894685704905, 64.43803650926175, 60.82147094076384, 60.45747242089683, 60.630130243739345, 61.18232845906745, 61.84081873821215, 61.8274891489704, 62.02228836547328, 61.878554143328266, 61.19948371059971, 62.09848302835659, 62.720930634998744, 63.19582926384516, 62.40919755448661, 62.8718547117674, 63.6484764925187, 64.99427928732506, 65.3715701940617, 66.14617583531154, 62.61794135662042, 62.35980028548635, 62.007046054929766, 62.54790060112144, 63.45936265952383, 66.18653494133018, 63.81078967147742, 62.09049488934877, 62.815957165563404, 62.79249707166457, 62.58576066444079, 62.637635982207854, 62.03129062421862, 61.332177728963174, 61.4306291287492, 63.23112713706564, 68.67803757669422, 78.34322216211481, 79.11303505908181, 69.82707841458522, 63.13339371402727, 62.56307821373126, 61.62628696330139, 64.53250532432567, 69.57692802079458, 65.85985642330861, 61.24108601445854, 61.879509316278856, 61.506621524602245, 61.16352007061035, 62.162743146099366, 61.67206737542883, 61.42420852776338, 62.35923514763979, 63.88295400243469, 62.56434450734148, 67.7982101286298, 73.02745398589663, 68.02124462204578, 61.016086519357756, 60.66562315495802, 60.62433254073379, 60.74029903678131, 61.446874798874944, 63.92374406760417, 64.54123303737595, 62.466419367672714, 61.77558052478769, 61.437920769448475, 61.44815395537525, 61.04177808996246, 60.98427841447854, 60.70741889454453, 60.20912417091182, 59.907588550447926, 62.71775906019834, 68.33785168558998, 64.9024681539059, 52.167171077734096, 47.50857379431048, 43.211753712880096, 38.0767956841991, 32.050930084205504, 26.29442722085419, 22.835094852786796, 21.383310014229142, 21.492893195943296, 21.583861284508448, 21.456471742411154, 17.113963427620128], "f": [0.0, 0.78125, 1.5625, 2.34375, 3.125, 3.90625, 4.6875, 5.46875, 6.25, 7.03125, 7.8125, 8.59375, 9.375, 10.15625, 10.9375, 11.71875, 12.5, 13.28125, 14.0625, 14.84375, 15.625, 16.40625, 17.1875, 17.96875, 18.75, 19.53125, 20.3125, 21.09375, 21.875, 22.65625, 23.4375, 24.21875, 25.0, 25.78125, 26.5625, 27.34375, 28.125, 28.90625, 29.6875, 30.46875, 31.25, 32.03125, 32.8125, 33.59375, 34.375, 35.15625, 35.9375, 36.71875, 37.5, 38.28125, 39.0625, 39.84375, 40.625, 41.40625, 42.1875, 42.96875, 43.75, 44.53125, 45.3125, 46.09375, 46.875, 47.65625, 48.4375, 49.21875, 50.0, 50.78125, 51.5625, 52.34375, 53.125, 53.90625, 54.6875, 55.46875, 56.25, 57.03125, 57.8125, 58.59375, 59.375, 60.15625, 60.9375, 61.71875, 62.5, 63.28125, 64.0625, 64.84375, 65.625, 66.40625, 67.1875, 67.96875, 68.75, 69.53125, 70.3125, 71.09375, 71.875, 72.65625, 73.4375, 74.21875, 75.0, 75.78125, 76.5625, 77.34375, 78.125, 78.90625, 79.6875, 80.46875, 81.25, 82.03125, 82.8125, 83.59375, 84.375, 85.15625, 85.9375, 86.71875, 87.5, 88.28125, 89.0625, 89.84375, 90.625, 91.40625, 92.1875, 92.96875, 93.75, 94.53125, 95.3125, 96.09375, 96.875, 97.65625, 98.4375, 99.21875, 100.0]}