{"psd": [68.08163730290183, 77.06010709665172, 76.48572572331759, 74.65413413739476, 71.3993903381805, 65.46594725625147, 65.67082445050248, 73.51727435039298, 71.41826609363906, 64.52524475971467, 80.16875790338283, 85.40554323990833, 79.98658419215798, 77.04538848301635, 79.94214487836432, 80.79969109401459, 82.32710903482985, 81.41358302484042, 76.7471828103508, 75.4405748682753, 77.88390933403973, 77.58701867801295, 78.81274336879342, 76.28342532681111, 75.61211280121641, 74.78690514451863, 73.45558253215063, 77.55319038484461, 78.74967507867716, 83.1827789547741, 80.25957893000196, 76.5955769867148, 76.81881677507155, 77.66352115720699, 77.46350968220783, 78.51445885806245, 82.8283495797487, 83.22609245189354, 82.10507045298917, 80.7006097339763, 79.93463154487604, 78.8303331893345, 79.93144993622172, 81.89573205260112, 84.73273360614576, 80.5325328073426, 80.66248893920783, 80.92451192769515, 82.07565092065144, 87.28716259500372, 85.48936881007477, 84.14487438674037, 83.70801422263482, 85.13678281117737, 86.2622690831836, 87.54889310393837, 85.8869161325179, 86.84190544642945, 88.50367470493143, 88.4940756796526, 87.39973912471515, 87.40568419617333, 87.39805135694323, 86.91658030605026, 86.50858373353346, 87.7342604587316, 88.65334852336952, 89.17349961716369, 88.69127360976543, 88.13917226945249, 87.07198089185891, 87.21993333224036, 88.408983800339, 88.50200516181305, 87.70174225961, 87.84803034276676, 88.31477958794748, 88.94877721960137, 87.58585694930787, 86.92852005902867, 87.6381497671892, 87.50063630795145, 87.6311207570013, 88.12971922564438, 87.94710066372532, 87.51364001951343, 87.22419632843165, 88.31093808498302, 89.43108157852464, 88.62476817169458, 87.84544512122511, 88.53944854589037, 88.93452412521908, 88.76690603037017, 89.43789568165121, 91.94631558524698, 92.45060571914954, 88.31641149022438, 88.3746656172444, 88.46237318399987, 87.16872071554448, 87.54827637101062, 87.5728902807255, 88.3683377900658, 88.32136183500481, 88.78152199950014, 89.27327204183743, 87.95450895374708, 87.48210413258681, 88.16479142760915, 87.03125199954258, 85.58935553772791, 85.68174939400987, 86.10278686763372, 84.9863608385538, 83.9412971538423, 81.00165808139008, 77.78701907927069, 74.31531868472034, 69.1170559839371, 64.33159445017343, 57.62639612952007, 49.83659282184653, 41.49732715009064, 32.608286846128664, 24.264648363484223, 22.84806725228438, 22.39647548985742, 17.348934215852548], "f": [0.0, 0.78125, 1.5625, 2.34375, 3.125, 3.90625, 4.6875, 5.46875, 6.25, 7.03125, 7.8125, 8.59375, 9.375, 10.15625, 10.9375, 11.71875, 12.5, 13.28125, 14.0625, 14.84375, 15.625, 16.40625, 17.1875, 17.96875, 18.75, 19.53125, 20.3125, 21.09375, 21.875, 22.65625, 23.4375, 24.21875, 25.0, 25.78125, 26.5625, 27.34375, 28.125, 28.90625, 29.6875, 30.46875, 31.25, 32.03125, 32.8125, 33.59375, 34.375, 35.15625, 35.9375, 36.71875, 37.5, 38.28125, 39.0625, 39.84375, 40.625, 41.40625, 42.1875, 42.96875, 43.75, 44.53125, 45.3125, 46.09375, 46.875, 47.65625, 48.4375, 49.21875, 50.0, 50.78125, 51.5625, 52.34375, 53.125, 53.90625, 54.6875, 55.46875, 56.25, 57.03125, 57.8125, 58.59375, 59.375, 60.15625, 60.9375, 61.71875, 62.5, 63.28125, 64.0625, 64.84375, 65.625, 66.40625, 67.1875, 67.96875, 68.75, 69.53125, 70.3125, 71.09375, 71.875, 72.65625, 73.4375, 74.21875, 75.0, 75.78125, 76.5625, 77.34375, 78.125, 78.90625, 79.6875, 80.46875, 81.25, 82.03125, 82.8125, 83.59375, 84.375, 85.15625, 85.9375, 86.71875, 87.5, 88.28125, 89.0625, 89.84375, 90.625, 91.40625, 92.1875, 92.96875, 93.75, 94.53125, 95.3125, 96.09375, 96.875, 97.65625, 98.4375, 99.21875, 100.0]}