{"psd": [72.85425957940058, 81.38034843244768, 78.4738337143544, 75.17518642039477, 70.61998428303933, 65.2540126358692, 60.437018414426866, 57.49523805470189, 57.61942810475326, 58.053535435683855, 57.83133020046813, 57.71281814414321, 58.10325987045882, 57.40649686327486, 57.14082418325183, 57.354039424007574, 61.31615498262336, 64.31116588720123, 61.90054920652754, 61.25364225506037, 63.901798674436805, 64.65582446271127, 63.394828032938726, 64.57807908785588, 63.889902923949535, 64.87851405782045, 65.13950322090567, 65.721480404309, 65.14167699114608, 64.5767760490489, 67.13994417220968, 67.70381327077519, 64.26351364936521, 64.6650229514964, 65.02026634546924, 64.30162999455904, 63.42995582729421, 62.87255280520029, 63.015092757538696, 62.333867096921985, 63.16547446195507, 66.27447017363045, 68.2565656828283, 67.35567319297859, 65.03959511140904, 63.50849233583308, 62.55692606859421, 62.828126695570404, 63.26646776443206, 64.86391088842497, 67.57286356588675, 68.97195926659522, 66.73639895074422, 66.11081205087984, 65.59694237398391, 64.35127714515541, 63.91438709445702, 64.25244613909733, 65.111102022228, 64.48747507009412, 64.57194135273794, 64.26054582942284, 62.54300842806905, 62.28065479322809, 62.0988594529884, 62.448594380847894, 61.8525832846473, 61.72875456462707, 61.21459553759978, 61.07722134955506, 60.52627825103512, 60.57712257930419, 60.72339238993911, 59.98351463498496, 60.87027817742488, 63.429529090557814, 63.97868236302051, 63.031966228772276, 60.70185261788112, 60.178336108921336, 60.60716492254576, 61.10633910302484, 62.525960965241474, 62.05961296438042, 62.002404311853034, 61.89359682968443, 61.26527491571015, 60.81798490994524, 61.47988612498079, 63.27924261389177, 63.582493860195285, 63.925182191635066, 61.48609357943507, 60.56289312851882, 60.344645662585364, 60.232406893461444, 60.740394363025686, 60.261452120430505, 60.72387740925368, 60.93759589407792, 59.84759784336024, 59.39842927628686, 59.261097276156946, 59.176498401394525, 59.132233678924884, 59.32947521263351, 59.677094916193944, 58.5804306303179, 58.50841111637784, 58.17046864477312, 57.75132801986374, 57.495190438628406, 56.82718018605725, 56.47933983529897, 55.711529189005304, 54.99114259946975, 51.827854913009816, 48.507369040118284, 44.55157511603889, 40.111673296935976, 34.65265073079379, 29.358410944490807, 24.080179814765913, 21.87206529473794, 20.968306275641734, 21.313109132324506, 21.247295535147124, 21.448314240079473, 16.362211076759397], "f": [0.0, 0.78125, 1.5625, 2.34375, 3.125, 3.90625, 4.6875, 5.46875, 6.25, 7.03125, 7.8125, 8.59375, 9.375, 10.15625, 10.9375, 11.71875, 12.5, 13.28125, 14.0625, 14.84375, 15.625, 16.40625, 17.1875, 17.96875, 18.75, 19.53125, 20.3125, 21.09375, 21.875, 22.65625, 23.4375, 24.21875, 25.0, 25.78125, 26.5625, 27.34375, 28.125, 28.90625, 29.6875, 30.46875, 31.25, 32.03125, 32.8125, 33.59375, 34.375, 35.15625, 35.9375, 36.71875, 37.5, 38.28125, 39.0625, 39.84375, 40.625, 41.40625, 42.1875, 42.96875, 43.75, 44.53125, 45.3125, 46.09375, 46.875, 47.65625, 48.4375, 49.21875, 50.0, 50.78125, 51.5625, 52.34375, 53.125, 53.90625, 54.6875, 55.46875, 56.25, 57.03125, 57.8125, 58.59375, 59.375, 60.15625, 60.9375, 61.71875, 62.5, 63.28125, 64.0625, 64.84375, 65.625, 66.40625, 67.1875, 67.96875, 68.75, 69.53125, 70.3125, 71.09375, 71.875, 72.65625, 73.4375, 74.21875, 75.0, 75.78125, 76.5625, 77.34375, 78.125, 78.90625, 79.6875, 80.46875, 81.25, 82.03125, 82.8125, 83.59375, 84.375, 85.15625, 85.9375, 86.71875, 87.5, 88.28125, 89.0625, 89.84375, 90.625, 91.40625, 92.1875, 92.96875, 93.75, 94.53125, 95.3125, 96.09375, 96.875, 97.65625, 98.4375, 99.21875, 100.0]}