{"psd": [65.79841653963592, 75.12317824199127, 75.36641481383025, 72.28525264777629, 68.54257278733809, 64.41566667682682, 60.405298546911254, 57.52108673946395, 56.20206593877203, 57.394801223627326, 55.923260106102234, 57.052544534303266, 61.53215083850087, 61.01265152532713, 60.39880280556477, 61.37762875987476, 59.08085102143717, 58.804701623109054, 58.77072341661328, 59.33616365209262, 58.73449075267565, 58.4145987990013, 58.74411778858936, 60.187847175341254, 61.81084835963324, 63.18659095202734, 61.751576605208726, 60.02771629791247, 59.44857710951581, 59.581156485299296, 59.24968665739119, 59.219898187532564, 60.02363023445529, 60.10891183461777, 60.85584532285206, 60.26798276983425, 60.68802293534576, 63.312330690402916, 64.7482332703475, 63.36600499012505, 60.622484443672455, 61.9377438108608, 61.04113035636764, 60.15131454717527, 60.16354095568674, 61.1547514204723, 62.0820296123431, 61.64025959796454, 71.54680079166381, 75.57287572685496, 69.23790805105465, 63.18188760782199, 62.318798526927885, 61.54263778644389, 61.90292164809024, 61.57354757934282, 61.647552341519486, 64.60520290724887, 65.90893194931247, 62.95146746080778, 61.94356067157795, 61.93303684822485, 62.83036491175022, 62.11326852051717, 61.71574961760137, 62.00951270490879, 62.2905872121885, 61.92243819001235, 61.09027747863373, 60.709215205215, 60.6532399143315, 60.030809475992285, 60.04936965733834, 60.96027336770753, 63.69547402533221, 73.96285435050973, 83.32431031418528, 81.19422073329751, 67.6100329305886, 62.75852261857154, 60.618320794426886, 60.726798625810325, 64.70837441224715, 69.9819691572537, 64.97763441014669, 59.42947086668379, 59.31437634061161, 59.20025730141734, 59.16525366000321, 58.87440412578484, 58.81759957040701, 58.70748076983019, 58.87205660625667, 58.67896482304665, 58.373521115682834, 63.8378687582609, 68.60031034685318, 63.3166795550471, 58.75181843257018, 58.70349333363008, 59.25770501834994, 59.50097792497747, 60.04736206008948, 60.379332309258814, 59.8304261716267, 60.49911261256923, 61.026780025241145, 60.65225449130569, 59.958842480885664, 60.32466242609605, 59.49586028968297, 57.928399221972036, 57.364347354054246, 56.24791913795147, 56.04942335490041, 60.133532036226526, 56.78837540877153, 47.221723351719824, 44.009647049585006, 39.92949165234328, 33.87544051288814, 27.932976683393456, 23.238251013472322, 21.387386097138254, 21.273614885527643, 21.29012341654713, 21.25408780377182, 21.33518690606643, 16.563892064549453], "f": [0.0, 0.78125, 1.5625, 2.34375, 3.125, 3.90625, 4.6875, 5.46875, 6.25, 7.03125, 7.8125, 8.59375, 9.375, 10.15625, 10.9375, 11.71875, 12.5, 13.28125, 14.0625, 14.84375, 15.625, 16.40625, 17.1875, 17.96875, 18.75, 19.53125, 20.3125, 21.09375, 21.875, 22.65625, 23.4375, 24.21875, 25.0, 25.78125, 26.5625, 27.34375, 28.125, 28.90625, 29.6875, 30.46875, 31.25, 32.03125, 32.8125, 33.59375, 34.375, 35.15625, 35.9375, 36.71875, 37.5, 38.28125, 39.0625, 39.84375, 40.625, 41.40625, 42.1875, 42.96875, 43.75, 44.53125, 45.3125, 46.09375, 46.875, 47.65625, 48.4375, 49.21875, 50.0, 50.78125, 51.5625, 52.34375, 53.125, 53.90625, 54.6875, 55.46875, 56.25, 57.03125, 57.8125, 58.59375, 59.375, 60.15625, 60.9375, 61.71875, 62.5, 63.28125, 64.0625, 64.84375, 65.625, 66.40625, 67.1875, 67.96875, 68.75, 69.53125, 70.3125, 71.09375, 71.875, 72.65625, 73.4375, 74.21875, 75.0, 75.78125, 76.5625, 77.34375, 78.125, 78.90625, 79.6875, 80.46875, 81.25, 82.03125, 82.8125, 83.59375, 84.375, 85.15625, 85.9375, 86.71875, 87.5, 88.28125, 89.0625, 89.84375, 90.625, 91.40625, 92.1875, 92.96875, 93.75, 94.53125, 95.3125, 96.09375, 96.875, 97.65625, 98.4375, 99.21875, 100.0]}