{"psd": [68.90008796120897, 78.41072791790664, 78.19514841794194, 75.96611519985001, 70.78338717256922, 65.07068799693114, 59.77295175230331, 56.673928183426526, 57.56853229291831, 57.15770254470957, 55.49265785924437, 57.247244781797576, 57.80634093931414, 58.546367823818215, 58.092909965508824, 57.301295105336756, 58.16563737555907, 60.14938441856116, 59.4164040584902, 59.93556590456948, 60.11187462246589, 61.02482529248923, 61.65342049624279, 63.7998152090066, 63.21360090730282, 62.6843767735481, 63.16076410496759, 62.71551784717413, 63.56981461799138, 63.620050491973466, 62.280799659249354, 62.3600769651675, 62.244356461152634, 61.64432615052745, 61.41082290300324, 62.33781325116176, 62.38526135196949, 62.080816259961146, 63.63440054475114, 63.05671245999449, 61.42258431457036, 61.05337012135404, 62.11552180049886, 63.048820748292854, 62.68802179430025, 61.9939694788342, 61.9586811518581, 61.947151484148996, 61.74629520178833, 61.259037009523084, 60.823680783557464, 61.49633034779751, 61.71878052418787, 62.85037369380015, 62.787865518673726, 62.706157487798, 62.65208102880324, 63.64437322279049, 64.44390003149708, 62.50222426716238, 61.6463725079387, 61.77979483820756, 62.30855839760728, 62.96741194754159, 62.71412991836131, 62.69886805425563, 61.74876554430335, 60.958300065822215, 60.414137438928364, 61.480174217078265, 61.819269007563555, 61.412835006882915, 61.305138303320625, 61.65583254608599, 64.76410531965088, 67.74753873217963, 67.76113542742729, 67.45700987114242, 64.52634978219882, 63.081435320480885, 63.22343007418102, 64.01638718258287, 63.949317869948736, 62.39480801883471, 61.70602775515973, 61.865662351330855, 62.55030030015408, 62.35950951835173, 62.42303812935706, 62.46556320736974, 62.53487407053335, 62.68577315442229, 63.030917615303736, 64.08535223285088, 66.2658341491132, 67.5702246894194, 67.41130114339342, 67.24944062503214, 68.03250504438319, 67.0986263803231, 68.2399607501978, 69.38502618489481, 69.45704966953485, 68.73529096265885, 68.76282570416353, 70.64286085514577, 71.35779250691867, 70.84545573391932, 67.81207654876191, 66.78538931247145, 67.19518406039556, 65.26350236008666, 62.841683525537626, 62.95989667026983, 63.05259764560837, 62.77734105776706, 59.79526557955326, 54.53411793880393, 49.182949120870845, 44.49499710932435, 38.35667398112637, 32.518705155682866, 26.799434929194767, 22.19926398655474, 21.6450266536429, 21.567149359527313, 21.231401041138618, 21.05129201373297, 16.602976767436783], "f": [0.0, 0.78125, 1.5625, 2.34375, 3.125, 3.90625, 4.6875, 5.46875, 6.25, 7.03125, 7.8125, 8.59375, 9.375, 10.15625, 10.9375, 11.71875, 12.5, 13.28125, 14.0625, 14.84375, 15.625, 16.40625, 17.1875, 17.96875, 18.75, 19.53125, 20.3125, 21.09375, 21.875, 22.65625, 23.4375, 24.21875, 25.0, 25.78125, 26.5625, 27.34375, 28.125, 28.90625, 29.6875, 30.46875, 31.25, 32.03125, 32.8125, 33.59375, 34.375, 35.15625, 35.9375, 36.71875, 37.5, 38.28125, 39.0625, 39.84375, 40.625, 41.40625, 42.1875, 42.96875, 43.75, 44.53125, 45.3125, 46.09375, 46.875, 47.65625, 48.4375, 49.21875, 50.0, 50.78125, 51.5625, 52.34375, 53.125, 53.90625, 54.6875, 55.46875, 56.25, 57.03125, 57.8125, 58.59375, 59.375, 60.15625, 60.9375, 61.71875, 62.5, 63.28125, 64.0625, 64.84375, 65.625, 66.40625, 67.1875, 67.96875, 68.75, 69.53125, 70.3125, 71.09375, 71.875, 72.65625, 73.4375, 74.21875, 75.0, 75.78125, 76.5625, 77.34375, 78.125, 78.90625, 79.6875, 80.46875, 81.25, 82.03125, 82.8125, 83.59375, 84.375, 85.15625, 85.9375, 86.71875, 87.5, 88.28125, 89.0625, 89.84375, 90.625, 91.40625, 92.1875, 92.96875, 93.75, 94.53125, 95.3125, 96.09375, 96.875, 97.65625, 98.4375, 99.21875, 100.0]}