{"psd": [69.60270506560738, 79.4126571510321, 78.26454458976171, 74.42781145900503, 70.18641302754277, 64.96374710957565, 60.71110445948217, 57.1385539243867, 54.55596883005438, 52.992916417606175, 53.941577946696626, 54.1683480739098, 54.6674215863266, 54.11788573418307, 55.01202948811602, 55.16120267544417, 55.452373931299306, 55.09405739635966, 54.866485361153146, 55.659212551486526, 56.247161971862724, 57.14411257211304, 57.92002894696364, 60.1000037623546, 59.962020383407236, 58.34975607055263, 57.739830203423075, 59.26322974610164, 64.49688573552932, 72.67954715108937, 70.85378739134438, 62.86746318085854, 59.60578428227866, 58.70198207394907, 59.65083566057582, 59.12465137947738, 58.29896267314255, 58.86322252897475, 59.87054150696765, 59.14318424626198, 57.93506988179701, 57.14431322483951, 56.92423390598984, 57.63516310773043, 57.786352466177675, 58.038634357700396, 58.41248268994879, 57.51310121921951, 56.78691127743473, 56.31617507908072, 55.83523192568262, 55.48607345545665, 56.30763253479821, 56.49359359160512, 57.994257036159084, 59.46326338657401, 60.37027115184527, 59.10232780523182, 58.44502726234364, 57.32490068474378, 57.61651568233291, 57.88469283311091, 58.92434609784644, 64.2242697242707, 65.81904832484106, 62.37563602542746, 58.315244390616115, 58.652094928835055, 59.53565304785607, 58.37948034659577, 58.129985617336345, 58.90506066177756, 58.89891499495182, 58.130811984232366, 58.76278875477973, 59.55334246707585, 62.67397991934799, 66.41158083892707, 61.17465653984512, 56.7190699927049, 56.556719215474814, 57.034145208724055, 57.31003032060176, 57.06101578447672, 56.34729534100761, 56.30220853407594, 55.78868364270615, 56.509263185840446, 56.32971931180859, 56.005619926245835, 56.577305537259164, 57.03246082696643, 57.32886767496686, 56.93824659600476, 56.41618875027278, 59.336488220032436, 64.01928282000401, 60.002103751762974, 55.92694048332859, 55.48420286993044, 55.60383720300968, 56.09926883142424, 56.09482266660892, 55.800925323228164, 55.96937643374797, 56.135040618505904, 56.39397585343425, 56.13120248688282, 55.82847788051901, 55.670741672409285, 55.11373060276813, 55.45931109748694, 55.132594094496746, 54.24631044146387, 53.67011468082171, 56.435567245918044, 53.9774437472666, 45.73651024446903, 40.91540909516556, 36.52870989773345, 31.452422038370788, 25.98297591803299, 22.70139041512438, 21.52788811697188, 21.49325226149027, 21.220142842006766, 21.341506979032303, 21.36567861770411, 16.353479906659032], "f": [0.0, 0.78125, 1.5625, 2.34375, 3.125, 3.90625, 4.6875, 5.46875, 6.25, 7.03125, 7.8125, 8.59375, 9.375, 10.15625, 10.9375, 11.71875, 12.5, 13.28125, 14.0625, 14.84375, 15.625, 16.40625, 17.1875, 17.96875, 18.75, 19.53125, 20.3125, 21.09375, 21.875, 22.65625, 23.4375, 24.21875, 25.0, 25.78125, 26.5625, 27.34375, 28.125, 28.90625, 29.6875, 30.46875, 31.25, 32.03125, 32.8125, 33.59375, 34.375, 35.15625, 35.9375, 36.71875, 37.5, 38.28125, 39.0625, 39.84375, 40.625, 41.40625, 42.1875, 42.96875, 43.75, 44.53125, 45.3125, 46.09375, 46.875, 47.65625, 48.4375, 49.21875, 50.0, 50.78125, 51.5625, 52.34375, 53.125, 53.90625, 54.6875, 55.46875, 56.25, 57.03125, 57.8125, 58.59375, 59.375, 60.15625, 60.9375, 61.71875, 62.5, 63.28125, 64.0625, 64.84375, 65.625, 66.40625, 67.1875, 67.96875, 68.75, 69.53125, 70.3125, 71.09375, 71.875, 72.65625, 73.4375, 74.21875, 75.0, 75.78125, 76.5625, 77.34375, 78.125, 78.90625, 79.6875, 80.46875, 81.25, 82.03125, 82.8125, 83.59375, 84.375, 85.15625, 85.9375, 86.71875, 87.5, 88.28125, 89.0625, 89.84375, 90.625, 91.40625, 92.1875, 92.96875, 93.75, 94.53125, 95.3125, 96.09375, 96.875, 97.65625, 98.4375, 99.21875, 100.0]}