{"psd": [66.94330117301061, 75.27386953527161, 74.40748143005203, 72.99401444955257, 69.63081330147409, 65.24806518287036, 60.95836779069601, 57.17682285666215, 56.74269212445488, 57.968700572674095, 54.9812462853869, 54.77263393879515, 57.999626093035616, 61.506739956624344, 59.951989859433645, 58.59113046947087, 57.5958450373256, 58.169298511963774, 59.490148323296935, 58.71752535923441, 57.53776213129409, 57.82985929199725, 59.054621871452056, 59.81414192130352, 58.91163684170649, 57.89983678876227, 58.492491952628775, 59.76617947943876, 59.434792980064245, 61.281794700157725, 63.5225110312393, 63.731886504878545, 63.18581069996845, 61.90392703677075, 62.03802241291613, 64.01471065087922, 66.08257583916723, 65.52798676358469, 66.41072566681447, 65.01223876028483, 62.74410237031822, 62.13745418947827, 62.315616427292525, 62.80067004294683, 63.23210709320448, 64.77758738530247, 64.9685156050989, 63.97434505520947, 63.711028957124086, 63.10764733781426, 62.610044038322286, 62.594552746555294, 63.87730771024876, 64.44705745737708, 65.60970937830953, 66.00584771767431, 65.47021094228894, 65.82043664566723, 64.07084703770072, 63.284153537266164, 63.66281385242179, 65.16405340064307, 65.86036960824505, 66.31469492495665, 66.19798238015004, 65.38310504166317, 66.32513654386824, 65.18555305906554, 64.41747837972852, 64.70411782105774, 65.16024436159219, 65.38343115346443, 64.55637702579261, 64.10027720218262, 65.22631205780337, 67.57021385754112, 65.98104691445046, 65.28915705405433, 64.65538588728133, 65.40822794885166, 65.93652113410214, 65.07067334253779, 65.08241615767912, 64.16931888918457, 63.698137390507135, 63.21775303661522, 63.7805772903187, 63.821112353021604, 63.96373510048817, 63.41236043470977, 63.1478098061646, 62.897196400985855, 62.59850732343346, 62.53862832094348, 62.46340928465529, 62.73954815965263, 62.19602801760036, 61.50596890147333, 60.49507329358172, 60.998941787772225, 60.822110791705015, 59.90796692108048, 60.03152597962892, 60.07573611732235, 60.355979669420336, 60.997580704030156, 60.3744809540205, 60.289219527148994, 60.19848279339668, 59.983240060178254, 58.98675840469935, 59.023547642839134, 58.663322942838164, 57.66354951653602, 57.74899399954849, 56.86303337081699, 53.726013469427926, 49.86083561892925, 45.77611128455065, 41.05020424466219, 35.49289670315349, 29.24312643157821, 23.92365675156068, 21.848729690708637, 21.640674309986426, 21.626237905338694, 21.47192923165013, 21.402494849314905, 16.716447825053095], "f": [0.0, 0.78125, 1.5625, 2.34375, 3.125, 3.90625, 4.6875, 5.46875, 6.25, 7.03125, 7.8125, 8.59375, 9.375, 10.15625, 10.9375, 11.71875, 12.5, 13.28125, 14.0625, 14.84375, 15.625, 16.40625, 17.1875, 17.96875, 18.75, 19.53125, 20.3125, 21.09375, 21.875, 22.65625, 23.4375, 24.21875, 25.0, 25.78125, 26.5625, 27.34375, 28.125, 28.90625, 29.6875, 30.46875, 31.25, 32.03125, 32.8125, 33.59375, 34.375, 35.15625, 35.9375, 36.71875, 37.5, 38.28125, 39.0625, 39.84375, 40.625, 41.40625, 42.1875, 42.96875, 43.75, 44.53125, 45.3125, 46.09375, 46.875, 47.65625, 48.4375, 49.21875, 50.0, 50.78125, 51.5625, 52.34375, 53.125, 53.90625, 54.6875, 55.46875, 56.25, 57.03125, 57.8125, 58.59375, 59.375, 60.15625, 60.9375, 61.71875, 62.5, 63.28125, 64.0625, 64.84375, 65.625, 66.40625, 67.1875, 67.96875, 68.75, 69.53125, 70.3125, 71.09375, 71.875, 72.65625, 73.4375, 74.21875, 75.0, 75.78125, 76.5625, 77.34375, 78.125, 78.90625, 79.6875, 80.46875, 81.25, 82.03125, 82.8125, 83.59375, 84.375, 85.15625, 85.9375, 86.71875, 87.5, 88.28125, 89.0625, 89.84375, 90.625, 91.40625, 92.1875, 92.96875, 93.75, 94.53125, 95.3125, 96.09375, 96.875, 97.65625, 98.4375, 99.21875, 100.0]}