{"psd": [70.31828611691571, 78.56531645381719, 74.66239419716132, 72.01003805892898, 69.48200299955032, 64.80541966212806, 60.029253136897296, 57.57941157220262, 56.65583568174653, 57.77811778172108, 59.50322367138513, 62.76309794249906, 60.78146402156751, 58.14516627317275, 56.393951155450324, 56.09662068846356, 56.91010218506633, 60.659268010321455, 61.868676661442734, 61.32903399509353, 59.35311609544009, 59.24274143722056, 61.55740920287883, 63.07578323587378, 63.61235756733354, 62.26525075727318, 62.9798334800674, 63.51246462017101, 62.9033893914006, 63.24606048078029, 62.95950148551416, 62.999123676319606, 65.36995251609538, 66.8612770583591, 68.28257192106696, 68.51530748885294, 67.17145339875837, 66.7467513207219, 68.52064031341595, 67.30429264183763, 64.89478778715434, 63.91876747219896, 64.85967313282556, 64.34509020096051, 64.84284125544819, 65.5873020039383, 66.15083750129706, 65.42936533499193, 65.53266660972339, 64.08888233227869, 63.823468238549594, 66.42230246754752, 67.97573495222984, 66.42179328774638, 66.69062277647262, 65.07843491914717, 64.42051452393801, 66.50666348146243, 66.36630238631696, 65.00613331279513, 64.84247147303769, 65.9910586246479, 66.84602845443992, 66.16391080921656, 66.16049998069437, 66.86350347583668, 66.52837798523814, 66.06290459900939, 65.02944801775702, 64.77230398643327, 64.67527939838115, 64.45207753267668, 65.01808136475303, 64.91857101689692, 64.76917250777957, 65.55648096828418, 67.2119760738633, 67.75259760674301, 63.60768846809265, 61.449227905131565, 61.167949701259666, 61.51487739140176, 61.317050414163134, 61.49497230729739, 61.22351439908365, 61.804594641276964, 61.87132154220275, 61.49945537469415, 60.94805687294666, 60.90997413489974, 60.08566397738417, 60.291653863933384, 60.876660705223856, 60.41907455751109, 60.00573873241957, 63.48059863829309, 68.11537173217933, 64.3483207548728, 60.87472742953152, 60.71357841661233, 60.919978342833176, 60.98801435709447, 61.942305852904965, 62.43701057297734, 60.77070361642625, 60.62057781510134, 61.03794825613672, 60.613211109514026, 60.519400514632615, 60.75612852913146, 60.950194328957046, 61.050501560527636, 59.85361951839029, 58.82090282768199, 60.151534187529236, 64.328775127599, 61.514285832829344, 50.708664244120676, 46.597603998246825, 41.62175175581471, 36.62302113422878, 30.771161742728047, 25.312439219468924, 22.65112375711686, 21.498008752064507, 21.684052031623033, 21.370244315977676, 21.09685742591528, 16.373880770340378], "f": [0.0, 0.78125, 1.5625, 2.34375, 3.125, 3.90625, 4.6875, 5.46875, 6.25, 7.03125, 7.8125, 8.59375, 9.375, 10.15625, 10.9375, 11.71875, 12.5, 13.28125, 14.0625, 14.84375, 15.625, 16.40625, 17.1875, 17.96875, 18.75, 19.53125, 20.3125, 21.09375, 21.875, 22.65625, 23.4375, 24.21875, 25.0, 25.78125, 26.5625, 27.34375, 28.125, 28.90625, 29.6875, 30.46875, 31.25, 32.03125, 32.8125, 33.59375, 34.375, 35.15625, 35.9375, 36.71875, 37.5, 38.28125, 39.0625, 39.84375, 40.625, 41.40625, 42.1875, 42.96875, 43.75, 44.53125, 45.3125, 46.09375, 46.875, 47.65625, 48.4375, 49.21875, 50.0, 50.78125, 51.5625, 52.34375, 53.125, 53.90625, 54.6875, 55.46875, 56.25, 57.03125, 57.8125, 58.59375, 59.375, 60.15625, 60.9375, 61.71875, 62.5, 63.28125, 64.0625, 64.84375, 65.625, 66.40625, 67.1875, 67.96875, 68.75, 69.53125, 70.3125, 71.09375, 71.875, 72.65625, 73.4375, 74.21875, 75.0, 75.78125, 76.5625, 77.34375, 78.125, 78.90625, 79.6875, 80.46875, 81.25, 82.03125, 82.8125, 83.59375, 84.375, 85.15625, 85.9375, 86.71875, 87.5, 88.28125, 89.0625, 89.84375, 90.625, 91.40625, 92.1875, 92.96875, 93.75, 94.53125, 95.3125, 96.09375, 96.875, 97.65625, 98.4375, 99.21875, 100.0]}