{"psd": [73.58004766543056, 82.15008416564764, 79.44150599185272, 75.19267474715816, 70.53674175534549, 64.89401861044126, 60.418897979310316, 56.68346199604352, 55.709986352299126, 57.79552520108251, 55.682178438725614, 54.83661987870142, 54.882767525508065, 58.88804762192865, 60.1228798691298, 57.53944059090876, 57.44387641087939, 58.62158681673753, 61.2650018772278, 61.899061589689175, 61.84943383258244, 63.907881700593634, 64.26792078017125, 65.16516297320113, 65.40056681528903, 67.30867646972351, 69.3075815533329, 69.75887713029879, 69.20097015488777, 68.43214951740062, 67.96567904569869, 68.3503626183327, 66.81069775657389, 66.14713340419394, 66.41920014579796, 66.5785576498776, 66.60898890357548, 65.17134688187667, 64.4560563300151, 63.94660869267592, 63.34983381432277, 62.886014459275344, 62.73087175432282, 61.88858824274437, 62.00067399887779, 62.481106427192955, 62.50320330289404, 61.43859142840243, 61.65817757404946, 61.43795072904677, 61.03979964502639, 61.66014074478201, 62.22602840551622, 62.694126103030854, 63.6248698755102, 64.63429589973269, 63.73042367566585, 63.4992248501392, 62.83414947040012, 62.812149318384556, 62.83144029034136, 61.603690586848536, 61.55078551434481, 61.69052693956207, 61.551440382249744, 61.4471168694518, 61.044898933244774, 60.82512862575215, 60.46708818821291, 60.17947904088637, 60.4478368333196, 60.566672642183974, 60.769512286482225, 61.143948437626165, 61.89346325528117, 64.0474242366339, 62.98125319515133, 61.547232158876106, 60.60261552718476, 60.68820929030785, 60.29157301400208, 60.286486825371114, 60.158245405575805, 59.56304636195971, 59.528355366941135, 59.22209444171386, 59.67868813412813, 59.29337357643152, 59.22465801663112, 60.17448408638661, 60.97446629424481, 61.270597997887734, 61.062955469044326, 61.260365648923084, 61.21199418499148, 61.19576011279839, 61.063398745108245, 61.73918366454881, 62.28428732227525, 62.384719334799364, 62.5589777521288, 62.9365662474096, 62.83912113118837, 62.4863383004707, 62.204691775979896, 63.30783232585259, 63.60077480230864, 62.94132057991345, 62.086878386338284, 60.7000503951775, 59.90491289722007, 59.364295129803565, 58.508158773522176, 57.508687391995714, 56.328461127127284, 55.98362945623474, 53.311579533907114, 49.519989273656996, 45.544768840034195, 41.104217140955406, 35.12855593671554, 29.018243507197464, 24.248486960781783, 21.643920834596898, 21.07959359765185, 21.35643933539919, 21.316988988611246, 21.46919721797852, 17.180772615144765], "f": [0.0, 0.78125, 1.5625, 2.34375, 3.125, 3.90625, 4.6875, 5.46875, 6.25, 7.03125, 7.8125, 8.59375, 9.375, 10.15625, 10.9375, 11.71875, 12.5, 13.28125, 14.0625, 14.84375, 15.625, 16.40625, 17.1875, 17.96875, 18.75, 19.53125, 20.3125, 21.09375, 21.875, 22.65625, 23.4375, 24.21875, 25.0, 25.78125, 26.5625, 27.34375, 28.125, 28.90625, 29.6875, 30.46875, 31.25, 32.03125, 32.8125, 33.59375, 34.375, 35.15625, 35.9375, 36.71875, 37.5, 38.28125, 39.0625, 39.84375, 40.625, 41.40625, 42.1875, 42.96875, 43.75, 44.53125, 45.3125, 46.09375, 46.875, 47.65625, 48.4375, 49.21875, 50.0, 50.78125, 51.5625, 52.34375, 53.125, 53.90625, 54.6875, 55.46875, 56.25, 57.03125, 57.8125, 58.59375, 59.375, 60.15625, 60.9375, 61.71875, 62.5, 63.28125, 64.0625, 64.84375, 65.625, 66.40625, 67.1875, 67.96875, 68.75, 69.53125, 70.3125, 71.09375, 71.875, 72.65625, 73.4375, 74.21875, 75.0, 75.78125, 76.5625, 77.34375, 78.125, 78.90625, 79.6875, 80.46875, 81.25, 82.03125, 82.8125, 83.59375, 84.375, 85.15625, 85.9375, 86.71875, 87.5, 88.28125, 89.0625, 89.84375, 90.625, 91.40625, 92.1875, 92.96875, 93.75, 94.53125, 95.3125, 96.09375, 96.875, 97.65625, 98.4375, 99.21875, 100.0]}