{"psd": [70.90993380873569, 79.71094172483076, 72.95735542319757, 67.42283550294016, 64.81713804344132, 61.66265414449047, 59.14968603368396, 56.64656866475781, 55.37942660128018, 55.36436298397955, 56.890580361755156, 58.80586133302054, 58.050500382840646, 55.657161774529285, 55.82349951194357, 55.65295707770726, 56.69505115748974, 56.489247359769756, 57.173262769272014, 59.58393474265225, 60.45982123658766, 59.860054690261386, 60.652733335238906, 63.565282512644146, 63.29479008917868, 63.00746199382688, 63.959898715727434, 65.03008581173599, 64.57135190279526, 64.44113092245371, 64.47606339158753, 63.312732697603096, 63.10192848565461, 62.20596656899825, 62.18064940510932, 63.03954206552959, 61.38660612854493, 61.31483336205225, 62.09465633770732, 63.68818479885411, 64.84240351437273, 61.06664963355826, 60.00321534211609, 59.81448708884005, 59.60534253821941, 59.8736145929853, 60.03236024842047, 60.05991276073349, 59.70897358921549, 60.22938258050077, 60.50894943716621, 59.4963458024992, 59.482801756432416, 59.64313929566555, 60.28180521632751, 61.2323030138511, 61.4822395935506, 62.07554015371948, 61.917282764858655, 60.15232687984482, 59.4037903145723, 59.79815060474514, 59.3189920786342, 59.00663136959653, 58.503734700548726, 58.01138072207567, 57.580324658425184, 57.37064878113703, 57.64726923198036, 58.55181106342275, 58.796640218655014, 57.21463740151051, 56.966500689151985, 57.35794929939789, 60.58325041810323, 66.14932129390799, 64.51825401193658, 61.46941091338809, 57.62537439464075, 56.173798831176654, 55.870123507912616, 55.919742756906274, 55.308738301722826, 54.88983993712547, 55.15149288068754, 54.94831762305143, 56.428760187835856, 57.94773108799917, 56.491293853076996, 55.51713641112232, 55.03000598695153, 54.758886853223444, 54.938273217335876, 54.35068260576925, 56.624339988118415, 57.84723549300942, 57.817318896930836, 56.279444201222056, 55.281462266625454, 55.777236969366044, 56.128159814958, 56.48709716345928, 56.53009945983883, 56.23970580026799, 55.54352615631647, 55.72113383791829, 56.2987568094278, 56.33332380205846, 56.44362055587504, 56.10743155233629, 56.199690826890546, 54.74874272017242, 53.42288536312448, 52.02138595062912, 52.75804770609432, 57.21071044283253, 53.91061417952156, 44.35007230751309, 40.52156986793278, 36.1945683377648, 30.941050782980213, 25.638748964647824, 22.132580063039477, 21.496877364064147, 21.311345242955333, 21.27955898497092, 21.164231685750103, 20.975756811331436, 16.14361330762849], "f": [0.0, 0.78125, 1.5625, 2.34375, 3.125, 3.90625, 4.6875, 5.46875, 6.25, 7.03125, 7.8125, 8.59375, 9.375, 10.15625, 10.9375, 11.71875, 12.5, 13.28125, 14.0625, 14.84375, 15.625, 16.40625, 17.1875, 17.96875, 18.75, 19.53125, 20.3125, 21.09375, 21.875, 22.65625, 23.4375, 24.21875, 25.0, 25.78125, 26.5625, 27.34375, 28.125, 28.90625, 29.6875, 30.46875, 31.25, 32.03125, 32.8125, 33.59375, 34.375, 35.15625, 35.9375, 36.71875, 37.5, 38.28125, 39.0625, 39.84375, 40.625, 41.40625, 42.1875, 42.96875, 43.75, 44.53125, 45.3125, 46.09375, 46.875, 47.65625, 48.4375, 49.21875, 50.0, 50.78125, 51.5625, 52.34375, 53.125, 53.90625, 54.6875, 55.46875, 56.25, 57.03125, 57.8125, 58.59375, 59.375, 60.15625, 60.9375, 61.71875, 62.5, 63.28125, 64.0625, 64.84375, 65.625, 66.40625, 67.1875, 67.96875, 68.75, 69.53125, 70.3125, 71.09375, 71.875, 72.65625, 73.4375, 74.21875, 75.0, 75.78125, 76.5625, 77.34375, 78.125, 78.90625, 79.6875, 80.46875, 81.25, 82.03125, 82.8125, 83.59375, 84.375, 85.15625, 85.9375, 86.71875, 87.5, 88.28125, 89.0625, 89.84375, 90.625, 91.40625, 92.1875, 92.96875, 93.75, 94.53125, 95.3125, 96.09375, 96.875, 97.65625, 98.4375, 99.21875, 100.0]}