{"psd": [71.06882800961101, 80.03519608476876, 80.32419581499055, 76.54021189160092, 70.38957769063663, 65.10410213665719, 60.37147617795824, 57.722727410756384, 60.66616748215238, 62.358865775076126, 58.59569331402931, 58.7512452598072, 63.40848335004403, 63.29059082658296, 59.269070730340886, 58.04818624836508, 58.56795820977177, 59.714326726267544, 59.95950745243752, 61.643853351845806, 60.17408815917435, 59.85013490805599, 60.66730411519074, 61.150435310108236, 63.47331286790695, 67.55932547115545, 64.84984792953877, 61.88091899120973, 60.67395836851289, 61.28567150381126, 61.66290742330843, 61.468305475041944, 61.6017473289246, 62.42370439412433, 63.550281184560966, 64.68316347475182, 63.28238519536104, 66.2948960196353, 73.44104354135634, 72.2076412920437, 62.954719658071234, 62.881079238476964, 64.48061650563092, 63.74371692777264, 63.6693699595041, 64.92947979577605, 67.40196509391009, 66.72327108588382, 67.04401426553781, 71.11048242966665, 74.91687323052292, 72.8800321689557, 68.30283085969471, 67.48345132597625, 68.67063915465535, 69.00973389006826, 67.7817988572576, 69.11875857071855, 70.72245614663133, 70.52504799054427, 68.53537117939729, 67.82629577692879, 68.86810023925163, 69.26019405010638, 68.23779423980302, 68.02617955235749, 68.19403236020833, 67.85243074307573, 67.61713332330521, 67.75261025106367, 67.6234913434565, 67.77298294041528, 67.75718778472992, 67.65932013392, 68.86735618492837, 75.69133599567633, 82.7618373731062, 80.55558699163164, 71.55784243211359, 69.3248788622161, 67.9491020856039, 67.90903351841284, 68.2559013517748, 69.23584847702003, 68.26316446521409, 67.59314086264507, 67.25497868040819, 67.75744851645979, 67.84432670791958, 67.13078980873489, 66.82608355296797, 66.86041839229497, 66.7625206297516, 66.54562947946124, 67.29664087503565, 70.47766327321897, 73.39972213490374, 69.74274774971961, 67.20442926402814, 67.97484818592663, 67.59545122111317, 68.13223511926316, 67.44121302328722, 68.04761051506756, 68.03982321275427, 67.73079198328303, 67.92211814277091, 67.7570822245262, 67.5210532785969, 67.32341587517168, 66.77173995203842, 66.24342002490113, 65.94829705280708, 65.14890119945542, 64.67612773700046, 65.23637632220239, 62.57196429888553, 57.64969901325024, 53.8959688755208, 49.679027663644504, 43.424545202792075, 36.64099330645816, 30.69058321413808, 25.188220336354536, 22.13748092115295, 21.3311122954588, 21.65831185187883, 21.33117063474279, 16.944038878679567], "f": [0.0, 0.78125, 1.5625, 2.34375, 3.125, 3.90625, 4.6875, 5.46875, 6.25, 7.03125, 7.8125, 8.59375, 9.375, 10.15625, 10.9375, 11.71875, 12.5, 13.28125, 14.0625, 14.84375, 15.625, 16.40625, 17.1875, 17.96875, 18.75, 19.53125, 20.3125, 21.09375, 21.875, 22.65625, 23.4375, 24.21875, 25.0, 25.78125, 26.5625, 27.34375, 28.125, 28.90625, 29.6875, 30.46875, 31.25, 32.03125, 32.8125, 33.59375, 34.375, 35.15625, 35.9375, 36.71875, 37.5, 38.28125, 39.0625, 39.84375, 40.625, 41.40625, 42.1875, 42.96875, 43.75, 44.53125, 45.3125, 46.09375, 46.875, 47.65625, 48.4375, 49.21875, 50.0, 50.78125, 51.5625, 52.34375, 53.125, 53.90625, 54.6875, 55.46875, 56.25, 57.03125, 57.8125, 58.59375, 59.375, 60.15625, 60.9375, 61.71875, 62.5, 63.28125, 64.0625, 64.84375, 65.625, 66.40625, 67.1875, 67.96875, 68.75, 69.53125, 70.3125, 71.09375, 71.875, 72.65625, 73.4375, 74.21875, 75.0, 75.78125, 76.5625, 77.34375, 78.125, 78.90625, 79.6875, 80.46875, 81.25, 82.03125, 82.8125, 83.59375, 84.375, 85.15625, 85.9375, 86.71875, 87.5, 88.28125, 89.0625, 89.84375, 90.625, 91.40625, 92.1875, 92.96875, 93.75, 94.53125, 95.3125, 96.09375, 96.875, 97.65625, 98.4375, 99.21875, 100.0]}