{"psd": [71.83138418977767, 81.3227811352368, 79.67364327096917, 75.3876293794539, 69.04829108633446, 62.83572338311909, 58.82073112551375, 57.91613403443502, 58.33263354117517, 57.554018039519846, 59.50905786112381, 57.63355228413172, 57.13975826818721, 58.50106773437247, 58.62339423083917, 58.08126093494408, 58.547300105589585, 58.960225300815694, 59.530594501415834, 60.15015280286783, 64.22942429599507, 64.3906247086073, 63.176513791632985, 63.73915031580141, 62.96759984132579, 65.07290777573883, 65.43754539202106, 65.4841804103978, 65.31282922745525, 65.66731502559959, 67.99707803261805, 68.76847374067181, 66.17259868803527, 64.71658574199422, 64.17575295133781, 64.64592316297735, 65.28351790882172, 65.21499173261971, 65.16143199554618, 64.9335609950984, 66.5767198611284, 67.97350975692461, 66.27609019467664, 64.54058831513115, 64.08839519432578, 63.651917691563455, 63.25453056711265, 62.766669686220666, 63.38435434179699, 63.35641346289482, 64.56556823358292, 65.49706033025976, 65.13039047716374, 64.415652557958, 64.18470131958033, 64.59276818789283, 64.50368575614843, 64.58231759108743, 64.8245859764509, 63.33422988503596, 63.55043092282796, 64.36768232708896, 64.38298939845517, 63.743372509630866, 63.71239300519746, 63.206651599299335, 62.671377357743935, 62.8449888936874, 63.28649105393973, 63.43679865666147, 63.58504702419994, 62.844996932028224, 63.004107563921956, 62.84120467838519, 63.48033023169427, 64.10481826742596, 64.15406431612082, 63.737212419154105, 63.0676339589909, 62.8804137133574, 63.121880457070404, 62.854488561399734, 63.194820772645, 63.77653975815249, 63.37168635398844, 62.91120127161807, 62.80214071756427, 62.279805000989185, 62.26237649142572, 62.737413821865275, 62.9719785555206, 62.941977520886326, 63.27158132736361, 63.49067075550715, 63.58932772249091, 63.955471691699984, 64.05254307403852, 64.82508710231468, 65.10839947144406, 64.728859883722, 65.07874419116737, 65.19847391177466, 65.09746464482912, 64.60097782717963, 65.23939190496164, 66.27130898055655, 65.60294962617628, 64.61647266632413, 64.70791698781392, 64.37019215712839, 64.59062602132518, 63.71336375179331, 63.01131706064085, 62.607490722962964, 61.34575328079627, 60.50314667995006, 58.1029047431914, 54.98761747729166, 51.13453740600035, 46.27576941519677, 40.770552076716825, 34.75097820195516, 28.11212686970869, 23.08248752207849, 21.980179490856248, 21.640556648950984, 21.309556030601616, 21.09707404221505, 15.876842899063368], "f": [0.0, 0.78125, 1.5625, 2.34375, 3.125, 3.90625, 4.6875, 5.46875, 6.25, 7.03125, 7.8125, 8.59375, 9.375, 10.15625, 10.9375, 11.71875, 12.5, 13.28125, 14.0625, 14.84375, 15.625, 16.40625, 17.1875, 17.96875, 18.75, 19.53125, 20.3125, 21.09375, 21.875, 22.65625, 23.4375, 24.21875, 25.0, 25.78125, 26.5625, 27.34375, 28.125, 28.90625, 29.6875, 30.46875, 31.25, 32.03125, 32.8125, 33.59375, 34.375, 35.15625, 35.9375, 36.71875, 37.5, 38.28125, 39.0625, 39.84375, 40.625, 41.40625, 42.1875, 42.96875, 43.75, 44.53125, 45.3125, 46.09375, 46.875, 47.65625, 48.4375, 49.21875, 50.0, 50.78125, 51.5625, 52.34375, 53.125, 53.90625, 54.6875, 55.46875, 56.25, 57.03125, 57.8125, 58.59375, 59.375, 60.15625, 60.9375, 61.71875, 62.5, 63.28125, 64.0625, 64.84375, 65.625, 66.40625, 67.1875, 67.96875, 68.75, 69.53125, 70.3125, 71.09375, 71.875, 72.65625, 73.4375, 74.21875, 75.0, 75.78125, 76.5625, 77.34375, 78.125, 78.90625, 79.6875, 80.46875, 81.25, 82.03125, 82.8125, 83.59375, 84.375, 85.15625, 85.9375, 86.71875, 87.5, 88.28125, 89.0625, 89.84375, 90.625, 91.40625, 92.1875, 92.96875, 93.75, 94.53125, 95.3125, 96.09375, 96.875, 97.65625, 98.4375, 99.21875, 100.0]}