{"psd": [78.89417645535035, 87.96712803347988, 83.82615173208217, 76.62044981481503, 69.46283553615937, 64.35453223366913, 61.83548740143681, 61.866130875487464, 61.932676387055714, 62.26088866941252, 62.684377136208525, 62.960926840785405, 63.265406703634824, 63.96234751818061, 64.1193883731326, 64.32469434632034, 63.875426093887775, 64.42314614197426, 64.90036242518218, 64.88743055486255, 65.14118679302865, 65.73360523772477, 66.69337353816681, 67.74270705994084, 67.45275057517243, 67.52016629301558, 68.31735100611213, 68.19958941222882, 67.9849740854342, 67.90666709404059, 67.98374967306988, 67.72208600879762, 67.19197035333345, 66.97481213647886, 66.46144419489022, 66.51389359844488, 66.23330621623536, 66.07930995293177, 66.15103045892424, 66.02309171166436, 65.89731726314082, 65.45034279532044, 65.33172670280348, 65.8464866823361, 65.52273368242655, 65.51555515287183, 66.23089965174009, 66.41844225464678, 65.95639527895653, 66.12224365733375, 65.99548365569207, 66.52212826026076, 66.60098015169723, 66.80354052634112, 66.57949843877132, 66.76830291352016, 66.63482286794496, 66.9277216449309, 66.86708751363845, 66.21512337916842, 65.99685121897069, 66.2012909728385, 66.50418765849611, 66.51188371891409, 66.26784896767042, 66.14661117948968, 66.38832306870087, 66.01151477086309, 66.1005137680823, 66.01443481101632, 66.27448477111255, 65.8189232132223, 65.9275447111435, 65.9594795343975, 66.30902805005124, 66.52337023478515, 66.60579781867455, 66.50379033623491, 65.61442135749998, 65.9090952273038, 66.27085896314226, 66.09324889000814, 65.89886279364335, 65.1322550936444, 65.7688543055005, 65.5930059311577, 65.40415654030964, 65.6964878414365, 65.55543780320667, 65.84589585058963, 66.19549314039615, 65.67199776056421, 65.67450629708267, 65.93068455136311, 65.5322924075544, 66.04538274198202, 66.22791154153597, 65.7506927506899, 65.71829881296838, 66.29248574578983, 66.48653409988414, 66.35384140614471, 66.75606464209864, 66.61938971096467, 66.28850234024553, 66.8779240985247, 67.13418733702908, 66.87875446033412, 66.575042977336, 66.15792266093004, 66.50638461570064, 66.2796701184638, 65.94226047514665, 65.1720938406002, 64.76888616541163, 63.26258070194443, 60.85932595153625, 57.109351995291235, 53.21921026635842, 48.136234316089656, 42.44716615524172, 36.109280955478084, 29.762410666247323, 23.724329035947477, 21.49607686503331, 20.87081069079341, 21.052841491598574, 20.91864109220452, 16.38581842449791], "f": [0.0, 0.78125, 1.5625, 2.34375, 3.125, 3.90625, 4.6875, 5.46875, 6.25, 7.03125, 7.8125, 8.59375, 9.375, 10.15625, 10.9375, 11.71875, 12.5, 13.28125, 14.0625, 14.84375, 15.625, 16.40625, 17.1875, 17.96875, 18.75, 19.53125, 20.3125, 21.09375, 21.875, 22.65625, 23.4375, 24.21875, 25.0, 25.78125, 26.5625, 27.34375, 28.125, 28.90625, 29.6875, 30.46875, 31.25, 32.03125, 32.8125, 33.59375, 34.375, 35.15625, 35.9375, 36.71875, 37.5, 38.28125, 39.0625, 39.84375, 40.625, 41.40625, 42.1875, 42.96875, 43.75, 44.53125, 45.3125, 46.09375, 46.875, 47.65625, 48.4375, 49.21875, 50.0, 50.78125, 51.5625, 52.34375, 53.125, 53.90625, 54.6875, 55.46875, 56.25, 57.03125, 57.8125, 58.59375, 59.375, 60.15625, 60.9375, 61.71875, 62.5, 63.28125, 64.0625, 64.84375, 65.625, 66.40625, 67.1875, 67.96875, 68.75, 69.53125, 70.3125, 71.09375, 71.875, 72.65625, 73.4375, 74.21875, 75.0, 75.78125, 76.5625, 77.34375, 78.125, 78.90625, 79.6875, 80.46875, 81.25, 82.03125, 82.8125, 83.59375, 84.375, 85.15625, 85.9375, 86.71875, 87.5, 88.28125, 89.0625, 89.84375, 90.625, 91.40625, 92.1875, 92.96875, 93.75, 94.53125, 95.3125, 96.09375, 96.875, 97.65625, 98.4375, 99.21875, 100.0]}