{"psd": [71.37928191891756, 80.62528070182564, 78.14951798517762, 74.83525238245491, 69.67082667115756, 64.79108131230875, 60.352354999294924, 57.01068601784915, 56.45388652647692, 57.00170192530142, 56.73516877402952, 58.087714644391895, 57.783045163217736, 60.25874626267033, 59.455831119329204, 58.68235331212983, 60.185593136044176, 58.546522982926604, 60.548595849727164, 60.9366276462129, 62.45516866797453, 63.496694109471, 64.37597204219428, 65.56469210014421, 66.27652761730164, 68.32375401240925, 70.89209513026223, 69.32278715205713, 67.50586044946016, 67.02195616722335, 66.74427170146394, 66.63309668875607, 66.58794132330156, 65.87333235713469, 66.06281397342032, 66.26650119634046, 65.9502783180612, 64.92417889001398, 64.0998253737738, 64.18632505676962, 63.69984852770526, 62.97304997866978, 62.846772341774404, 64.33172300895811, 65.74101634840561, 65.48608715361989, 64.17991384590921, 63.30708329735571, 62.88554740029387, 62.558458855509684, 63.505917165857504, 64.47045277618768, 65.00236562722226, 64.17227759963362, 64.43966993307818, 64.28648336266886, 64.16803000435331, 63.84687632132017, 64.54799614032049, 63.014936482590976, 62.80468057092457, 62.398957157588875, 63.36503773658423, 63.774327009355254, 63.71748729169502, 63.120345912185556, 62.280267531485535, 61.77967647678407, 62.59208847479006, 62.594566075152116, 62.0860809694894, 62.21232320250371, 62.588097641399514, 62.82013287621333, 63.74821799571301, 64.85126711008478, 64.85856490561403, 63.68504154211601, 61.886745301207846, 61.838385238289185, 61.42724005987784, 61.34609630929009, 60.559317673026214, 60.20405921348056, 59.94390748854947, 59.69911727450479, 60.36577553398455, 60.76813232472017, 60.66285775051757, 61.22932593486203, 61.9255520054999, 62.09099507243331, 62.7885942379429, 63.143383371657585, 63.2792312293205, 63.58140108372446, 63.01916568504947, 63.618738722022094, 64.08361882153626, 63.203922881603944, 62.958521707927275, 63.295325108907825, 62.720327868703194, 62.141618162718544, 61.90269892040269, 63.28620722109541, 62.881615050736634, 62.19335201789379, 61.081151019484416, 60.19238843971597, 60.548390359203026, 59.55304825171523, 58.5947090567978, 57.54736366765503, 56.921951067966035, 57.022411585209355, 54.08818658231023, 49.37784208166792, 45.602620859124215, 40.54261613848545, 35.18958822823343, 29.572074452248422, 24.58860507103463, 21.86314270510205, 21.377091204042394, 21.29096492363107, 20.954018280796202, 21.04169693157923, 16.124863259831315], "f": [0.0, 0.78125, 1.5625, 2.34375, 3.125, 3.90625, 4.6875, 5.46875, 6.25, 7.03125, 7.8125, 8.59375, 9.375, 10.15625, 10.9375, 11.71875, 12.5, 13.28125, 14.0625, 14.84375, 15.625, 16.40625, 17.1875, 17.96875, 18.75, 19.53125, 20.3125, 21.09375, 21.875, 22.65625, 23.4375, 24.21875, 25.0, 25.78125, 26.5625, 27.34375, 28.125, 28.90625, 29.6875, 30.46875, 31.25, 32.03125, 32.8125, 33.59375, 34.375, 35.15625, 35.9375, 36.71875, 37.5, 38.28125, 39.0625, 39.84375, 40.625, 41.40625, 42.1875, 42.96875, 43.75, 44.53125, 45.3125, 46.09375, 46.875, 47.65625, 48.4375, 49.21875, 50.0, 50.78125, 51.5625, 52.34375, 53.125, 53.90625, 54.6875, 55.46875, 56.25, 57.03125, 57.8125, 58.59375, 59.375, 60.15625, 60.9375, 61.71875, 62.5, 63.28125, 64.0625, 64.84375, 65.625, 66.40625, 67.1875, 67.96875, 68.75, 69.53125, 70.3125, 71.09375, 71.875, 72.65625, 73.4375, 74.21875, 75.0, 75.78125, 76.5625, 77.34375, 78.125, 78.90625, 79.6875, 80.46875, 81.25, 82.03125, 82.8125, 83.59375, 84.375, 85.15625, 85.9375, 86.71875, 87.5, 88.28125, 89.0625, 89.84375, 90.625, 91.40625, 92.1875, 92.96875, 93.75, 94.53125, 95.3125, 96.09375, 96.875, 97.65625, 98.4375, 99.21875, 100.0]}