{"psd": [77.21000297636752, 86.1312288695295, 83.67815977393133, 76.69505495970319, 69.12406946413107, 64.98492081824203, 64.08675437634089, 64.59184356729126, 64.49213679036733, 64.18769626450015, 64.86553223185555, 64.70943199331919, 64.80857849245227, 64.93761720836993, 65.66346233824734, 66.67976212803909, 66.75978580455751, 67.09399235318811, 67.67420249776455, 68.32161187884903, 67.96979183290955, 67.36554906857799, 67.32903968371951, 67.79973858659304, 68.30279107493256, 68.17932250884694, 68.29914683688182, 69.22202546338029, 73.49843878244856, 80.98166221603343, 78.83228444431063, 70.45423042830897, 69.37821673728484, 69.04609029094458, 69.40176384619656, 69.61986234264376, 68.71663108596344, 68.99173220725476, 69.26060603766429, 68.08858482912923, 68.16128761322965, 68.2754080807113, 67.95049940160055, 68.15890958896613, 68.78054375012313, 68.86996226153984, 69.27560529151246, 69.49318117219741, 69.52825253099897, 68.99943040385523, 68.97579390225819, 69.19214657740488, 69.5495504472506, 69.75667639306056, 69.68870038716513, 69.41677309354777, 69.63705744621865, 69.87791513204674, 70.05121859388177, 69.88436674256636, 69.32436223965168, 69.06903348651193, 69.30788616868685, 69.0189315202654, 68.65955649916849, 68.9237024006799, 69.79179939397652, 69.40381941495733, 69.05655304748613, 68.9463415263785, 69.29731695135112, 69.24734507738128, 68.9549957220253, 68.8122220897627, 69.11934177496573, 71.14475032750198, 70.97872559009473, 70.5881064518459, 69.32987306446505, 68.81081544926452, 68.56353340875403, 68.94680565494563, 68.82527201814152, 69.19917813264152, 69.11620196595547, 69.41012057285637, 69.13782816746854, 69.38822271141903, 69.16110415473776, 68.76314597862812, 68.60879729606545, 69.38667960857835, 69.3555110938839, 68.98260328827257, 69.11000968544299, 69.35350030852729, 69.72339627419157, 69.5605220765376, 69.28119925493195, 71.31844715723432, 70.20765014244526, 70.04278283767296, 69.71900177020848, 69.64972427093939, 69.49770494970116, 69.76413497348983, 70.23470020246566, 69.86838104127719, 69.68293489757131, 69.63875835920571, 69.59638501090014, 69.10179891164418, 68.65642825703455, 67.88181884431265, 66.95735799134604, 65.79802417885394, 63.41267416884574, 59.03953711166515, 55.07095600659602, 50.75861674259371, 45.32424365555188, 39.234113417829185, 31.903210535314408, 24.9873654789516, 21.840955822752473, 21.560141392586196, 21.579190239904555, 21.519136406115397, 16.74645425810794], "f": [0.0, 0.78125, 1.5625, 2.34375, 3.125, 3.90625, 4.6875, 5.46875, 6.25, 7.03125, 7.8125, 8.59375, 9.375, 10.15625, 10.9375, 11.71875, 12.5, 13.28125, 14.0625, 14.84375, 15.625, 16.40625, 17.1875, 17.96875, 18.75, 19.53125, 20.3125, 21.09375, 21.875, 22.65625, 23.4375, 24.21875, 25.0, 25.78125, 26.5625, 27.34375, 28.125, 28.90625, 29.6875, 30.46875, 31.25, 32.03125, 32.8125, 33.59375, 34.375, 35.15625, 35.9375, 36.71875, 37.5, 38.28125, 39.0625, 39.84375, 40.625, 41.40625, 42.1875, 42.96875, 43.75, 44.53125, 45.3125, 46.09375, 46.875, 47.65625, 48.4375, 49.21875, 50.0, 50.78125, 51.5625, 52.34375, 53.125, 53.90625, 54.6875, 55.46875, 56.25, 57.03125, 57.8125, 58.59375, 59.375, 60.15625, 60.9375, 61.71875, 62.5, 63.28125, 64.0625, 64.84375, 65.625, 66.40625, 67.1875, 67.96875, 68.75, 69.53125, 70.3125, 71.09375, 71.875, 72.65625, 73.4375, 74.21875, 75.0, 75.78125, 76.5625, 77.34375, 78.125, 78.90625, 79.6875, 80.46875, 81.25, 82.03125, 82.8125, 83.59375, 84.375, 85.15625, 85.9375, 86.71875, 87.5, 88.28125, 89.0625, 89.84375, 90.625, 91.40625, 92.1875, 92.96875, 93.75, 94.53125, 95.3125, 96.09375, 96.875, 97.65625, 98.4375, 99.21875, 100.0]}