{"psd": [76.39315486349646, 85.2141085368232, 83.67531221789386, 77.1659275511775, 69.85132173008591, 64.07811950402485, 61.66140772410857, 60.81516763304147, 61.32637190516728, 61.370430927628334, 61.22516910680549, 60.92517859382305, 61.306700450630984, 61.92177988544149, 65.44373479507742, 65.45759575018874, 63.02108510267956, 63.99339217067714, 64.90465508039526, 65.25226141944131, 65.04044729282629, 64.29893318273679, 64.03529636987227, 64.48680603296896, 64.97573129810687, 64.4538441922179, 65.21118618604773, 66.35677497121635, 70.68240567839085, 77.13808851938929, 72.64034954696788, 67.03970339499422, 65.84803500160572, 65.6784391175619, 66.32898497108977, 66.88152164686865, 65.25999203922034, 66.45223707197634, 67.67392200512293, 66.35766822785928, 64.98881459590794, 64.87307955348327, 64.93467358053408, 64.99975328369874, 65.75327790780365, 65.85521161159838, 65.57714799851402, 65.33118060267975, 65.68883287901897, 65.44575846169033, 64.99708571077208, 65.00136044387703, 65.3061877442745, 65.34467850321158, 65.36663008905292, 65.12427448453506, 65.14529574198995, 65.94705749018355, 66.61302077127421, 65.5994012108158, 65.12777552787975, 65.71361268412561, 65.78002854721385, 65.31589113559984, 65.46328391127804, 65.62390225635683, 66.0015961177346, 65.27213166535398, 65.04694720863915, 65.35434539797382, 65.1559376956155, 65.26161713238841, 65.07717879762708, 65.31165812518556, 65.71876047575867, 66.08983871100781, 67.7476128775656, 69.7925882629603, 66.77243240968897, 66.17464033331383, 65.68473789923695, 65.6244802123901, 65.55871136250546, 65.43704322412131, 65.283188194303, 65.31710263544647, 65.63879396684659, 65.55815602321832, 65.35901426628433, 65.66559758446101, 65.70798120064705, 66.14104810701795, 66.20443773684076, 66.14239088208326, 66.30495927420031, 66.18235392931437, 66.0703587387889, 66.24502738609524, 66.16794634996779, 66.47818043361661, 66.46703780093704, 66.50154478232733, 67.48666150056613, 67.14330960869009, 67.50261947640138, 67.98817690231036, 68.70780524232778, 68.03329079737259, 68.12258073183641, 66.67552645478584, 66.10070501105766, 65.6609828648311, 65.23344857982893, 64.95215963134052, 63.366785456279544, 62.947279995558034, 60.21980318578427, 55.79506085202887, 52.2494890534923, 47.70264183051761, 42.36312807741154, 35.96782479788109, 28.80363748268648, 23.209257528493104, 21.541967326216437, 21.401360309568254, 21.527206577304675, 21.601647943910024, 17.185993842349436], "f": [0.0, 0.78125, 1.5625, 2.34375, 3.125, 3.90625, 4.6875, 5.46875, 6.25, 7.03125, 7.8125, 8.59375, 9.375, 10.15625, 10.9375, 11.71875, 12.5, 13.28125, 14.0625, 14.84375, 15.625, 16.40625, 17.1875, 17.96875, 18.75, 19.53125, 20.3125, 21.09375, 21.875, 22.65625, 23.4375, 24.21875, 25.0, 25.78125, 26.5625, 27.34375, 28.125, 28.90625, 29.6875, 30.46875, 31.25, 32.03125, 32.8125, 33.59375, 34.375, 35.15625, 35.9375, 36.71875, 37.5, 38.28125, 39.0625, 39.84375, 40.625, 41.40625, 42.1875, 42.96875, 43.75, 44.53125, 45.3125, 46.09375, 46.875, 47.65625, 48.4375, 49.21875, 50.0, 50.78125, 51.5625, 52.34375, 53.125, 53.90625, 54.6875, 55.46875, 56.25, 57.03125, 57.8125, 58.59375, 59.375, 60.15625, 60.9375, 61.71875, 62.5, 63.28125, 64.0625, 64.84375, 65.625, 66.40625, 67.1875, 67.96875, 68.75, 69.53125, 70.3125, 71.09375, 71.875, 72.65625, 73.4375, 74.21875, 75.0, 75.78125, 76.5625, 77.34375, 78.125, 78.90625, 79.6875, 80.46875, 81.25, 82.03125, 82.8125, 83.59375, 84.375, 85.15625, 85.9375, 86.71875, 87.5, 88.28125, 89.0625, 89.84375, 90.625, 91.40625, 92.1875, 92.96875, 93.75, 94.53125, 95.3125, 96.09375, 96.875, 97.65625, 98.4375, 99.21875, 100.0]}