{"psd": [72.93082943018169, 82.20870196403439, 81.89903056328288, 76.84397008391262, 70.13714691669551, 64.42831964773025, 60.1691413603233, 59.24988339821053, 60.87485890855064, 60.2148867611534, 60.6060361406255, 60.95339624571164, 62.050881192917714, 62.03591592849718, 60.49745767222685, 59.59092197167592, 61.01260649224419, 62.302476207742615, 62.544471602512075, 62.859933351976, 62.83905953674911, 62.41793801199882, 62.50103846488895, 62.57011943223891, 63.47872397426649, 64.57200710315016, 64.53429547578796, 65.07761231556043, 64.97801382041051, 65.03835512283221, 64.54952028280789, 64.250207703044, 63.94240616587922, 65.70763409767277, 65.23578867436679, 64.03246297501585, 63.87408473443888, 63.98019982853842, 65.98906300819229, 66.1805484190388, 65.02837255854448, 65.87593668832962, 66.29537229244978, 65.83860558355724, 65.34505192955376, 65.21059471415194, 65.35070168482736, 66.09243026764628, 68.65696439381564, 68.40606095918208, 67.24707305398266, 66.8021502119464, 67.22422735729621, 66.80079065654608, 66.81093250993104, 66.8153694012845, 67.31220733684339, 68.37109733866977, 68.93520748268828, 66.80448157389093, 66.85459344837818, 66.53728756160262, 66.261469425165, 66.27427913249397, 66.67846751352198, 66.96957625107652, 66.69506354347583, 66.55036745088061, 66.40693856122822, 66.42402955333114, 65.61660336939022, 65.66117912585183, 65.37156081795463, 66.15000451813229, 67.80665615935783, 71.82024217493806, 78.58822104952816, 76.75807628843354, 70.77963662415215, 67.55516255930574, 65.88404620695034, 66.47956277914429, 66.23643659928283, 67.14478968921786, 66.48052101978647, 65.67586838329383, 65.38846154866819, 64.97959740408372, 65.08759132236831, 65.67151505732734, 65.04962094331185, 65.13818343082357, 64.54572073554802, 64.90861102752913, 64.96213283576591, 69.05780240564177, 73.14602823020249, 68.64881141666713, 65.59967218728153, 65.74068443517797, 65.57876966166636, 64.76822813476291, 65.5883817703506, 65.86532622604621, 65.94457387922888, 66.34748561552462, 66.55752285564868, 66.6662027436766, 66.7101832168937, 66.82683446598358, 66.19012568031296, 65.26923713575046, 64.25557558790292, 63.51652519844487, 63.63984262911419, 64.20182136561543, 61.018293486086435, 55.907960093887624, 51.835910857937655, 47.65652360019962, 42.09750762757645, 35.57392424009861, 28.836161719164508, 23.95854733029566, 21.663710107477534, 21.583555266611327, 21.545636884836284, 21.285171455283106, 16.121062082311845], "f": [0.0, 0.78125, 1.5625, 2.34375, 3.125, 3.90625, 4.6875, 5.46875, 6.25, 7.03125, 7.8125, 8.59375, 9.375, 10.15625, 10.9375, 11.71875, 12.5, 13.28125, 14.0625, 14.84375, 15.625, 16.40625, 17.1875, 17.96875, 18.75, 19.53125, 20.3125, 21.09375, 21.875, 22.65625, 23.4375, 24.21875, 25.0, 25.78125, 26.5625, 27.34375, 28.125, 28.90625, 29.6875, 30.46875, 31.25, 32.03125, 32.8125, 33.59375, 34.375, 35.15625, 35.9375, 36.71875, 37.5, 38.28125, 39.0625, 39.84375, 40.625, 41.40625, 42.1875, 42.96875, 43.75, 44.53125, 45.3125, 46.09375, 46.875, 47.65625, 48.4375, 49.21875, 50.0, 50.78125, 51.5625, 52.34375, 53.125, 53.90625, 54.6875, 55.46875, 56.25, 57.03125, 57.8125, 58.59375, 59.375, 60.15625, 60.9375, 61.71875, 62.5, 63.28125, 64.0625, 64.84375, 65.625, 66.40625, 67.1875, 67.96875, 68.75, 69.53125, 70.3125, 71.09375, 71.875, 72.65625, 73.4375, 74.21875, 75.0, 75.78125, 76.5625, 77.34375, 78.125, 78.90625, 79.6875, 80.46875, 81.25, 82.03125, 82.8125, 83.59375, 84.375, 85.15625, 85.9375, 86.71875, 87.5, 88.28125, 89.0625, 89.84375, 90.625, 91.40625, 92.1875, 92.96875, 93.75, 94.53125, 95.3125, 96.09375, 96.875, 97.65625, 98.4375, 99.21875, 100.0]}