{"psd": [70.72836669151809, 79.6221757162329, 78.1792968851832, 74.66649555031368, 70.68244662097499, 65.33504125951585, 60.76855769056475, 57.02879603138227, 56.129312499802246, 55.093175215111756, 59.925630092555195, 60.373470331467765, 58.68145322480051, 57.789427496461016, 57.111554149016825, 58.085323795609256, 59.573152167672, 59.18948677612599, 64.69340416510197, 65.67606360857508, 63.71012985385201, 63.935173481429, 63.473992346349554, 66.7045830971545, 67.42936113239071, 66.34320659897392, 67.00174607841853, 67.71491386619807, 68.26469188954334, 68.43795369250684, 67.38934612649687, 67.79554196887042, 68.29897203083979, 66.45235373604024, 65.69006051148955, 66.09583378383479, 65.98040178178434, 65.9865399008086, 66.40066653294996, 65.37220967492512, 64.68173544158566, 65.85951286971097, 68.4720799722358, 67.43022989228811, 65.30113811679493, 66.16121108948737, 65.24994223943375, 64.92494490895696, 64.73237904119577, 64.24825147681999, 64.88275140332124, 66.04842151438378, 69.09091981065546, 70.82347927734554, 68.55248882911516, 67.38533051418985, 66.46420726864486, 66.60329786476053, 67.69859296768138, 66.57783446478963, 66.18186509885757, 67.05993771198978, 69.39060091055418, 71.75849850703482, 71.91308774382887, 69.12978891961748, 67.38947034250273, 65.951993795124, 65.22459247039188, 65.33978994704118, 65.92335850788564, 67.17977393972514, 68.44739667113954, 70.3038771492144, 72.70369307527406, 73.97797835674871, 72.28821305115854, 70.78899952266003, 68.15694418731913, 66.48766816062772, 66.05171170475595, 66.87647755882854, 67.65614185672372, 68.24312096385991, 69.30360538986731, 69.45702862482034, 67.8879071308445, 66.37060496688825, 65.2648506811829, 64.41531417823172, 64.55016132048571, 64.25471929405302, 64.35391647308595, 65.23687886327349, 66.06324875911046, 67.0386626666591, 66.60623677968279, 66.12056192017079, 65.63389433353727, 65.12700478825562, 66.18241292237283, 66.94607403928703, 66.87118918466516, 66.62047349216331, 65.84899900841515, 66.4138712309475, 66.74121899181874, 66.22675409453794, 65.0552492162421, 64.1176611962297, 64.02443358254287, 63.163805861067374, 62.691545365596326, 61.316508307574466, 60.954614078306044, 62.69012947112791, 59.66463848470167, 53.355510956245986, 48.12335709480165, 43.55466388729571, 38.70210254158656, 32.07505481035254, 25.858663494966443, 22.02051981048434, 21.29835908233167, 21.414331979822983, 21.459951014759145, 21.429086491259973, 16.022801008337034], "f": [0.0, 0.78125, 1.5625, 2.34375, 3.125, 3.90625, 4.6875, 5.46875, 6.25, 7.03125, 7.8125, 8.59375, 9.375, 10.15625, 10.9375, 11.71875, 12.5, 13.28125, 14.0625, 14.84375, 15.625, 16.40625, 17.1875, 17.96875, 18.75, 19.53125, 20.3125, 21.09375, 21.875, 22.65625, 23.4375, 24.21875, 25.0, 25.78125, 26.5625, 27.34375, 28.125, 28.90625, 29.6875, 30.46875, 31.25, 32.03125, 32.8125, 33.59375, 34.375, 35.15625, 35.9375, 36.71875, 37.5, 38.28125, 39.0625, 39.84375, 40.625, 41.40625, 42.1875, 42.96875, 43.75, 44.53125, 45.3125, 46.09375, 46.875, 47.65625, 48.4375, 49.21875, 50.0, 50.78125, 51.5625, 52.34375, 53.125, 53.90625, 54.6875, 55.46875, 56.25, 57.03125, 57.8125, 58.59375, 59.375, 60.15625, 60.9375, 61.71875, 62.5, 63.28125, 64.0625, 64.84375, 65.625, 66.40625, 67.1875, 67.96875, 68.75, 69.53125, 70.3125, 71.09375, 71.875, 72.65625, 73.4375, 74.21875, 75.0, 75.78125, 76.5625, 77.34375, 78.125, 78.90625, 79.6875, 80.46875, 81.25, 82.03125, 82.8125, 83.59375, 84.375, 85.15625, 85.9375, 86.71875, 87.5, 88.28125, 89.0625, 89.84375, 90.625, 91.40625, 92.1875, 92.96875, 93.75, 94.53125, 95.3125, 96.09375, 96.875, 97.65625, 98.4375, 99.21875, 100.0]}