{"psd": [61.625536845114326, 71.40348051969309, 70.95936190268351, 69.13552548521497, 66.07958344857262, 62.765781385738, 59.36676369264092, 57.563491176909444, 57.862218965706845, 60.85758432896897, 62.889994021250956, 64.05303319134745, 63.06004880391366, 60.652053847529224, 59.7900713719023, 58.99428059120696, 60.36964363981073, 60.70437504602335, 60.07250074935836, 61.16858367939272, 61.641400055197415, 61.16647314527054, 60.55381465799006, 59.94513117836665, 60.28132120008646, 61.703730701696145, 60.289433247073106, 58.76140404459243, 59.98573153670763, 60.20045259087594, 62.01417394410599, 61.82677652741542, 62.22198011992965, 66.21847102007345, 66.70704324817332, 63.40683401835071, 63.382046377812955, 63.99511154609102, 65.38620698248381, 64.3721409499862, 62.523804433877714, 62.81468755021795, 63.17651314401856, 63.863179684704576, 62.219510183760434, 61.76643896836395, 61.179428203902035, 61.33427855662965, 62.080221126718975, 63.57013463102711, 63.66020984043823, 63.969602836231665, 63.93206746400375, 64.20866299127512, 63.5912388429018, 63.034274495843114, 62.76605650783345, 64.50089102465724, 65.31049463111462, 63.803458133782755, 63.73577700453037, 63.838549971404575, 63.845322088857685, 63.908039029918704, 64.40281364527618, 64.44338872840848, 64.52165671993396, 64.05372884065228, 65.26917033767276, 65.39353432300518, 63.74333187103538, 63.50663687885775, 63.499380868224335, 63.18736234295811, 63.32354092090408, 64.18651239174133, 68.06000083833793, 69.89459888588148, 64.89310710793633, 62.77220465718533, 62.38266604992062, 62.541000911922865, 61.548926771198225, 60.31568377702462, 60.313714237457965, 59.767125585522265, 59.8245663050409, 60.828780452879066, 60.27601461165016, 61.44096496098962, 61.35197737621165, 60.94281653551094, 60.82707687148938, 60.18474039557357, 59.89368249352178, 61.92097750936205, 65.01810213084497, 61.59867737804309, 59.80616523259258, 59.324323089545175, 59.28041511376131, 58.63042453024859, 57.96878489318996, 57.883258513934415, 58.317212619171464, 57.85596539039052, 58.431712249997226, 58.57405757198903, 58.2375566694445, 58.47923641558331, 57.03815119206821, 56.52281237921137, 56.141439792633285, 56.3234674925005, 57.415351452347295, 62.79657629121077, 58.886050114050406, 47.479559683955834, 43.18473097875443, 38.80579294342465, 33.61298743528218, 28.03327273099667, 24.256534337683146, 21.68487769514281, 21.53564936928437, 21.636238141894054, 21.486441267350706, 21.298150144739058, 16.07175969256216], "f": [0.0, 0.78125, 1.5625, 2.34375, 3.125, 3.90625, 4.6875, 5.46875, 6.25, 7.03125, 7.8125, 8.59375, 9.375, 10.15625, 10.9375, 11.71875, 12.5, 13.28125, 14.0625, 14.84375, 15.625, 16.40625, 17.1875, 17.96875, 18.75, 19.53125, 20.3125, 21.09375, 21.875, 22.65625, 23.4375, 24.21875, 25.0, 25.78125, 26.5625, 27.34375, 28.125, 28.90625, 29.6875, 30.46875, 31.25, 32.03125, 32.8125, 33.59375, 34.375, 35.15625, 35.9375, 36.71875, 37.5, 38.28125, 39.0625, 39.84375, 40.625, 41.40625, 42.1875, 42.96875, 43.75, 44.53125, 45.3125, 46.09375, 46.875, 47.65625, 48.4375, 49.21875, 50.0, 50.78125, 51.5625, 52.34375, 53.125, 53.90625, 54.6875, 55.46875, 56.25, 57.03125, 57.8125, 58.59375, 59.375, 60.15625, 60.9375, 61.71875, 62.5, 63.28125, 64.0625, 64.84375, 65.625, 66.40625, 67.1875, 67.96875, 68.75, 69.53125, 70.3125, 71.09375, 71.875, 72.65625, 73.4375, 74.21875, 75.0, 75.78125, 76.5625, 77.34375, 78.125, 78.90625, 79.6875, 80.46875, 81.25, 82.03125, 82.8125, 83.59375, 84.375, 85.15625, 85.9375, 86.71875, 87.5, 88.28125, 89.0625, 89.84375, 90.625, 91.40625, 92.1875, 92.96875, 93.75, 94.53125, 95.3125, 96.09375, 96.875, 97.65625, 98.4375, 99.21875, 100.0]}