{"psd": [69.68506160659136, 78.84609989041996, 77.65988299022708, 74.04052797430366, 69.85862911380636, 64.83430971517005, 60.7830420312725, 57.47274868570904, 54.960630799128644, 54.1629083070437, 54.90498295915992, 54.62630293161128, 54.49317082019092, 53.8185350991929, 54.4441512469464, 54.97353540442014, 56.661229148801254, 56.22285145316531, 56.388098019128535, 57.04155379055501, 57.05143782141441, 57.98351047634832, 58.52075184094205, 60.03287048277089, 59.623154948607535, 58.01282439048105, 57.86255525293609, 59.153297388906935, 63.31765826471468, 69.10098326987772, 67.77221113387645, 62.3175323597754, 59.46188199156229, 59.4201464441523, 60.349573280004435, 60.826587666938934, 59.40440045556854, 59.25054193525142, 60.71419154814812, 59.21029909291215, 58.88370453238387, 58.13139039924949, 57.227909440456, 58.302205301586326, 58.18124037518413, 58.72525791654188, 59.318106483003774, 57.98214564155788, 57.44207086672635, 57.52344085611136, 57.32316244802614, 57.14754252313569, 57.49989232641639, 57.77167636277048, 58.55035271502335, 59.702992812533935, 60.093488344316306, 59.253594211590496, 58.49111783563275, 57.533712894943825, 57.602896838131045, 57.60634007311771, 58.74371029220598, 62.31561168969993, 64.01746280085027, 60.6751082288061, 58.38997759038886, 59.11450052157132, 59.641649903293924, 58.72963338505202, 57.94614333476908, 59.0415584068538, 59.23262953998727, 58.68981161450154, 59.0528024803657, 59.73925581109378, 62.77645635774543, 66.02125776843579, 60.9803301322853, 57.00900791883093, 57.33950023490243, 57.542821927844955, 57.45629361066875, 57.838696925078146, 57.33442899231655, 56.921383759549904, 56.81673847561191, 56.84983082627295, 56.70407276168889, 57.15648503668301, 57.754612443731226, 58.30416453239866, 58.391797263775814, 58.53646615037205, 57.88930966755464, 60.387726929083534, 65.47020559572117, 61.67154172223882, 57.45325485256074, 57.05038590087527, 57.76658611089604, 58.476447327973524, 58.12046278106587, 57.42562734191283, 56.771327240612585, 56.449666469068035, 56.40691216697011, 56.256702907120264, 56.07080341220481, 55.227506600523995, 55.8906716379688, 56.0549853019102, 55.68601383903307, 56.003350221298696, 55.59144463419182, 57.023483322065616, 54.42223883197802, 46.645196791321055, 40.55674113938554, 36.69914895936732, 30.97953878085, 26.015330729343585, 22.426274527303573, 21.43690581221149, 21.365884331728473, 21.286933179600915, 21.305588342048217, 21.40053129851744, 16.40104641852403], "f": [0.0, 0.78125, 1.5625, 2.34375, 3.125, 3.90625, 4.6875, 5.46875, 6.25, 7.03125, 7.8125, 8.59375, 9.375, 10.15625, 10.9375, 11.71875, 12.5, 13.28125, 14.0625, 14.84375, 15.625, 16.40625, 17.1875, 17.96875, 18.75, 19.53125, 20.3125, 21.09375, 21.875, 22.65625, 23.4375, 24.21875, 25.0, 25.78125, 26.5625, 27.34375, 28.125, 28.90625, 29.6875, 30.46875, 31.25, 32.03125, 32.8125, 33.59375, 34.375, 35.15625, 35.9375, 36.71875, 37.5, 38.28125, 39.0625, 39.84375, 40.625, 41.40625, 42.1875, 42.96875, 43.75, 44.53125, 45.3125, 46.09375, 46.875, 47.65625, 48.4375, 49.21875, 50.0, 50.78125, 51.5625, 52.34375, 53.125, 53.90625, 54.6875, 55.46875, 56.25, 57.03125, 57.8125, 58.59375, 59.375, 60.15625, 60.9375, 61.71875, 62.5, 63.28125, 64.0625, 64.84375, 65.625, 66.40625, 67.1875, 67.96875, 68.75, 69.53125, 70.3125, 71.09375, 71.875, 72.65625, 73.4375, 74.21875, 75.0, 75.78125, 76.5625, 77.34375, 78.125, 78.90625, 79.6875, 80.46875, 81.25, 82.03125, 82.8125, 83.59375, 84.375, 85.15625, 85.9375, 86.71875, 87.5, 88.28125, 89.0625, 89.84375, 90.625, 91.40625, 92.1875, 92.96875, 93.75, 94.53125, 95.3125, 96.09375, 96.875, 97.65625, 98.4375, 99.21875, 100.0]}