{"psd": [75.01443677660487, 84.06213592543503, 80.09738048987305, 76.05635523113415, 71.7899818345539, 67.01423772465168, 67.41160547045915, 64.94766775997752, 69.88787882977252, 77.29196520739053, 81.37227651046338, 89.4039335298111, 98.23224737483287, 94.27036256052405, 79.4265981580509, 77.62788432877434, 81.2180839107762, 88.026356091121, 97.8616689832141, 94.70875519294634, 89.68070751903133, 87.35202907833269, 77.79302446630803, 78.68282549397804, 87.36263008116175, 85.91856959117987, 76.93827994634964, 77.78177050834057, 78.3506563282061, 79.69774613581673, 87.20100505863829, 86.22618415028283, 81.26885263735673, 80.02952258586355, 79.18082704712914, 79.49621187439264, 78.04688988919372, 79.57653138552567, 85.76806699784804, 85.95346710123687, 85.94176574333287, 87.17403453884585, 83.53912837967593, 82.78169581186617, 87.23060775733445, 88.59203349499606, 83.94529562079234, 86.37375276709291, 91.75841709813022, 90.89314340776554, 91.65117215894497, 92.82997014628315, 89.93519030520689, 87.72206707224454, 87.86796856075293, 89.67612463734073, 88.34185145750158, 89.36849301862844, 89.9512970532802, 91.94528858072093, 95.72113426902584, 96.98877661625217, 94.4048904538966, 93.25550514020662, 91.15269326787833, 91.64765344046558, 91.78361589459202, 93.05942207689381, 93.40158630243481, 95.8063891719149, 99.65823162166201, 100.75600981956464, 98.67006838472648, 97.78239020935901, 94.92766485839802, 92.0149227850061, 92.62592143994621, 92.83251520924321, 92.81243590799926, 94.90240710258095, 98.22018204084188, 100.05527727668307, 98.87932500031846, 96.15231087437918, 93.60683375467757, 93.28825705865954, 92.96540439752656, 92.93549113514399, 93.52759721911296, 95.55617698305039, 99.23865675080248, 102.24397760528015, 102.38619549993665, 99.9572698852875, 97.51022663364185, 96.05921728722538, 95.4427123789159, 94.8046333595955, 94.89554885196442, 95.81613270631482, 98.78239113901918, 100.92415316404043, 101.93056549303171, 99.74176845549786, 97.59084195242136, 96.06925056220875, 94.49263061656654, 93.5753085953891, 92.3382479183664, 93.40158441344096, 94.60115854945926, 96.10347399737991, 95.99608578305462, 93.71040830942442, 90.59060965715213, 87.58767443892313, 84.65927419334304, 81.43634719416528, 77.5012093907392, 72.57944353485011, 66.30788572564586, 61.179116889431725, 54.77471952538672, 46.25350947836766, 35.168025136214965, 27.839047151844518, 25.316964670426188, 24.675513365440985, 20.085435419843087], "f": [0.0, 0.78125, 1.5625, 2.34375, 3.125, 3.90625, 4.6875, 5.46875, 6.25, 7.03125, 7.8125, 8.59375, 9.375, 10.15625, 10.9375, 11.71875, 12.5, 13.28125, 14.0625, 14.84375, 15.625, 16.40625, 17.1875, 17.96875, 18.75, 19.53125, 20.3125, 21.09375, 21.875, 22.65625, 23.4375, 24.21875, 25.0, 25.78125, 26.5625, 27.34375, 28.125, 28.90625, 29.6875, 30.46875, 31.25, 32.03125, 32.8125, 33.59375, 34.375, 35.15625, 35.9375, 36.71875, 37.5, 38.28125, 39.0625, 39.84375, 40.625, 41.40625, 42.1875, 42.96875, 43.75, 44.53125, 45.3125, 46.09375, 46.875, 47.65625, 48.4375, 49.21875, 50.0, 50.78125, 51.5625, 52.34375, 53.125, 53.90625, 54.6875, 55.46875, 56.25, 57.03125, 57.8125, 58.59375, 59.375, 60.15625, 60.9375, 61.71875, 62.5, 63.28125, 64.0625, 64.84375, 65.625, 66.40625, 67.1875, 67.96875, 68.75, 69.53125, 70.3125, 71.09375, 71.875, 72.65625, 73.4375, 74.21875, 75.0, 75.78125, 76.5625, 77.34375, 78.125, 78.90625, 79.6875, 80.46875, 81.25, 82.03125, 82.8125, 83.59375, 84.375, 85.15625, 85.9375, 86.71875, 87.5, 88.28125, 89.0625, 89.84375, 90.625, 91.40625, 92.1875, 92.96875, 93.75, 94.53125, 95.3125, 96.09375, 96.875, 97.65625, 98.4375, 99.21875, 100.0]}