{"psd": [65.49834565469185, 73.87004144203334, 73.09861856782531, 70.08098563164143, 65.74763603571726, 61.368311674730585, 58.38820104090222, 57.237102284905525, 56.81158986399971, 58.07826746019948, 60.59696012013549, 59.13508569265234, 57.64461240696309, 61.39305078514913, 63.96919170249887, 59.41247895655085, 57.40777430354263, 60.41181335152143, 60.29341331412117, 59.51255529420025, 59.017227896243014, 58.65868906211459, 59.3309919892727, 58.4116616626157, 58.21743878802481, 58.73773138123761, 58.41996225960762, 58.73815068589334, 60.20840046319642, 60.3656131669929, 59.815694432689725, 59.34795286427242, 58.8818355980861, 63.50233543573401, 65.27566294508651, 61.063064514411124, 59.175950562297274, 59.775020459162306, 61.72907315716698, 60.44419055763896, 60.20880353549628, 59.53683862919242, 59.712740061267255, 59.76062222805939, 58.735210651175926, 59.22384670343976, 58.815941917389836, 58.62067543216427, 58.96235818005616, 58.97325535611709, 59.01231616763891, 59.39073493010167, 59.20488597098367, 59.84273590235958, 62.12182675351799, 61.71390756583283, 59.76611095418333, 61.91126201815446, 62.69415251779884, 61.59669507127171, 61.95314288610951, 62.31622279648137, 60.50095519263966, 60.1157121219528, 60.55731977761624, 60.2788839026754, 59.96544522829705, 60.00390649622417, 60.329942369896415, 59.874973901728524, 59.67661107388527, 59.98524679163968, 60.012221301059185, 59.791494847695816, 60.868488329698835, 61.82911762236617, 65.92033421499478, 67.43314281216466, 62.00123853779411, 60.143480813704386, 59.80525468814395, 61.198412054301556, 60.52925349677214, 59.96491581758288, 60.34635116077439, 59.54899022347749, 59.658702207387634, 59.537672497571286, 59.33043817597307, 59.4765097573862, 59.07324420374976, 58.83393148945102, 57.79538043648809, 57.48726692448679, 57.38385018690279, 62.72751030522366, 67.19544744091675, 61.57669337461451, 56.96205424924922, 57.29982932966446, 57.983245251781895, 58.24063811803991, 58.44540553833808, 57.10447973114323, 56.27197225042464, 56.966181038494454, 57.17791032093387, 57.18118749928366, 58.77281751102637, 59.491912586470875, 56.986723374363415, 56.28844643148671, 55.66739412833749, 54.74289268354571, 54.77215099797555, 58.37466000572158, 54.475245107908314, 46.90931664395379, 43.56958792166105, 38.2715847182752, 32.87100215189683, 27.258276724082723, 23.26595421720794, 21.295004510772145, 21.06136645734763, 21.338542883543646, 21.157537670906557, 21.49296774889628, 16.97364671316186], "f": [0.0, 0.78125, 1.5625, 2.34375, 3.125, 3.90625, 4.6875, 5.46875, 6.25, 7.03125, 7.8125, 8.59375, 9.375, 10.15625, 10.9375, 11.71875, 12.5, 13.28125, 14.0625, 14.84375, 15.625, 16.40625, 17.1875, 17.96875, 18.75, 19.53125, 20.3125, 21.09375, 21.875, 22.65625, 23.4375, 24.21875, 25.0, 25.78125, 26.5625, 27.34375, 28.125, 28.90625, 29.6875, 30.46875, 31.25, 32.03125, 32.8125, 33.59375, 34.375, 35.15625, 35.9375, 36.71875, 37.5, 38.28125, 39.0625, 39.84375, 40.625, 41.40625, 42.1875, 42.96875, 43.75, 44.53125, 45.3125, 46.09375, 46.875, 47.65625, 48.4375, 49.21875, 50.0, 50.78125, 51.5625, 52.34375, 53.125, 53.90625, 54.6875, 55.46875, 56.25, 57.03125, 57.8125, 58.59375, 59.375, 60.15625, 60.9375, 61.71875, 62.5, 63.28125, 64.0625, 64.84375, 65.625, 66.40625, 67.1875, 67.96875, 68.75, 69.53125, 70.3125, 71.09375, 71.875, 72.65625, 73.4375, 74.21875, 75.0, 75.78125, 76.5625, 77.34375, 78.125, 78.90625, 79.6875, 80.46875, 81.25, 82.03125, 82.8125, 83.59375, 84.375, 85.15625, 85.9375, 86.71875, 87.5, 88.28125, 89.0625, 89.84375, 90.625, 91.40625, 92.1875, 92.96875, 93.75, 94.53125, 95.3125, 96.09375, 96.875, 97.65625, 98.4375, 99.21875, 100.0]}