{"psd": [65.93640141948902, 75.53357600494004, 74.329273582745, 71.44944247044148, 66.17096006560652, 61.45780706985757, 57.05443726501759, 55.0516661668983, 54.98863389977559, 53.82736588415121, 54.442580836327636, 54.765489459030086, 54.421626580751365, 56.26906954766363, 57.97111943786593, 57.37619074373602, 58.09529612114713, 56.41257748158016, 55.97971792141749, 57.69402388278096, 57.381095732950655, 57.292195231751435, 58.57156481603785, 58.75129235431845, 56.83524534369837, 56.3433901031292, 56.8308581755904, 56.52700166143528, 59.50848184004555, 59.66257214647846, 57.77071438454685, 57.63364685024147, 59.038597268798554, 58.18922306171668, 57.89708004498941, 59.13351041661598, 59.74499779836744, 60.960592141109124, 67.5350129902282, 66.17133443955575, 59.43789466459155, 59.00932149266667, 59.1836055016471, 59.40827850012397, 59.13597410000009, 59.342770962276845, 60.06308589398357, 61.60398732586606, 63.878719696178095, 64.06678075878575, 62.59844813864754, 61.906340148339225, 61.8381477183963, 61.777983778861596, 61.28598277974306, 61.09278637488397, 62.391697440767075, 64.2557276318732, 64.04158091543106, 62.68790801296418, 62.785406162402104, 62.60702336906174, 62.48694710512612, 62.35259180790489, 63.17002243707287, 62.61280158557778, 61.867466110954574, 62.33710657076663, 62.25968988642576, 62.45426095800802, 62.5591442338782, 62.439475385370244, 61.84819812099854, 61.49760074207486, 61.33931906995632, 66.85184683062539, 76.21254789538347, 74.45811354756351, 65.47319330101949, 62.50488632005084, 61.21869743944022, 61.21112621195475, 61.48923314155631, 63.54556654336503, 61.366295043555546, 61.092761784895714, 61.378920634981576, 60.27522681096534, 60.670497733970485, 60.16927564767901, 59.92648768915928, 59.49913427735503, 59.582851578124405, 59.258387114080904, 59.14318342662888, 59.94866707023961, 62.35477204052372, 60.02151562485248, 58.76206849213901, 58.42475194885951, 58.17552704529259, 58.32534824373199, 58.209257338338354, 58.488403081644606, 57.97802122958221, 57.663324515140175, 57.08709545575175, 56.87827198891271, 56.949126332611144, 56.8467634795511, 56.39709438872803, 55.84125588622396, 55.41608943451037, 54.89456274947733, 56.7302439367506, 63.71744498072586, 60.349271540689784, 46.39534463534777, 42.565677799546975, 37.92223178778288, 32.49169164747365, 27.037319639706112, 22.927826132495433, 21.50052066541943, 20.899125640971057, 21.07759894436226, 21.08580875708951, 21.47485429526713, 16.69358181996945], "f": [0.0, 0.78125, 1.5625, 2.34375, 3.125, 3.90625, 4.6875, 5.46875, 6.25, 7.03125, 7.8125, 8.59375, 9.375, 10.15625, 10.9375, 11.71875, 12.5, 13.28125, 14.0625, 14.84375, 15.625, 16.40625, 17.1875, 17.96875, 18.75, 19.53125, 20.3125, 21.09375, 21.875, 22.65625, 23.4375, 24.21875, 25.0, 25.78125, 26.5625, 27.34375, 28.125, 28.90625, 29.6875, 30.46875, 31.25, 32.03125, 32.8125, 33.59375, 34.375, 35.15625, 35.9375, 36.71875, 37.5, 38.28125, 39.0625, 39.84375, 40.625, 41.40625, 42.1875, 42.96875, 43.75, 44.53125, 45.3125, 46.09375, 46.875, 47.65625, 48.4375, 49.21875, 50.0, 50.78125, 51.5625, 52.34375, 53.125, 53.90625, 54.6875, 55.46875, 56.25, 57.03125, 57.8125, 58.59375, 59.375, 60.15625, 60.9375, 61.71875, 62.5, 63.28125, 64.0625, 64.84375, 65.625, 66.40625, 67.1875, 67.96875, 68.75, 69.53125, 70.3125, 71.09375, 71.875, 72.65625, 73.4375, 74.21875, 75.0, 75.78125, 76.5625, 77.34375, 78.125, 78.90625, 79.6875, 80.46875, 81.25, 82.03125, 82.8125, 83.59375, 84.375, 85.15625, 85.9375, 86.71875, 87.5, 88.28125, 89.0625, 89.84375, 90.625, 91.40625, 92.1875, 92.96875, 93.75, 94.53125, 95.3125, 96.09375, 96.875, 97.65625, 98.4375, 99.21875, 100.0]}