{"psd": [69.1104460785599, 78.77500218522614, 77.42175902987027, 73.69135799456669, 69.80720579194326, 65.16761998688517, 60.89567445924635, 57.25258663969857, 55.29284628386062, 55.12322597880906, 53.801131817745535, 53.46255466846924, 53.96003335464475, 53.648331694498204, 54.34337285203972, 54.699172345545186, 54.16564467458598, 54.512146433419176, 55.95481689119044, 57.48596854094906, 57.17730717438194, 57.026617552409235, 58.93108638345677, 59.855281120975675, 59.95441602637523, 59.90362863084654, 60.02179548985798, 59.067600288299914, 59.388800110540075, 59.24110096205824, 59.067336312110314, 58.57272211128213, 58.225106189459055, 58.42103531882362, 57.82365026376119, 58.46429661807556, 58.54481922026296, 59.141224061411044, 59.9770803630965, 59.045808574991824, 58.89445691477775, 59.56389418491842, 59.506152866205795, 59.39863678142672, 59.27720083941373, 59.28332108602306, 59.5598083057388, 58.491656392749206, 59.04097187914686, 57.840558712788095, 57.08058732255152, 57.56285583456151, 58.38084041598702, 59.12012217027908, 59.477839839387244, 58.50393079922064, 58.240802070986874, 58.070144115788665, 57.909717584794926, 57.71379160714497, 58.372521405500876, 57.97450385557852, 58.99480518516739, 59.244567864897704, 58.73440700438876, 58.22925070637211, 57.95471510984182, 58.073492373817224, 58.11485271772675, 58.72438382803771, 58.785513108692314, 58.89526142522463, 58.31757642066994, 58.55504070045191, 59.75861529447373, 62.10924866822293, 63.27817960897896, 63.041626529645484, 59.41188689964642, 58.52249769159058, 58.65204949955556, 59.09037268378253, 58.342716283809324, 57.6144049645302, 57.90984552221323, 58.70537713616511, 59.718461549523276, 60.01168648947822, 59.33294017571501, 58.74425481020535, 59.31497474958149, 59.79647863068239, 59.253252600745384, 59.22032858949411, 60.65032062907774, 60.92794335818242, 60.38615981024474, 59.57817179583712, 59.810961788908145, 59.90367713307581, 60.02796133282604, 60.62456011034997, 61.418192989849736, 61.730548320065786, 60.45985482945316, 60.97844381170204, 62.0387251889812, 61.11417055725365, 59.92578581401885, 58.854940241790416, 58.70046892680746, 59.62303789389125, 58.65809109213758, 57.73132721743876, 55.87824918019574, 54.91306362337881, 51.51075106339634, 47.28045385571531, 44.02669508889066, 39.46233639307968, 33.66806324526677, 28.44146546195317, 24.135330945056616, 21.83387669691378, 21.40794928826957, 21.346288824861205, 20.995012029910832, 21.692640948125366, 17.374406117046593], "f": [0.0, 0.78125, 1.5625, 2.34375, 3.125, 3.90625, 4.6875, 5.46875, 6.25, 7.03125, 7.8125, 8.59375, 9.375, 10.15625, 10.9375, 11.71875, 12.5, 13.28125, 14.0625, 14.84375, 15.625, 16.40625, 17.1875, 17.96875, 18.75, 19.53125, 20.3125, 21.09375, 21.875, 22.65625, 23.4375, 24.21875, 25.0, 25.78125, 26.5625, 27.34375, 28.125, 28.90625, 29.6875, 30.46875, 31.25, 32.03125, 32.8125, 33.59375, 34.375, 35.15625, 35.9375, 36.71875, 37.5, 38.28125, 39.0625, 39.84375, 40.625, 41.40625, 42.1875, 42.96875, 43.75, 44.53125, 45.3125, 46.09375, 46.875, 47.65625, 48.4375, 49.21875, 50.0, 50.78125, 51.5625, 52.34375, 53.125, 53.90625, 54.6875, 55.46875, 56.25, 57.03125, 57.8125, 58.59375, 59.375, 60.15625, 60.9375, 61.71875, 62.5, 63.28125, 64.0625, 64.84375, 65.625, 66.40625, 67.1875, 67.96875, 68.75, 69.53125, 70.3125, 71.09375, 71.875, 72.65625, 73.4375, 74.21875, 75.0, 75.78125, 76.5625, 77.34375, 78.125, 78.90625, 79.6875, 80.46875, 81.25, 82.03125, 82.8125, 83.59375, 84.375, 85.15625, 85.9375, 86.71875, 87.5, 88.28125, 89.0625, 89.84375, 90.625, 91.40625, 92.1875, 92.96875, 93.75, 94.53125, 95.3125, 96.09375, 96.875, 97.65625, 98.4375, 99.21875, 100.0]}