{"psd": [71.5733784968004, 81.66112386105935, 79.59765897053661, 75.63462165171154, 70.16614700067421, 63.53735811819266, 59.22419747320472, 57.6797156147921, 58.17423072556342, 58.2255056319743, 61.29212266411011, 58.96010860539137, 58.03741599586523, 58.61096369580192, 58.207929877597394, 58.687820011201175, 58.8964245341556, 58.95629311824778, 59.318185997190476, 61.488736943664804, 66.20402492256866, 66.1616012866133, 63.59733896653029, 64.19912222526648, 63.383147252087, 64.01281125898115, 65.40654171319724, 66.49314211500594, 66.18579428358288, 66.89192868706792, 68.88135689969701, 69.61084444265592, 67.18853521655642, 65.1428334746596, 64.65125225782792, 65.47223414560563, 66.18715146604418, 65.94863023398521, 65.51184379822732, 66.0044316554983, 68.6348623593363, 70.30966201330648, 68.22604697235624, 66.30048766744346, 64.74453557300178, 64.71610828321681, 64.0234017871154, 63.34412346091309, 63.799564701736244, 64.25444443592758, 65.4768501170155, 66.76691911987565, 66.15416392219412, 65.41815539528238, 65.6027896097186, 65.41425344603171, 65.07069260258741, 65.58770383478175, 65.13257871877526, 64.22283825444335, 64.17472741478002, 64.57456167515103, 64.69617542700311, 64.65545407208346, 64.13993477666526, 63.53928807016754, 63.44053781619274, 63.125184495921616, 63.507021297191756, 63.930200990082895, 64.45428381464897, 63.912809557312265, 63.35363675682337, 62.450480489410864, 63.54649768924627, 64.02303062181562, 64.39505447122824, 64.19098242405599, 63.36868489297976, 63.12980953182703, 63.3525246442769, 63.3871429485949, 63.569945347052624, 63.8276477521189, 63.74247979389139, 63.344051492636375, 63.288117604540595, 62.35646819393629, 62.6673979551567, 62.693514538142175, 63.0087256320579, 63.44490513460826, 63.617179346731675, 63.631980038675195, 64.05512033406582, 63.56146287702657, 63.412487709843155, 64.65716387059513, 65.09782873692501, 64.69573862552225, 64.92116373276436, 64.79184616686044, 64.23514629266299, 64.91042474033873, 64.99418340749612, 66.37967779773561, 66.00500637445336, 65.73352867969035, 65.03150434556922, 64.67864426406466, 65.0180343228306, 64.68239022492554, 63.81550661721833, 62.698830101591874, 61.85357141139134, 60.60428152829591, 57.42524328666532, 54.22520853617088, 50.63278445514277, 46.02382040332043, 40.366887893884716, 34.295037835090966, 27.150272945775406, 22.899428293750397, 21.665515965767725, 21.181715512632525, 21.43009474047386, 21.71703584531274, 17.200699529908924], "f": [0.0, 0.78125, 1.5625, 2.34375, 3.125, 3.90625, 4.6875, 5.46875, 6.25, 7.03125, 7.8125, 8.59375, 9.375, 10.15625, 10.9375, 11.71875, 12.5, 13.28125, 14.0625, 14.84375, 15.625, 16.40625, 17.1875, 17.96875, 18.75, 19.53125, 20.3125, 21.09375, 21.875, 22.65625, 23.4375, 24.21875, 25.0, 25.78125, 26.5625, 27.34375, 28.125, 28.90625, 29.6875, 30.46875, 31.25, 32.03125, 32.8125, 33.59375, 34.375, 35.15625, 35.9375, 36.71875, 37.5, 38.28125, 39.0625, 39.84375, 40.625, 41.40625, 42.1875, 42.96875, 43.75, 44.53125, 45.3125, 46.09375, 46.875, 47.65625, 48.4375, 49.21875, 50.0, 50.78125, 51.5625, 52.34375, 53.125, 53.90625, 54.6875, 55.46875, 56.25, 57.03125, 57.8125, 58.59375, 59.375, 60.15625, 60.9375, 61.71875, 62.5, 63.28125, 64.0625, 64.84375, 65.625, 66.40625, 67.1875, 67.96875, 68.75, 69.53125, 70.3125, 71.09375, 71.875, 72.65625, 73.4375, 74.21875, 75.0, 75.78125, 76.5625, 77.34375, 78.125, 78.90625, 79.6875, 80.46875, 81.25, 82.03125, 82.8125, 83.59375, 84.375, 85.15625, 85.9375, 86.71875, 87.5, 88.28125, 89.0625, 89.84375, 90.625, 91.40625, 92.1875, 92.96875, 93.75, 94.53125, 95.3125, 96.09375, 96.875, 97.65625, 98.4375, 99.21875, 100.0]}