{"psd": [68.04991362301236, 76.87929815498865, 77.10949515285577, 74.68318535631391, 70.14129924146576, 65.20977081644617, 61.11533554845954, 57.76023574375185, 56.158479623846574, 56.64090904486102, 60.594532944413864, 61.44622181613088, 59.74669719548042, 65.44318530747391, 65.5997463229038, 59.204987382652504, 58.5899398995775, 57.37847827469758, 58.306646612829944, 58.93228640142635, 64.05328563840008, 62.639048203220895, 61.8694537567948, 61.17448967535658, 58.70327747158453, 59.593319367261095, 58.37769851935684, 58.24318146645464, 57.44405034846383, 58.98530561158191, 63.88759050935177, 65.03284259076041, 62.7563918805691, 66.77399604657384, 68.68116889515727, 62.798020442427415, 60.62628121109854, 60.73269087623111, 63.140859788892854, 62.15583918958657, 61.54016060824504, 60.69887618618483, 59.87660935672976, 60.416237439505565, 62.3462158545604, 64.43957212896188, 63.0201845791617, 59.61100186136288, 59.637527209361735, 59.176015232870476, 61.03596037917733, 61.554696777388415, 62.14746228419941, 62.15583468404644, 61.977596787160124, 62.298762162275054, 61.91138378019047, 64.37072444834183, 64.33861493692551, 62.21263854636896, 63.13454637074909, 63.46777419435619, 62.05669859705888, 62.29924526691133, 63.00115513919408, 63.58120373526152, 64.40343032407642, 64.97231190225669, 65.1332234204365, 63.66481647764431, 62.7003190430689, 62.947394690275125, 63.91903384975063, 64.0318253393016, 65.02919270485062, 65.42317277709391, 67.46114571212007, 67.97713273227812, 67.63764273565816, 67.83965425475488, 64.99670413008596, 63.96093300316587, 63.08193076082367, 63.025306648298034, 63.306507299580154, 63.48773446212885, 63.376787668783834, 63.20213540309248, 63.7829983470434, 64.7632317505313, 65.04904660585514, 64.76828604186993, 63.85861084641702, 61.63564028982058, 60.773307174483435, 62.757650836242966, 65.23906647591889, 63.031338162480466, 61.50799352088542, 61.21769456778822, 61.563077346413664, 62.035060245769564, 61.68613196235817, 61.225581670376954, 60.68744601698005, 60.6768767832517, 61.017828282327294, 59.86798408437211, 60.47147506696366, 60.30423801938944, 59.87286462657083, 59.46038663508051, 58.492737114908635, 58.34920946548014, 58.20148246911077, 59.5935465836712, 55.59008701282564, 50.275315070695214, 46.57496763337362, 42.441346640475714, 37.48727892529732, 31.323825333535247, 26.329817833858, 22.57055936517148, 21.686577014595233, 21.47337372620627, 21.05339932300138, 21.428222260216756, 16.742917187274514], "f": [0.0, 0.78125, 1.5625, 2.34375, 3.125, 3.90625, 4.6875, 5.46875, 6.25, 7.03125, 7.8125, 8.59375, 9.375, 10.15625, 10.9375, 11.71875, 12.5, 13.28125, 14.0625, 14.84375, 15.625, 16.40625, 17.1875, 17.96875, 18.75, 19.53125, 20.3125, 21.09375, 21.875, 22.65625, 23.4375, 24.21875, 25.0, 25.78125, 26.5625, 27.34375, 28.125, 28.90625, 29.6875, 30.46875, 31.25, 32.03125, 32.8125, 33.59375, 34.375, 35.15625, 35.9375, 36.71875, 37.5, 38.28125, 39.0625, 39.84375, 40.625, 41.40625, 42.1875, 42.96875, 43.75, 44.53125, 45.3125, 46.09375, 46.875, 47.65625, 48.4375, 49.21875, 50.0, 50.78125, 51.5625, 52.34375, 53.125, 53.90625, 54.6875, 55.46875, 56.25, 57.03125, 57.8125, 58.59375, 59.375, 60.15625, 60.9375, 61.71875, 62.5, 63.28125, 64.0625, 64.84375, 65.625, 66.40625, 67.1875, 67.96875, 68.75, 69.53125, 70.3125, 71.09375, 71.875, 72.65625, 73.4375, 74.21875, 75.0, 75.78125, 76.5625, 77.34375, 78.125, 78.90625, 79.6875, 80.46875, 81.25, 82.03125, 82.8125, 83.59375, 84.375, 85.15625, 85.9375, 86.71875, 87.5, 88.28125, 89.0625, 89.84375, 90.625, 91.40625, 92.1875, 92.96875, 93.75, 94.53125, 95.3125, 96.09375, 96.875, 97.65625, 98.4375, 99.21875, 100.0]}