{"psd": [71.01775631500682, 79.78122976004825, 73.23503228163052, 68.74405075873565, 64.9512710107131, 61.045072703189696, 57.409201047333426, 55.16788305356707, 55.37313972298126, 56.059537021340205, 55.16223487927745, 56.09608714631867, 57.4232558212067, 58.69959936598399, 58.09138355774739, 58.856864558325405, 56.572563102593534, 58.16038038449903, 62.848463215491265, 62.7906848206657, 63.593504191460745, 67.14597224815654, 67.32556682440033, 65.6458525052176, 65.74403147015256, 64.87566890729546, 65.42969955598085, 65.09741637432823, 64.68313967041684, 64.52716982330787, 69.73624744068934, 70.41740135881786, 63.55026306112681, 62.58292760552682, 62.45969024330591, 62.86444662258825, 63.71884016772212, 64.44143971016894, 64.38633698212152, 62.919995072767215, 62.53987701727702, 64.09027494094514, 62.24772231986938, 60.74548135100562, 61.94297567953087, 63.42482334836197, 65.3194534526385, 65.33726150379154, 63.90296495580805, 62.552030597824846, 61.53030775358684, 61.417946874422455, 61.2320805890497, 63.951501765818094, 65.39820010166453, 66.0082280519869, 64.91416058242595, 63.91343648721136, 64.66951180749467, 65.3114616564028, 64.25914292455089, 64.02405904223707, 63.209963771763796, 63.18949232420951, 64.1488028990795, 63.34163316380119, 61.943517230024185, 61.648975820133, 62.08369117172077, 62.12711045646917, 61.92677022303013, 60.343436587246195, 59.693213167082874, 59.273538387150744, 59.323512099835526, 60.57622167607563, 60.744880556930724, 60.76041579801108, 59.907911593736, 59.39872604036456, 58.95191841925323, 58.784229549216136, 57.996403160735674, 57.95340748838036, 58.52820888630353, 58.42920742070039, 59.107699556789434, 58.865434153382736, 58.7213486487189, 58.61148666883981, 58.28581362564091, 58.02871499716034, 58.44774328436973, 59.454602995833056, 59.13210877837899, 59.98612239896709, 61.14781692686883, 61.14605443947438, 60.04796170820565, 59.80079666934313, 60.558945855397425, 60.07542366648349, 59.33658150922761, 58.999186059503536, 59.45275901430114, 60.53192876195459, 59.72018176613068, 59.16661366514306, 57.92030837912406, 57.44686874190616, 57.348105425885564, 56.53126617325302, 55.192004039926566, 54.60253718121889, 53.61248475224223, 53.31592868005383, 50.20306472892392, 46.120246747995985, 42.248690398687074, 37.11924239452279, 32.09348213596008, 26.822465453397143, 22.65019397807006, 21.6056987748498, 21.55149472639025, 21.467770665786077, 21.31221179379687, 21.192310632719362, 16.214051940433297], "f": [0.0, 0.78125, 1.5625, 2.34375, 3.125, 3.90625, 4.6875, 5.46875, 6.25, 7.03125, 7.8125, 8.59375, 9.375, 10.15625, 10.9375, 11.71875, 12.5, 13.28125, 14.0625, 14.84375, 15.625, 16.40625, 17.1875, 17.96875, 18.75, 19.53125, 20.3125, 21.09375, 21.875, 22.65625, 23.4375, 24.21875, 25.0, 25.78125, 26.5625, 27.34375, 28.125, 28.90625, 29.6875, 30.46875, 31.25, 32.03125, 32.8125, 33.59375, 34.375, 35.15625, 35.9375, 36.71875, 37.5, 38.28125, 39.0625, 39.84375, 40.625, 41.40625, 42.1875, 42.96875, 43.75, 44.53125, 45.3125, 46.09375, 46.875, 47.65625, 48.4375, 49.21875, 50.0, 50.78125, 51.5625, 52.34375, 53.125, 53.90625, 54.6875, 55.46875, 56.25, 57.03125, 57.8125, 58.59375, 59.375, 60.15625, 60.9375, 61.71875, 62.5, 63.28125, 64.0625, 64.84375, 65.625, 66.40625, 67.1875, 67.96875, 68.75, 69.53125, 70.3125, 71.09375, 71.875, 72.65625, 73.4375, 74.21875, 75.0, 75.78125, 76.5625, 77.34375, 78.125, 78.90625, 79.6875, 80.46875, 81.25, 82.03125, 82.8125, 83.59375, 84.375, 85.15625, 85.9375, 86.71875, 87.5, 88.28125, 89.0625, 89.84375, 90.625, 91.40625, 92.1875, 92.96875, 93.75, 94.53125, 95.3125, 96.09375, 96.875, 97.65625, 98.4375, 99.21875, 100.0]}