{"psd": [68.83403155859476, 77.78548300020742, 74.57900036019876, 69.19233816222987, 63.890455423621304, 58.812961676042406, 55.3526869575959, 54.86684218905257, 54.958330795259805, 56.5082435329917, 58.34955288516136, 60.02260786660447, 59.29687219797341, 60.70026687319789, 60.964039709253875, 59.60530974641853, 60.42538449942469, 60.467686069494455, 61.873633071733025, 62.96019584307992, 60.6369654284411, 61.42625804806102, 62.83921877058334, 62.72120969177722, 60.65368739162213, 61.191777627570644, 60.790260797688475, 59.9150920693793, 60.49486735630807, 60.909908106749675, 64.37275757406125, 69.44055413541889, 68.11633990871564, 63.31535095333329, 61.82029704463932, 61.00317016205261, 60.3997219387879, 62.349478647716325, 66.03656204686139, 65.40707841942358, 63.26455386060004, 66.56122105791779, 67.52040210976114, 65.19227194439752, 63.607554178852304, 63.759466437260926, 63.547580255916415, 63.672910473139346, 63.90992270849953, 63.6818251021188, 63.695048746812056, 64.8812007704457, 65.10316469635663, 65.09460452420714, 64.0556133342662, 62.660786674855245, 62.83874490152506, 65.61954041051689, 66.07900556920747, 63.121478753215456, 62.65203937672241, 63.46671576822787, 63.05177261511958, 63.19034938240237, 62.38867508782218, 62.13752781727456, 61.6869428703059, 61.90512182693368, 62.54944031726328, 63.11666985178476, 62.05348872928709, 61.165491582665666, 61.1085773208455, 61.713267221119416, 65.1176897268994, 72.71092309367909, 81.55456491259115, 79.55131223639943, 66.30711130567573, 61.14246938709677, 61.31907960749852, 60.162024016166136, 60.53593336813944, 62.04021074416869, 61.51937980553239, 60.85897315543741, 60.72420575623255, 60.41655473625312, 59.623991852948066, 60.048302093131845, 62.164580959267596, 62.74766474531367, 61.3831927938179, 60.74666767518997, 60.82844546150297, 64.94007000283113, 69.54901388795544, 65.43194090885761, 64.54727637783415, 64.58261462806279, 63.45588988028672, 62.92188567929777, 63.181431256890065, 63.487676288702644, 63.991335268420684, 64.32372178742602, 65.27686934688613, 64.946225449847, 63.547536851405006, 63.09683733925324, 62.81750567824066, 61.65831628799387, 61.286991020457336, 61.28413982138539, 60.51341412711725, 61.91450293074334, 58.801051255879585, 52.57463407747235, 49.00210152567885, 44.01077242051437, 38.31275337424061, 32.42662639929512, 26.10841218375864, 22.401246342695586, 21.513237335076933, 21.367950527430693, 21.219078753948594, 21.406003652323015, 16.46384950873507], "f": [0.0, 0.78125, 1.5625, 2.34375, 3.125, 3.90625, 4.6875, 5.46875, 6.25, 7.03125, 7.8125, 8.59375, 9.375, 10.15625, 10.9375, 11.71875, 12.5, 13.28125, 14.0625, 14.84375, 15.625, 16.40625, 17.1875, 17.96875, 18.75, 19.53125, 20.3125, 21.09375, 21.875, 22.65625, 23.4375, 24.21875, 25.0, 25.78125, 26.5625, 27.34375, 28.125, 28.90625, 29.6875, 30.46875, 31.25, 32.03125, 32.8125, 33.59375, 34.375, 35.15625, 35.9375, 36.71875, 37.5, 38.28125, 39.0625, 39.84375, 40.625, 41.40625, 42.1875, 42.96875, 43.75, 44.53125, 45.3125, 46.09375, 46.875, 47.65625, 48.4375, 49.21875, 50.0, 50.78125, 51.5625, 52.34375, 53.125, 53.90625, 54.6875, 55.46875, 56.25, 57.03125, 57.8125, 58.59375, 59.375, 60.15625, 60.9375, 61.71875, 62.5, 63.28125, 64.0625, 64.84375, 65.625, 66.40625, 67.1875, 67.96875, 68.75, 69.53125, 70.3125, 71.09375, 71.875, 72.65625, 73.4375, 74.21875, 75.0, 75.78125, 76.5625, 77.34375, 78.125, 78.90625, 79.6875, 80.46875, 81.25, 82.03125, 82.8125, 83.59375, 84.375, 85.15625, 85.9375, 86.71875, 87.5, 88.28125, 89.0625, 89.84375, 90.625, 91.40625, 92.1875, 92.96875, 93.75, 94.53125, 95.3125, 96.09375, 96.875, 97.65625, 98.4375, 99.21875, 100.0]}