{"psd": [60.299165080051864, 69.33547068892574, 69.26440526698543, 65.63590741754692, 59.90001696113918, 54.52436832633684, 52.002956109960444, 54.64710320815688, 55.678496632170216, 55.40686732934649, 58.04432467998055, 59.30461011750239, 56.989335154823245, 57.123603339766845, 56.74294354501964, 56.38109765520902, 57.586506213789406, 57.82510967557704, 59.09278176545807, 59.86871963633323, 57.872181776597074, 58.1653602020267, 58.334835310926096, 58.295467557136504, 58.017132867046676, 59.19720776988356, 59.96898970145484, 59.25268558729448, 58.4506070998859, 58.97692312608556, 58.9416449667143, 58.7566967564067, 59.79102817415348, 59.338441387245624, 59.78728237956925, 60.952071610258464, 61.05017188342191, 67.10036080026005, 78.5212677816535, 77.521114246247, 63.026800062379984, 60.50326563359849, 61.2529615774777, 62.529128356792285, 62.1380012265281, 62.156648472605866, 63.30523436580526, 65.03424164673105, 75.35469344293392, 76.83598226563048, 66.76602798967836, 63.10092332035414, 62.79503691288205, 61.57366420030749, 61.78895649001444, 61.68339876755739, 63.82727201701229, 73.49347797773952, 74.974375592372, 66.34807908740225, 63.787834727519254, 64.39957891997705, 64.5409634292986, 65.09403735469127, 65.24473383167896, 64.24857226321271, 64.92561382007425, 64.23130114132023, 64.86001684120595, 64.50208912330996, 63.60528529453162, 63.429904511135895, 62.74443895971306, 62.5550479005865, 66.43278198349049, 78.22786235424007, 88.74879732143782, 86.86759676092476, 70.25853210501754, 62.082202087531314, 61.0488970549777, 60.75009109613592, 64.12103879348103, 68.66465591045055, 64.83151154172228, 61.85189629429083, 62.07778431424474, 62.601408608285844, 62.53398850096718, 61.58427857124118, 60.94138952960961, 60.75263433024712, 60.538791159926845, 60.265675642258756, 60.43088196484458, 71.48902206141288, 77.57648758258921, 72.01734051164544, 61.03958435236747, 60.107325471317495, 60.49004425171105, 60.20664311834173, 61.0564657660391, 62.12594840352351, 62.35305369688761, 62.37219799209993, 61.5279835098935, 61.96507013522726, 61.4253955161039, 61.14191642382538, 60.737092757084326, 59.61561664601936, 59.230069864211416, 59.06778627136742, 60.55165659625287, 67.03831401613012, 63.83234643338655, 51.21394356472639, 45.86659388725123, 41.4669306463756, 35.14854422044393, 29.27805884214886, 24.29832560826794, 21.705907674007044, 21.24008858305773, 21.65107498809746, 21.780727154872814, 21.650361113920013, 16.41293037292935], "f": [0.0, 0.78125, 1.5625, 2.34375, 3.125, 3.90625, 4.6875, 5.46875, 6.25, 7.03125, 7.8125, 8.59375, 9.375, 10.15625, 10.9375, 11.71875, 12.5, 13.28125, 14.0625, 14.84375, 15.625, 16.40625, 17.1875, 17.96875, 18.75, 19.53125, 20.3125, 21.09375, 21.875, 22.65625, 23.4375, 24.21875, 25.0, 25.78125, 26.5625, 27.34375, 28.125, 28.90625, 29.6875, 30.46875, 31.25, 32.03125, 32.8125, 33.59375, 34.375, 35.15625, 35.9375, 36.71875, 37.5, 38.28125, 39.0625, 39.84375, 40.625, 41.40625, 42.1875, 42.96875, 43.75, 44.53125, 45.3125, 46.09375, 46.875, 47.65625, 48.4375, 49.21875, 50.0, 50.78125, 51.5625, 52.34375, 53.125, 53.90625, 54.6875, 55.46875, 56.25, 57.03125, 57.8125, 58.59375, 59.375, 60.15625, 60.9375, 61.71875, 62.5, 63.28125, 64.0625, 64.84375, 65.625, 66.40625, 67.1875, 67.96875, 68.75, 69.53125, 70.3125, 71.09375, 71.875, 72.65625, 73.4375, 74.21875, 75.0, 75.78125, 76.5625, 77.34375, 78.125, 78.90625, 79.6875, 80.46875, 81.25, 82.03125, 82.8125, 83.59375, 84.375, 85.15625, 85.9375, 86.71875, 87.5, 88.28125, 89.0625, 89.84375, 90.625, 91.40625, 92.1875, 92.96875, 93.75, 94.53125, 95.3125, 96.09375, 96.875, 97.65625, 98.4375, 99.21875, 100.0]}