{"psd": [70.53104647876069, 79.09332399574036, 78.65321364238343, 75.5105498256218, 70.60607377141662, 65.28518364093347, 59.86866137933454, 56.86285220123164, 57.83942320022203, 61.40923745336487, 66.31550508773137, 69.512999576829, 77.44322011255375, 75.38570211380423, 65.22203000806796, 64.17463838287208, 65.37960237427556, 65.05562274670821, 62.80032860293475, 64.34060568710935, 65.17202512249109, 64.68433704978152, 66.17918235930904, 71.57510779281752, 79.17239372750504, 78.7603513873972, 70.86151424814668, 66.57522656609214, 64.91431944622758, 65.27057128214366, 65.33936687094314, 65.49716925794742, 66.94875710586606, 67.8982973654312, 68.82005131249973, 72.82553704947512, 80.04750156386727, 81.47677699849687, 77.24855521934101, 73.16810090892614, 71.15225103481721, 70.7901547798619, 71.03786454093682, 71.37869765842206, 71.61205708166955, 72.30578254086144, 73.17958472923667, 76.20121687349531, 80.29318953803566, 81.37142744860084, 78.6242374149308, 75.13533689185485, 73.84418031729783, 72.80989168617593, 72.53615634349791, 71.49004546561221, 71.27759706261868, 71.45926025675993, 72.63155984552648, 74.30804591118178, 75.46977968226253, 75.809826723233, 74.56023856294854, 73.08049419224064, 71.50807530385522, 71.33225011650882, 70.9336795467101, 70.43254638529237, 69.84012951664378, 70.95405330733163, 70.98230901542613, 70.84123910929321, 71.5269411709813, 72.3489743799004, 72.80034689378341, 72.67704651800979, 71.17594225956832, 69.84360834941751, 69.92025534224423, 68.92768494707039, 69.10750114384757, 69.04591494356106, 68.90497096103346, 68.92932392027922, 69.11652030437992, 69.39102114979887, 69.56751210788592, 69.04299468761104, 68.0635309644899, 68.04897228031679, 66.96039857355375, 66.62665156274656, 67.00079232489911, 66.86176523287949, 66.74302580552865, 67.44219388699896, 67.994474232376, 68.31579241125118, 68.65347832107715, 68.07222040276665, 67.61679041382644, 67.5935287402625, 67.86562692016771, 66.95277398564653, 66.49246251085701, 66.690397288378, 66.50423882614527, 65.84653185821915, 66.1092208189581, 66.45483888032354, 66.16540794006518, 65.30272486809821, 64.56624640954925, 63.29925444388425, 61.59041707813937, 59.88846942468876, 57.225282431155335, 53.822571327607264, 49.94330360977927, 45.73767462986333, 39.84610236071346, 33.908235578823415, 27.574734036765605, 23.237227948333, 21.223194097408967, 20.829629975836987, 21.49019561508482, 21.374821379005525, 15.642321662787307], "f": [0.0, 0.78125, 1.5625, 2.34375, 3.125, 3.90625, 4.6875, 5.46875, 6.25, 7.03125, 7.8125, 8.59375, 9.375, 10.15625, 10.9375, 11.71875, 12.5, 13.28125, 14.0625, 14.84375, 15.625, 16.40625, 17.1875, 17.96875, 18.75, 19.53125, 20.3125, 21.09375, 21.875, 22.65625, 23.4375, 24.21875, 25.0, 25.78125, 26.5625, 27.34375, 28.125, 28.90625, 29.6875, 30.46875, 31.25, 32.03125, 32.8125, 33.59375, 34.375, 35.15625, 35.9375, 36.71875, 37.5, 38.28125, 39.0625, 39.84375, 40.625, 41.40625, 42.1875, 42.96875, 43.75, 44.53125, 45.3125, 46.09375, 46.875, 47.65625, 48.4375, 49.21875, 50.0, 50.78125, 51.5625, 52.34375, 53.125, 53.90625, 54.6875, 55.46875, 56.25, 57.03125, 57.8125, 58.59375, 59.375, 60.15625, 60.9375, 61.71875, 62.5, 63.28125, 64.0625, 64.84375, 65.625, 66.40625, 67.1875, 67.96875, 68.75, 69.53125, 70.3125, 71.09375, 71.875, 72.65625, 73.4375, 74.21875, 75.0, 75.78125, 76.5625, 77.34375, 78.125, 78.90625, 79.6875, 80.46875, 81.25, 82.03125, 82.8125, 83.59375, 84.375, 85.15625, 85.9375, 86.71875, 87.5, 88.28125, 89.0625, 89.84375, 90.625, 91.40625, 92.1875, 92.96875, 93.75, 94.53125, 95.3125, 96.09375, 96.875, 97.65625, 98.4375, 99.21875, 100.0]}