{"psd": [67.50336036052455, 77.42400094270705, 78.56796270118551, 75.98458447614614, 70.97018355059103, 65.51498973150501, 60.805050694839686, 58.0398806445277, 58.723523556801645, 58.139140863637245, 57.67692980389343, 59.51125538230276, 59.37703830721009, 58.79157951164885, 59.89547496949573, 63.19490267293052, 60.52036998685567, 59.30792688766964, 58.14749348779648, 58.696366031890776, 57.25018966862443, 58.208201806314335, 58.43995200238169, 58.15758855286299, 58.9770828017923, 58.97970575253821, 59.305460175172286, 58.144482410396215, 57.73809774854251, 58.32708392362626, 58.71209413727155, 59.456960152543495, 59.606642588879566, 59.70814318825906, 59.39611474816936, 60.26184428079742, 60.302998814471714, 62.03141286065918, 70.76357804646082, 69.74509541398545, 59.9032729312797, 60.066336564243954, 60.66837497319643, 60.801207640800826, 60.45434575978503, 59.77055717328013, 60.86032510889738, 61.5661603585826, 65.14933419603761, 68.38407336520604, 62.84231304700923, 61.007546490758536, 61.119678606138095, 62.45874298616057, 61.199636345222224, 60.903387933006584, 61.50808243601794, 70.22611171964606, 71.08731266404854, 62.69915323080536, 60.72831923786778, 61.74612551103177, 62.77173728105645, 61.896491382728186, 61.79802635868956, 62.137880308480824, 62.08147297902295, 61.723829903144214, 62.30439121570533, 61.698393031227354, 60.8671813493116, 60.66042552289761, 60.521935669202165, 60.466372374674876, 61.889030780804724, 69.98833884736477, 79.9437684888392, 78.04142007192328, 66.05453474962117, 61.63342395482261, 59.83844401776982, 58.985207863096235, 60.980662737871114, 64.37807981493944, 61.59800910268386, 59.76939468997995, 59.764359109961376, 59.38204801612481, 59.184125582004015, 59.078718578552206, 58.90384833288373, 59.24674087765393, 59.92917470940248, 58.9731854637607, 58.43727304898434, 67.04064890836464, 72.77734276167025, 67.30317245467631, 58.62976038797966, 57.99364297629076, 58.453084247984755, 58.88316329864136, 58.67516153472433, 59.2980140513643, 59.3560304241, 59.50132135187311, 59.7556302036244, 59.651833473708315, 59.57423738261552, 59.33741867047122, 59.23362384862443, 58.769353740783174, 57.45571582695525, 56.13171574555621, 55.87431199158181, 57.64884462527543, 54.998781603720744, 48.139616450270644, 43.911024590095096, 39.355061654148464, 34.6178242167549, 28.665349977158737, 23.96287326113572, 21.54540038116523, 21.006410111076384, 21.727950462469767, 21.191118578172524, 20.981474267283517, 16.650476310689605], "f": [0.0, 0.78125, 1.5625, 2.34375, 3.125, 3.90625, 4.6875, 5.46875, 6.25, 7.03125, 7.8125, 8.59375, 9.375, 10.15625, 10.9375, 11.71875, 12.5, 13.28125, 14.0625, 14.84375, 15.625, 16.40625, 17.1875, 17.96875, 18.75, 19.53125, 20.3125, 21.09375, 21.875, 22.65625, 23.4375, 24.21875, 25.0, 25.78125, 26.5625, 27.34375, 28.125, 28.90625, 29.6875, 30.46875, 31.25, 32.03125, 32.8125, 33.59375, 34.375, 35.15625, 35.9375, 36.71875, 37.5, 38.28125, 39.0625, 39.84375, 40.625, 41.40625, 42.1875, 42.96875, 43.75, 44.53125, 45.3125, 46.09375, 46.875, 47.65625, 48.4375, 49.21875, 50.0, 50.78125, 51.5625, 52.34375, 53.125, 53.90625, 54.6875, 55.46875, 56.25, 57.03125, 57.8125, 58.59375, 59.375, 60.15625, 60.9375, 61.71875, 62.5, 63.28125, 64.0625, 64.84375, 65.625, 66.40625, 67.1875, 67.96875, 68.75, 69.53125, 70.3125, 71.09375, 71.875, 72.65625, 73.4375, 74.21875, 75.0, 75.78125, 76.5625, 77.34375, 78.125, 78.90625, 79.6875, 80.46875, 81.25, 82.03125, 82.8125, 83.59375, 84.375, 85.15625, 85.9375, 86.71875, 87.5, 88.28125, 89.0625, 89.84375, 90.625, 91.40625, 92.1875, 92.96875, 93.75, 94.53125, 95.3125, 96.09375, 96.875, 97.65625, 98.4375, 99.21875, 100.0]}