{"psd": [73.48689879991167, 82.25702735688049, 79.72350808775269, 75.41366686455636, 70.90770988779089, 65.22687271589473, 60.16480083437004, 56.6570740773226, 56.43833979852034, 57.87690353228154, 57.01507761817494, 54.97057120208137, 55.916552521716525, 59.796116513975676, 61.073771856968094, 59.07162341757699, 57.494698974312406, 59.22968742980337, 60.45416606437754, 60.55049728773608, 62.26586220229546, 62.08887794347084, 61.94388539418095, 64.55081878145852, 63.400932499160945, 63.999191331909486, 65.33083003724266, 66.04807651154944, 65.93449995019495, 64.72451813728023, 64.44417476553096, 64.39290255561627, 62.74076296354143, 62.30402902445603, 62.18198705180406, 63.546282689894895, 64.1843778343483, 63.21515164119656, 61.93444692975726, 62.07455869905076, 62.668250913292326, 62.50461191027405, 62.0503822434611, 61.67652874413613, 61.60097015455815, 62.24612476486075, 62.65776863052914, 61.32549178282946, 61.42498987303491, 62.05851397029727, 62.13541021139584, 62.39469792045832, 63.009924637567984, 63.06991870539649, 63.86662070277019, 64.13442947940874, 63.91973956210588, 64.10991199196245, 63.99181838583652, 64.0153425292213, 64.0038216125511, 62.696828261084576, 62.923113703259446, 62.450761019707244, 62.20778375740455, 61.772739331851916, 61.62019203266763, 61.570386848769765, 61.73313011732472, 62.1715775627409, 62.459423657145905, 62.62990883937761, 61.921044523813634, 61.89584000468522, 63.124104404222635, 64.7675691064694, 64.28195244980851, 63.14086990965179, 62.432717032330004, 61.5157270817363, 61.52001808817766, 61.67903313731516, 61.72774440397107, 61.69599267138706, 61.332853035110475, 61.227614483249724, 60.69746900839355, 59.972796380215755, 60.09920803799912, 60.28471920971427, 60.4475712837983, 60.324407033850676, 60.524421935800774, 59.949769276571686, 60.11759570966401, 60.418853375376386, 59.92325011082295, 59.62081325462968, 59.951096114384434, 60.30226892987515, 60.289234950588416, 61.31522308063258, 62.00314639085906, 62.13277564865375, 61.18451377780993, 61.792887563418375, 62.11535808527623, 61.363730418452704, 60.775380961421476, 60.603157560074756, 60.11347899108091, 59.8699040258462, 59.176848136316536, 58.25893284281159, 56.47209474550462, 56.239080775066206, 53.739473024895744, 49.709951031766465, 45.840420607351575, 41.058274226345546, 36.02670969796581, 29.77031401636566, 24.685667027188202, 21.8060962177625, 21.267335349580026, 21.006603273193278, 21.60273135557761, 21.068123532306156, 16.00475557080471], "f": [0.0, 0.78125, 1.5625, 2.34375, 3.125, 3.90625, 4.6875, 5.46875, 6.25, 7.03125, 7.8125, 8.59375, 9.375, 10.15625, 10.9375, 11.71875, 12.5, 13.28125, 14.0625, 14.84375, 15.625, 16.40625, 17.1875, 17.96875, 18.75, 19.53125, 20.3125, 21.09375, 21.875, 22.65625, 23.4375, 24.21875, 25.0, 25.78125, 26.5625, 27.34375, 28.125, 28.90625, 29.6875, 30.46875, 31.25, 32.03125, 32.8125, 33.59375, 34.375, 35.15625, 35.9375, 36.71875, 37.5, 38.28125, 39.0625, 39.84375, 40.625, 41.40625, 42.1875, 42.96875, 43.75, 44.53125, 45.3125, 46.09375, 46.875, 47.65625, 48.4375, 49.21875, 50.0, 50.78125, 51.5625, 52.34375, 53.125, 53.90625, 54.6875, 55.46875, 56.25, 57.03125, 57.8125, 58.59375, 59.375, 60.15625, 60.9375, 61.71875, 62.5, 63.28125, 64.0625, 64.84375, 65.625, 66.40625, 67.1875, 67.96875, 68.75, 69.53125, 70.3125, 71.09375, 71.875, 72.65625, 73.4375, 74.21875, 75.0, 75.78125, 76.5625, 77.34375, 78.125, 78.90625, 79.6875, 80.46875, 81.25, 82.03125, 82.8125, 83.59375, 84.375, 85.15625, 85.9375, 86.71875, 87.5, 88.28125, 89.0625, 89.84375, 90.625, 91.40625, 92.1875, 92.96875, 93.75, 94.53125, 95.3125, 96.09375, 96.875, 97.65625, 98.4375, 99.21875, 100.0]}