{"psd": [73.22541904756038, 82.88784816845265, 81.63545620944319, 76.70314773898609, 69.46305148443815, 63.812148202793615, 60.44179893045391, 59.444983786536866, 59.50428841035262, 59.625435601596934, 59.59581366313326, 60.4150248956158, 61.30692655678032, 63.30087401949325, 63.08786073460893, 63.141462422652396, 63.300860174146464, 64.1806267273346, 64.77732981852074, 65.11100578336982, 63.95538941660362, 63.70436429899974, 65.28820655409017, 66.8302805167517, 66.79596849178085, 68.55112924669524, 70.6275576711206, 72.85546859068803, 82.06774110196298, 82.54620989918337, 72.57207624619909, 69.47755845002034, 69.51633769489949, 70.57901640023528, 71.4305552646875, 71.51867274820495, 72.33484614989814, 77.13719947243648, 76.68125291398538, 72.31221650765116, 70.07138319036405, 69.38170379326408, 69.98374421077826, 70.1862382059813, 70.03013354938814, 69.61752886581284, 69.67035628587047, 69.35637395648973, 69.61560201650146, 70.03804830671471, 68.85401109812052, 68.70154129665627, 68.9142194272342, 68.93949183793507, 68.86578591677304, 68.60476131786515, 68.83776476912709, 68.9443160006422, 69.90954355722695, 68.35757448430141, 67.89226955336366, 67.77902454122305, 68.72901102239811, 68.54375477006951, 69.09509279635621, 68.5834442921366, 69.22229171209104, 68.87372995979433, 68.18544370416411, 68.81343232060065, 68.38643742351682, 68.20571020099771, 69.22099444075893, 70.71740924046222, 73.8349743296915, 77.52537224285808, 76.48180072518427, 72.24608007460704, 69.91432521211027, 69.13358073308893, 68.41070727182048, 68.007164644292, 67.91988572082876, 67.88961307057835, 67.95852547097428, 66.89217808378143, 67.28447828028882, 68.0647267884323, 67.94430083511597, 67.3753286529686, 67.3412669456234, 66.86930791123605, 66.80473772824377, 67.54257731300734, 68.50744302664697, 69.9221292327488, 72.03928589746306, 70.71262737768622, 69.5185562696595, 69.38791748151262, 69.66334702946202, 69.78401341901099, 70.33897918583321, 69.63711977212537, 68.95407190401247, 68.51898607787602, 68.4190527831934, 69.15546570382398, 69.16979806339035, 68.19473273402666, 67.41083068896812, 67.49564543528804, 68.36160887766201, 67.50871545509233, 66.52158028792878, 69.20616988607796, 65.8203756957173, 57.09590906852442, 53.52322545860454, 48.496844737255316, 42.89442921574558, 36.1344257969543, 29.072589392369878, 23.783685594388043, 21.91504888323228, 21.537699209927673, 21.443940078913965, 21.222791849933536, 16.3731736622409], "f": [0.0, 0.78125, 1.5625, 2.34375, 3.125, 3.90625, 4.6875, 5.46875, 6.25, 7.03125, 7.8125, 8.59375, 9.375, 10.15625, 10.9375, 11.71875, 12.5, 13.28125, 14.0625, 14.84375, 15.625, 16.40625, 17.1875, 17.96875, 18.75, 19.53125, 20.3125, 21.09375, 21.875, 22.65625, 23.4375, 24.21875, 25.0, 25.78125, 26.5625, 27.34375, 28.125, 28.90625, 29.6875, 30.46875, 31.25, 32.03125, 32.8125, 33.59375, 34.375, 35.15625, 35.9375, 36.71875, 37.5, 38.28125, 39.0625, 39.84375, 40.625, 41.40625, 42.1875, 42.96875, 43.75, 44.53125, 45.3125, 46.09375, 46.875, 47.65625, 48.4375, 49.21875, 50.0, 50.78125, 51.5625, 52.34375, 53.125, 53.90625, 54.6875, 55.46875, 56.25, 57.03125, 57.8125, 58.59375, 59.375, 60.15625, 60.9375, 61.71875, 62.5, 63.28125, 64.0625, 64.84375, 65.625, 66.40625, 67.1875, 67.96875, 68.75, 69.53125, 70.3125, 71.09375, 71.875, 72.65625, 73.4375, 74.21875, 75.0, 75.78125, 76.5625, 77.34375, 78.125, 78.90625, 79.6875, 80.46875, 81.25, 82.03125, 82.8125, 83.59375, 84.375, 85.15625, 85.9375, 86.71875, 87.5, 88.28125, 89.0625, 89.84375, 90.625, 91.40625, 92.1875, 92.96875, 93.75, 94.53125, 95.3125, 96.09375, 96.875, 97.65625, 98.4375, 99.21875, 100.0]}