{"psd": [66.5212463146443, 75.41386990607586, 75.6749350414818, 74.16786372529984, 70.18111162038093, 65.63603570853137, 60.67705670813037, 56.47340938589656, 55.12488392847675, 56.57761739699589, 58.490575877856806, 56.49207415021459, 56.418120287385264, 57.78441461652235, 60.28950689774717, 60.05829909998644, 59.15782196571941, 57.76194052234517, 57.37992482220736, 60.08486397142753, 62.4137869054543, 59.63088568002219, 58.36412611805605, 58.0995423529601, 58.3612674894809, 57.04698623344185, 56.49576922415605, 57.419328748575154, 58.30782801018322, 61.8273760562694, 63.67288043440257, 61.85874464594935, 59.92689007835289, 60.42294525384685, 60.09128229873214, 62.165443788532144, 63.76387626665789, 61.54672840598903, 63.099827289993165, 66.79633433589972, 66.77868245201492, 63.25602733401978, 61.5674269083827, 61.94791165733548, 62.514559705812864, 62.5584192824318, 63.17209319342358, 63.262553400877636, 64.57551016041512, 67.72495691539649, 67.35002929101051, 64.31836134861956, 64.43184833626336, 64.23882729801265, 64.93228041294047, 64.83231088789071, 65.1953899021605, 64.92770820924443, 64.95100718663352, 65.85020319123925, 66.69095060720393, 67.11653919286721, 67.29433202446066, 64.92730490469262, 65.2000518758309, 65.13521222963072, 64.44801438582209, 65.63325436344269, 66.62730054347892, 68.78850494617492, 68.18399159571344, 67.33776857818475, 67.35566230734358, 65.94458517780859, 66.01252237959781, 67.52093943827164, 66.25940483368649, 65.50253748663874, 64.34137835570785, 64.6554923103891, 64.59516950544099, 64.12040803903727, 63.915963512558235, 64.17293355869651, 64.107336214604, 63.794748956346524, 63.671809879931516, 63.33546812745912, 62.74811863720376, 62.912010423251516, 61.58804730188425, 61.37803542109044, 61.69310119208195, 61.67136221633306, 61.77995919890983, 61.4908316689304, 61.45097563877705, 61.3732986420511, 60.68473758294536, 61.159328084338625, 61.417075892440025, 60.62372611583722, 60.25784404099707, 59.211309419480536, 59.27628521777685, 59.78387707050722, 60.448921017330775, 60.636655116776424, 60.25503124160879, 60.273931918229884, 60.302911586223324, 59.68380805399149, 59.31250888486164, 58.37065055124036, 56.48416621288731, 56.11699823999767, 53.335044570261104, 48.4017087979658, 44.948645384501404, 40.67143822201153, 35.64651587854254, 29.573007625661702, 24.629741778843556, 22.087516231806354, 21.37840044355977, 21.221638513310793, 21.296328367854333, 21.36556016278821, 16.13186273625161], "f": [0.0, 0.78125, 1.5625, 2.34375, 3.125, 3.90625, 4.6875, 5.46875, 6.25, 7.03125, 7.8125, 8.59375, 9.375, 10.15625, 10.9375, 11.71875, 12.5, 13.28125, 14.0625, 14.84375, 15.625, 16.40625, 17.1875, 17.96875, 18.75, 19.53125, 20.3125, 21.09375, 21.875, 22.65625, 23.4375, 24.21875, 25.0, 25.78125, 26.5625, 27.34375, 28.125, 28.90625, 29.6875, 30.46875, 31.25, 32.03125, 32.8125, 33.59375, 34.375, 35.15625, 35.9375, 36.71875, 37.5, 38.28125, 39.0625, 39.84375, 40.625, 41.40625, 42.1875, 42.96875, 43.75, 44.53125, 45.3125, 46.09375, 46.875, 47.65625, 48.4375, 49.21875, 50.0, 50.78125, 51.5625, 52.34375, 53.125, 53.90625, 54.6875, 55.46875, 56.25, 57.03125, 57.8125, 58.59375, 59.375, 60.15625, 60.9375, 61.71875, 62.5, 63.28125, 64.0625, 64.84375, 65.625, 66.40625, 67.1875, 67.96875, 68.75, 69.53125, 70.3125, 71.09375, 71.875, 72.65625, 73.4375, 74.21875, 75.0, 75.78125, 76.5625, 77.34375, 78.125, 78.90625, 79.6875, 80.46875, 81.25, 82.03125, 82.8125, 83.59375, 84.375, 85.15625, 85.9375, 86.71875, 87.5, 88.28125, 89.0625, 89.84375, 90.625, 91.40625, 92.1875, 92.96875, 93.75, 94.53125, 95.3125, 96.09375, 96.875, 97.65625, 98.4375, 99.21875, 100.0]}