{"psd": [57.43982630218633, 67.17141055054108, 64.23730119577931, 62.08381027640229, 60.19287442338968, 57.62655186776275, 56.08329808025758, 55.26602136270125, 54.46565978277157, 54.80090165783252, 58.75541271630716, 60.214711288868315, 57.92822331159876, 58.978643056707824, 61.41438659236631, 60.47089642301753, 60.50116983461016, 61.779830122687, 66.4056400505951, 62.23628784506129, 56.87912658045676, 57.0869299761018, 57.199763860325284, 58.17604577208496, 58.63906617973701, 61.85037873226318, 61.516519185166786, 59.71498098938004, 58.543887817089484, 58.37004634084845, 59.843878572934216, 60.0239638323726, 59.86906465432413, 59.68538651318157, 60.19797043538554, 62.54935763920905, 63.36155135662588, 62.84662735914125, 69.89632400016318, 68.67984390510127, 60.32247893098946, 60.93257200040644, 60.90854120770513, 60.3013179503657, 60.65474135708233, 62.29779063825691, 62.950920757146214, 64.13602746372943, 75.218072705524, 75.70344968607935, 65.35374015533633, 62.50867034804075, 62.095443875117624, 62.56617580363664, 62.396401806581906, 63.799945927107984, 63.81328175878273, 66.36164875375444, 66.64389323299807, 62.9141566464456, 62.995546410694445, 61.83586527895922, 62.52651873509427, 63.513812476077064, 63.846990368974865, 62.536691569009186, 60.83286721253735, 60.51578457625258, 59.856699381680194, 60.84665066742481, 60.977618674891325, 61.608926586732416, 62.22558142465712, 61.98366952467457, 62.373979284546344, 69.53898083920168, 77.87259249818918, 77.70617852773283, 67.91464181629135, 61.21162665394859, 62.099655357072336, 62.4826137770341, 62.57768896591601, 63.15459771506001, 61.56904614678268, 60.22328448601081, 59.82518735841819, 60.22096819262852, 60.679772236558556, 62.1312003224031, 62.177064843044775, 61.75150107976789, 60.43901220269929, 59.87618531926381, 59.74210508273291, 68.47640623537086, 74.29739704142085, 68.774641955991, 59.23339064608068, 59.86403369406642, 59.94654560810686, 59.29203487840836, 59.62202867065667, 58.94834261948464, 59.118451607008836, 58.83794960440482, 58.92524376978979, 59.19257171571591, 59.05043726228336, 58.91562951259271, 58.49249623713695, 57.41161414078141, 57.92446623612633, 60.490490531881264, 57.88977047955224, 57.695135988672774, 55.040426791414106, 48.27734748284027, 43.89820049590788, 40.30487930633623, 35.03378243652928, 29.10575574231013, 23.874969232310082, 21.783907459178856, 21.0283362248779, 21.168748571891346, 21.40201727840328, 21.283736624735013, 16.643293943493195], "f": [0.0, 0.78125, 1.5625, 2.34375, 3.125, 3.90625, 4.6875, 5.46875, 6.25, 7.03125, 7.8125, 8.59375, 9.375, 10.15625, 10.9375, 11.71875, 12.5, 13.28125, 14.0625, 14.84375, 15.625, 16.40625, 17.1875, 17.96875, 18.75, 19.53125, 20.3125, 21.09375, 21.875, 22.65625, 23.4375, 24.21875, 25.0, 25.78125, 26.5625, 27.34375, 28.125, 28.90625, 29.6875, 30.46875, 31.25, 32.03125, 32.8125, 33.59375, 34.375, 35.15625, 35.9375, 36.71875, 37.5, 38.28125, 39.0625, 39.84375, 40.625, 41.40625, 42.1875, 42.96875, 43.75, 44.53125, 45.3125, 46.09375, 46.875, 47.65625, 48.4375, 49.21875, 50.0, 50.78125, 51.5625, 52.34375, 53.125, 53.90625, 54.6875, 55.46875, 56.25, 57.03125, 57.8125, 58.59375, 59.375, 60.15625, 60.9375, 61.71875, 62.5, 63.28125, 64.0625, 64.84375, 65.625, 66.40625, 67.1875, 67.96875, 68.75, 69.53125, 70.3125, 71.09375, 71.875, 72.65625, 73.4375, 74.21875, 75.0, 75.78125, 76.5625, 77.34375, 78.125, 78.90625, 79.6875, 80.46875, 81.25, 82.03125, 82.8125, 83.59375, 84.375, 85.15625, 85.9375, 86.71875, 87.5, 88.28125, 89.0625, 89.84375, 90.625, 91.40625, 92.1875, 92.96875, 93.75, 94.53125, 95.3125, 96.09375, 96.875, 97.65625, 98.4375, 99.21875, 100.0]}