{"psd": [69.93204734890622, 79.13206992700307, 79.48772103316651, 76.26040054457113, 70.99608470422208, 64.8809851422789, 60.41578896612621, 58.08398640580998, 59.762332936414225, 65.76920261040105, 72.09938307303855, 75.8825577702757, 84.38849487652078, 82.35718061550081, 71.2335515225921, 70.26232679852387, 72.13363864396152, 71.33895444608017, 67.88622416743364, 68.75254828863363, 69.50146513023368, 70.03715468675638, 72.50901609576732, 78.20792253782744, 86.42412211947374, 86.4431612074913, 79.01432068535459, 73.51534213628763, 70.31757718497614, 69.67540938959414, 69.99150279821323, 70.48634259651769, 72.62146526542335, 74.72273204816993, 76.09121310059355, 79.80074039647197, 87.04214349564977, 88.96855342388426, 84.43009914057055, 80.19058922176903, 78.8533953553787, 78.55218809714316, 78.0770997912908, 78.5045139149181, 78.4177617413301, 78.77079548345024, 79.4554485770315, 82.65567179218195, 87.01622195083111, 88.76032257017384, 86.20727273638505, 82.93836061129853, 80.79221687258716, 79.68855632871099, 78.9900772945553, 78.73099181470366, 78.21427929379897, 77.65515309795325, 78.32600003848913, 79.82840223113382, 81.70807513000159, 82.42103247918564, 80.84327292715176, 78.60191822803529, 77.40353999998763, 76.97349752965735, 76.81382356332938, 75.59514484785736, 75.40692024329775, 75.29175208986003, 75.03993119698426, 75.67527689910519, 76.50332759058337, 77.77853572261604, 77.98839521547367, 76.27378187838653, 75.25363932707805, 74.77307502453259, 74.00669279263124, 73.39030868682379, 73.22145723870275, 74.45256560801661, 73.84884035298575, 73.63321873446762, 74.06039861030779, 74.44104689741971, 75.10998576929202, 74.6109893634856, 73.35363196947362, 72.1868014488384, 72.07937279585346, 72.01097457506498, 71.71363456922174, 71.89867144039924, 71.85892271175832, 72.3503043420948, 72.9187306374829, 72.8789481586877, 73.17802454272189, 72.71521206556537, 71.96829929678455, 72.30339632460831, 72.4918938557306, 71.2493560395705, 70.29621802771887, 70.80430080715657, 70.72946856285022, 70.59881969468239, 70.91561833968994, 70.88913220701107, 70.71173507545635, 70.11317914310267, 69.64528404372362, 68.38123995313101, 67.10806349577163, 65.25037572377437, 62.62397390081887, 59.400741412900125, 56.133038377896575, 51.49181350708152, 45.68337725159145, 39.04865772568104, 32.53313425875119, 25.6227281291403, 22.26344963342278, 21.174623819267154, 21.517957811853705, 21.370058281087417, 16.031465917260135], "f": [0.0, 0.78125, 1.5625, 2.34375, 3.125, 3.90625, 4.6875, 5.46875, 6.25, 7.03125, 7.8125, 8.59375, 9.375, 10.15625, 10.9375, 11.71875, 12.5, 13.28125, 14.0625, 14.84375, 15.625, 16.40625, 17.1875, 17.96875, 18.75, 19.53125, 20.3125, 21.09375, 21.875, 22.65625, 23.4375, 24.21875, 25.0, 25.78125, 26.5625, 27.34375, 28.125, 28.90625, 29.6875, 30.46875, 31.25, 32.03125, 32.8125, 33.59375, 34.375, 35.15625, 35.9375, 36.71875, 37.5, 38.28125, 39.0625, 39.84375, 40.625, 41.40625, 42.1875, 42.96875, 43.75, 44.53125, 45.3125, 46.09375, 46.875, 47.65625, 48.4375, 49.21875, 50.0, 50.78125, 51.5625, 52.34375, 53.125, 53.90625, 54.6875, 55.46875, 56.25, 57.03125, 57.8125, 58.59375, 59.375, 60.15625, 60.9375, 61.71875, 62.5, 63.28125, 64.0625, 64.84375, 65.625, 66.40625, 67.1875, 67.96875, 68.75, 69.53125, 70.3125, 71.09375, 71.875, 72.65625, 73.4375, 74.21875, 75.0, 75.78125, 76.5625, 77.34375, 78.125, 78.90625, 79.6875, 80.46875, 81.25, 82.03125, 82.8125, 83.59375, 84.375, 85.15625, 85.9375, 86.71875, 87.5, 88.28125, 89.0625, 89.84375, 90.625, 91.40625, 92.1875, 92.96875, 93.75, 94.53125, 95.3125, 96.09375, 96.875, 97.65625, 98.4375, 99.21875, 100.0]}