{"psd": [72.44298826069306, 81.37644938380396, 80.16961776073825, 75.9007852527829, 69.78302720035512, 63.57218310221428, 59.78778160515836, 57.61080715646821, 57.83779230059268, 63.793256864199606, 65.99127202340425, 59.53583687721455, 58.05648231456792, 58.338892747571684, 58.24050644673038, 57.91139870846902, 57.78622335911094, 60.30405420018559, 60.731159000403316, 61.80349136276028, 64.93761634492193, 64.97036917827704, 63.13286486103942, 63.958963698228445, 63.00526944643124, 63.671298774764644, 65.12409499500414, 65.63569457113601, 65.64713854403954, 66.29810669184492, 67.65928137719483, 67.96431112153344, 65.21256827030913, 64.1472909191528, 63.885461691889425, 64.4506921813409, 65.11889816318899, 64.25930190956112, 64.80281746304297, 65.08863970927356, 66.14313178267166, 67.84880200858225, 65.65591831091417, 64.30021330221726, 63.2694468648303, 62.92403457920578, 62.75736840542042, 63.060501460124065, 63.48732693033773, 63.70820417315184, 64.50622312759879, 65.10995821820445, 65.10547967373334, 63.99769576606961, 64.28660925142945, 64.39753778127226, 64.14501185764951, 63.82408671877183, 63.64899261389137, 63.438379641535434, 63.58153382428271, 64.18528917946956, 63.92803604059047, 64.02128494682492, 63.573028465389214, 63.38321456157303, 62.75781236985825, 63.25587599543874, 63.51212504314694, 63.277614317124815, 63.166360615060725, 63.20104498249211, 63.02643874014158, 62.85366059802236, 63.345306560572716, 63.91524216263754, 64.26036569757389, 63.88511458086079, 63.28363388311318, 63.09445023137762, 62.91589025970774, 63.10037138533857, 63.35968666985046, 62.799182269810146, 63.01453820810381, 62.83978286633213, 63.0371058605116, 62.79592844026156, 62.05451604449224, 62.252171358199, 62.84183147128597, 63.07971159500448, 63.18853176611502, 63.325771614553645, 63.34744952386103, 63.145706564916026, 63.48832429063654, 63.29908036493273, 63.259075238421076, 64.03028564015256, 63.9856812170797, 64.08674912472817, 63.7548917060857, 63.48284819345055, 63.93668964255596, 65.14045427626199, 64.95013167509951, 64.40804799277801, 63.990339877125024, 63.56805678769363, 63.497648121691, 63.334830317471884, 62.29996566276304, 62.24082693040227, 61.04189984356232, 59.517726617469506, 56.47373182698569, 53.562388325107435, 49.96326027201561, 45.222152577025895, 40.124567223345686, 34.178075661667805, 27.230257676039685, 22.5502386094044, 21.425756601537795, 21.652741828955833, 21.62978674610939, 21.712343413524078, 17.208557838625612], "f": [0.0, 0.78125, 1.5625, 2.34375, 3.125, 3.90625, 4.6875, 5.46875, 6.25, 7.03125, 7.8125, 8.59375, 9.375, 10.15625, 10.9375, 11.71875, 12.5, 13.28125, 14.0625, 14.84375, 15.625, 16.40625, 17.1875, 17.96875, 18.75, 19.53125, 20.3125, 21.09375, 21.875, 22.65625, 23.4375, 24.21875, 25.0, 25.78125, 26.5625, 27.34375, 28.125, 28.90625, 29.6875, 30.46875, 31.25, 32.03125, 32.8125, 33.59375, 34.375, 35.15625, 35.9375, 36.71875, 37.5, 38.28125, 39.0625, 39.84375, 40.625, 41.40625, 42.1875, 42.96875, 43.75, 44.53125, 45.3125, 46.09375, 46.875, 47.65625, 48.4375, 49.21875, 50.0, 50.78125, 51.5625, 52.34375, 53.125, 53.90625, 54.6875, 55.46875, 56.25, 57.03125, 57.8125, 58.59375, 59.375, 60.15625, 60.9375, 61.71875, 62.5, 63.28125, 64.0625, 64.84375, 65.625, 66.40625, 67.1875, 67.96875, 68.75, 69.53125, 70.3125, 71.09375, 71.875, 72.65625, 73.4375, 74.21875, 75.0, 75.78125, 76.5625, 77.34375, 78.125, 78.90625, 79.6875, 80.46875, 81.25, 82.03125, 82.8125, 83.59375, 84.375, 85.15625, 85.9375, 86.71875, 87.5, 88.28125, 89.0625, 89.84375, 90.625, 91.40625, 92.1875, 92.96875, 93.75, 94.53125, 95.3125, 96.09375, 96.875, 97.65625, 98.4375, 99.21875, 100.0]}