{"psd": [65.2160102202478, 74.56718335973959, 75.84419014788172, 74.40242474594277, 70.4537707689197, 64.77713764135403, 60.48227403515228, 57.56119643038291, 57.48543911395885, 57.03156557718107, 63.14057998954085, 65.45105440512069, 59.68989550925719, 58.06530151791744, 60.20936559375694, 60.93483889745418, 59.10900789662526, 57.11427437736827, 60.18511149527481, 61.88516445385309, 58.66912080500537, 59.05906820134527, 60.70165654253551, 62.825644051939236, 61.66259036361939, 61.960742312165706, 62.2155883281098, 62.43591320089831, 62.00780768355982, 62.18405196014739, 61.78580826448982, 61.935038243161316, 61.3551547889362, 60.79236659437949, 60.82326523633641, 61.91830040921666, 61.8351668191141, 61.480513011902936, 62.59325338225164, 60.34443743966976, 59.10830771324609, 60.45559281680524, 61.061206681653005, 61.978074725992485, 62.549883235330405, 63.068054949862784, 62.350560870765506, 61.84481053021877, 60.60407485005435, 60.18242925590496, 61.53788743908393, 61.875367113375745, 61.2946190408631, 61.83606324367296, 62.65863369665904, 62.6931319949021, 63.512179892778455, 65.25083848784794, 65.31008137111093, 61.55215116231836, 60.70347126090595, 61.51811149760296, 62.98979251427102, 62.42736317669228, 61.942581195558134, 60.349229941238704, 59.46992507258196, 60.39753841104343, 60.140190649070604, 60.341972813822515, 60.47716171662092, 59.35873572780039, 59.46692758936177, 59.88624305502449, 61.65023869770661, 66.06637992927485, 65.6593568831224, 62.73856618652395, 61.110465547216236, 60.353174838242786, 59.64362030739898, 59.51898964070061, 59.77957402429673, 58.850132512400144, 59.2857726411233, 59.26842415497238, 59.78570942609355, 59.6461413690648, 59.57829229056145, 59.281062288578426, 58.64530187761326, 59.193145416273794, 59.158941757147986, 59.07530190967003, 60.07113470189232, 66.55171867705873, 70.71532875217332, 65.22355254926516, 60.19106635331742, 60.154607662029946, 60.98905346892208, 60.977178107971845, 61.68611142530082, 60.591175193449445, 59.63313665137245, 60.62044365770109, 61.15193952081344, 60.83834085438, 59.72462934858784, 59.1337071520151, 59.1292161617187, 58.4291291667878, 57.74158658474092, 56.96871425848283, 57.80235132315855, 61.014764623962485, 57.55259553621086, 49.6711552391741, 45.61001765164772, 42.04976862803987, 36.53510345860568, 29.87882276314625, 24.66620441320568, 22.2221240680514, 21.35894975838489, 21.624701273347164, 21.157273710174685, 21.00969009522934, 15.704586438694966], "f": [0.0, 0.78125, 1.5625, 2.34375, 3.125, 3.90625, 4.6875, 5.46875, 6.25, 7.03125, 7.8125, 8.59375, 9.375, 10.15625, 10.9375, 11.71875, 12.5, 13.28125, 14.0625, 14.84375, 15.625, 16.40625, 17.1875, 17.96875, 18.75, 19.53125, 20.3125, 21.09375, 21.875, 22.65625, 23.4375, 24.21875, 25.0, 25.78125, 26.5625, 27.34375, 28.125, 28.90625, 29.6875, 30.46875, 31.25, 32.03125, 32.8125, 33.59375, 34.375, 35.15625, 35.9375, 36.71875, 37.5, 38.28125, 39.0625, 39.84375, 40.625, 41.40625, 42.1875, 42.96875, 43.75, 44.53125, 45.3125, 46.09375, 46.875, 47.65625, 48.4375, 49.21875, 50.0, 50.78125, 51.5625, 52.34375, 53.125, 53.90625, 54.6875, 55.46875, 56.25, 57.03125, 57.8125, 58.59375, 59.375, 60.15625, 60.9375, 61.71875, 62.5, 63.28125, 64.0625, 64.84375, 65.625, 66.40625, 67.1875, 67.96875, 68.75, 69.53125, 70.3125, 71.09375, 71.875, 72.65625, 73.4375, 74.21875, 75.0, 75.78125, 76.5625, 77.34375, 78.125, 78.90625, 79.6875, 80.46875, 81.25, 82.03125, 82.8125, 83.59375, 84.375, 85.15625, 85.9375, 86.71875, 87.5, 88.28125, 89.0625, 89.84375, 90.625, 91.40625, 92.1875, 92.96875, 93.75, 94.53125, 95.3125, 96.09375, 96.875, 97.65625, 98.4375, 99.21875, 100.0]}