{"psd": [73.20664304558434, 82.43009587895932, 81.12886323756854, 76.09631010960969, 69.25098322313926, 63.696343417898056, 61.428481427465734, 61.71339874438126, 63.66201735036598, 66.0100209627821, 66.55956967848974, 66.4904979414126, 65.9947401458301, 66.42790012148961, 66.20110862679905, 64.91780864346296, 66.05491562332803, 66.75017928497462, 69.57528077408865, 73.01469987497883, 71.87783640304833, 69.02489547463234, 68.13148941534993, 68.51079986803511, 69.31078983217459, 69.94163025566802, 69.60175113876997, 69.55802239689005, 70.8401789897193, 70.7983951326401, 69.11166120727763, 69.17877670313628, 68.45805695823363, 68.90587100151502, 69.31437050975651, 69.97837332260906, 71.9375001203502, 75.91327629683545, 75.40115066766259, 72.09846111420876, 71.3593370132334, 71.65518008708015, 71.42296002241795, 72.26536530493148, 71.87737630223825, 72.49250188214704, 73.878053075617, 74.26009967407575, 73.70808160874647, 71.2735142070947, 70.62729304442226, 69.7627198405294, 69.68658153490165, 69.58349565846054, 69.48866721123677, 68.91621378248473, 69.43995433484785, 69.62128866926578, 69.11305658396861, 67.93275101907028, 67.93948259164071, 67.49097881370547, 68.01130046874675, 67.8367359566329, 67.59144513092755, 67.41446695793547, 67.64114779195333, 67.6256907629344, 67.26228252526278, 67.41444255048641, 67.36759833221365, 67.3224616608764, 66.98889482987101, 67.37611521066532, 69.51896521069932, 71.29299058876717, 71.1412786440498, 70.6464553637517, 68.26106814930219, 67.3473724009836, 67.12685869538008, 67.38441291080133, 67.23757509698687, 67.21110806232632, 66.65190593388684, 66.2709615470796, 66.82457630483162, 67.16657269572073, 66.87972849024848, 66.75803052405556, 67.59019129755163, 68.00703049182619, 67.81599911217626, 67.71163015533924, 67.85594664945828, 69.41297796278218, 72.90810397053748, 70.35887735286062, 67.62315172712283, 68.33994677449337, 68.32209473329827, 67.59625040423253, 67.73648324529947, 67.42238481225775, 67.70000421987812, 67.61478832567875, 67.77393391231163, 67.61265892931914, 66.85849888021681, 66.75999693539266, 66.76473247880223, 66.33646326387219, 66.44609971964782, 65.96944128553699, 64.80254891817322, 67.62165384182234, 65.24739509701215, 57.77421419805997, 54.24118735124764, 49.3723262461437, 43.198529665126486, 36.91198693847667, 29.404721160688716, 24.155038630154763, 21.346106279500077, 21.557643653360753, 21.150898545424397, 21.284955772106237, 16.15991890382159], "f": [0.0, 0.78125, 1.5625, 2.34375, 3.125, 3.90625, 4.6875, 5.46875, 6.25, 7.03125, 7.8125, 8.59375, 9.375, 10.15625, 10.9375, 11.71875, 12.5, 13.28125, 14.0625, 14.84375, 15.625, 16.40625, 17.1875, 17.96875, 18.75, 19.53125, 20.3125, 21.09375, 21.875, 22.65625, 23.4375, 24.21875, 25.0, 25.78125, 26.5625, 27.34375, 28.125, 28.90625, 29.6875, 30.46875, 31.25, 32.03125, 32.8125, 33.59375, 34.375, 35.15625, 35.9375, 36.71875, 37.5, 38.28125, 39.0625, 39.84375, 40.625, 41.40625, 42.1875, 42.96875, 43.75, 44.53125, 45.3125, 46.09375, 46.875, 47.65625, 48.4375, 49.21875, 50.0, 50.78125, 51.5625, 52.34375, 53.125, 53.90625, 54.6875, 55.46875, 56.25, 57.03125, 57.8125, 58.59375, 59.375, 60.15625, 60.9375, 61.71875, 62.5, 63.28125, 64.0625, 64.84375, 65.625, 66.40625, 67.1875, 67.96875, 68.75, 69.53125, 70.3125, 71.09375, 71.875, 72.65625, 73.4375, 74.21875, 75.0, 75.78125, 76.5625, 77.34375, 78.125, 78.90625, 79.6875, 80.46875, 81.25, 82.03125, 82.8125, 83.59375, 84.375, 85.15625, 85.9375, 86.71875, 87.5, 88.28125, 89.0625, 89.84375, 90.625, 91.40625, 92.1875, 92.96875, 93.75, 94.53125, 95.3125, 96.09375, 96.875, 97.65625, 98.4375, 99.21875, 100.0]}