{"psd": [62.924485850389914, 71.81598677710016, 71.0463444240493, 69.68818335068056, 67.42630157799711, 64.02937017935317, 60.33858571357499, 56.91167164227143, 56.78184080875425, 60.05150566117031, 63.61714892003554, 60.36532027251571, 58.47715969722836, 58.406513733104674, 65.33781392680969, 64.58416975816928, 59.79878813310003, 63.077557217888874, 65.57097507548218, 68.21773284230494, 68.54250200873742, 63.510444450390025, 63.06835174382074, 62.59216256405996, 64.79044360729989, 63.558152673424644, 63.38251548010204, 64.59670473688476, 63.96795267047655, 67.93449270461251, 67.49130446549793, 63.0903413076951, 62.62128562746859, 62.52990293325912, 63.510224960014305, 65.27053289516854, 68.31955944554936, 67.08830974529727, 73.11874933135618, 72.13107188238088, 64.95414965402708, 63.603798556054976, 63.96134167614946, 64.58906103895912, 66.03307886667403, 68.22742517730454, 66.826328934435, 66.7361558536758, 75.07544387478336, 75.40786378977968, 65.94334250026606, 64.49983871642198, 65.6813346506273, 65.7617987746503, 66.76194714004201, 65.7472806223922, 64.08665065581373, 66.45486384331241, 66.80688972685122, 64.85522884637456, 64.54965010293847, 64.44813857774234, 63.92227110510335, 64.8582861558093, 65.84919360402043, 64.54695282368131, 63.21827389846544, 63.05282520115861, 62.74823120934655, 62.65556158483595, 61.83103991019408, 62.122762090990555, 63.683212471408375, 62.81645217274725, 62.28792913260483, 71.32458122633341, 81.30631028525534, 79.6694248888454, 67.34695198666837, 62.675764120019586, 62.82601545079711, 62.75561456963176, 62.889224346982175, 62.55316518214303, 63.44567063791602, 63.427274051484886, 63.06947366746286, 62.62435817177247, 62.40833660762129, 61.76224440531488, 61.96489294488031, 61.29220461720433, 61.065039763288326, 63.494144436984385, 67.13742742252812, 68.98646695022718, 74.02541991281717, 68.60856518060301, 61.65171465761607, 62.17479678667115, 62.44197599717674, 61.64576266345807, 61.132682040001214, 62.03782586776323, 61.8441003053756, 61.68306584580728, 62.3203064768427, 62.94668667511864, 62.583037117511886, 62.208245928191374, 62.49357921416517, 61.91683876875867, 60.94883518554777, 59.797039199722505, 59.82974183729959, 61.45380271193714, 58.61178912140166, 52.512575590782845, 47.538646360985354, 43.38194718120343, 38.380921483360765, 31.75783272720505, 25.379009619971086, 21.672128048389734, 21.520891979208116, 21.619945569214195, 21.66984405663176, 21.26109771476514, 16.06346413047481], "f": [0.0, 0.78125, 1.5625, 2.34375, 3.125, 3.90625, 4.6875, 5.46875, 6.25, 7.03125, 7.8125, 8.59375, 9.375, 10.15625, 10.9375, 11.71875, 12.5, 13.28125, 14.0625, 14.84375, 15.625, 16.40625, 17.1875, 17.96875, 18.75, 19.53125, 20.3125, 21.09375, 21.875, 22.65625, 23.4375, 24.21875, 25.0, 25.78125, 26.5625, 27.34375, 28.125, 28.90625, 29.6875, 30.46875, 31.25, 32.03125, 32.8125, 33.59375, 34.375, 35.15625, 35.9375, 36.71875, 37.5, 38.28125, 39.0625, 39.84375, 40.625, 41.40625, 42.1875, 42.96875, 43.75, 44.53125, 45.3125, 46.09375, 46.875, 47.65625, 48.4375, 49.21875, 50.0, 50.78125, 51.5625, 52.34375, 53.125, 53.90625, 54.6875, 55.46875, 56.25, 57.03125, 57.8125, 58.59375, 59.375, 60.15625, 60.9375, 61.71875, 62.5, 63.28125, 64.0625, 64.84375, 65.625, 66.40625, 67.1875, 67.96875, 68.75, 69.53125, 70.3125, 71.09375, 71.875, 72.65625, 73.4375, 74.21875, 75.0, 75.78125, 76.5625, 77.34375, 78.125, 78.90625, 79.6875, 80.46875, 81.25, 82.03125, 82.8125, 83.59375, 84.375, 85.15625, 85.9375, 86.71875, 87.5, 88.28125, 89.0625, 89.84375, 90.625, 91.40625, 92.1875, 92.96875, 93.75, 94.53125, 95.3125, 96.09375, 96.875, 97.65625, 98.4375, 99.21875, 100.0]}