{"psd": [70.50492620987539, 79.48398008857156, 77.87083890124191, 74.66344537480262, 70.12266773651766, 65.25874044329618, 60.87861510625122, 58.11121787878896, 58.91911453531634, 59.257431192035625, 58.84483530963394, 59.031370184027416, 58.12653175131996, 60.641453169955746, 59.53106790125492, 57.89319782373166, 57.21200139039385, 57.35454737485908, 57.81395690498198, 59.51254738974334, 60.42908743387757, 60.522760208045966, 61.371079702162746, 61.546723693338166, 63.11140401160447, 64.75988728701144, 65.90532826036691, 65.32708641104422, 65.04778910967946, 65.68735570177611, 65.40270882693494, 66.00482505241968, 66.77021513728292, 66.23780813289379, 64.00534209325616, 63.079774173538816, 62.55556645772763, 62.54601927381736, 63.23558551034939, 63.08893005252641, 64.39393020631701, 66.85418916106653, 66.27768900006159, 63.50771592474355, 62.74872506280631, 61.95865029129859, 61.684317024354215, 61.86347187779858, 62.9477954152985, 63.774034110840894, 62.94132160539303, 62.09598916940131, 62.4553387946868, 62.68436988299412, 61.79382035904613, 61.92570230391463, 61.85151234057746, 62.44174935586004, 62.22192848395119, 60.77102816056179, 62.39573521554955, 62.8939744324384, 62.76895330755893, 62.04702154917787, 62.03880261364074, 62.86233555973429, 63.19241305260966, 62.37786426804889, 62.46637780298605, 62.71165762955861, 62.300372170055, 62.333954767050116, 62.22705681075344, 61.25207754579358, 61.713583323758854, 66.7348819395251, 75.7280811856067, 73.86848001678757, 62.55285044414249, 60.89787505594694, 60.9421609130972, 61.14243576645723, 61.748133918293334, 62.739820651860356, 61.432110017173976, 60.75007099789167, 60.53811590019903, 60.77867159653309, 60.32522841919675, 59.933106631581765, 60.00843090510504, 60.93957239088798, 60.17508905809129, 59.56395258523343, 59.633703696046695, 61.50492269230871, 64.02676347797394, 60.865795972567284, 58.990424556604054, 58.831364284178306, 58.69969831226727, 58.63963594164946, 58.26003889750307, 58.38716227110794, 58.88034291905184, 58.749575092833155, 58.630978826798305, 58.0038946688574, 58.087163830908814, 58.10899048194412, 58.25933019097265, 58.006109252868036, 56.749607292113495, 55.66855222087262, 54.81737312079105, 56.34415488056577, 53.542093357307266, 48.30892410469643, 44.37473475054488, 39.87121397369123, 34.542658101381384, 28.721577120007957, 23.739937081631478, 21.697290524974235, 21.172937255105076, 21.006362552137663, 21.256714656185565, 21.129450436635324, 16.606006517975604], "f": [0.0, 0.78125, 1.5625, 2.34375, 3.125, 3.90625, 4.6875, 5.46875, 6.25, 7.03125, 7.8125, 8.59375, 9.375, 10.15625, 10.9375, 11.71875, 12.5, 13.28125, 14.0625, 14.84375, 15.625, 16.40625, 17.1875, 17.96875, 18.75, 19.53125, 20.3125, 21.09375, 21.875, 22.65625, 23.4375, 24.21875, 25.0, 25.78125, 26.5625, 27.34375, 28.125, 28.90625, 29.6875, 30.46875, 31.25, 32.03125, 32.8125, 33.59375, 34.375, 35.15625, 35.9375, 36.71875, 37.5, 38.28125, 39.0625, 39.84375, 40.625, 41.40625, 42.1875, 42.96875, 43.75, 44.53125, 45.3125, 46.09375, 46.875, 47.65625, 48.4375, 49.21875, 50.0, 50.78125, 51.5625, 52.34375, 53.125, 53.90625, 54.6875, 55.46875, 56.25, 57.03125, 57.8125, 58.59375, 59.375, 60.15625, 60.9375, 61.71875, 62.5, 63.28125, 64.0625, 64.84375, 65.625, 66.40625, 67.1875, 67.96875, 68.75, 69.53125, 70.3125, 71.09375, 71.875, 72.65625, 73.4375, 74.21875, 75.0, 75.78125, 76.5625, 77.34375, 78.125, 78.90625, 79.6875, 80.46875, 81.25, 82.03125, 82.8125, 83.59375, 84.375, 85.15625, 85.9375, 86.71875, 87.5, 88.28125, 89.0625, 89.84375, 90.625, 91.40625, 92.1875, 92.96875, 93.75, 94.53125, 95.3125, 96.09375, 96.875, 97.65625, 98.4375, 99.21875, 100.0]}