{"psd": [76.5912115171129, 85.60775885015536, 83.63069556165186, 76.33084084144312, 69.61193381923411, 64.73675182590992, 63.32372685580964, 63.88573617050815, 64.20222639885006, 64.39482553226068, 64.81107145595145, 65.45240211619317, 65.73098136727037, 65.37359691138009, 65.85004853140147, 65.66323659155505, 66.4864452480842, 65.70215487449101, 66.78026869629062, 67.18810685473117, 66.71494956121381, 67.10767165222101, 66.88158207745326, 67.75385689064218, 67.99882654452831, 67.40963307187857, 67.95501279265616, 68.95790456762305, 71.94467572344317, 79.27754839126838, 77.577072937702, 69.51338104248742, 68.17761980285337, 67.97216619279337, 67.96651696057492, 68.1727241320835, 67.8226411311703, 68.05652089452055, 69.09895409373672, 68.30188268965844, 67.48859875205835, 67.15964434789646, 67.30653114887112, 67.27297652701145, 67.49612451674862, 67.9289377507279, 68.01507613987812, 67.8521602047551, 67.69596673586084, 67.46663893452532, 67.10451072813112, 67.62872691239107, 67.84052391878565, 68.00471475051323, 67.74145449877597, 67.59916732139123, 67.65066788698336, 68.54715362413691, 68.6067901624993, 67.22140712965289, 67.02187388100928, 67.5919906112087, 67.38539489150908, 67.08794821749461, 67.50419244892892, 67.62741175611076, 67.53636211830086, 67.15404316516009, 67.37741171022678, 67.12093406249704, 67.33033985945445, 67.37641708884478, 67.314704509186, 67.25001102278053, 67.47277017886296, 67.35672501246296, 68.83834721100824, 69.23636290053908, 68.35320522925136, 68.45258556822884, 67.79323232310408, 67.79304934164449, 67.77179393264133, 67.54477544917717, 67.88327346747121, 68.22160450847227, 68.39191828838521, 68.66512625041517, 68.2004245363461, 68.28894215788625, 68.84220813333657, 69.17090776754921, 68.77953643347864, 69.80118058472327, 69.07108902121968, 69.26548181788465, 69.5770096101825, 69.68585939657264, 68.96150515405418, 69.57646367382063, 69.85557051437432, 70.30311766798447, 69.9598204768312, 69.65411507773038, 70.03251259037202, 69.81572602485278, 70.21643342837123, 69.81216856729137, 69.54744115146559, 68.6248240129453, 67.87219352835626, 67.90532535871581, 67.43075466359312, 66.76379355166185, 65.39592805461547, 64.55318962834463, 61.89414587740225, 58.28790901229705, 54.021087681405724, 49.711282532049424, 44.06655448625418, 37.81131856472422, 30.256572947850977, 24.076482677535708, 21.764900571835376, 21.411770296472064, 21.340084610462327, 21.07240425516704, 16.640178826468507], "f": [0.0, 0.78125, 1.5625, 2.34375, 3.125, 3.90625, 4.6875, 5.46875, 6.25, 7.03125, 7.8125, 8.59375, 9.375, 10.15625, 10.9375, 11.71875, 12.5, 13.28125, 14.0625, 14.84375, 15.625, 16.40625, 17.1875, 17.96875, 18.75, 19.53125, 20.3125, 21.09375, 21.875, 22.65625, 23.4375, 24.21875, 25.0, 25.78125, 26.5625, 27.34375, 28.125, 28.90625, 29.6875, 30.46875, 31.25, 32.03125, 32.8125, 33.59375, 34.375, 35.15625, 35.9375, 36.71875, 37.5, 38.28125, 39.0625, 39.84375, 40.625, 41.40625, 42.1875, 42.96875, 43.75, 44.53125, 45.3125, 46.09375, 46.875, 47.65625, 48.4375, 49.21875, 50.0, 50.78125, 51.5625, 52.34375, 53.125, 53.90625, 54.6875, 55.46875, 56.25, 57.03125, 57.8125, 58.59375, 59.375, 60.15625, 60.9375, 61.71875, 62.5, 63.28125, 64.0625, 64.84375, 65.625, 66.40625, 67.1875, 67.96875, 68.75, 69.53125, 70.3125, 71.09375, 71.875, 72.65625, 73.4375, 74.21875, 75.0, 75.78125, 76.5625, 77.34375, 78.125, 78.90625, 79.6875, 80.46875, 81.25, 82.03125, 82.8125, 83.59375, 84.375, 85.15625, 85.9375, 86.71875, 87.5, 88.28125, 89.0625, 89.84375, 90.625, 91.40625, 92.1875, 92.96875, 93.75, 94.53125, 95.3125, 96.09375, 96.875, 97.65625, 98.4375, 99.21875, 100.0]}