{"psd": [61.756614062797595, 71.3166201132805, 69.41096217410622, 65.8752420048086, 62.25960230391789, 59.08955082694036, 57.106448223272544, 56.22988214873979, 56.47637600153032, 57.48124794094604, 60.28456103116764, 58.60803963054592, 57.20781192610244, 61.08586638886082, 60.31612268676955, 63.01410998027214, 61.186972931580016, 57.690759718131716, 58.01132381628964, 61.68740187657229, 64.45950617331322, 66.1571751508891, 62.48938602244377, 61.62760086180665, 59.74994859557778, 58.68555838650351, 59.05149007106168, 59.10925985240382, 59.194871732930075, 60.48298151318604, 63.0717819931617, 61.52009727420845, 60.17065678673677, 60.82933667608981, 59.53736299688917, 59.917344165578015, 60.187989262438954, 60.26766645073546, 62.78666913416038, 64.07152482003058, 65.832899657897, 63.92682907089917, 61.4875723991228, 60.92189103974182, 60.876442395428214, 60.38610163253671, 62.10540990828663, 62.54920836579461, 61.92777874011715, 64.50883478536088, 66.97272232263879, 64.72011984827657, 63.13518812897734, 63.63834729604176, 63.20013174178649, 63.327301580879556, 62.06286434117025, 61.2876498781197, 61.20116494795356, 60.76305488094863, 61.73583084876954, 61.676016439088755, 61.23072096616906, 61.25743747124068, 63.19051754610004, 63.62602447089667, 61.77379856770757, 59.96561207595441, 59.702140008016976, 60.06390914986583, 60.0759086995768, 59.262419227838556, 59.53374652950261, 58.25299340614884, 59.0032175927232, 64.22705243758743, 71.55613521342558, 71.6286421678303, 62.90307041642442, 60.14361036339763, 59.802902151105435, 58.68749686401351, 58.47506764625691, 58.86745077073684, 58.549878705059506, 59.00836451897909, 59.236783491959514, 58.954741075355145, 58.34597664413919, 59.47915623839117, 61.08167741699428, 60.48829595451768, 59.91287450367672, 59.71041130412785, 59.65350448857976, 63.205492835522755, 68.13654254933604, 63.918435296153035, 61.67506485506762, 61.13728433813304, 60.46713169523655, 60.454642710604325, 60.693730554058774, 61.63889093067009, 62.48805328667399, 61.31134471823587, 60.40168721839885, 59.758646237590185, 60.63608295783687, 60.66414712506719, 61.02584713398137, 60.53563329943131, 59.077427709064885, 57.379115639292465, 56.29090273293903, 56.61466068408665, 52.9975741483376, 47.828965581331, 44.39771214462439, 39.736367545347484, 34.704768971856126, 28.224360300548085, 23.836052976016134, 21.436915252317192, 21.206823743004115, 21.414687517917265, 20.94858343934053, 21.048982726982995, 16.732721792969897], "f": [0.0, 0.78125, 1.5625, 2.34375, 3.125, 3.90625, 4.6875, 5.46875, 6.25, 7.03125, 7.8125, 8.59375, 9.375, 10.15625, 10.9375, 11.71875, 12.5, 13.28125, 14.0625, 14.84375, 15.625, 16.40625, 17.1875, 17.96875, 18.75, 19.53125, 20.3125, 21.09375, 21.875, 22.65625, 23.4375, 24.21875, 25.0, 25.78125, 26.5625, 27.34375, 28.125, 28.90625, 29.6875, 30.46875, 31.25, 32.03125, 32.8125, 33.59375, 34.375, 35.15625, 35.9375, 36.71875, 37.5, 38.28125, 39.0625, 39.84375, 40.625, 41.40625, 42.1875, 42.96875, 43.75, 44.53125, 45.3125, 46.09375, 46.875, 47.65625, 48.4375, 49.21875, 50.0, 50.78125, 51.5625, 52.34375, 53.125, 53.90625, 54.6875, 55.46875, 56.25, 57.03125, 57.8125, 58.59375, 59.375, 60.15625, 60.9375, 61.71875, 62.5, 63.28125, 64.0625, 64.84375, 65.625, 66.40625, 67.1875, 67.96875, 68.75, 69.53125, 70.3125, 71.09375, 71.875, 72.65625, 73.4375, 74.21875, 75.0, 75.78125, 76.5625, 77.34375, 78.125, 78.90625, 79.6875, 80.46875, 81.25, 82.03125, 82.8125, 83.59375, 84.375, 85.15625, 85.9375, 86.71875, 87.5, 88.28125, 89.0625, 89.84375, 90.625, 91.40625, 92.1875, 92.96875, 93.75, 94.53125, 95.3125, 96.09375, 96.875, 97.65625, 98.4375, 99.21875, 100.0]}