{"psd": [62.91894552537221, 71.94089453382885, 70.31461162464178, 65.46175820508645, 60.092323212329674, 57.190662129703384, 59.43775489320858, 62.726850990942296, 64.39360187388533, 63.78306762095007, 62.98601707745958, 60.97331935756227, 60.43903957099769, 59.705160639139265, 60.75042709103583, 61.52640522998661, 62.47813160983231, 61.818723690680024, 60.62247336612596, 59.978677822583876, 58.743522480559996, 59.68867327897919, 63.01053360425257, 64.056401648009, 63.601801059604, 63.8054344986265, 60.13715552260315, 59.58745381025017, 60.01827912904108, 59.999201381956375, 60.734344377253045, 60.941278198558024, 63.57667553248382, 65.31696615088684, 62.53615349158689, 60.656851702349705, 60.21269188676632, 62.14571820752012, 67.99237357280786, 66.87721842854098, 62.87700545860075, 64.68690599870112, 63.00027947399609, 62.06071042443515, 62.17548389267318, 61.15556060060886, 62.10678832572513, 62.668102394855666, 73.79873250991979, 77.03550851660773, 69.08896028838848, 62.912270930422835, 62.54379514226525, 62.58399513682078, 62.73157996494017, 62.48647153122795, 62.871415306867185, 69.95337560004673, 70.92262019012406, 64.1936138667112, 63.382299927870356, 63.7781858940164, 64.21040999656485, 65.07880395335647, 65.16211014632488, 64.21718817340854, 63.14178982078063, 63.096110723239505, 62.748222989892014, 61.84880612976155, 61.5366901832757, 62.3589087724399, 63.121857831473385, 63.159861206644415, 63.30849987031193, 74.281556391319, 84.46482804830312, 82.49981203125918, 70.98237384462617, 64.20077894730794, 60.420875672701044, 60.980403420449846, 62.72758642874954, 65.32372746060848, 62.60821786402093, 60.71266683715261, 60.28272233433042, 60.52543112802262, 60.481310475452446, 60.81201589393604, 60.85566933950436, 60.14378938299578, 60.04415043738475, 59.69347637619904, 59.62013693811633, 60.482896621906946, 62.74536739628835, 61.142445076814234, 59.74020351388261, 59.02623320521202, 59.59074267741766, 60.04724791125086, 60.26763545022419, 59.5405725735641, 59.20254759349419, 59.414008223848626, 58.45788219468301, 58.56806113683685, 58.57941537688782, 59.01115116000831, 59.08601477853293, 58.54607864886911, 57.43290913592344, 56.890811662777246, 58.01508703303048, 63.30318117045606, 59.78023339608143, 48.471417584608155, 44.347656683605486, 39.894195665349784, 34.26076748351931, 28.686860761307184, 23.873032285450876, 22.133081706760173, 21.37571335500869, 21.65170283078445, 21.623882738400262, 21.105071706499643, 16.385410159061202], "f": [0.0, 0.78125, 1.5625, 2.34375, 3.125, 3.90625, 4.6875, 5.46875, 6.25, 7.03125, 7.8125, 8.59375, 9.375, 10.15625, 10.9375, 11.71875, 12.5, 13.28125, 14.0625, 14.84375, 15.625, 16.40625, 17.1875, 17.96875, 18.75, 19.53125, 20.3125, 21.09375, 21.875, 22.65625, 23.4375, 24.21875, 25.0, 25.78125, 26.5625, 27.34375, 28.125, 28.90625, 29.6875, 30.46875, 31.25, 32.03125, 32.8125, 33.59375, 34.375, 35.15625, 35.9375, 36.71875, 37.5, 38.28125, 39.0625, 39.84375, 40.625, 41.40625, 42.1875, 42.96875, 43.75, 44.53125, 45.3125, 46.09375, 46.875, 47.65625, 48.4375, 49.21875, 50.0, 50.78125, 51.5625, 52.34375, 53.125, 53.90625, 54.6875, 55.46875, 56.25, 57.03125, 57.8125, 58.59375, 59.375, 60.15625, 60.9375, 61.71875, 62.5, 63.28125, 64.0625, 64.84375, 65.625, 66.40625, 67.1875, 67.96875, 68.75, 69.53125, 70.3125, 71.09375, 71.875, 72.65625, 73.4375, 74.21875, 75.0, 75.78125, 76.5625, 77.34375, 78.125, 78.90625, 79.6875, 80.46875, 81.25, 82.03125, 82.8125, 83.59375, 84.375, 85.15625, 85.9375, 86.71875, 87.5, 88.28125, 89.0625, 89.84375, 90.625, 91.40625, 92.1875, 92.96875, 93.75, 94.53125, 95.3125, 96.09375, 96.875, 97.65625, 98.4375, 99.21875, 100.0]}