{"psd": [63.9254950486501, 72.7374581023887, 71.3801262343445, 69.77671275565187, 67.12849950308352, 63.96825247741042, 60.316807710269416, 57.394461940437424, 56.24669571220721, 56.15676613378611, 59.378866193189765, 58.276767610499945, 56.8958906391389, 55.641094207106434, 57.289135507419104, 58.46634261737846, 57.967075606057314, 58.39176461968449, 59.54818167189274, 60.87034453550045, 60.15102308417096, 58.122926375111405, 59.009400949198174, 59.47546969482155, 57.85826302216334, 59.51998964941559, 59.335506994221426, 60.207491248697586, 59.29463468719543, 60.3962291185026, 60.964484574761855, 60.13145200081386, 60.38839890578812, 61.0237420799435, 60.57230567274633, 61.0300417096648, 63.724666750875016, 64.24159411428028, 73.84826339256892, 72.8072732315566, 61.50996063994357, 59.48874820486948, 60.327588686094565, 61.52306689318596, 61.77922310035801, 62.55561651688339, 62.77026622853009, 64.13779069214128, 75.4003956726076, 76.52648110427621, 66.0951512435203, 61.12344070731283, 61.24403938187782, 61.57535321388323, 61.78966643141122, 60.893853697543456, 60.752054331168786, 64.73772069792305, 65.65823318171994, 61.21487685032842, 61.330584600439344, 61.31467875736575, 60.91074729894455, 61.33498668866576, 61.469735678381625, 61.14163603575301, 60.27671419778067, 60.132654652969045, 59.853985570876574, 59.63488733251796, 59.92861383929253, 59.678530179102125, 60.45931216694819, 61.302968995564, 62.74333859837313, 73.18960460684622, 83.8109223204547, 82.14083474605695, 69.23972969841077, 61.44917055097335, 62.69358836474656, 61.39702226066551, 61.96644418498275, 62.881006105027254, 61.37000441108508, 60.28463917587088, 60.43349884056191, 60.679155664767414, 59.679350323405174, 59.97898209836714, 60.48054097973542, 60.43057637712921, 60.38887574925952, 62.432575993309115, 63.838038654478794, 69.03396762159085, 74.55619584064142, 69.29939123256025, 60.55708214649084, 60.427082069639326, 61.00934421565884, 60.62914130891198, 60.472518966573006, 60.573027237314044, 60.18626779463854, 60.22004177700271, 60.420082565463844, 60.699388008501565, 60.27683541424703, 60.166875970225576, 60.244698107414855, 59.136395660422664, 58.31996763213985, 58.436148051481815, 58.51426543205997, 62.35629454077064, 59.32794101795083, 49.838857266067926, 45.93382346394012, 41.6884271794034, 35.58933882514603, 29.799173401529302, 24.486174737562134, 21.718843998720278, 21.073350926839257, 21.509870420029724, 21.07160338497359, 21.266864156208598, 16.66755227492194], "f": [0.0, 0.78125, 1.5625, 2.34375, 3.125, 3.90625, 4.6875, 5.46875, 6.25, 7.03125, 7.8125, 8.59375, 9.375, 10.15625, 10.9375, 11.71875, 12.5, 13.28125, 14.0625, 14.84375, 15.625, 16.40625, 17.1875, 17.96875, 18.75, 19.53125, 20.3125, 21.09375, 21.875, 22.65625, 23.4375, 24.21875, 25.0, 25.78125, 26.5625, 27.34375, 28.125, 28.90625, 29.6875, 30.46875, 31.25, 32.03125, 32.8125, 33.59375, 34.375, 35.15625, 35.9375, 36.71875, 37.5, 38.28125, 39.0625, 39.84375, 40.625, 41.40625, 42.1875, 42.96875, 43.75, 44.53125, 45.3125, 46.09375, 46.875, 47.65625, 48.4375, 49.21875, 50.0, 50.78125, 51.5625, 52.34375, 53.125, 53.90625, 54.6875, 55.46875, 56.25, 57.03125, 57.8125, 58.59375, 59.375, 60.15625, 60.9375, 61.71875, 62.5, 63.28125, 64.0625, 64.84375, 65.625, 66.40625, 67.1875, 67.96875, 68.75, 69.53125, 70.3125, 71.09375, 71.875, 72.65625, 73.4375, 74.21875, 75.0, 75.78125, 76.5625, 77.34375, 78.125, 78.90625, 79.6875, 80.46875, 81.25, 82.03125, 82.8125, 83.59375, 84.375, 85.15625, 85.9375, 86.71875, 87.5, 88.28125, 89.0625, 89.84375, 90.625, 91.40625, 92.1875, 92.96875, 93.75, 94.53125, 95.3125, 96.09375, 96.875, 97.65625, 98.4375, 99.21875, 100.0]}