{"psd": [69.12028844969959, 79.00100573900926, 77.73358792905876, 75.13834453100296, 70.06955248846315, 64.28833170513353, 58.90448571369268, 56.268870960643554, 57.73404349937973, 57.51705082148384, 57.90198889444717, 63.80468278455599, 63.43869607429528, 59.076737396138064, 59.763523956374094, 59.45345770567849, 59.01598487091364, 58.00693716824223, 58.197926324068014, 59.94420398640361, 61.09777787476474, 63.90235322453222, 64.73284113761163, 67.51440982409095, 64.57101369619136, 61.62427555858823, 61.77991364303394, 61.7420329209056, 62.427179637375914, 62.4128125952613, 62.04967883298609, 63.63733051318563, 64.07685405700052, 63.29449041152259, 65.46707252091933, 65.73718362837093, 63.80234836361253, 63.43965712030879, 63.39073430140705, 63.20909579224662, 63.21976237225605, 64.54486402042616, 66.45520570005183, 65.76859332589729, 65.82322709620267, 66.73362506709279, 67.46018264490674, 66.11182719476314, 64.58072898861586, 64.19893031575154, 64.97779952398565, 65.61443908984128, 67.15035041735075, 67.94310120538334, 66.41497096444714, 65.53150851137865, 66.6554136238618, 66.8581779080408, 66.46316733402796, 64.86966692391805, 63.6491058793672, 63.8808449369334, 64.35095842039497, 64.92113036371092, 65.16626980485712, 64.83023591051516, 63.99425087053856, 64.06842940268432, 64.73047673193103, 65.38638764003393, 64.58751795496526, 63.85911089239309, 63.22763074498769, 63.095646588470714, 63.86325073231471, 65.3845752732368, 64.8987274632755, 64.3990770334784, 63.74555733995124, 63.62384175279978, 63.652336767130734, 64.35999273171595, 63.54499217275539, 62.546523935815515, 62.66366342692998, 63.15335954438118, 63.08023305524039, 63.42743695465287, 63.37496385110971, 62.89664972942748, 63.26876156103136, 62.54780778912115, 62.60316189936645, 63.518406665234586, 63.244178367203276, 63.05211717437527, 64.1443723970159, 63.37313029245175, 62.97721064787757, 63.07862079571699, 63.65494057212226, 63.372602915918314, 63.57579277710957, 63.59740920877207, 63.388970293643524, 63.51754880550108, 63.149450350880024, 62.111890503594, 61.97139417642336, 61.5088036749243, 60.50294382200615, 60.48771924685988, 60.240544527184966, 59.20633742713757, 58.19833082126902, 58.20200217709066, 55.224912116279306, 50.064284254788554, 46.286479479752785, 41.51995691953672, 36.38188896921502, 29.584096447742994, 24.122431194865076, 21.630810687332346, 21.203416678501704, 21.113843484258467, 21.296671761173545, 21.915759125959937, 16.593048747940706], "f": [0.0, 0.78125, 1.5625, 2.34375, 3.125, 3.90625, 4.6875, 5.46875, 6.25, 7.03125, 7.8125, 8.59375, 9.375, 10.15625, 10.9375, 11.71875, 12.5, 13.28125, 14.0625, 14.84375, 15.625, 16.40625, 17.1875, 17.96875, 18.75, 19.53125, 20.3125, 21.09375, 21.875, 22.65625, 23.4375, 24.21875, 25.0, 25.78125, 26.5625, 27.34375, 28.125, 28.90625, 29.6875, 30.46875, 31.25, 32.03125, 32.8125, 33.59375, 34.375, 35.15625, 35.9375, 36.71875, 37.5, 38.28125, 39.0625, 39.84375, 40.625, 41.40625, 42.1875, 42.96875, 43.75, 44.53125, 45.3125, 46.09375, 46.875, 47.65625, 48.4375, 49.21875, 50.0, 50.78125, 51.5625, 52.34375, 53.125, 53.90625, 54.6875, 55.46875, 56.25, 57.03125, 57.8125, 58.59375, 59.375, 60.15625, 60.9375, 61.71875, 62.5, 63.28125, 64.0625, 64.84375, 65.625, 66.40625, 67.1875, 67.96875, 68.75, 69.53125, 70.3125, 71.09375, 71.875, 72.65625, 73.4375, 74.21875, 75.0, 75.78125, 76.5625, 77.34375, 78.125, 78.90625, 79.6875, 80.46875, 81.25, 82.03125, 82.8125, 83.59375, 84.375, 85.15625, 85.9375, 86.71875, 87.5, 88.28125, 89.0625, 89.84375, 90.625, 91.40625, 92.1875, 92.96875, 93.75, 94.53125, 95.3125, 96.09375, 96.875, 97.65625, 98.4375, 99.21875, 100.0]}