{"psd": [75.68453383040021, 84.79267600446772, 82.59411548665886, 76.33230056716867, 69.15957029835448, 63.93942946031441, 61.73280369528218, 62.045285816606764, 62.61141842076079, 63.32664693012347, 63.28010206284957, 62.63931534832666, 62.728235219935414, 63.23062348467673, 63.029767599257156, 63.347346790382, 63.47649736358753, 64.136327831593, 65.04814476383073, 65.47570831254156, 65.10981589579701, 64.84322997842662, 64.6378457722268, 65.51879545672041, 65.44481973285583, 65.76226333491232, 65.81349695090809, 65.61682786088143, 66.00721472161511, 66.69858635439651, 66.30309527184558, 65.72779773353956, 65.11063159306083, 65.88161904005769, 67.43034759442685, 67.91481844076614, 66.3184756487637, 66.58784832201886, 66.41006379991782, 66.19358413374059, 66.1001233288154, 66.49453358350496, 65.839308256327, 66.1047425983794, 66.24333532635151, 65.67969552911231, 66.53033596900114, 66.67169934546239, 66.19330091126083, 65.85962355000605, 66.21401271733494, 66.19043466945686, 66.45749115653422, 67.22564239287878, 67.71907850083556, 67.34521437133837, 67.29995600724504, 66.95466395485681, 66.45834842505406, 66.36740739640271, 66.4620618076647, 66.45022953274722, 67.02942142513473, 66.73428080994904, 67.01515695609963, 66.46687599316189, 66.59365693061721, 66.62660064671994, 66.07162711842679, 66.31412108612312, 66.40823945313726, 66.1902612499844, 66.1517682550494, 66.28525923329147, 66.23299225283847, 66.786339942009, 67.01846832249647, 67.32511090815224, 66.81739600170515, 66.31711553294379, 66.01154207950127, 65.93892330432543, 66.10454988312614, 65.96599786545008, 65.96213639499273, 66.04672833072213, 66.18560772284526, 66.37225468542441, 66.39437709881474, 66.74085417556589, 66.17704678698804, 65.99432281756937, 66.12807341280083, 65.87749575605572, 65.8646479776709, 66.1088054470718, 66.75806743084964, 66.94029895583529, 65.99664113890269, 66.06136737301114, 66.18357576479161, 66.39131623163293, 67.34224830656403, 67.38126052067528, 66.7412238368284, 67.50186028583867, 67.31958628404394, 66.9031722550522, 66.52080677385595, 66.38723697320245, 66.65936082059469, 66.08222391972315, 65.59680439165568, 64.91713115499638, 63.72290826117032, 62.239898200467756, 59.70478254493909, 56.507427412738494, 52.9118189904193, 48.095971995064666, 42.87375501676922, 36.99310280802615, 29.640518030429636, 23.10003803564609, 21.5539767639935, 21.45871251135301, 21.656218601312716, 21.53386109514839, 16.043780452462514], "f": [0.0, 0.78125, 1.5625, 2.34375, 3.125, 3.90625, 4.6875, 5.46875, 6.25, 7.03125, 7.8125, 8.59375, 9.375, 10.15625, 10.9375, 11.71875, 12.5, 13.28125, 14.0625, 14.84375, 15.625, 16.40625, 17.1875, 17.96875, 18.75, 19.53125, 20.3125, 21.09375, 21.875, 22.65625, 23.4375, 24.21875, 25.0, 25.78125, 26.5625, 27.34375, 28.125, 28.90625, 29.6875, 30.46875, 31.25, 32.03125, 32.8125, 33.59375, 34.375, 35.15625, 35.9375, 36.71875, 37.5, 38.28125, 39.0625, 39.84375, 40.625, 41.40625, 42.1875, 42.96875, 43.75, 44.53125, 45.3125, 46.09375, 46.875, 47.65625, 48.4375, 49.21875, 50.0, 50.78125, 51.5625, 52.34375, 53.125, 53.90625, 54.6875, 55.46875, 56.25, 57.03125, 57.8125, 58.59375, 59.375, 60.15625, 60.9375, 61.71875, 62.5, 63.28125, 64.0625, 64.84375, 65.625, 66.40625, 67.1875, 67.96875, 68.75, 69.53125, 70.3125, 71.09375, 71.875, 72.65625, 73.4375, 74.21875, 75.0, 75.78125, 76.5625, 77.34375, 78.125, 78.90625, 79.6875, 80.46875, 81.25, 82.03125, 82.8125, 83.59375, 84.375, 85.15625, 85.9375, 86.71875, 87.5, 88.28125, 89.0625, 89.84375, 90.625, 91.40625, 92.1875, 92.96875, 93.75, 94.53125, 95.3125, 96.09375, 96.875, 97.65625, 98.4375, 99.21875, 100.0]}