{"psd": [59.980567030424425, 69.85657294644118, 66.71872701739105, 65.4756678824316, 63.392330600929114, 61.17801454398115, 59.72741586663066, 57.99615713485997, 58.39675047463993, 59.34138828569785, 60.94537416846436, 63.512967792728, 61.46822150012724, 60.25381504334426, 59.02010287488886, 59.74384736717282, 60.66661536089505, 59.51581898171111, 59.67188107823917, 59.64680087531491, 59.909897094836076, 60.11411283853991, 59.53863940475991, 59.421576538415735, 59.62023901652097, 59.909101835229485, 59.97141689123719, 59.946105862464705, 60.31053962807248, 62.47288678870578, 65.34783785574038, 64.68550847765799, 62.33763099440421, 61.915155845183484, 61.64830695378451, 61.94790478242525, 61.6748534653148, 61.23220218944149, 61.82532618245364, 62.77289940858343, 64.54245883357204, 64.84907251397777, 62.49135156385054, 61.47521847651129, 61.57393349378299, 61.19131018347726, 61.23085020692607, 61.93367706732835, 67.18323300049366, 67.6589362425315, 62.588992636427236, 62.62444311128948, 61.730018855227335, 62.420559343278015, 62.10882180079912, 61.7122266863695, 63.901162388926764, 67.29682745602263, 67.19402561258488, 62.73756930326605, 62.70915833025808, 61.898115923447406, 61.83143891888961, 63.868601947423244, 67.18932600649761, 66.54044101539266, 63.96519946991841, 62.43453168443993, 61.24165278405329, 60.826628551976356, 61.34096285875724, 62.160096473846316, 62.56502970310247, 61.90208494907941, 62.154840483749695, 66.91120912075016, 74.8729545806311, 73.27101346502488, 64.02066246398249, 61.64670226731641, 61.57912127466424, 60.596817606880755, 60.6362093681527, 60.616828013521385, 60.04718101797158, 59.438974007685054, 59.70826840619479, 60.25626644631331, 59.86999381269878, 60.631140191630514, 59.96512914971447, 58.67320429931635, 57.77356709822414, 57.45165860005904, 57.51995893043862, 66.21918555670857, 71.97404952040087, 66.57545396850074, 57.32728480000364, 56.645377165208956, 56.63149317263035, 56.41726133541453, 56.733730129639994, 55.93942303222909, 56.31412022137725, 55.74277085081026, 55.41933348840562, 55.92582264222496, 55.55718288558335, 55.234576248326334, 54.94999069005261, 54.87888089359431, 54.232921896956164, 53.713369546430286, 53.395859945015694, 56.97578565281984, 53.80598020130907, 45.48269503977028, 41.455018100682054, 37.21721183139228, 32.5936023133093, 27.24422906540108, 23.123338272285267, 21.641530212152503, 21.59726297580317, 20.867002294187103, 21.208598564525417, 21.36659825772691, 16.967415332570365], "f": [0.0, 0.78125, 1.5625, 2.34375, 3.125, 3.90625, 4.6875, 5.46875, 6.25, 7.03125, 7.8125, 8.59375, 9.375, 10.15625, 10.9375, 11.71875, 12.5, 13.28125, 14.0625, 14.84375, 15.625, 16.40625, 17.1875, 17.96875, 18.75, 19.53125, 20.3125, 21.09375, 21.875, 22.65625, 23.4375, 24.21875, 25.0, 25.78125, 26.5625, 27.34375, 28.125, 28.90625, 29.6875, 30.46875, 31.25, 32.03125, 32.8125, 33.59375, 34.375, 35.15625, 35.9375, 36.71875, 37.5, 38.28125, 39.0625, 39.84375, 40.625, 41.40625, 42.1875, 42.96875, 43.75, 44.53125, 45.3125, 46.09375, 46.875, 47.65625, 48.4375, 49.21875, 50.0, 50.78125, 51.5625, 52.34375, 53.125, 53.90625, 54.6875, 55.46875, 56.25, 57.03125, 57.8125, 58.59375, 59.375, 60.15625, 60.9375, 61.71875, 62.5, 63.28125, 64.0625, 64.84375, 65.625, 66.40625, 67.1875, 67.96875, 68.75, 69.53125, 70.3125, 71.09375, 71.875, 72.65625, 73.4375, 74.21875, 75.0, 75.78125, 76.5625, 77.34375, 78.125, 78.90625, 79.6875, 80.46875, 81.25, 82.03125, 82.8125, 83.59375, 84.375, 85.15625, 85.9375, 86.71875, 87.5, 88.28125, 89.0625, 89.84375, 90.625, 91.40625, 92.1875, 92.96875, 93.75, 94.53125, 95.3125, 96.09375, 96.875, 97.65625, 98.4375, 99.21875, 100.0]}