{"psd": [78.2609336613993, 86.82882614029195, 82.37135198855648, 73.77694133975244, 68.49732380992383, 67.12129546610231, 68.22547556115498, 70.81396333504463, 76.14640900480543, 81.65055325541174, 86.22697720297225, 80.86656320675519, 76.94616854009156, 80.26318089512901, 79.78169711968116, 82.39566599273306, 86.8867482714731, 87.44963386041928, 81.7618526402023, 79.69697182556484, 81.55791809236996, 79.21807965699776, 79.9398971768942, 82.74525160289909, 87.44520971720564, 91.22437888892536, 92.13136645010684, 89.9970440617993, 85.92828674016286, 85.74037144467836, 88.14784304998362, 85.74497166235682, 83.72243976619009, 84.02091723686806, 82.19899143510577, 81.48677201643886, 82.56626594326102, 80.9979505353902, 83.60543939093505, 85.41591205009195, 84.96757083130043, 84.84578331897474, 89.22101756256247, 95.06858984543904, 98.52274447139439, 97.66851125111648, 92.60722288881595, 89.14485666078383, 90.23885129518862, 89.30824147786848, 89.51429664010595, 90.02501843550925, 88.17906195907737, 87.54927200593238, 87.60245989908776, 87.15875982742672, 88.33036017541623, 88.86626425528753, 88.59057535637095, 89.16377510895532, 89.30125551286454, 88.40215884649417, 87.98066140512375, 88.02335655239071, 89.1853070997562, 88.78729324232403, 88.7274329969303, 89.64250653472371, 88.69383126049715, 88.15913711992594, 87.87823196505906, 87.45942077217396, 87.79502534818862, 88.48698839347087, 88.34775380453897, 88.7474226046149, 88.8867430086262, 88.12807155971184, 88.0266141446733, 88.26418976541659, 87.96555316823303, 87.46352466414109, 87.3358420613882, 86.97609830915036, 86.61958421362606, 86.21233188616443, 86.6635579790178, 86.00285225223162, 85.45390821957605, 85.10951936888452, 85.12622989381521, 85.33803139604224, 85.1253083321445, 85.18533633341073, 84.85869657130351, 84.5956490678349, 84.31117584151481, 84.15421544691955, 83.82598934473619, 83.8938101669145, 83.80057329679518, 83.13702361586694, 83.43880427803462, 83.04919416444703, 82.80047146724421, 82.69947019214486, 82.14771351472487, 81.85776064370175, 81.99257452879186, 81.86551236037556, 81.43601769887717, 81.03001926723884, 80.18254065485883, 79.74214599748646, 78.78970302483962, 77.26122861564178, 74.47053796489881, 71.21345972385218, 67.46746699653582, 62.720186156127376, 57.07629580064989, 51.02125473144679, 43.4332493500344, 34.08921164355413, 25.542745935110517, 21.96305658982793, 21.76477446602259, 21.31528735140195, 16.240928510608995], "f": [0.0, 0.78125, 1.5625, 2.34375, 3.125, 3.90625, 4.6875, 5.46875, 6.25, 7.03125, 7.8125, 8.59375, 9.375, 10.15625, 10.9375, 11.71875, 12.5, 13.28125, 14.0625, 14.84375, 15.625, 16.40625, 17.1875, 17.96875, 18.75, 19.53125, 20.3125, 21.09375, 21.875, 22.65625, 23.4375, 24.21875, 25.0, 25.78125, 26.5625, 27.34375, 28.125, 28.90625, 29.6875, 30.46875, 31.25, 32.03125, 32.8125, 33.59375, 34.375, 35.15625, 35.9375, 36.71875, 37.5, 38.28125, 39.0625, 39.84375, 40.625, 41.40625, 42.1875, 42.96875, 43.75, 44.53125, 45.3125, 46.09375, 46.875, 47.65625, 48.4375, 49.21875, 50.0, 50.78125, 51.5625, 52.34375, 53.125, 53.90625, 54.6875, 55.46875, 56.25, 57.03125, 57.8125, 58.59375, 59.375, 60.15625, 60.9375, 61.71875, 62.5, 63.28125, 64.0625, 64.84375, 65.625, 66.40625, 67.1875, 67.96875, 68.75, 69.53125, 70.3125, 71.09375, 71.875, 72.65625, 73.4375, 74.21875, 75.0, 75.78125, 76.5625, 77.34375, 78.125, 78.90625, 79.6875, 80.46875, 81.25, 82.03125, 82.8125, 83.59375, 84.375, 85.15625, 85.9375, 86.71875, 87.5, 88.28125, 89.0625, 89.84375, 90.625, 91.40625, 92.1875, 92.96875, 93.75, 94.53125, 95.3125, 96.09375, 96.875, 97.65625, 98.4375, 99.21875, 100.0]}