{"psd": [69.90848043517302, 79.09191947690333, 77.17527045902422, 74.51055555225095, 70.1591760796648, 65.6029285132313, 60.90123414484795, 57.25463855125749, 57.5394972101907, 63.75854615595111, 68.26574531863815, 65.0892109194059, 59.09104880475168, 55.95397098352353, 57.34936515893038, 58.04822606221837, 59.74119314779139, 63.108069073232855, 69.16251115560624, 70.57139698548384, 70.08550840838674, 66.48398478185663, 64.81897571293784, 65.88358095167371, 63.46840488761188, 62.64042919196011, 64.11187512997756, 67.43945642296525, 67.5617921430281, 68.51206711411855, 69.90282210730044, 66.6731363904146, 66.11961491682769, 66.2672177287389, 66.15481865802727, 66.74418084916472, 67.18801531455233, 66.41186524397183, 67.28579186331069, 67.05019625605198, 67.22077069264583, 66.2395730449212, 65.37240693010428, 67.32236044403152, 67.6194616892774, 67.23911489102731, 66.33237189975384, 65.74438858359872, 65.9610075386878, 65.57995842210686, 65.88010489008066, 66.69781408554726, 67.07525120408778, 67.7416527959881, 69.71738456894997, 69.38720219887601, 68.09737950422128, 67.44477790174182, 66.8476542586521, 66.19186996739838, 66.95627455594429, 67.5366307545718, 68.50769541109268, 71.19730397262396, 71.48315393972307, 71.14805393745118, 70.71868497499965, 69.03610971255931, 67.55236394379486, 66.90348470271557, 67.90947563666766, 67.72014098819558, 68.54584879982576, 69.69096964588482, 71.97134973028689, 73.17181371354589, 74.82955117166489, 75.20679407582148, 73.12349535788121, 71.89637068079385, 70.86412946263434, 70.88380464980817, 70.82380479985993, 71.8919702491353, 72.85402242418297, 74.50390349405359, 76.03680506434416, 75.5452925649187, 74.50424238777718, 72.87836415667684, 72.40322823996023, 72.79038018069875, 72.0468280149146, 72.88028205208632, 74.5123503919134, 75.46784482497011, 75.08024460010292, 74.16346785661523, 73.62460930447925, 75.35735012191287, 72.86409373656342, 72.06320185593742, 72.1831088100049, 73.48210684127447, 74.40539246939969, 74.01337814606339, 73.40518436724707, 71.99328085329971, 70.97124856613601, 69.85826595524573, 69.52082480529045, 68.32298781312795, 67.18029019247435, 67.77919824037124, 67.28571593575481, 65.60875845268312, 63.53652545360694, 59.30923663578334, 55.00532585480559, 50.380008052027804, 45.39801707112757, 39.59576988310408, 33.27726289535631, 25.92738619581683, 21.760900604983618, 21.359933883217337, 21.448366612650183, 21.121656508864017, 16.44211046591716], "f": [0.0, 0.78125, 1.5625, 2.34375, 3.125, 3.90625, 4.6875, 5.46875, 6.25, 7.03125, 7.8125, 8.59375, 9.375, 10.15625, 10.9375, 11.71875, 12.5, 13.28125, 14.0625, 14.84375, 15.625, 16.40625, 17.1875, 17.96875, 18.75, 19.53125, 20.3125, 21.09375, 21.875, 22.65625, 23.4375, 24.21875, 25.0, 25.78125, 26.5625, 27.34375, 28.125, 28.90625, 29.6875, 30.46875, 31.25, 32.03125, 32.8125, 33.59375, 34.375, 35.15625, 35.9375, 36.71875, 37.5, 38.28125, 39.0625, 39.84375, 40.625, 41.40625, 42.1875, 42.96875, 43.75, 44.53125, 45.3125, 46.09375, 46.875, 47.65625, 48.4375, 49.21875, 50.0, 50.78125, 51.5625, 52.34375, 53.125, 53.90625, 54.6875, 55.46875, 56.25, 57.03125, 57.8125, 58.59375, 59.375, 60.15625, 60.9375, 61.71875, 62.5, 63.28125, 64.0625, 64.84375, 65.625, 66.40625, 67.1875, 67.96875, 68.75, 69.53125, 70.3125, 71.09375, 71.875, 72.65625, 73.4375, 74.21875, 75.0, 75.78125, 76.5625, 77.34375, 78.125, 78.90625, 79.6875, 80.46875, 81.25, 82.03125, 82.8125, 83.59375, 84.375, 85.15625, 85.9375, 86.71875, 87.5, 88.28125, 89.0625, 89.84375, 90.625, 91.40625, 92.1875, 92.96875, 93.75, 94.53125, 95.3125, 96.09375, 96.875, 97.65625, 98.4375, 99.21875, 100.0]}