{"psd": [70.06080489555646, 78.84875341393698, 77.32246505135056, 73.81098016004975, 69.74187522462223, 64.3520009834986, 59.5845315712122, 56.054523816951075, 54.266230207920046, 55.515548444593946, 54.74822357455116, 54.10687100624198, 57.141777760515666, 60.94750077267976, 58.52499466468457, 63.90179237232425, 63.49018276630807, 56.219912508420975, 56.52927509256611, 57.32102982152214, 57.70073795152165, 58.276504444355936, 60.42890912871666, 65.93426486775068, 64.78958336102484, 68.14591850099285, 69.90881468152944, 63.67889789587799, 59.52868988569277, 59.08389608738685, 60.193646735880655, 60.42305787866048, 58.767488554394546, 58.29747215272892, 59.16210150749645, 59.01194701485397, 58.863034569823014, 60.03405133850598, 64.40261783266185, 64.04423469091284, 60.803752999259224, 60.270245993365364, 60.37047597735658, 61.1295053851199, 60.904913251171145, 60.22346504488866, 59.57349216157798, 58.85712719752022, 60.17169793149151, 59.989396766662296, 61.66152063258853, 64.1749965579463, 64.65681708280715, 64.23491891771093, 64.49418416370455, 62.227866226512454, 60.93192623108993, 61.19284785437667, 60.90005895067114, 61.23889306720273, 60.9841727372196, 61.522509622283685, 62.377795382494924, 63.84723982043687, 64.98229026563874, 65.0503386531734, 63.959327670553336, 62.92836999084025, 61.79491452451511, 61.54502492084476, 61.0005894356106, 60.58274002143273, 60.74850049961418, 60.540709667938955, 62.19213281968475, 63.93041957610582, 66.37622621046062, 67.60972446164047, 66.3304876749673, 64.35346805358698, 62.626976192712924, 61.49001242553365, 60.286763668804106, 60.58195886600231, 60.680229070442195, 61.248648140248264, 62.01695374024254, 63.42171701541459, 64.35973431964211, 66.0219358761925, 66.62216925162755, 65.49290081684056, 63.892772628919154, 61.90333972009789, 61.247850568021704, 61.10161746582805, 60.81645244432114, 60.56685482888263, 60.98158767162289, 61.3424632736098, 61.29882022404311, 61.90723631619968, 63.210057596997416, 63.35217543753199, 63.387965271911845, 62.86506659149665, 62.547006454648795, 62.026221105535285, 61.08740360338455, 61.00198270013734, 60.73349170512642, 60.7246143754334, 60.89862493618945, 60.862226736833314, 60.39423494390407, 59.295178838778966, 56.89359388190741, 54.0117536562833, 49.60752190094185, 44.2803335845312, 38.7828335703732, 32.270579653303706, 26.13794682035266, 22.6749387039905, 21.4919498158045, 21.51673834959434, 21.446838427411038, 20.993797559783882, 16.786545727276632], "f": [0.0, 0.78125, 1.5625, 2.34375, 3.125, 3.90625, 4.6875, 5.46875, 6.25, 7.03125, 7.8125, 8.59375, 9.375, 10.15625, 10.9375, 11.71875, 12.5, 13.28125, 14.0625, 14.84375, 15.625, 16.40625, 17.1875, 17.96875, 18.75, 19.53125, 20.3125, 21.09375, 21.875, 22.65625, 23.4375, 24.21875, 25.0, 25.78125, 26.5625, 27.34375, 28.125, 28.90625, 29.6875, 30.46875, 31.25, 32.03125, 32.8125, 33.59375, 34.375, 35.15625, 35.9375, 36.71875, 37.5, 38.28125, 39.0625, 39.84375, 40.625, 41.40625, 42.1875, 42.96875, 43.75, 44.53125, 45.3125, 46.09375, 46.875, 47.65625, 48.4375, 49.21875, 50.0, 50.78125, 51.5625, 52.34375, 53.125, 53.90625, 54.6875, 55.46875, 56.25, 57.03125, 57.8125, 58.59375, 59.375, 60.15625, 60.9375, 61.71875, 62.5, 63.28125, 64.0625, 64.84375, 65.625, 66.40625, 67.1875, 67.96875, 68.75, 69.53125, 70.3125, 71.09375, 71.875, 72.65625, 73.4375, 74.21875, 75.0, 75.78125, 76.5625, 77.34375, 78.125, 78.90625, 79.6875, 80.46875, 81.25, 82.03125, 82.8125, 83.59375, 84.375, 85.15625, 85.9375, 86.71875, 87.5, 88.28125, 89.0625, 89.84375, 90.625, 91.40625, 92.1875, 92.96875, 93.75, 94.53125, 95.3125, 96.09375, 96.875, 97.65625, 98.4375, 99.21875, 100.0]}