{"psd": [76.20116317004525, 85.17078455727967, 82.78676222172419, 76.79542186324595, 70.06882295868154, 64.46148178834538, 61.06650620138254, 61.51612718558827, 61.24932343815811, 60.19486510136622, 60.92212911536017, 61.071521933848494, 62.613854796348164, 63.3644575911319, 62.135044349732745, 65.32472313693637, 64.4080182422697, 63.59496475729437, 64.05954739554392, 64.11981732386853, 64.10355037604697, 65.34675670420965, 66.1337698128166, 67.55103444243046, 66.23612126135862, 67.63727779137182, 68.19063126988061, 67.36138834049788, 66.777202470835, 66.31622049581841, 68.23528117152908, 68.4117840748823, 65.77083502872307, 65.00315667860758, 65.02370746235796, 65.22677416164649, 65.7178800279425, 75.95861605443132, 80.37650566481297, 73.79189611917758, 66.47757752536361, 65.49303112313359, 65.103451019401, 65.98884712849892, 66.47776406945576, 66.24051440061996, 66.88421206263209, 66.3549888410902, 65.92861563180566, 66.92474114666014, 70.32842313278918, 71.00976393327366, 69.13891587757415, 69.15203749832867, 68.47685536597483, 68.7419282706758, 68.07024768613631, 67.49777406898781, 68.59135672461939, 69.58954191751384, 69.4718648239218, 68.82218574443775, 68.5571687884932, 68.67840904632102, 68.73345026822898, 67.86506194619277, 67.47842237553834, 67.43369493321636, 67.29583577644517, 67.17584851518747, 67.79261042314916, 67.69582307514693, 67.78178629763364, 67.12494854950266, 67.09213525392988, 68.84098551020591, 70.52261028726522, 70.5637996371965, 67.62752051558678, 67.25229541195854, 66.9621026671629, 66.78557324872428, 66.63250672678907, 65.89126932117546, 65.89456363813275, 66.20914781325072, 65.75446027513149, 65.52708901271474, 65.4662847898179, 65.54194997143527, 65.95296985820605, 66.59740198335547, 67.18621188820082, 66.72186284719596, 66.72956936647589, 66.6256761536667, 66.15175128061806, 65.44580070739842, 65.27080319623451, 65.09666852914891, 65.86114939361921, 65.83062017799064, 66.12446908406758, 66.29495792542119, 65.59951909321653, 65.55507641875016, 64.50163426660805, 64.77584593638876, 64.82832596679678, 64.63782171819746, 64.65357168628945, 64.57097611605397, 64.09450670622385, 63.764394409862355, 62.384590328632314, 60.987394201305456, 58.49472693969688, 56.34860930558403, 52.2641047149805, 47.15300527789005, 41.60699570692064, 35.33147187899983, 28.43958347997653, 23.4369686833897, 22.10579436704727, 21.406642986419918, 21.410611466068715, 21.326648679753294, 15.914076816314493], "f": [0.0, 0.78125, 1.5625, 2.34375, 3.125, 3.90625, 4.6875, 5.46875, 6.25, 7.03125, 7.8125, 8.59375, 9.375, 10.15625, 10.9375, 11.71875, 12.5, 13.28125, 14.0625, 14.84375, 15.625, 16.40625, 17.1875, 17.96875, 18.75, 19.53125, 20.3125, 21.09375, 21.875, 22.65625, 23.4375, 24.21875, 25.0, 25.78125, 26.5625, 27.34375, 28.125, 28.90625, 29.6875, 30.46875, 31.25, 32.03125, 32.8125, 33.59375, 34.375, 35.15625, 35.9375, 36.71875, 37.5, 38.28125, 39.0625, 39.84375, 40.625, 41.40625, 42.1875, 42.96875, 43.75, 44.53125, 45.3125, 46.09375, 46.875, 47.65625, 48.4375, 49.21875, 50.0, 50.78125, 51.5625, 52.34375, 53.125, 53.90625, 54.6875, 55.46875, 56.25, 57.03125, 57.8125, 58.59375, 59.375, 60.15625, 60.9375, 61.71875, 62.5, 63.28125, 64.0625, 64.84375, 65.625, 66.40625, 67.1875, 67.96875, 68.75, 69.53125, 70.3125, 71.09375, 71.875, 72.65625, 73.4375, 74.21875, 75.0, 75.78125, 76.5625, 77.34375, 78.125, 78.90625, 79.6875, 80.46875, 81.25, 82.03125, 82.8125, 83.59375, 84.375, 85.15625, 85.9375, 86.71875, 87.5, 88.28125, 89.0625, 89.84375, 90.625, 91.40625, 92.1875, 92.96875, 93.75, 94.53125, 95.3125, 96.09375, 96.875, 97.65625, 98.4375, 99.21875, 100.0]}