{"psd": [73.67618581715278, 83.32245471417032, 81.76832501273819, 76.77366395874132, 70.72207507416158, 64.7557137745402, 60.41178030300653, 57.33971130475937, 56.310402974845466, 56.524229728534095, 57.451466514219696, 57.64346239594453, 59.97436292659933, 62.63438425909684, 58.900063256760056, 57.75778698198841, 59.18862547150931, 62.00835138010621, 61.32293866704315, 61.35438688498476, 61.49876927199045, 60.1148589819623, 60.4015169866156, 61.85002936307944, 61.150125008284974, 62.62246112411652, 64.27285830561468, 62.79902156122542, 63.1524772463258, 63.110825135303905, 63.20596789209431, 62.41078375376745, 61.94229036436212, 62.20968837792661, 65.39621280531433, 65.02058741151905, 63.199391927552895, 63.149073021812754, 64.86323460099862, 62.895538907412, 62.076391652999575, 61.40437828850349, 60.77825790743785, 61.31888144899481, 61.74273660935754, 61.882369649375576, 61.897972491006065, 61.585135812805454, 61.84583297960523, 62.48354900563548, 62.43038257378056, 62.95767520366445, 63.15504159986219, 63.7212373218161, 63.99005743221952, 63.285554240414584, 63.52117275206352, 63.361177738529406, 63.26805744297854, 62.45024778477409, 63.03195752484945, 62.22451074060778, 62.769070320147776, 64.46933776535307, 65.40512929702058, 62.7087144127366, 61.9830272566749, 61.936650585323115, 61.843123666575224, 62.537165427178174, 63.07611330308425, 62.85862670902199, 62.55258353442586, 62.99928827907301, 63.03044110221368, 63.838014741501425, 67.40716252377312, 70.26176933592316, 66.67264160028205, 63.55406227717048, 63.77717003290271, 63.51731350800712, 63.15350342986851, 63.03978734853597, 63.034583309630754, 62.395213497940404, 62.098834137691405, 62.5200870585993, 62.76801709333415, 62.827955125061486, 62.980018126870704, 63.189044843577165, 63.719299700952575, 63.91447616053093, 62.66351948881155, 63.51624283325052, 65.73234131825421, 64.47914811040508, 63.584920580619986, 63.12312697810284, 63.15656068330081, 63.26926397980685, 62.98086807852162, 63.291750758545426, 63.79358526958913, 64.45338956327365, 64.69849380152506, 64.56405677120964, 63.908361879206865, 63.189280212514674, 62.83712201576216, 62.70441786079883, 61.93454735527472, 61.635923311801136, 60.25501379269835, 60.41798503493471, 57.96801305769701, 52.72621797660243, 48.615884399438556, 44.699040362470946, 39.18679015621693, 32.874104629981446, 27.055879049860074, 22.99792737837206, 21.017259146465687, 20.833996316005393, 21.651056173879248, 21.695647368532004, 16.273246890123524], "f": [0.0, 0.78125, 1.5625, 2.34375, 3.125, 3.90625, 4.6875, 5.46875, 6.25, 7.03125, 7.8125, 8.59375, 9.375, 10.15625, 10.9375, 11.71875, 12.5, 13.28125, 14.0625, 14.84375, 15.625, 16.40625, 17.1875, 17.96875, 18.75, 19.53125, 20.3125, 21.09375, 21.875, 22.65625, 23.4375, 24.21875, 25.0, 25.78125, 26.5625, 27.34375, 28.125, 28.90625, 29.6875, 30.46875, 31.25, 32.03125, 32.8125, 33.59375, 34.375, 35.15625, 35.9375, 36.71875, 37.5, 38.28125, 39.0625, 39.84375, 40.625, 41.40625, 42.1875, 42.96875, 43.75, 44.53125, 45.3125, 46.09375, 46.875, 47.65625, 48.4375, 49.21875, 50.0, 50.78125, 51.5625, 52.34375, 53.125, 53.90625, 54.6875, 55.46875, 56.25, 57.03125, 57.8125, 58.59375, 59.375, 60.15625, 60.9375, 61.71875, 62.5, 63.28125, 64.0625, 64.84375, 65.625, 66.40625, 67.1875, 67.96875, 68.75, 69.53125, 70.3125, 71.09375, 71.875, 72.65625, 73.4375, 74.21875, 75.0, 75.78125, 76.5625, 77.34375, 78.125, 78.90625, 79.6875, 80.46875, 81.25, 82.03125, 82.8125, 83.59375, 84.375, 85.15625, 85.9375, 86.71875, 87.5, 88.28125, 89.0625, 89.84375, 90.625, 91.40625, 92.1875, 92.96875, 93.75, 94.53125, 95.3125, 96.09375, 96.875, 97.65625, 98.4375, 99.21875, 100.0]}