{"psd": [72.51700186468693, 81.75773491542057, 81.1479958328278, 75.87350922968928, 69.10228643602791, 63.62382597856702, 60.94151358858724, 60.86096229667696, 60.54640522936331, 61.50242723452712, 62.81009088856688, 61.36771847178612, 60.990097957123666, 61.96527770409581, 61.98978314763818, 62.571119390649706, 63.54308142002204, 64.11232779487536, 63.4516788796127, 63.9673861920611, 64.10465640174189, 63.79415437187508, 64.05884580660042, 64.98686174061842, 66.09779912557056, 66.87743552748712, 66.54228108935092, 65.90718832374493, 66.98595738058397, 67.86600264876822, 66.16274854969168, 66.06955874415658, 65.86775101292255, 65.33246195658995, 66.0844361269193, 65.77214230298472, 66.30182745708952, 70.21888944570392, 73.45257847259184, 71.90689808444228, 66.8235501152307, 66.01540772160139, 65.94916450198114, 66.24958036952579, 68.243555353791, 68.11226139120234, 67.15775763365097, 67.15465862028358, 67.99270815709238, 67.61814791586968, 67.73951315270958, 68.0555211789121, 66.70243845117471, 66.29147624961386, 67.13589798699412, 67.07999647230616, 66.5007173863265, 66.7555902891643, 66.31297192279506, 66.11694838793083, 65.91151502609938, 65.73819266137475, 65.78175892064071, 65.31177853714333, 65.71801638098924, 65.34029719046735, 65.50276037136082, 65.53110257677564, 65.11918262276919, 64.82143389419157, 65.1324594260933, 64.62961336961791, 64.99085144070123, 66.21635275519989, 67.59328468121335, 67.93344543801709, 67.5356914043372, 65.47782502771554, 65.04616030456796, 65.11654889969097, 65.1909387729476, 65.33407986500909, 65.66831962368252, 65.56341430378572, 65.15223699535758, 64.79401096170393, 64.86859852884318, 64.86482678257862, 64.79850225748719, 64.43001884206174, 64.79391635816953, 64.48399226717773, 64.72946185637296, 64.53289582790687, 64.54601745129915, 66.68170997196316, 69.42773209809165, 67.06370228730297, 65.61572707691528, 65.55840413842779, 65.6774303039795, 65.54037161724781, 65.24614951580142, 64.91334229839298, 65.91517529019458, 66.12334977748874, 65.88541217230085, 65.43114138421694, 65.46447640461415, 64.6206947808132, 64.51108148929065, 64.44251497189283, 64.72908455746546, 63.572469834739024, 62.31060827692855, 62.1542304146562, 59.336245580346755, 54.91184424382608, 51.12494851774298, 46.303785521131715, 41.17179240039729, 34.66265383967507, 27.96316119859004, 23.487558028513213, 21.708858652669576, 21.330328115240228, 21.42989145466572, 21.443600771484856, 16.492441471045606], "f": [0.0, 0.78125, 1.5625, 2.34375, 3.125, 3.90625, 4.6875, 5.46875, 6.25, 7.03125, 7.8125, 8.59375, 9.375, 10.15625, 10.9375, 11.71875, 12.5, 13.28125, 14.0625, 14.84375, 15.625, 16.40625, 17.1875, 17.96875, 18.75, 19.53125, 20.3125, 21.09375, 21.875, 22.65625, 23.4375, 24.21875, 25.0, 25.78125, 26.5625, 27.34375, 28.125, 28.90625, 29.6875, 30.46875, 31.25, 32.03125, 32.8125, 33.59375, 34.375, 35.15625, 35.9375, 36.71875, 37.5, 38.28125, 39.0625, 39.84375, 40.625, 41.40625, 42.1875, 42.96875, 43.75, 44.53125, 45.3125, 46.09375, 46.875, 47.65625, 48.4375, 49.21875, 50.0, 50.78125, 51.5625, 52.34375, 53.125, 53.90625, 54.6875, 55.46875, 56.25, 57.03125, 57.8125, 58.59375, 59.375, 60.15625, 60.9375, 61.71875, 62.5, 63.28125, 64.0625, 64.84375, 65.625, 66.40625, 67.1875, 67.96875, 68.75, 69.53125, 70.3125, 71.09375, 71.875, 72.65625, 73.4375, 74.21875, 75.0, 75.78125, 76.5625, 77.34375, 78.125, 78.90625, 79.6875, 80.46875, 81.25, 82.03125, 82.8125, 83.59375, 84.375, 85.15625, 85.9375, 86.71875, 87.5, 88.28125, 89.0625, 89.84375, 90.625, 91.40625, 92.1875, 92.96875, 93.75, 94.53125, 95.3125, 96.09375, 96.875, 97.65625, 98.4375, 99.21875, 100.0]}