{"psd": [66.5956428856918, 76.22239389715443, 77.90123883894104, 75.44807222999997, 71.08583767224707, 65.1621421242187, 60.945607442316444, 58.4033145567751, 59.86572358930932, 59.45996032989647, 60.15704917118698, 59.364306814004934, 58.535444336890706, 58.58968154284297, 60.38157369415461, 60.77663314262423, 60.99280591984939, 59.204165112239096, 59.56041478758414, 60.21449385990631, 59.73785977866854, 59.91874024916865, 59.02619110476955, 59.27958158521348, 59.79928709498013, 61.15971912983315, 59.906822429398844, 59.05158466484118, 58.94604717524304, 58.653852998081064, 59.78770176118398, 60.745943792475366, 60.93613055918456, 60.901973331623786, 59.81583378750229, 60.04949372926842, 59.990417203433566, 60.65414408351346, 64.41135683047253, 63.798964042580735, 60.47363260534097, 60.36820814706286, 60.47620576537664, 60.338953855807624, 61.19398324387731, 62.61176655810879, 61.227247257310324, 61.28494427228723, 61.363474806620246, 61.56759153272989, 62.8202471120148, 63.77114272403843, 63.47766760946116, 63.10197954487367, 63.27719765593703, 63.14075270328888, 63.57023015715064, 63.572721670784354, 63.72339848320608, 63.845506127910305, 63.410361572566636, 63.61645870338683, 62.94526756630832, 63.17648723936196, 63.5663574474398, 63.64524709078039, 63.00977524264198, 61.80171015799392, 62.13525547501601, 61.42732773735733, 61.63140845897341, 62.44012225320922, 62.82709015210286, 62.604154279519015, 63.89306586486016, 65.464162441172, 63.900725265405725, 63.30241844255549, 62.400933462738955, 62.226727199542715, 61.806541128802365, 62.61342130404782, 63.0751104308501, 63.255822262615105, 62.93423215182702, 63.158484721822646, 62.80617774620518, 62.36337505172507, 62.85585780731012, 63.166216830344254, 62.92062880098883, 62.90213542614442, 63.05155800153525, 62.980058443201905, 62.31836099329615, 61.97611057343369, 62.15575522193404, 62.84541700200447, 62.90851908306653, 62.69980122398956, 63.18573024364717, 63.074240932838634, 63.53273651307289, 63.40272546694128, 63.57946644589761, 63.3858008638619, 62.75275098181516, 62.63035904918038, 62.783115225410704, 62.6556298532645, 62.42294106954361, 62.1491010532845, 61.44550023800111, 61.04841053992223, 60.656865873923316, 59.944618027121436, 57.099651855504796, 52.87777617389636, 49.265104660937695, 44.70178930023363, 39.173860401370035, 32.28705695267756, 26.249714438144768, 22.222244216824368, 21.57040695267055, 21.626148377545363, 21.275773810798174, 21.501150015509083, 16.74962170560535], "f": [0.0, 0.78125, 1.5625, 2.34375, 3.125, 3.90625, 4.6875, 5.46875, 6.25, 7.03125, 7.8125, 8.59375, 9.375, 10.15625, 10.9375, 11.71875, 12.5, 13.28125, 14.0625, 14.84375, 15.625, 16.40625, 17.1875, 17.96875, 18.75, 19.53125, 20.3125, 21.09375, 21.875, 22.65625, 23.4375, 24.21875, 25.0, 25.78125, 26.5625, 27.34375, 28.125, 28.90625, 29.6875, 30.46875, 31.25, 32.03125, 32.8125, 33.59375, 34.375, 35.15625, 35.9375, 36.71875, 37.5, 38.28125, 39.0625, 39.84375, 40.625, 41.40625, 42.1875, 42.96875, 43.75, 44.53125, 45.3125, 46.09375, 46.875, 47.65625, 48.4375, 49.21875, 50.0, 50.78125, 51.5625, 52.34375, 53.125, 53.90625, 54.6875, 55.46875, 56.25, 57.03125, 57.8125, 58.59375, 59.375, 60.15625, 60.9375, 61.71875, 62.5, 63.28125, 64.0625, 64.84375, 65.625, 66.40625, 67.1875, 67.96875, 68.75, 69.53125, 70.3125, 71.09375, 71.875, 72.65625, 73.4375, 74.21875, 75.0, 75.78125, 76.5625, 77.34375, 78.125, 78.90625, 79.6875, 80.46875, 81.25, 82.03125, 82.8125, 83.59375, 84.375, 85.15625, 85.9375, 86.71875, 87.5, 88.28125, 89.0625, 89.84375, 90.625, 91.40625, 92.1875, 92.96875, 93.75, 94.53125, 95.3125, 96.09375, 96.875, 97.65625, 98.4375, 99.21875, 100.0]}