{"psd": [63.78935961453105, 72.77646573111399, 71.68621575254572, 70.00447574172739, 67.4657856291788, 64.40327115804313, 60.739264498984404, 58.80696272638812, 57.66375232470641, 57.942059417269185, 60.97956549921268, 59.94450966472244, 57.552318900649986, 56.98680619460801, 59.783152116796856, 60.22376350982956, 60.17370350960232, 60.212940479241574, 61.04311877948695, 62.22290421944575, 62.16515933131633, 59.92786304916133, 60.302630435772485, 60.2146584536711, 59.850974812139114, 60.75750920125232, 60.85006287359644, 60.77321369422249, 59.815531904929706, 60.87866127555636, 61.171894492552816, 60.54896470010146, 60.48300950888232, 60.09017687842065, 60.1395752575073, 61.60992667708327, 63.22310781228515, 66.05917672740583, 76.49761549241785, 75.25880660009143, 62.83140663401128, 60.824852618504934, 61.84875030025737, 62.27406704120127, 61.06084144975572, 62.850693421298224, 62.784855512201375, 64.97535982016029, 75.65719530058657, 76.3871722255414, 65.46242701089174, 61.180969574095585, 61.365753645076666, 61.02314960040026, 61.45971002286445, 60.91967181934571, 61.06136636213974, 64.03949362507188, 64.74094359159076, 61.128212640139665, 62.167240833158964, 61.36109246913875, 60.85624174272994, 61.502339631855484, 61.71536975553948, 60.857465029323066, 60.531623355908444, 60.679856817741225, 59.519515416191034, 59.70225062625066, 59.62453294811614, 60.00113819242084, 60.53336203789954, 60.51369301790062, 62.51386800893314, 74.43867416487008, 84.751959128469, 82.54987719040138, 69.29226519078138, 60.535667797978796, 60.20909531469378, 60.71913169007118, 61.494637023374025, 62.260525230805285, 60.90367976019011, 60.16245799080682, 59.932539434927804, 59.87981858335879, 59.12921739512866, 59.138691563765406, 59.81763025680267, 59.44219015328364, 59.724949086259656, 61.67731035030577, 64.16016937522434, 69.8468061485997, 75.09444245953705, 69.49869167033765, 59.378332039296986, 59.787501791514266, 60.306817254976096, 59.77123600190911, 59.485732254808134, 59.05468586466562, 59.317198658458345, 59.14679282029732, 59.09467649043779, 59.65965928145516, 59.69122901746432, 58.92553763838705, 58.72482743752958, 58.00408805055341, 58.053337132709686, 57.55129052487746, 57.38573660361179, 60.93065477027, 57.87679025488934, 48.347978306624874, 44.70744164775131, 41.22278696571368, 35.24477465342949, 28.478866757113806, 23.355267336899637, 21.56019644828366, 21.430838366346908, 21.244346285020434, 21.555417194575085, 21.300680476219757, 16.49997080809954], "f": [0.0, 0.78125, 1.5625, 2.34375, 3.125, 3.90625, 4.6875, 5.46875, 6.25, 7.03125, 7.8125, 8.59375, 9.375, 10.15625, 10.9375, 11.71875, 12.5, 13.28125, 14.0625, 14.84375, 15.625, 16.40625, 17.1875, 17.96875, 18.75, 19.53125, 20.3125, 21.09375, 21.875, 22.65625, 23.4375, 24.21875, 25.0, 25.78125, 26.5625, 27.34375, 28.125, 28.90625, 29.6875, 30.46875, 31.25, 32.03125, 32.8125, 33.59375, 34.375, 35.15625, 35.9375, 36.71875, 37.5, 38.28125, 39.0625, 39.84375, 40.625, 41.40625, 42.1875, 42.96875, 43.75, 44.53125, 45.3125, 46.09375, 46.875, 47.65625, 48.4375, 49.21875, 50.0, 50.78125, 51.5625, 52.34375, 53.125, 53.90625, 54.6875, 55.46875, 56.25, 57.03125, 57.8125, 58.59375, 59.375, 60.15625, 60.9375, 61.71875, 62.5, 63.28125, 64.0625, 64.84375, 65.625, 66.40625, 67.1875, 67.96875, 68.75, 69.53125, 70.3125, 71.09375, 71.875, 72.65625, 73.4375, 74.21875, 75.0, 75.78125, 76.5625, 77.34375, 78.125, 78.90625, 79.6875, 80.46875, 81.25, 82.03125, 82.8125, 83.59375, 84.375, 85.15625, 85.9375, 86.71875, 87.5, 88.28125, 89.0625, 89.84375, 90.625, 91.40625, 92.1875, 92.96875, 93.75, 94.53125, 95.3125, 96.09375, 96.875, 97.65625, 98.4375, 99.21875, 100.0]}