{"psd": [67.16419983680855, 76.31126183012314, 71.67656835377734, 65.84228922903891, 62.011938155912205, 58.61794891786993, 55.96499882747345, 54.111519543493294, 54.00025012282347, 54.272012080747345, 55.65009458586009, 55.99318342230962, 55.52113445661667, 55.14685662988521, 54.48106721440769, 55.72445733897355, 55.21037648973322, 55.889190290840396, 58.07286346115898, 61.33562000035824, 60.09557775141131, 60.6640171942489, 62.27047940616021, 65.92941967977289, 67.37548380868948, 65.04230709027836, 65.30532942421102, 66.25932522299925, 66.81654346018034, 67.08725796839639, 66.37647946348466, 66.0432981461496, 64.29736001926251, 63.532194156114386, 63.81355804093207, 62.58699699698256, 62.85926631998126, 63.89975192515482, 66.3059741477174, 64.54787524367151, 60.83006318921595, 61.37324959527572, 63.39210136155777, 62.270788162194116, 61.928338590501475, 63.50330352683489, 63.25353848003481, 61.30391100591445, 60.51728859652421, 60.170266657039036, 61.24516550971505, 61.89830629009908, 62.048692775335894, 61.81755315278329, 61.97748668308229, 62.14802447547321, 62.79417879517888, 65.60131584766226, 67.6603945725511, 65.20313298395655, 63.357449417116705, 66.20616339159618, 68.20931292833968, 69.23387237015089, 67.54986825152469, 65.58377574728499, 63.81499649342036, 64.59983003680156, 64.96644509652471, 65.65090719054055, 66.8964362627927, 65.97988594625208, 64.67580126088774, 66.22439493759713, 70.82003419042445, 74.72209330061006, 73.7586710991188, 69.81615593624657, 67.20110292938227, 66.654568222046, 65.94530137929654, 66.02514099112027, 64.8263607031179, 62.9412662291492, 61.9088295287862, 61.92425870593859, 62.52851904649775, 62.6909681999015, 63.38588726341506, 62.42282744518057, 61.66161517970784, 61.915811258696145, 61.960741026923564, 62.2201515095191, 62.0612307940612, 64.53110984016102, 68.09580960192966, 65.58857836673762, 63.48102491479214, 63.54655983783644, 63.88359763870682, 64.38126335763832, 64.3811897476971, 63.20174298623331, 61.94280661935874, 63.15550756500614, 63.48971731811274, 61.891150069740675, 60.271100443256806, 59.403124503161564, 59.59593883881024, 58.924470653911854, 59.02131226848723, 58.97505128907059, 58.61000791451708, 59.63102376732714, 57.389985641419486, 51.812433711727124, 45.98121343436961, 40.878887820948805, 35.18685977627052, 29.472720084465553, 24.49757761842061, 21.850641014483713, 20.977498744356073, 21.269377210189205, 21.409554746820035, 21.14502895369116, 16.66258222279019], "f": [0.0, 0.78125, 1.5625, 2.34375, 3.125, 3.90625, 4.6875, 5.46875, 6.25, 7.03125, 7.8125, 8.59375, 9.375, 10.15625, 10.9375, 11.71875, 12.5, 13.28125, 14.0625, 14.84375, 15.625, 16.40625, 17.1875, 17.96875, 18.75, 19.53125, 20.3125, 21.09375, 21.875, 22.65625, 23.4375, 24.21875, 25.0, 25.78125, 26.5625, 27.34375, 28.125, 28.90625, 29.6875, 30.46875, 31.25, 32.03125, 32.8125, 33.59375, 34.375, 35.15625, 35.9375, 36.71875, 37.5, 38.28125, 39.0625, 39.84375, 40.625, 41.40625, 42.1875, 42.96875, 43.75, 44.53125, 45.3125, 46.09375, 46.875, 47.65625, 48.4375, 49.21875, 50.0, 50.78125, 51.5625, 52.34375, 53.125, 53.90625, 54.6875, 55.46875, 56.25, 57.03125, 57.8125, 58.59375, 59.375, 60.15625, 60.9375, 61.71875, 62.5, 63.28125, 64.0625, 64.84375, 65.625, 66.40625, 67.1875, 67.96875, 68.75, 69.53125, 70.3125, 71.09375, 71.875, 72.65625, 73.4375, 74.21875, 75.0, 75.78125, 76.5625, 77.34375, 78.125, 78.90625, 79.6875, 80.46875, 81.25, 82.03125, 82.8125, 83.59375, 84.375, 85.15625, 85.9375, 86.71875, 87.5, 88.28125, 89.0625, 89.84375, 90.625, 91.40625, 92.1875, 92.96875, 93.75, 94.53125, 95.3125, 96.09375, 96.875, 97.65625, 98.4375, 99.21875, 100.0]}