{"psd": [69.26900958053596, 78.23723584301581, 78.25369409404702, 74.83118636435485, 69.69161522844146, 64.81745051543487, 60.50226895899952, 56.77794089951237, 56.25046547238658, 58.69305119395656, 60.1531230001346, 58.61638075528422, 62.270741491178626, 60.909261687253505, 56.903992656747306, 58.39438267593262, 58.19890337002729, 58.443911974556514, 57.887190670507366, 60.10424888758317, 59.74790498974165, 58.61436768143588, 57.829937756723375, 60.92747109191626, 64.8355987360807, 64.07111979719679, 59.03289718862532, 58.632950571363274, 61.23471652769204, 64.05254730855022, 62.31624648105975, 60.430793611682965, 59.918729279730655, 59.661322560066296, 59.379262496028524, 61.727961371039, 65.41963622044207, 65.66025292990946, 65.89062388562436, 65.80592900268441, 62.90292557680929, 60.10257933107496, 59.86517424592519, 60.477200601385164, 60.75955495432172, 61.81063372038971, 62.03365339298534, 63.50114387381702, 65.39142394725286, 64.14601982744185, 62.67385958935545, 62.0403045472209, 61.77183689887436, 61.819609795848045, 62.36165034338469, 61.58988331463496, 61.81454966087348, 63.72892870409726, 64.2584675519213, 63.264438675880385, 63.65064715790695, 63.690098085572096, 62.78334387721401, 61.897715604703734, 61.59297487301948, 60.970107345044866, 61.232461085600775, 61.8459609887989, 61.481368973168216, 60.98255372985485, 60.73871648568275, 60.449926065684494, 61.10618158916289, 61.8709515482893, 62.608408303184206, 64.04292431840388, 63.864118967380946, 62.56562384955786, 60.132957792774384, 59.74398690530955, 59.89768317879906, 59.77703399432635, 59.46062091367723, 58.97586145271511, 58.426081964563245, 58.6711260255672, 59.11733080742394, 59.17229734867429, 59.09042744105419, 59.26985732032642, 59.05070645398192, 59.31698840663078, 59.000629982631985, 58.62053907776128, 58.793721760969476, 60.18544549013366, 61.81529308677816, 61.14095930510106, 59.3891641408259, 59.200686418766615, 59.726575011030796, 59.85870460582017, 60.2958308448443, 60.13204504622583, 60.85899882935986, 61.86284926808544, 63.43128922391, 63.389053238407335, 63.03239370382239, 62.94695330382546, 62.99155465884374, 62.85637721979963, 63.1571409767102, 62.19056628527417, 60.61215665859819, 59.00958606037242, 56.1085382364596, 52.62843550819021, 49.51361501986363, 45.37879718933531, 41.580539943118346, 35.74497487135439, 29.308102550489394, 23.41476978150899, 21.375355509419514, 21.17837071829555, 21.742844300733786, 21.293456146613394, 16.366011849643524], "f": [0.0, 0.78125, 1.5625, 2.34375, 3.125, 3.90625, 4.6875, 5.46875, 6.25, 7.03125, 7.8125, 8.59375, 9.375, 10.15625, 10.9375, 11.71875, 12.5, 13.28125, 14.0625, 14.84375, 15.625, 16.40625, 17.1875, 17.96875, 18.75, 19.53125, 20.3125, 21.09375, 21.875, 22.65625, 23.4375, 24.21875, 25.0, 25.78125, 26.5625, 27.34375, 28.125, 28.90625, 29.6875, 30.46875, 31.25, 32.03125, 32.8125, 33.59375, 34.375, 35.15625, 35.9375, 36.71875, 37.5, 38.28125, 39.0625, 39.84375, 40.625, 41.40625, 42.1875, 42.96875, 43.75, 44.53125, 45.3125, 46.09375, 46.875, 47.65625, 48.4375, 49.21875, 50.0, 50.78125, 51.5625, 52.34375, 53.125, 53.90625, 54.6875, 55.46875, 56.25, 57.03125, 57.8125, 58.59375, 59.375, 60.15625, 60.9375, 61.71875, 62.5, 63.28125, 64.0625, 64.84375, 65.625, 66.40625, 67.1875, 67.96875, 68.75, 69.53125, 70.3125, 71.09375, 71.875, 72.65625, 73.4375, 74.21875, 75.0, 75.78125, 76.5625, 77.34375, 78.125, 78.90625, 79.6875, 80.46875, 81.25, 82.03125, 82.8125, 83.59375, 84.375, 85.15625, 85.9375, 86.71875, 87.5, 88.28125, 89.0625, 89.84375, 90.625, 91.40625, 92.1875, 92.96875, 93.75, 94.53125, 95.3125, 96.09375, 96.875, 97.65625, 98.4375, 99.21875, 100.0]}