{"psd": [65.85068428108607, 75.82948965756287, 76.0730060193875, 73.86323331608202, 70.08371876625725, 65.20803979780705, 60.548767232655855, 56.61578766879032, 54.33810502580508, 53.65279649933132, 56.28996804748232, 60.10099098127426, 58.27577289879265, 57.25709918649669, 58.38004269704565, 57.888499230879745, 57.48828567521151, 56.6474675353234, 55.87428980869995, 56.07924257211381, 55.75789857988494, 57.12188444513881, 56.888263229837, 56.33767831880342, 56.64452886013103, 57.36066472069757, 56.98132824062904, 56.744894230664976, 56.96105631371567, 57.23232901581517, 58.41611701120456, 58.74631365712662, 58.71832038540945, 60.23363643366303, 60.92072251143595, 61.97818054819308, 63.77180455657573, 60.87952438631153, 60.29562812575719, 59.61024599342892, 58.96291312955185, 60.08608190127311, 61.192950619087654, 61.7281697396234, 60.88561541586422, 61.31632444304362, 62.01394161456313, 61.50824219339345, 61.50255149398149, 61.68895511145698, 62.30691977518412, 62.08068290385946, 62.31078297599254, 61.91219312930744, 61.94605331678055, 62.99134921352162, 63.577608299767185, 64.3752005902333, 64.81568990385881, 63.79358470775338, 62.7327191739393, 62.516571562889716, 63.14030049867982, 63.5372517343692, 62.92651890608775, 61.8510668414404, 62.134721674499396, 62.37843438054909, 62.45323257712237, 61.87605870144904, 61.32189754523501, 61.416103235111294, 61.57942998718488, 61.27697679533056, 64.2728442178927, 68.5987445347431, 64.44535379629994, 61.42133592422716, 59.70828927549974, 59.978617641070464, 60.132812588511115, 60.174854770821824, 60.174948164089685, 59.75644374642036, 58.811438054469264, 58.17160617104558, 58.48360202235742, 58.68642484447531, 58.118557936650745, 58.21521879144487, 58.314193973203714, 57.88361864432736, 57.893139074864706, 57.85489785516661, 57.46211369579655, 57.75486774469237, 59.72921275270402, 58.50559704321634, 58.09831411505827, 57.66933619857255, 57.493524745426384, 57.48157991089022, 57.56860001793186, 57.15439398526904, 58.64213363566094, 58.71425558942465, 58.08212016997054, 58.60177755105282, 59.03381220914653, 59.19293474408309, 59.82578485894343, 59.39579305946498, 58.36345234182679, 56.70866843310874, 55.377363198339886, 54.751942747600566, 52.563695932225286, 48.42977477977466, 45.31046703297078, 42.14835094645014, 37.08847904488004, 31.23192626010824, 25.508609375264758, 22.69475625102622, 21.31439531797618, 21.429881408317996, 21.274270332322622, 21.28879552970845, 16.530326262547767], "f": [0.0, 0.78125, 1.5625, 2.34375, 3.125, 3.90625, 4.6875, 5.46875, 6.25, 7.03125, 7.8125, 8.59375, 9.375, 10.15625, 10.9375, 11.71875, 12.5, 13.28125, 14.0625, 14.84375, 15.625, 16.40625, 17.1875, 17.96875, 18.75, 19.53125, 20.3125, 21.09375, 21.875, 22.65625, 23.4375, 24.21875, 25.0, 25.78125, 26.5625, 27.34375, 28.125, 28.90625, 29.6875, 30.46875, 31.25, 32.03125, 32.8125, 33.59375, 34.375, 35.15625, 35.9375, 36.71875, 37.5, 38.28125, 39.0625, 39.84375, 40.625, 41.40625, 42.1875, 42.96875, 43.75, 44.53125, 45.3125, 46.09375, 46.875, 47.65625, 48.4375, 49.21875, 50.0, 50.78125, 51.5625, 52.34375, 53.125, 53.90625, 54.6875, 55.46875, 56.25, 57.03125, 57.8125, 58.59375, 59.375, 60.15625, 60.9375, 61.71875, 62.5, 63.28125, 64.0625, 64.84375, 65.625, 66.40625, 67.1875, 67.96875, 68.75, 69.53125, 70.3125, 71.09375, 71.875, 72.65625, 73.4375, 74.21875, 75.0, 75.78125, 76.5625, 77.34375, 78.125, 78.90625, 79.6875, 80.46875, 81.25, 82.03125, 82.8125, 83.59375, 84.375, 85.15625, 85.9375, 86.71875, 87.5, 88.28125, 89.0625, 89.84375, 90.625, 91.40625, 92.1875, 92.96875, 93.75, 94.53125, 95.3125, 96.09375, 96.875, 97.65625, 98.4375, 99.21875, 100.0]}