{"psd": [68.90278224298324, 77.94308633757589, 76.25616853424089, 73.42641609584948, 69.64195301064792, 64.9748196653507, 60.56779753033352, 57.82236450903051, 55.83959053879943, 58.61350755989822, 62.70947564397388, 58.49158830300879, 56.268527383653854, 56.50730334602385, 54.90451179558403, 55.349100658978145, 57.16622427943459, 58.49532737264368, 59.2799751386363, 63.65858704567611, 67.37543701627807, 63.74625631037944, 60.948249165370854, 63.1131040351824, 63.99505281422922, 62.620914700519855, 62.49705921745579, 64.98521760584104, 66.96151836571804, 69.25796876941413, 70.82094774105585, 67.98754978975175, 65.49614553350415, 66.08773592800452, 66.97229078157497, 66.95352828077, 64.64983998553333, 64.7707712796469, 66.79229990455012, 66.79790036321086, 67.73351018740507, 66.80365739587222, 66.09759387242698, 66.61114377097853, 66.692028785285, 68.56223012415819, 69.28677047994218, 68.89620321605085, 67.72621197135861, 68.16991305046605, 69.17120355391071, 68.7053143105812, 68.32415428292742, 67.86088220043126, 67.70905376235223, 68.30099520913652, 67.87738096539042, 67.74758258661574, 68.53266990019108, 67.67653310471212, 68.64217033815427, 69.43093479131487, 69.28788653155092, 69.56001040130212, 68.61136345854237, 67.25408224689973, 68.72189010715032, 66.36714056703157, 64.9971150945016, 64.76883814062661, 65.02561463196427, 64.14222324379816, 63.58216531879546, 63.64249320016407, 63.78130360820465, 64.03074954893282, 67.71670368692214, 69.58465085304145, 64.09997668655254, 61.271986865345546, 61.2683646355233, 61.183964605365986, 60.57048309262348, 60.80705630013864, 60.25217979399234, 59.747917825432125, 59.85054199628187, 59.931758905902434, 59.39583211188853, 59.3200380296497, 60.23091509847266, 60.771301412424606, 60.121415727221226, 59.702194777006, 59.66659085973557, 61.14871004008406, 64.57963115443201, 61.740750491123976, 63.04512333509257, 66.69648999992206, 62.744560926689026, 59.74876347122961, 59.83775815180788, 60.07495412136427, 59.65088488216339, 60.77087997761978, 61.17928665346629, 60.52397197216223, 60.830614524335616, 60.63856573832424, 60.22651615339001, 60.69896698391241, 59.70358899168368, 58.44797415210425, 57.57002700338802, 59.2133955003569, 56.46940889866444, 50.14440718804784, 46.546874438766, 41.0422763813617, 35.006849109608766, 30.03911488120112, 24.458530340445378, 21.83851151313044, 21.222295962019132, 21.10333815890275, 21.33823839564689, 21.160213496776024, 16.20567819070806], "f": [0.0, 0.78125, 1.5625, 2.34375, 3.125, 3.90625, 4.6875, 5.46875, 6.25, 7.03125, 7.8125, 8.59375, 9.375, 10.15625, 10.9375, 11.71875, 12.5, 13.28125, 14.0625, 14.84375, 15.625, 16.40625, 17.1875, 17.96875, 18.75, 19.53125, 20.3125, 21.09375, 21.875, 22.65625, 23.4375, 24.21875, 25.0, 25.78125, 26.5625, 27.34375, 28.125, 28.90625, 29.6875, 30.46875, 31.25, 32.03125, 32.8125, 33.59375, 34.375, 35.15625, 35.9375, 36.71875, 37.5, 38.28125, 39.0625, 39.84375, 40.625, 41.40625, 42.1875, 42.96875, 43.75, 44.53125, 45.3125, 46.09375, 46.875, 47.65625, 48.4375, 49.21875, 50.0, 50.78125, 51.5625, 52.34375, 53.125, 53.90625, 54.6875, 55.46875, 56.25, 57.03125, 57.8125, 58.59375, 59.375, 60.15625, 60.9375, 61.71875, 62.5, 63.28125, 64.0625, 64.84375, 65.625, 66.40625, 67.1875, 67.96875, 68.75, 69.53125, 70.3125, 71.09375, 71.875, 72.65625, 73.4375, 74.21875, 75.0, 75.78125, 76.5625, 77.34375, 78.125, 78.90625, 79.6875, 80.46875, 81.25, 82.03125, 82.8125, 83.59375, 84.375, 85.15625, 85.9375, 86.71875, 87.5, 88.28125, 89.0625, 89.84375, 90.625, 91.40625, 92.1875, 92.96875, 93.75, 94.53125, 95.3125, 96.09375, 96.875, 97.65625, 98.4375, 99.21875, 100.0]}