{"psd": [67.22127495032998, 76.30726607473763, 76.05055624504887, 73.07066876158072, 69.6089187478988, 65.1608173042912, 62.004103820611185, 60.33124374056303, 60.97126104860155, 61.58581401157286, 62.37595141223156, 61.28893678855565, 61.38723146901485, 61.967209544566856, 61.93593971186332, 62.41169596156054, 62.8485292164211, 62.52907235342964, 63.08415177017616, 63.55667373932391, 63.26826922934542, 62.22549395773666, 62.56765391985976, 63.621465332332996, 63.12103076860553, 62.72954148433273, 62.7240776150629, 63.033152477195046, 63.37027971612693, 64.40650118392878, 63.81573943737121, 62.236261307907, 62.25595426369515, 61.6933094174033, 61.62476391664513, 61.95243642422365, 62.05554772754256, 62.83396972852148, 63.628288093596524, 64.22148879063734, 62.99960464963304, 62.688740649496786, 61.77557694819089, 61.18901877518237, 61.22720870693014, 61.1158185273435, 61.52814821631404, 61.54397063131878, 61.23419746951552, 60.95399264552644, 60.51796769932387, 60.321888836654985, 59.74361860057848, 60.67235058850392, 61.897343070837664, 60.62254566118308, 60.324929666448426, 61.02885307819513, 60.78019636562472, 60.55588284309997, 60.66714109775293, 60.24771336645755, 60.703749654777184, 59.779509603649714, 59.417890012743925, 59.372155385250025, 59.47889261117854, 58.87013639243746, 58.617448925154115, 58.86373784501613, 59.03204714383566, 58.7522422088577, 59.696460102488935, 58.91225752148594, 59.05978681186661, 60.802933422994705, 61.14058416049658, 60.81579670272207, 59.16688512596849, 58.14953560417953, 59.14594757931114, 59.88417414633017, 58.21482753641184, 57.53741159203017, 57.79212978783519, 58.279137388573375, 57.990792334706605, 58.030891550755854, 57.976379642496205, 57.408855555604546, 57.90141428566892, 57.80478178570536, 57.13097564110883, 56.75715787089875, 57.53207230706698, 57.732718744441, 59.126713673966904, 58.34015366393777, 57.24373372924304, 56.88058445126447, 56.481597123778606, 56.89716693085163, 56.46380171465023, 56.24710528885831, 56.399065656704664, 55.98104521685868, 55.859881822152715, 55.785577647365805, 56.0824449092274, 55.95007836858848, 55.88766854524796, 55.648349243371015, 55.639286932132435, 54.84358662652332, 54.48349201367144, 53.668510690444755, 50.4945581318579, 46.91394054524401, 43.19568105159747, 38.36026693273737, 32.89532326899416, 27.607561799363026, 23.53296183021046, 21.716577258245415, 21.36206894051518, 21.526845973844402, 21.35619680864216, 21.425652196321458, 16.620890270218634], "f": [0.0, 0.78125, 1.5625, 2.34375, 3.125, 3.90625, 4.6875, 5.46875, 6.25, 7.03125, 7.8125, 8.59375, 9.375, 10.15625, 10.9375, 11.71875, 12.5, 13.28125, 14.0625, 14.84375, 15.625, 16.40625, 17.1875, 17.96875, 18.75, 19.53125, 20.3125, 21.09375, 21.875, 22.65625, 23.4375, 24.21875, 25.0, 25.78125, 26.5625, 27.34375, 28.125, 28.90625, 29.6875, 30.46875, 31.25, 32.03125, 32.8125, 33.59375, 34.375, 35.15625, 35.9375, 36.71875, 37.5, 38.28125, 39.0625, 39.84375, 40.625, 41.40625, 42.1875, 42.96875, 43.75, 44.53125, 45.3125, 46.09375, 46.875, 47.65625, 48.4375, 49.21875, 50.0, 50.78125, 51.5625, 52.34375, 53.125, 53.90625, 54.6875, 55.46875, 56.25, 57.03125, 57.8125, 58.59375, 59.375, 60.15625, 60.9375, 61.71875, 62.5, 63.28125, 64.0625, 64.84375, 65.625, 66.40625, 67.1875, 67.96875, 68.75, 69.53125, 70.3125, 71.09375, 71.875, 72.65625, 73.4375, 74.21875, 75.0, 75.78125, 76.5625, 77.34375, 78.125, 78.90625, 79.6875, 80.46875, 81.25, 82.03125, 82.8125, 83.59375, 84.375, 85.15625, 85.9375, 86.71875, 87.5, 88.28125, 89.0625, 89.84375, 90.625, 91.40625, 92.1875, 92.96875, 93.75, 94.53125, 95.3125, 96.09375, 96.875, 97.65625, 98.4375, 99.21875, 100.0]}