{"psd": [72.0688124902664, 81.432466535811, 79.16721532336918, 75.43743334242352, 70.80141029491296, 65.17528476259733, 60.51315644361588, 56.96075387399414, 56.86396127014635, 55.45965804791631, 55.5179580337768, 56.63041593900168, 58.80005524908413, 62.43815986698989, 60.87152724628795, 58.144487052361754, 59.41490104230684, 58.6601032427565, 59.70383176264305, 61.664906064128516, 62.57730165828037, 64.13946811847788, 64.7755219417899, 66.20253362664434, 66.84765592725735, 68.0108230664075, 69.58435290148691, 69.32039417789629, 69.04153130581687, 68.59173493808532, 68.32530302467428, 67.45393926494445, 66.50356998731202, 66.6971991657823, 66.18830462446948, 66.2149676719752, 65.44648541461265, 64.35711036927253, 64.31973380918082, 63.60932335577652, 63.24762419789395, 62.30062928806329, 61.589331285644576, 62.1979175173086, 62.6974653926068, 62.58744203505478, 61.89222825889896, 60.45500508430032, 60.196223656743, 60.74502226113614, 62.54297695653677, 63.030165484340436, 62.92976309925132, 63.100271535273116, 62.883804747392986, 63.04392299244473, 63.240136318367334, 63.51443202581897, 62.691371572203415, 60.703303014231764, 60.35672909538136, 61.1353248449818, 61.0605512977632, 62.4093834007784, 62.06170966322581, 60.93819609394177, 60.49818877946215, 59.98169867419439, 60.07334471751417, 60.43619569101289, 60.34279119486329, 59.699859996408705, 59.987323793255015, 60.37631145259318, 61.319761918741264, 62.28286625968537, 62.08047244293091, 61.04980625069703, 60.21778231067913, 60.10408235497919, 59.37839687107038, 59.64735774615612, 59.08178093431328, 59.181871044329355, 58.880403872541116, 59.32021783859035, 59.0368093689075, 58.25177032676292, 58.68206940598892, 59.14139256876776, 59.250319635186884, 59.23122017815995, 58.79263788467304, 58.725440202969914, 59.53460870451639, 59.26383524366499, 59.65339808760702, 59.492460935654975, 60.185351355186114, 59.625408462375006, 59.22682452978908, 59.756262972302025, 59.466924546338625, 59.16022454766173, 59.49184829272147, 61.27077778233078, 60.424863139606806, 58.83436272965255, 57.71304800134081, 57.23848326787437, 57.14676771050768, 56.43752418848737, 55.682262999461244, 55.250449038210334, 53.87745595590051, 53.27809942236341, 50.794882887759385, 46.85464904882313, 42.8762266583065, 37.858832196609086, 32.74629784103317, 27.315520907564455, 23.25172477679914, 21.5260226570979, 21.477381970912163, 20.91630772091362, 21.303853638179366, 21.280557287721315, 16.207175917248925], "f": [0.0, 0.78125, 1.5625, 2.34375, 3.125, 3.90625, 4.6875, 5.46875, 6.25, 7.03125, 7.8125, 8.59375, 9.375, 10.15625, 10.9375, 11.71875, 12.5, 13.28125, 14.0625, 14.84375, 15.625, 16.40625, 17.1875, 17.96875, 18.75, 19.53125, 20.3125, 21.09375, 21.875, 22.65625, 23.4375, 24.21875, 25.0, 25.78125, 26.5625, 27.34375, 28.125, 28.90625, 29.6875, 30.46875, 31.25, 32.03125, 32.8125, 33.59375, 34.375, 35.15625, 35.9375, 36.71875, 37.5, 38.28125, 39.0625, 39.84375, 40.625, 41.40625, 42.1875, 42.96875, 43.75, 44.53125, 45.3125, 46.09375, 46.875, 47.65625, 48.4375, 49.21875, 50.0, 50.78125, 51.5625, 52.34375, 53.125, 53.90625, 54.6875, 55.46875, 56.25, 57.03125, 57.8125, 58.59375, 59.375, 60.15625, 60.9375, 61.71875, 62.5, 63.28125, 64.0625, 64.84375, 65.625, 66.40625, 67.1875, 67.96875, 68.75, 69.53125, 70.3125, 71.09375, 71.875, 72.65625, 73.4375, 74.21875, 75.0, 75.78125, 76.5625, 77.34375, 78.125, 78.90625, 79.6875, 80.46875, 81.25, 82.03125, 82.8125, 83.59375, 84.375, 85.15625, 85.9375, 86.71875, 87.5, 88.28125, 89.0625, 89.84375, 90.625, 91.40625, 92.1875, 92.96875, 93.75, 94.53125, 95.3125, 96.09375, 96.875, 97.65625, 98.4375, 99.21875, 100.0]}