{"psd": [63.66774306597125, 72.28190064227219, 67.06186660084575, 61.917098853852444, 58.5995983884942, 56.443763241523214, 54.97229327165567, 54.340335715995, 54.321876322636896, 54.25666351954831, 57.850686070647626, 63.646655200629965, 63.929100543153865, 55.312757057557526, 54.84591181436902, 61.85379096458404, 60.92504373528858, 56.18840391709885, 56.73262192010895, 59.799446708394385, 58.94423105409846, 57.41900417673219, 60.410970535822266, 61.089701860936394, 57.72695037413423, 56.158143091517225, 56.236544161094, 56.87078401892677, 57.834413720806694, 58.73110396310444, 59.45869373951438, 59.13859105363667, 58.732656025227065, 59.742075092616396, 58.072481717355714, 58.161043765317956, 59.2683855325841, 63.04709436835524, 71.73672464478716, 70.78838317001983, 60.75993004105271, 59.48770349818953, 60.373078551655716, 59.88839969531108, 59.45993137467554, 59.99910749686461, 61.15798620602236, 61.5017049358105, 66.97041468740153, 68.49570823818416, 61.65304755937177, 60.55156888843369, 60.40598282483632, 59.6008514415663, 59.508911320168636, 59.526607349934224, 59.89795012756215, 70.08659872547261, 71.40650007218734, 61.73453169245775, 59.63061791732578, 61.017991694817454, 61.74686994058089, 61.07429048012804, 60.8067333196935, 60.317410691765346, 60.51008817769468, 60.51324253910831, 59.09454014426812, 60.47372401301823, 59.850101823931645, 59.04620754846171, 60.29223738592317, 59.318570557635425, 63.1051216608715, 72.33790901145329, 81.94448761937113, 81.72379074031244, 71.20294592077619, 59.24034481287631, 57.722915823054485, 57.78489845963527, 66.5240719851488, 73.51993817901365, 69.09391380863121, 60.49214362284328, 59.876867912725984, 59.840989225922065, 60.511979335103675, 62.44420918132999, 61.0742915309733, 59.4890907079715, 58.91299176275319, 58.28654547869638, 58.09290187550025, 61.26139897785304, 63.95871436228504, 61.0442760021069, 58.961974928732715, 58.711699466758404, 58.28014232814166, 58.1496334862218, 59.367780301401, 59.734067466596315, 60.26542055538715, 60.409055077324474, 60.316408908359584, 60.303035838882046, 60.074258969114766, 59.914530406876246, 60.0608232088117, 59.71224974900426, 59.03167461876188, 58.37894040210277, 58.639057895086786, 62.875316639586416, 59.564307433958646, 50.65148335186035, 45.95052031385279, 41.32024711263054, 36.04327236214733, 29.811616964489648, 24.578838449168842, 22.222219596444948, 21.448247449424116, 21.385686751388057, 21.234744507893225, 21.628469008271157, 16.276509244434216], "f": [0.0, 0.78125, 1.5625, 2.34375, 3.125, 3.90625, 4.6875, 5.46875, 6.25, 7.03125, 7.8125, 8.59375, 9.375, 10.15625, 10.9375, 11.71875, 12.5, 13.28125, 14.0625, 14.84375, 15.625, 16.40625, 17.1875, 17.96875, 18.75, 19.53125, 20.3125, 21.09375, 21.875, 22.65625, 23.4375, 24.21875, 25.0, 25.78125, 26.5625, 27.34375, 28.125, 28.90625, 29.6875, 30.46875, 31.25, 32.03125, 32.8125, 33.59375, 34.375, 35.15625, 35.9375, 36.71875, 37.5, 38.28125, 39.0625, 39.84375, 40.625, 41.40625, 42.1875, 42.96875, 43.75, 44.53125, 45.3125, 46.09375, 46.875, 47.65625, 48.4375, 49.21875, 50.0, 50.78125, 51.5625, 52.34375, 53.125, 53.90625, 54.6875, 55.46875, 56.25, 57.03125, 57.8125, 58.59375, 59.375, 60.15625, 60.9375, 61.71875, 62.5, 63.28125, 64.0625, 64.84375, 65.625, 66.40625, 67.1875, 67.96875, 68.75, 69.53125, 70.3125, 71.09375, 71.875, 72.65625, 73.4375, 74.21875, 75.0, 75.78125, 76.5625, 77.34375, 78.125, 78.90625, 79.6875, 80.46875, 81.25, 82.03125, 82.8125, 83.59375, 84.375, 85.15625, 85.9375, 86.71875, 87.5, 88.28125, 89.0625, 89.84375, 90.625, 91.40625, 92.1875, 92.96875, 93.75, 94.53125, 95.3125, 96.09375, 96.875, 97.65625, 98.4375, 99.21875, 100.0]}