{"psd": [72.30143089143004, 82.15778398315882, 78.9723874519743, 75.13899843413814, 70.65312372478357, 64.97149593552055, 60.504318995265024, 57.03508520738859, 55.237672654906206, 55.705603712744676, 55.929347527701864, 56.67493571782768, 57.36841786566417, 59.521291833426176, 57.22148182960491, 56.082580897179454, 57.12844215175729, 58.82839813589538, 57.2986666929533, 58.06367315658783, 58.669735082139965, 57.437438852861376, 58.05180518070233, 56.87650946689588, 55.98648513756768, 57.59189648091844, 59.339258212119674, 59.275271211806896, 57.68812163950812, 57.97739012951965, 57.96521541454962, 58.45157265890237, 59.23911754337187, 59.07399503378986, 59.83729991622792, 58.46323755106564, 58.39690523231988, 59.54673329394096, 64.92195974702608, 63.690986963449774, 58.116716882613915, 58.38639547035645, 58.83306447905938, 58.705033986800544, 58.498294538052946, 58.31232114011954, 58.48676216457197, 58.7428435051588, 59.19699203265536, 59.18922686179661, 59.510400985621885, 60.12738826141786, 59.89152571605399, 58.663886785713196, 59.70770381746075, 59.61181535799022, 59.4656953710051, 63.75812219461314, 64.29178057581113, 60.40969498402602, 59.93365530676772, 59.995874794804244, 60.04076845962177, 60.169930522171704, 60.541807741550066, 61.57057854470749, 61.42201690889986, 60.146827034089554, 60.682373936121806, 60.9576740329251, 61.06744855620644, 61.3752404492158, 61.14331447275208, 60.329334888524556, 61.88888879023789, 68.37630617190511, 77.25214156894413, 75.93597172318601, 68.49881746974188, 64.23224179920798, 61.85183040075752, 61.732364815362644, 62.30325624882127, 63.12762878431978, 62.616608083976864, 62.10876631737391, 61.613452793641976, 61.51693250233184, 61.46196872714059, 61.860891475032716, 62.61029747970687, 63.14374455615028, 63.97663544786229, 63.66439165904761, 62.73711251602467, 71.2022648007358, 76.54820675942355, 71.59855043692122, 69.88862089237061, 66.12905959166908, 63.3734784372874, 64.31225494131176, 64.25622969275557, 63.993659107439214, 63.60495289846838, 63.61370610884733, 62.98386377147321, 62.49854287281028, 62.7946925547409, 62.73671337003715, 62.82958389446155, 61.62636562334149, 60.43708504089898, 60.65297794794971, 60.378172943534246, 61.449050538561416, 58.34142801574052, 52.53734212589711, 48.94961511644195, 44.10486136412797, 38.22597881496738, 31.79173443726068, 25.291833014573957, 22.39175716466441, 21.338772819621067, 21.474349226988124, 21.72206163935413, 21.60418948778559, 16.55569045112258], "f": [0.0, 0.78125, 1.5625, 2.34375, 3.125, 3.90625, 4.6875, 5.46875, 6.25, 7.03125, 7.8125, 8.59375, 9.375, 10.15625, 10.9375, 11.71875, 12.5, 13.28125, 14.0625, 14.84375, 15.625, 16.40625, 17.1875, 17.96875, 18.75, 19.53125, 20.3125, 21.09375, 21.875, 22.65625, 23.4375, 24.21875, 25.0, 25.78125, 26.5625, 27.34375, 28.125, 28.90625, 29.6875, 30.46875, 31.25, 32.03125, 32.8125, 33.59375, 34.375, 35.15625, 35.9375, 36.71875, 37.5, 38.28125, 39.0625, 39.84375, 40.625, 41.40625, 42.1875, 42.96875, 43.75, 44.53125, 45.3125, 46.09375, 46.875, 47.65625, 48.4375, 49.21875, 50.0, 50.78125, 51.5625, 52.34375, 53.125, 53.90625, 54.6875, 55.46875, 56.25, 57.03125, 57.8125, 58.59375, 59.375, 60.15625, 60.9375, 61.71875, 62.5, 63.28125, 64.0625, 64.84375, 65.625, 66.40625, 67.1875, 67.96875, 68.75, 69.53125, 70.3125, 71.09375, 71.875, 72.65625, 73.4375, 74.21875, 75.0, 75.78125, 76.5625, 77.34375, 78.125, 78.90625, 79.6875, 80.46875, 81.25, 82.03125, 82.8125, 83.59375, 84.375, 85.15625, 85.9375, 86.71875, 87.5, 88.28125, 89.0625, 89.84375, 90.625, 91.40625, 92.1875, 92.96875, 93.75, 94.53125, 95.3125, 96.09375, 96.875, 97.65625, 98.4375, 99.21875, 100.0]}