{"psd": [64.9922372286899, 74.69014743072344, 73.50413147450206, 69.89292688114355, 66.1696852622788, 62.67256046751768, 59.15551613207938, 56.64257046022786, 56.85385592894464, 56.13923917052577, 57.019356852895285, 60.19517229299563, 59.567967676192865, 60.94971501382052, 59.25943299897394, 58.56544837381126, 58.559904093501245, 60.37811126647465, 60.70915919783887, 61.71007497341955, 60.21649417996887, 60.48861915394643, 60.92190709325101, 63.959919533664156, 63.92092531542283, 63.610836038684326, 63.087937736939324, 61.73814887047346, 62.111134911555304, 62.72111080128454, 61.030114959917015, 60.78738870735103, 61.01763052902301, 62.507836452599214, 62.47621067721164, 61.75313132824829, 59.933205370898676, 60.38300785704766, 60.99358910139577, 60.10072899399887, 61.11815797664904, 60.73190439697801, 61.08830477422104, 62.621428396461425, 62.730807528905004, 61.88904210500588, 62.18872114516515, 62.16918373021879, 62.78100751698912, 62.74534987370687, 63.0646393639592, 62.439064808349286, 62.33510492955912, 62.697348242631904, 62.887881500950655, 62.111271474065795, 62.09716217140841, 62.047189960648595, 62.511805087355825, 61.654237534508525, 61.99945383478003, 62.61247639155265, 62.93174127196306, 62.311440603565515, 62.03315667352732, 62.29755991396149, 61.33712473473278, 60.71783486916797, 60.44535733458748, 59.99421559854096, 60.15411023343642, 60.10544169185357, 59.74268021025559, 60.037345820546726, 60.72596952001188, 62.4264076869106, 63.822556398450885, 63.68718825530702, 61.23100123634912, 60.30059908508996, 60.33858260150426, 60.71967932947547, 60.38762969307406, 60.17384056512134, 59.52003924926547, 58.91729272623899, 59.22866931524395, 59.39865764731674, 59.68976650828271, 58.7933011247066, 58.0269443527579, 58.23159195064853, 57.87600930104186, 57.71836891256676, 59.14193371606344, 59.75428499697333, 59.59950907259815, 58.578012480951486, 59.00215005169579, 59.04876773369957, 58.79683462401918, 59.27819770960247, 59.27245571668368, 58.60291707810448, 58.381172063714644, 58.29294169467698, 58.524827866448106, 58.88373411556387, 57.94777938891744, 57.658229334506316, 57.55477697041593, 57.63494881041894, 57.261537840042266, 56.13770679072075, 54.86323690670285, 53.46403046364979, 51.24481289991905, 47.60702884502994, 43.47245193292543, 37.95490008641615, 33.43216240442482, 27.90043691861778, 23.298357953351932, 21.82936899288687, 21.198888045962242, 21.089367472764376, 21.367665179915495, 21.16504926159574, 16.78485235523465], "f": [0.0, 0.78125, 1.5625, 2.34375, 3.125, 3.90625, 4.6875, 5.46875, 6.25, 7.03125, 7.8125, 8.59375, 9.375, 10.15625, 10.9375, 11.71875, 12.5, 13.28125, 14.0625, 14.84375, 15.625, 16.40625, 17.1875, 17.96875, 18.75, 19.53125, 20.3125, 21.09375, 21.875, 22.65625, 23.4375, 24.21875, 25.0, 25.78125, 26.5625, 27.34375, 28.125, 28.90625, 29.6875, 30.46875, 31.25, 32.03125, 32.8125, 33.59375, 34.375, 35.15625, 35.9375, 36.71875, 37.5, 38.28125, 39.0625, 39.84375, 40.625, 41.40625, 42.1875, 42.96875, 43.75, 44.53125, 45.3125, 46.09375, 46.875, 47.65625, 48.4375, 49.21875, 50.0, 50.78125, 51.5625, 52.34375, 53.125, 53.90625, 54.6875, 55.46875, 56.25, 57.03125, 57.8125, 58.59375, 59.375, 60.15625, 60.9375, 61.71875, 62.5, 63.28125, 64.0625, 64.84375, 65.625, 66.40625, 67.1875, 67.96875, 68.75, 69.53125, 70.3125, 71.09375, 71.875, 72.65625, 73.4375, 74.21875, 75.0, 75.78125, 76.5625, 77.34375, 78.125, 78.90625, 79.6875, 80.46875, 81.25, 82.03125, 82.8125, 83.59375, 84.375, 85.15625, 85.9375, 86.71875, 87.5, 88.28125, 89.0625, 89.84375, 90.625, 91.40625, 92.1875, 92.96875, 93.75, 94.53125, 95.3125, 96.09375, 96.875, 97.65625, 98.4375, 99.21875, 100.0]}