{"psd": [65.96802998717837, 74.79686469908971, 74.53412795876292, 73.01287917842052, 70.92054385727744, 66.78800233829466, 63.36126928414223, 61.50365634219787, 60.066548285514436, 59.21904812907527, 59.075686528396, 58.29597962630865, 58.92840461446046, 60.397840806418955, 62.68941265699611, 61.590663408401824, 58.322858021024324, 57.39602174963043, 59.34569888843867, 60.09942473936637, 57.805645077251874, 58.259255847937254, 59.258268583192304, 59.553559852947245, 58.520689408583124, 59.07497845391974, 59.02513593439466, 59.201321725785114, 59.8635785698397, 61.096256613705734, 61.56783212632047, 61.53964328948203, 60.9617898942733, 59.38225591755107, 59.409855496346566, 62.050581997979634, 63.81819013932967, 63.197400856751855, 65.06790654465456, 63.03612470815438, 60.671963537514486, 60.01989198509624, 60.5207851102901, 61.386768461698516, 61.76286232460353, 63.46708980521511, 63.8433912906579, 63.16985315358643, 63.15645561067659, 61.40950157303709, 61.45742127998558, 61.59939164371718, 62.33783838942464, 62.325557927011445, 64.30910521219774, 65.0359935261163, 64.79623221369378, 66.38991663005272, 64.21803304621452, 62.80368252008714, 62.96799428989445, 63.93913553507382, 64.44997156600172, 64.8891348238713, 64.96526726606723, 64.68512962852435, 66.32361912259269, 64.5470468221895, 63.431073025240664, 63.25666823896138, 63.3643279702789, 63.63003659470424, 63.186562846001955, 63.30080038691485, 64.94825996785298, 67.26536785086583, 65.22467571798349, 63.37786050873138, 63.24122653977643, 64.1029952955517, 63.784382770732584, 63.01757056025269, 62.916826075079626, 62.78430904510568, 62.84994013922311, 63.27394556612607, 63.661591678688836, 62.38141409199302, 61.46242282567695, 61.27862680151219, 61.55851052451802, 61.02617494378034, 62.0674712071176, 60.74737812453375, 61.33170732906008, 61.263818009084545, 61.21840010935181, 59.7393029689298, 58.942363955705154, 58.560646957974626, 57.98828495886007, 58.55793219150736, 59.26033901610293, 59.40180145491786, 59.85416406246696, 60.189418896095376, 59.311854947621995, 58.65306718504533, 59.07128677136893, 58.30745693301794, 58.966463298837944, 58.538694641821806, 58.01123765844686, 57.39483493595638, 57.13949597397796, 56.37067852863588, 53.80219521885229, 49.430373170907906, 45.68583657187946, 41.33623575176336, 36.09703968076856, 30.58224145113211, 25.78517151734435, 22.243277541992335, 21.471574544574953, 21.46023006949335, 21.035529585092988, 21.59125334654822, 16.84088436889171], "f": [0.0, 0.78125, 1.5625, 2.34375, 3.125, 3.90625, 4.6875, 5.46875, 6.25, 7.03125, 7.8125, 8.59375, 9.375, 10.15625, 10.9375, 11.71875, 12.5, 13.28125, 14.0625, 14.84375, 15.625, 16.40625, 17.1875, 17.96875, 18.75, 19.53125, 20.3125, 21.09375, 21.875, 22.65625, 23.4375, 24.21875, 25.0, 25.78125, 26.5625, 27.34375, 28.125, 28.90625, 29.6875, 30.46875, 31.25, 32.03125, 32.8125, 33.59375, 34.375, 35.15625, 35.9375, 36.71875, 37.5, 38.28125, 39.0625, 39.84375, 40.625, 41.40625, 42.1875, 42.96875, 43.75, 44.53125, 45.3125, 46.09375, 46.875, 47.65625, 48.4375, 49.21875, 50.0, 50.78125, 51.5625, 52.34375, 53.125, 53.90625, 54.6875, 55.46875, 56.25, 57.03125, 57.8125, 58.59375, 59.375, 60.15625, 60.9375, 61.71875, 62.5, 63.28125, 64.0625, 64.84375, 65.625, 66.40625, 67.1875, 67.96875, 68.75, 69.53125, 70.3125, 71.09375, 71.875, 72.65625, 73.4375, 74.21875, 75.0, 75.78125, 76.5625, 77.34375, 78.125, 78.90625, 79.6875, 80.46875, 81.25, 82.03125, 82.8125, 83.59375, 84.375, 85.15625, 85.9375, 86.71875, 87.5, 88.28125, 89.0625, 89.84375, 90.625, 91.40625, 92.1875, 92.96875, 93.75, 94.53125, 95.3125, 96.09375, 96.875, 97.65625, 98.4375, 99.21875, 100.0]}