{"psd": [70.01533384522732, 78.73697132884881, 72.42056111599612, 66.0989098362057, 62.12769301539306, 60.13559183612769, 56.86523936148622, 54.43624475096545, 54.57143345596732, 54.36760301004312, 54.57292069604108, 53.93733630352944, 53.698768307259755, 56.189621624924825, 57.42851306047022, 55.83878064846573, 55.16264174823011, 55.589119611188636, 57.64984640418912, 58.50509486375343, 57.26043887536442, 58.053256808211245, 59.22846035929708, 61.12869341083975, 60.32549749760236, 60.47968307975671, 60.95411688517977, 61.66487258518081, 61.59666572111792, 61.35349567034947, 60.89602237058644, 61.28492975644738, 61.12882209164712, 59.97623033197023, 60.55973234376302, 60.82408710742803, 61.201811443691824, 60.90794180864119, 60.25240645497906, 59.66701007166989, 58.5688353508878, 58.706119551507605, 57.69950128244069, 58.18154466371925, 58.52945284341534, 58.48962705079565, 58.74472828768976, 58.461768326914566, 58.4627884478481, 58.31845160024436, 58.278047691333455, 56.67100012338353, 57.571967269232374, 58.68252464939185, 59.35338200263139, 59.32429675343161, 59.08885164909787, 59.83249006698533, 59.6460782234786, 58.68962873631298, 58.07466449315301, 58.12182579854864, 59.109911152314254, 59.46241282211161, 59.37238086578509, 58.95827013181953, 57.4998749756961, 57.11218383164859, 56.68137443576946, 56.7426273082951, 56.804201528215685, 57.01020552690853, 56.745728140410904, 57.00412163260068, 58.00664382207042, 59.39370537033333, 59.949163063665964, 59.732377074479075, 56.67149901033013, 55.991880152338716, 56.68008153028243, 56.92607959233922, 56.216229495553335, 55.68765330242023, 55.544340924846445, 55.421105243345316, 56.25375609923064, 56.499456260536114, 55.78888415357785, 55.4484358351292, 55.499769522264884, 55.621616678411655, 55.68007935004553, 55.491540725251284, 55.688479611684116, 55.88519749946795, 55.37695059517653, 55.87680227825111, 55.63145697760842, 56.31389498852244, 55.20181878329573, 54.49284948718755, 55.42403195680266, 55.288606470344504, 54.81141208761769, 55.33626948594747, 55.566119132492375, 55.48539753061449, 55.41369518570385, 55.04295237442453, 54.901660342160895, 54.75233135696836, 54.095232106622184, 53.54577280448397, 53.04228308398275, 52.974604294060796, 49.809504958253676, 45.56997940383341, 41.31742433075913, 37.11093439492009, 32.07181434827194, 26.562358205649584, 22.721476373040936, 21.719711446017968, 21.34038384118512, 21.457811292814853, 21.494694922285195, 21.480769776971197, 16.034580320343427], "f": [0.0, 0.78125, 1.5625, 2.34375, 3.125, 3.90625, 4.6875, 5.46875, 6.25, 7.03125, 7.8125, 8.59375, 9.375, 10.15625, 10.9375, 11.71875, 12.5, 13.28125, 14.0625, 14.84375, 15.625, 16.40625, 17.1875, 17.96875, 18.75, 19.53125, 20.3125, 21.09375, 21.875, 22.65625, 23.4375, 24.21875, 25.0, 25.78125, 26.5625, 27.34375, 28.125, 28.90625, 29.6875, 30.46875, 31.25, 32.03125, 32.8125, 33.59375, 34.375, 35.15625, 35.9375, 36.71875, 37.5, 38.28125, 39.0625, 39.84375, 40.625, 41.40625, 42.1875, 42.96875, 43.75, 44.53125, 45.3125, 46.09375, 46.875, 47.65625, 48.4375, 49.21875, 50.0, 50.78125, 51.5625, 52.34375, 53.125, 53.90625, 54.6875, 55.46875, 56.25, 57.03125, 57.8125, 58.59375, 59.375, 60.15625, 60.9375, 61.71875, 62.5, 63.28125, 64.0625, 64.84375, 65.625, 66.40625, 67.1875, 67.96875, 68.75, 69.53125, 70.3125, 71.09375, 71.875, 72.65625, 73.4375, 74.21875, 75.0, 75.78125, 76.5625, 77.34375, 78.125, 78.90625, 79.6875, 80.46875, 81.25, 82.03125, 82.8125, 83.59375, 84.375, 85.15625, 85.9375, 86.71875, 87.5, 88.28125, 89.0625, 89.84375, 90.625, 91.40625, 92.1875, 92.96875, 93.75, 94.53125, 95.3125, 96.09375, 96.875, 97.65625, 98.4375, 99.21875, 100.0]}