{"psd": [76.23088490702209, 85.16251710075126, 83.27754513578574, 76.9797783777674, 69.97648918119067, 64.08580031667964, 61.41666267323003, 60.866655581009674, 61.73923280549857, 61.94762977709132, 61.55594363131482, 61.97857394521478, 61.5842056862246, 62.27677544247975, 65.2589737918641, 65.50514050647297, 63.40210575931956, 63.874970105727385, 64.83573972715735, 65.24047434492488, 64.74962337839501, 64.6146007433958, 64.08448403736982, 65.18066076497487, 65.07588676623197, 64.93656453780315, 65.28115832386126, 66.56497250692821, 69.026269832265, 73.07483677156031, 70.3673791463636, 66.92885234979568, 65.33791432401758, 65.26937192874284, 66.55781629480286, 67.20145721041585, 65.66264586871411, 66.45921768923647, 67.4454157892055, 66.02277226506192, 65.2290916139148, 65.17008011275729, 65.37409670781685, 65.54914279390536, 65.61493815167017, 65.87270826871368, 65.79827383489727, 66.08621078170874, 66.17826687181895, 65.38774544592088, 65.57983255999392, 65.87954398554302, 65.35840889029379, 65.25660163262336, 65.41778549662058, 65.30253553644553, 65.82677429256817, 66.20545090052585, 66.93535650858388, 65.96343984191711, 65.61444426176054, 65.80970014485546, 65.97274965441188, 65.98618757290407, 66.21740172768969, 65.75479721771006, 65.52474086738908, 65.47095863315499, 65.41604651210532, 65.32577464871825, 65.44410671646091, 65.24127754394885, 65.12864198170092, 65.49160399918988, 65.54371061902943, 66.43840618663769, 67.83219676644615, 69.50019941528919, 66.4018632976336, 65.354097505809, 65.69683982364637, 65.63026069950851, 65.23656412703409, 64.97657214175759, 65.6433490097845, 65.28464480923577, 65.06611719772698, 65.2897856952815, 65.52962500089157, 65.20315735109892, 65.47180545334484, 65.91093884150195, 65.542712079945, 65.95636557262134, 66.34706464440387, 66.3866621261596, 66.85841454756064, 66.49174084314507, 65.80343478055953, 66.02262901084914, 66.51435395851112, 66.56100003884748, 66.54416660989646, 66.72202888281822, 67.15218020168501, 67.72770693213363, 67.530247337985, 67.81469895902019, 67.7099381162151, 67.34325326433041, 67.23710781479718, 66.76556974439863, 66.40697272731829, 65.96782089215603, 64.50577967145566, 63.422190114386524, 60.64502691905429, 56.15365404395638, 52.02837595228665, 47.5577502643904, 42.528718275185724, 36.10486752667099, 29.15546536923423, 23.49308520855451, 21.582672456703605, 21.06546875180191, 21.644526370086147, 21.434345606286804, 15.969604721150812], "f": [0.0, 0.78125, 1.5625, 2.34375, 3.125, 3.90625, 4.6875, 5.46875, 6.25, 7.03125, 7.8125, 8.59375, 9.375, 10.15625, 10.9375, 11.71875, 12.5, 13.28125, 14.0625, 14.84375, 15.625, 16.40625, 17.1875, 17.96875, 18.75, 19.53125, 20.3125, 21.09375, 21.875, 22.65625, 23.4375, 24.21875, 25.0, 25.78125, 26.5625, 27.34375, 28.125, 28.90625, 29.6875, 30.46875, 31.25, 32.03125, 32.8125, 33.59375, 34.375, 35.15625, 35.9375, 36.71875, 37.5, 38.28125, 39.0625, 39.84375, 40.625, 41.40625, 42.1875, 42.96875, 43.75, 44.53125, 45.3125, 46.09375, 46.875, 47.65625, 48.4375, 49.21875, 50.0, 50.78125, 51.5625, 52.34375, 53.125, 53.90625, 54.6875, 55.46875, 56.25, 57.03125, 57.8125, 58.59375, 59.375, 60.15625, 60.9375, 61.71875, 62.5, 63.28125, 64.0625, 64.84375, 65.625, 66.40625, 67.1875, 67.96875, 68.75, 69.53125, 70.3125, 71.09375, 71.875, 72.65625, 73.4375, 74.21875, 75.0, 75.78125, 76.5625, 77.34375, 78.125, 78.90625, 79.6875, 80.46875, 81.25, 82.03125, 82.8125, 83.59375, 84.375, 85.15625, 85.9375, 86.71875, 87.5, 88.28125, 89.0625, 89.84375, 90.625, 91.40625, 92.1875, 92.96875, 93.75, 94.53125, 95.3125, 96.09375, 96.875, 97.65625, 98.4375, 99.21875, 100.0]}