{"psd": [75.92955807096214, 85.07292133454405, 83.15782436142962, 77.29802489445166, 70.85055215178272, 65.46199849728757, 63.29015111941266, 61.968603872085666, 62.239908645766775, 62.27680930174736, 61.17751790980116, 61.45325429766976, 61.374369685497086, 61.446823200413846, 63.349422157880035, 63.18351209958748, 62.07118200301498, 62.85893816534093, 63.126609569943106, 63.45131536712173, 63.27631389820053, 62.638506533488794, 67.71263977568951, 72.56583345874704, 70.87819439332651, 66.13736970922089, 65.10278068632562, 65.47610458397845, 69.86699919990387, 75.16052579786641, 71.40926070432332, 65.75575460717927, 65.06707272528537, 66.05196890688642, 68.04618121481337, 67.21773727640348, 65.14204728060159, 65.37705526158088, 65.98826789432272, 65.15560102533308, 65.05437261702431, 65.44459846443283, 65.7432343128296, 66.09401873071009, 65.67475149684313, 65.87828464040938, 68.7191798804486, 68.86551017023949, 65.87282627111313, 65.44968555558508, 65.67539412413603, 66.31122904241639, 66.45252491888917, 64.7876420443988, 64.67863464078258, 64.91393573246782, 65.36709783781866, 66.49028597561808, 67.21063587713064, 66.5250653882681, 66.3605027661731, 67.1587570108543, 67.44675185007686, 66.72099592365011, 65.43499316112866, 65.43288704761, 66.22102294772927, 65.41954310409221, 65.3049497895614, 65.34378057625035, 64.78778951662248, 64.71599606597167, 64.82352770640344, 64.52505818822891, 65.46861278929059, 65.51924823424986, 67.11347810699556, 68.39069736381943, 65.78829022412202, 64.9100298204353, 64.82086316306231, 64.91602274336255, 64.99279866674573, 64.52134360537228, 64.45318732979823, 64.76217550383015, 64.61940028669692, 64.95981789620306, 65.05700482416965, 65.75217860774404, 65.5670015693683, 65.93986254985433, 65.54416456107332, 66.21568889676604, 66.3786580073754, 66.54285509494545, 68.21740906704663, 67.14364993159973, 65.74898469364439, 65.5115218921747, 65.50328531823708, 66.24616623922272, 66.1975747658942, 66.03739126710524, 65.75599669278691, 66.81902863885311, 66.65914212617781, 66.64828389370388, 66.31967109297283, 65.43434014027618, 65.11172047193125, 65.39009296573472, 64.44982520658942, 63.75257545004469, 62.478478808562315, 61.83237406221464, 59.633117614372615, 55.12026056376614, 51.12604740982725, 46.43225867285427, 40.96949517319443, 34.84661119459857, 28.40561218054646, 23.022104407074593, 21.60540479165233, 21.27720086827533, 21.481113201336946, 21.39088595495785, 17.107605758249512], "f": [0.0, 0.78125, 1.5625, 2.34375, 3.125, 3.90625, 4.6875, 5.46875, 6.25, 7.03125, 7.8125, 8.59375, 9.375, 10.15625, 10.9375, 11.71875, 12.5, 13.28125, 14.0625, 14.84375, 15.625, 16.40625, 17.1875, 17.96875, 18.75, 19.53125, 20.3125, 21.09375, 21.875, 22.65625, 23.4375, 24.21875, 25.0, 25.78125, 26.5625, 27.34375, 28.125, 28.90625, 29.6875, 30.46875, 31.25, 32.03125, 32.8125, 33.59375, 34.375, 35.15625, 35.9375, 36.71875, 37.5, 38.28125, 39.0625, 39.84375, 40.625, 41.40625, 42.1875, 42.96875, 43.75, 44.53125, 45.3125, 46.09375, 46.875, 47.65625, 48.4375, 49.21875, 50.0, 50.78125, 51.5625, 52.34375, 53.125, 53.90625, 54.6875, 55.46875, 56.25, 57.03125, 57.8125, 58.59375, 59.375, 60.15625, 60.9375, 61.71875, 62.5, 63.28125, 64.0625, 64.84375, 65.625, 66.40625, 67.1875, 67.96875, 68.75, 69.53125, 70.3125, 71.09375, 71.875, 72.65625, 73.4375, 74.21875, 75.0, 75.78125, 76.5625, 77.34375, 78.125, 78.90625, 79.6875, 80.46875, 81.25, 82.03125, 82.8125, 83.59375, 84.375, 85.15625, 85.9375, 86.71875, 87.5, 88.28125, 89.0625, 89.84375, 90.625, 91.40625, 92.1875, 92.96875, 93.75, 94.53125, 95.3125, 96.09375, 96.875, 97.65625, 98.4375, 99.21875, 100.0]}