{"psd": [63.416152553277065, 72.34411674693438, 70.86385459936878, 65.8652951928289, 61.60562832648399, 58.51144709324618, 60.084608598292576, 63.12837633996626, 63.49860252571247, 62.277024799840405, 61.80239046983533, 59.38613052656309, 60.247060264448045, 59.200466000919086, 59.86211323885065, 61.17642952826168, 62.47662955099443, 61.71941824499544, 60.276005455669434, 60.042517914950466, 59.07536143622459, 60.86863156670151, 62.298917918860454, 63.611560544970715, 64.59483735324753, 64.50944088104951, 60.87184214104573, 60.771616334998164, 61.41896037267078, 60.87615258184418, 60.982495235774, 62.41624757083285, 64.97292388377426, 66.92105728439125, 63.26511355773141, 61.87352030008978, 60.87453543000603, 62.87532427492862, 68.25353595871657, 67.30889704547951, 64.23389101408735, 66.42711341594864, 64.0196191052871, 63.46721457799994, 63.70797210578406, 62.54517342164915, 62.56418680008619, 63.092742228493236, 73.70549130450473, 77.12562276546946, 69.42848433237914, 64.16834491716618, 63.67138256661911, 63.51944269555563, 63.48930183710178, 63.09850186399455, 63.4614734391749, 70.40919004731126, 71.21462911295177, 63.966952984578725, 63.940911007885546, 63.3393416769385, 63.94684462337699, 65.50775559706481, 65.23725522724149, 64.51379732463602, 63.4309804962502, 62.698390187944746, 62.51710453376323, 61.82647960407496, 61.20239968649413, 61.67826647175761, 63.29757695166242, 63.645495904593126, 64.21031403672497, 75.26371302530703, 85.38738749039355, 83.26460497244418, 71.20584672818886, 64.2227028688516, 60.58057156426355, 61.16562277919118, 62.463667613377126, 64.8160997115333, 61.4855482719952, 59.60103179423503, 59.75923873795723, 59.70774736069533, 59.87798018559044, 60.74482359053718, 61.180660420940036, 60.58339161235348, 60.4925704639617, 60.19333911452945, 59.561621542477035, 60.85216946452748, 62.300002907704545, 61.15001193106068, 59.99765252328139, 59.46475927530635, 59.47165425297818, 60.16748653456956, 59.892440425339196, 59.820576205134515, 59.04489649797469, 59.27178736506689, 59.23425796777839, 58.78694976463994, 58.549569560679345, 58.51136983325863, 58.65822169030915, 57.56977355414199, 56.67627680490511, 56.48419229297489, 57.44359791442197, 63.016860793257614, 59.33756954613522, 47.80679663230366, 43.87251745222841, 39.36355554108796, 33.574317417525286, 28.190541212966565, 23.35474496326046, 21.400938536135307, 21.206254477181538, 21.572216561004865, 21.24765022271617, 20.572885193144174, 16.09506430375258], "f": [0.0, 0.78125, 1.5625, 2.34375, 3.125, 3.90625, 4.6875, 5.46875, 6.25, 7.03125, 7.8125, 8.59375, 9.375, 10.15625, 10.9375, 11.71875, 12.5, 13.28125, 14.0625, 14.84375, 15.625, 16.40625, 17.1875, 17.96875, 18.75, 19.53125, 20.3125, 21.09375, 21.875, 22.65625, 23.4375, 24.21875, 25.0, 25.78125, 26.5625, 27.34375, 28.125, 28.90625, 29.6875, 30.46875, 31.25, 32.03125, 32.8125, 33.59375, 34.375, 35.15625, 35.9375, 36.71875, 37.5, 38.28125, 39.0625, 39.84375, 40.625, 41.40625, 42.1875, 42.96875, 43.75, 44.53125, 45.3125, 46.09375, 46.875, 47.65625, 48.4375, 49.21875, 50.0, 50.78125, 51.5625, 52.34375, 53.125, 53.90625, 54.6875, 55.46875, 56.25, 57.03125, 57.8125, 58.59375, 59.375, 60.15625, 60.9375, 61.71875, 62.5, 63.28125, 64.0625, 64.84375, 65.625, 66.40625, 67.1875, 67.96875, 68.75, 69.53125, 70.3125, 71.09375, 71.875, 72.65625, 73.4375, 74.21875, 75.0, 75.78125, 76.5625, 77.34375, 78.125, 78.90625, 79.6875, 80.46875, 81.25, 82.03125, 82.8125, 83.59375, 84.375, 85.15625, 85.9375, 86.71875, 87.5, 88.28125, 89.0625, 89.84375, 90.625, 91.40625, 92.1875, 92.96875, 93.75, 94.53125, 95.3125, 96.09375, 96.875, 97.65625, 98.4375, 99.21875, 100.0]}