{"psd": [74.13022168931083, 83.11863109331696, 82.08958889157972, 76.73619346042655, 69.87341881747783, 64.72997045596502, 62.138552306963454, 60.722118778398595, 61.95740711421009, 64.39230249090892, 65.25971705578834, 64.40294987876985, 65.0286418710857, 65.23608412042624, 65.23882279092939, 64.80471061169155, 64.83500643516157, 66.07719641922446, 68.90816475901292, 70.80651124273234, 70.27876255405792, 68.71303513689762, 67.67060023874494, 68.04660283767171, 68.43124732148121, 68.59882295024812, 68.90486775093527, 68.93035218245322, 72.06116281045217, 72.08131130867143, 68.84077391472763, 68.76857881401855, 68.09735030579718, 68.46381436727822, 68.25039016290734, 69.30031464435935, 71.16129233284339, 75.8720116063209, 75.60580811185955, 71.47792754931663, 70.59657274294051, 70.17314011426875, 70.31755066657504, 70.26114641351559, 70.36172171863319, 70.31879435539459, 71.49734859956223, 71.57991742763852, 71.09500727064028, 70.18986727502556, 69.03647866533659, 68.13309611971687, 68.45175872902976, 68.96304359006201, 69.31928456103888, 68.7469179212647, 68.79086578625106, 68.67887060232599, 68.98772813599523, 67.95984958147154, 67.1448031941239, 66.88842240435356, 67.19434503818162, 66.87699579417779, 66.36455498330808, 66.58353027987549, 66.39502747132116, 65.8322514613977, 65.77789049336731, 65.66592944483536, 66.0111095039757, 66.09049527019357, 65.96768364679112, 66.65982518297686, 68.67749673601381, 72.51334731555386, 72.3773636748104, 68.97362116458841, 66.46103747079933, 65.9868203184716, 66.07317634025883, 66.34073298727148, 65.71124044562913, 65.83080400035468, 65.47299102960099, 65.48289240933228, 65.06534507847978, 65.35466308718156, 64.85307543072665, 65.45934230023222, 65.77657676313285, 65.94814516296647, 65.7665088481187, 65.6712324833318, 66.14607189533834, 67.80349511824849, 69.49284420953235, 68.19619022629925, 66.2368277785727, 66.7755011553048, 66.8185129587051, 66.40364535104256, 66.20886657046465, 65.73845188395987, 65.41399154073211, 66.20227938105113, 66.35288035578081, 66.33833958247035, 66.67045359900465, 66.2079489415799, 64.93293955149025, 64.91108242601507, 65.00891340253263, 64.97704918930533, 64.32593160772173, 66.01593114355978, 63.4220943358964, 56.6299718860445, 52.136621985198694, 46.946952700536144, 41.50483209165485, 35.24056593586354, 28.552809318923046, 23.164628089715794, 21.301738758830382, 21.1398514820036, 20.834985220024492, 21.222168881626885, 15.997100556271127], "f": [0.0, 0.78125, 1.5625, 2.34375, 3.125, 3.90625, 4.6875, 5.46875, 6.25, 7.03125, 7.8125, 8.59375, 9.375, 10.15625, 10.9375, 11.71875, 12.5, 13.28125, 14.0625, 14.84375, 15.625, 16.40625, 17.1875, 17.96875, 18.75, 19.53125, 20.3125, 21.09375, 21.875, 22.65625, 23.4375, 24.21875, 25.0, 25.78125, 26.5625, 27.34375, 28.125, 28.90625, 29.6875, 30.46875, 31.25, 32.03125, 32.8125, 33.59375, 34.375, 35.15625, 35.9375, 36.71875, 37.5, 38.28125, 39.0625, 39.84375, 40.625, 41.40625, 42.1875, 42.96875, 43.75, 44.53125, 45.3125, 46.09375, 46.875, 47.65625, 48.4375, 49.21875, 50.0, 50.78125, 51.5625, 52.34375, 53.125, 53.90625, 54.6875, 55.46875, 56.25, 57.03125, 57.8125, 58.59375, 59.375, 60.15625, 60.9375, 61.71875, 62.5, 63.28125, 64.0625, 64.84375, 65.625, 66.40625, 67.1875, 67.96875, 68.75, 69.53125, 70.3125, 71.09375, 71.875, 72.65625, 73.4375, 74.21875, 75.0, 75.78125, 76.5625, 77.34375, 78.125, 78.90625, 79.6875, 80.46875, 81.25, 82.03125, 82.8125, 83.59375, 84.375, 85.15625, 85.9375, 86.71875, 87.5, 88.28125, 89.0625, 89.84375, 90.625, 91.40625, 92.1875, 92.96875, 93.75, 94.53125, 95.3125, 96.09375, 96.875, 97.65625, 98.4375, 99.21875, 100.0]}