{"psd": [61.30141946746499, 70.43591117013274, 69.16195983533329, 68.1242284588561, 65.43286008396811, 61.67375883258202, 59.050863021260994, 57.40159234309371, 57.82125645518061, 59.02806670451055, 62.29678757232313, 66.21276175658784, 67.87299389109899, 65.97594571304855, 64.17000208522708, 61.72015051197876, 59.544478180086784, 62.2813249570368, 64.10668621583409, 61.95612712740336, 61.782707299317465, 63.67806539244494, 66.31921318186654, 63.954149688653345, 60.39247223070408, 61.805587529961166, 63.27701161662113, 64.61782194038345, 64.71142495188278, 65.45381764453572, 65.81518441358917, 65.532676397275, 65.82985774176534, 67.23443637517015, 65.71190840082964, 67.02387021753042, 66.1587071961841, 70.27149843370289, 80.91867470069994, 79.94477350540302, 66.5221444465759, 65.75706928791917, 66.64965622964424, 69.6801808152514, 69.82005408425755, 67.88102405224974, 67.08076220302401, 65.99688234107948, 65.99422228725025, 65.73052783573173, 65.56339112881015, 66.01343640783386, 66.29861133040154, 66.15934690960337, 66.50870163591905, 66.70166657945997, 67.76374282601483, 77.4802002155892, 78.50966631369377, 69.88690597509076, 68.69128427656007, 68.21416917407235, 68.75000393348795, 68.67244052369368, 68.95234118524269, 67.70116871758657, 67.79185060004183, 67.70865827613017, 67.6749804251759, 66.54138890304084, 67.17491496372669, 67.67027533195665, 66.81226646458967, 67.18073271958363, 69.38955214802422, 80.74392997628159, 91.16614099038758, 89.18152431020575, 73.66956386237277, 66.72469288638601, 66.46667744405241, 65.5836418106172, 69.03192370114348, 74.23770465826597, 70.3125452967788, 66.43338747099948, 66.66741927205523, 66.03095546274416, 66.56419629355703, 68.22010402395308, 67.22807874298408, 66.2277578960135, 65.59365223052345, 66.27160684928666, 66.31459777072719, 72.25818466135954, 77.82459995601373, 72.81718610087323, 66.9392414809412, 65.96404898312197, 65.12672332054967, 64.79475299247976, 65.12492083353149, 65.8681663954762, 66.91383876023393, 66.84458544330391, 66.92587453963489, 66.47295315337493, 65.7705681096993, 66.18311235041958, 66.01735086900706, 64.57255373232259, 63.53086960163133, 63.31971747428322, 64.44134339786143, 69.65595441501794, 66.24973579815611, 55.754978376135405, 50.96713975152351, 47.764188218318175, 40.896898441030565, 35.10130654029784, 28.069660818791213, 23.372585372835882, 21.58049532813708, 21.5854124321744, 22.109892350262207, 21.433299666171905, 16.306873451343176], "f": [0.0, 0.78125, 1.5625, 2.34375, 3.125, 3.90625, 4.6875, 5.46875, 6.25, 7.03125, 7.8125, 8.59375, 9.375, 10.15625, 10.9375, 11.71875, 12.5, 13.28125, 14.0625, 14.84375, 15.625, 16.40625, 17.1875, 17.96875, 18.75, 19.53125, 20.3125, 21.09375, 21.875, 22.65625, 23.4375, 24.21875, 25.0, 25.78125, 26.5625, 27.34375, 28.125, 28.90625, 29.6875, 30.46875, 31.25, 32.03125, 32.8125, 33.59375, 34.375, 35.15625, 35.9375, 36.71875, 37.5, 38.28125, 39.0625, 39.84375, 40.625, 41.40625, 42.1875, 42.96875, 43.75, 44.53125, 45.3125, 46.09375, 46.875, 47.65625, 48.4375, 49.21875, 50.0, 50.78125, 51.5625, 52.34375, 53.125, 53.90625, 54.6875, 55.46875, 56.25, 57.03125, 57.8125, 58.59375, 59.375, 60.15625, 60.9375, 61.71875, 62.5, 63.28125, 64.0625, 64.84375, 65.625, 66.40625, 67.1875, 67.96875, 68.75, 69.53125, 70.3125, 71.09375, 71.875, 72.65625, 73.4375, 74.21875, 75.0, 75.78125, 76.5625, 77.34375, 78.125, 78.90625, 79.6875, 80.46875, 81.25, 82.03125, 82.8125, 83.59375, 84.375, 85.15625, 85.9375, 86.71875, 87.5, 88.28125, 89.0625, 89.84375, 90.625, 91.40625, 92.1875, 92.96875, 93.75, 94.53125, 95.3125, 96.09375, 96.875, 97.65625, 98.4375, 99.21875, 100.0]}