{"psd": [70.01557227161436, 79.60751575097939, 75.97254343993805, 73.62099743366532, 69.7351710717563, 65.33211307151883, 60.499464997121564, 57.21684621313529, 56.74554058696021, 54.06138017469473, 52.752728134041405, 54.59655588476303, 55.26776924123071, 54.81213370957747, 57.417551687271384, 57.30157786794674, 55.402557551240534, 55.810658043819636, 57.683598068295694, 58.42191602632563, 60.53549887144223, 62.9329627453467, 63.85527370339112, 63.397374501180515, 62.65168641410754, 63.16509008145584, 64.32554838765229, 64.63296377545431, 64.27438403727392, 64.34460028844192, 67.6647703132014, 68.38001055073724, 62.93072025946575, 61.803907123805544, 61.85731371423855, 61.808303936162105, 61.65785741270128, 61.419960048219636, 62.15032295752693, 61.675960630781674, 60.99031410989451, 60.94927782579973, 60.42894357113872, 57.82757792728687, 58.657735478613986, 59.26833815000972, 59.806774852911566, 61.05897317455061, 61.00345108845205, 59.11047068837196, 58.66123810228734, 58.64260412157051, 59.97870081305423, 61.98518723520124, 62.50818279546373, 63.05270359535668, 62.257840680684055, 61.210931721479454, 60.820016585976326, 60.557739077539665, 61.55930849092, 61.96548654688311, 62.2459763304678, 60.97656715037006, 60.08431196387511, 59.45249950444168, 59.23419857320543, 59.55476590449821, 59.99526757422231, 60.559262656672516, 60.83801908266294, 59.66477550298643, 58.80936914248969, 58.40378831563796, 60.217785510528124, 65.05948767778504, 63.692371409500865, 60.61856122571679, 59.08706398069937, 58.1934733465902, 57.77354856008948, 58.49599526865685, 58.46829813425306, 57.898660453706626, 58.32156335277126, 58.651693849885056, 57.84637987774425, 57.672890176613606, 57.96935683309235, 57.68741774744741, 58.22395727102568, 58.801857295382405, 59.44625973176087, 59.83093165611291, 60.99129590267636, 61.91287108139497, 62.52125298683494, 62.31106161040919, 62.08019653612608, 61.12022582965622, 61.224078897845274, 61.325177870698795, 61.004556992798896, 60.74917950474169, 60.74198991584674, 60.63394359543991, 60.348644091724736, 59.23548580872398, 58.017119323405254, 58.861197824535125, 58.76646560073655, 57.76617506526446, 58.14387065908207, 56.68337390618524, 54.84000447695369, 54.57335206767241, 51.54777601916052, 46.00704864727029, 42.549868903859824, 38.14833397064578, 32.49013863542731, 27.174730975354944, 23.097530614751847, 22.0303520147856, 21.212667621537243, 21.12642383751835, 21.17291092183403, 21.22657887561172, 16.799738196659693], "f": [0.0, 0.78125, 1.5625, 2.34375, 3.125, 3.90625, 4.6875, 5.46875, 6.25, 7.03125, 7.8125, 8.59375, 9.375, 10.15625, 10.9375, 11.71875, 12.5, 13.28125, 14.0625, 14.84375, 15.625, 16.40625, 17.1875, 17.96875, 18.75, 19.53125, 20.3125, 21.09375, 21.875, 22.65625, 23.4375, 24.21875, 25.0, 25.78125, 26.5625, 27.34375, 28.125, 28.90625, 29.6875, 30.46875, 31.25, 32.03125, 32.8125, 33.59375, 34.375, 35.15625, 35.9375, 36.71875, 37.5, 38.28125, 39.0625, 39.84375, 40.625, 41.40625, 42.1875, 42.96875, 43.75, 44.53125, 45.3125, 46.09375, 46.875, 47.65625, 48.4375, 49.21875, 50.0, 50.78125, 51.5625, 52.34375, 53.125, 53.90625, 54.6875, 55.46875, 56.25, 57.03125, 57.8125, 58.59375, 59.375, 60.15625, 60.9375, 61.71875, 62.5, 63.28125, 64.0625, 64.84375, 65.625, 66.40625, 67.1875, 67.96875, 68.75, 69.53125, 70.3125, 71.09375, 71.875, 72.65625, 73.4375, 74.21875, 75.0, 75.78125, 76.5625, 77.34375, 78.125, 78.90625, 79.6875, 80.46875, 81.25, 82.03125, 82.8125, 83.59375, 84.375, 85.15625, 85.9375, 86.71875, 87.5, 88.28125, 89.0625, 89.84375, 90.625, 91.40625, 92.1875, 92.96875, 93.75, 94.53125, 95.3125, 96.09375, 96.875, 97.65625, 98.4375, 99.21875, 100.0]}