{"psd": [70.52948949850554, 79.31981796799968, 79.05287873522458, 75.69337001309223, 69.64236832398102, 63.26356659987905, 58.9793478611974, 56.79022865624922, 60.60323076300541, 62.32426851250122, 57.68897406419964, 60.360202102367175, 65.84854223447728, 65.75116601786492, 58.62609378645353, 57.38218210987446, 58.05005789569168, 59.25159370806434, 60.18325019641941, 61.87664404054486, 60.651469235105715, 60.04054281188558, 59.47908303128813, 59.832336908649964, 62.84323373269429, 66.606332621932, 63.82400777468922, 60.627300207725234, 60.67335883412881, 61.41833230344606, 60.771384793074645, 60.89960606877828, 61.74906467983732, 63.391348853733795, 63.96435958398612, 64.23573852822474, 62.98409597242731, 65.26052912865195, 66.37184386604285, 63.92955796218291, 62.54563886666646, 62.81572494658973, 63.95327327442026, 63.07836113584571, 63.237532654725264, 64.34580863936705, 65.83565262429262, 65.16099897327187, 65.52035335697296, 69.26471515737389, 73.52482057390606, 71.2262298184115, 67.30280083123249, 67.41283184382019, 68.02717035938586, 67.59305653683965, 67.35848423695431, 67.84490190110027, 69.41492106028053, 69.12532127995358, 67.03069127279096, 66.88678836685253, 67.04348208728626, 67.47797068207893, 66.38873882329476, 65.77954525629644, 65.89268429877332, 65.33815566153575, 64.85640698568417, 65.20727424691927, 64.79429609857011, 64.9205210083745, 64.58532075789086, 64.46360433188308, 65.39427006960022, 71.64268412918172, 77.9643326263469, 76.09870133111255, 69.2127377589644, 65.66296772581543, 63.27976310991518, 63.196533263390435, 63.60663632680094, 66.39490277526447, 64.61847946079078, 63.07089789377419, 62.87457143501291, 62.873988579959104, 62.23141435249346, 62.02921545186524, 62.48810261239348, 62.06019669189145, 62.4192793290065, 62.31110389804189, 62.12319955834929, 64.69497674225626, 68.18605718854472, 64.53745510678695, 61.8906894616498, 62.403381300653926, 62.28340443296739, 62.24167032788912, 61.871992786384595, 62.30337066946012, 62.69821413770682, 62.65534070903807, 62.50115687054329, 62.654476082165615, 63.06298474197697, 63.243650081379094, 62.75134383450908, 61.95520109943941, 61.44406492512346, 60.60637615195554, 60.19964228644543, 61.700172528826265, 58.42710035261314, 52.77890934201449, 49.05058269276345, 44.402678246800306, 38.820013083652405, 32.930496607908495, 26.690912448732504, 22.294088973850048, 21.75896361053589, 21.531546494535142, 21.1226651321004, 21.044708549787426, 16.556111609854582], "f": [0.0, 0.78125, 1.5625, 2.34375, 3.125, 3.90625, 4.6875, 5.46875, 6.25, 7.03125, 7.8125, 8.59375, 9.375, 10.15625, 10.9375, 11.71875, 12.5, 13.28125, 14.0625, 14.84375, 15.625, 16.40625, 17.1875, 17.96875, 18.75, 19.53125, 20.3125, 21.09375, 21.875, 22.65625, 23.4375, 24.21875, 25.0, 25.78125, 26.5625, 27.34375, 28.125, 28.90625, 29.6875, 30.46875, 31.25, 32.03125, 32.8125, 33.59375, 34.375, 35.15625, 35.9375, 36.71875, 37.5, 38.28125, 39.0625, 39.84375, 40.625, 41.40625, 42.1875, 42.96875, 43.75, 44.53125, 45.3125, 46.09375, 46.875, 47.65625, 48.4375, 49.21875, 50.0, 50.78125, 51.5625, 52.34375, 53.125, 53.90625, 54.6875, 55.46875, 56.25, 57.03125, 57.8125, 58.59375, 59.375, 60.15625, 60.9375, 61.71875, 62.5, 63.28125, 64.0625, 64.84375, 65.625, 66.40625, 67.1875, 67.96875, 68.75, 69.53125, 70.3125, 71.09375, 71.875, 72.65625, 73.4375, 74.21875, 75.0, 75.78125, 76.5625, 77.34375, 78.125, 78.90625, 79.6875, 80.46875, 81.25, 82.03125, 82.8125, 83.59375, 84.375, 85.15625, 85.9375, 86.71875, 87.5, 88.28125, 89.0625, 89.84375, 90.625, 91.40625, 92.1875, 92.96875, 93.75, 94.53125, 95.3125, 96.09375, 96.875, 97.65625, 98.4375, 99.21875, 100.0]}