{"psd": [45.7120813773234, 54.46993692504023, 54.05872554139579, 51.64387405450512, 49.639649335073855, 46.22759573732678, 43.901601448266156, 42.314148351078416, 41.339569162282636, 43.368242746870834, 47.269914405785336, 49.42773283284471, 46.46867143197003, 47.57141651101081, 47.27697535068681, 46.346679520313934, 48.45166598478822, 48.45686436246881, 52.33303420898869, 57.76399448745113, 57.14068448263844, 54.83161344602112, 54.08986853885324, 54.76044657612828, 54.79318750414713, 55.641914308560885, 57.2605479141042, 57.87449323512243, 58.20612263467207, 59.19308040752374, 60.00015663967203, 60.62436698075213, 59.94479822233192, 59.460417651010815, 59.48415212271664, 59.63317240403026, 59.48910661433895, 60.96358813231547, 63.85482042219476, 63.5498382478308, 63.422552617423946, 61.69406863646603, 60.737650558267475, 59.14156165340746, 58.56997268348168, 58.793623800697716, 58.22941584961939, 58.94822415165767, 60.363279714812776, 62.28706893675728, 63.158708040900784, 60.46508408661472, 58.7950393734159, 58.19184639580144, 58.014716191648496, 58.089002998311194, 58.27935007675636, 61.299989841138974, 63.70644576495523, 61.02232530841224, 60.22053690596172, 59.45544392825202, 59.27846588241622, 58.89491979645587, 58.43894928357489, 56.89513220107437, 57.558554427985655, 64.8452099115845, 65.76921395956715, 58.72669879866124, 57.36243655548152, 57.70696549875155, 57.22897984250832, 56.873111503570286, 57.70434998157391, 60.990474316392856, 61.89536542156929, 62.492526183329026, 60.5014487131404, 58.21253552523906, 57.90147350381871, 57.63553508888724, 57.2592632933941, 57.134266978745096, 56.41347548640512, 56.9942777186576, 65.06515496309389, 68.52627679960807, 63.19708201402584, 58.21641911637993, 57.01147182933607, 56.38392188536226, 55.887869007143074, 56.24039382207848, 56.6959738278903, 57.357348801423605, 57.66337981571571, 57.20571692777781, 56.41273872683807, 56.14769549070946, 56.073816531712964, 56.10472683632371, 56.40092643953368, 56.10312034270947, 56.08480506676288, 57.324268728799446, 60.28840205292486, 58.19911100155329, 55.41272360653012, 55.63138954354861, 55.221471505351296, 54.673128142345305, 54.63314139068682, 53.61100025600979, 52.495640108090186, 51.944567312652914, 50.61984732419305, 46.481368304501764, 41.74194579584446, 36.8342272479621, 31.287140120224404, 26.06417777729998, 22.84770815182683, 21.807988721737644, 22.39997128449954, 22.116765754425572, 22.00422729434516, 22.314478824569882, 17.11928329079304], "f": [0.0, 0.78125, 1.5625, 2.34375, 3.125, 3.90625, 4.6875, 5.46875, 6.25, 7.03125, 7.8125, 8.59375, 9.375, 10.15625, 10.9375, 11.71875, 12.5, 13.28125, 14.0625, 14.84375, 15.625, 16.40625, 17.1875, 17.96875, 18.75, 19.53125, 20.3125, 21.09375, 21.875, 22.65625, 23.4375, 24.21875, 25.0, 25.78125, 26.5625, 27.34375, 28.125, 28.90625, 29.6875, 30.46875, 31.25, 32.03125, 32.8125, 33.59375, 34.375, 35.15625, 35.9375, 36.71875, 37.5, 38.28125, 39.0625, 39.84375, 40.625, 41.40625, 42.1875, 42.96875, 43.75, 44.53125, 45.3125, 46.09375, 46.875, 47.65625, 48.4375, 49.21875, 50.0, 50.78125, 51.5625, 52.34375, 53.125, 53.90625, 54.6875, 55.46875, 56.25, 57.03125, 57.8125, 58.59375, 59.375, 60.15625, 60.9375, 61.71875, 62.5, 63.28125, 64.0625, 64.84375, 65.625, 66.40625, 67.1875, 67.96875, 68.75, 69.53125, 70.3125, 71.09375, 71.875, 72.65625, 73.4375, 74.21875, 75.0, 75.78125, 76.5625, 77.34375, 78.125, 78.90625, 79.6875, 80.46875, 81.25, 82.03125, 82.8125, 83.59375, 84.375, 85.15625, 85.9375, 86.71875, 87.5, 88.28125, 89.0625, 89.84375, 90.625, 91.40625, 92.1875, 92.96875, 93.75, 94.53125, 95.3125, 96.09375, 96.875, 97.65625, 98.4375, 99.21875, 100.0]}