{"psd": [51.272771158333896, 60.29273685683937, 60.4866100361827, 57.975383636938, 54.68410919555234, 51.75544204025737, 47.620141534318236, 43.85888178246651, 43.90702994354478, 50.52340279234731, 59.63173226565981, 58.75412004797265, 57.59468800430112, 55.807731229281856, 56.87086351308969, 68.21158889998797, 67.53944749918085, 55.8940023045364, 53.499707518819704, 59.580767982896376, 60.07585629114566, 58.84875236145496, 53.75661186173965, 51.29335562070188, 53.41473875137613, 53.78183724284116, 55.54590631197606, 54.3911068813692, 54.13809097660643, 55.05017996203637, 60.197609541904896, 63.38736579840615, 58.752460098439705, 56.10304045418219, 54.23707149869628, 53.39972975013634, 56.067801283471816, 54.1459595231182, 57.06710064302215, 57.88840185844873, 59.37382465613225, 61.78360358511683, 59.44317879966253, 55.92948016251804, 54.67656802973927, 53.648480610425935, 54.82633972376041, 55.3827673518459, 56.740867407956955, 58.40245692724842, 60.78194424239221, 64.7045260819085, 64.30604946038301, 61.26317144126676, 59.23167206772564, 58.084218798819485, 57.87378319041139, 58.06029811798845, 59.35365923317732, 61.04483312714819, 61.60135392208667, 65.22421062481762, 66.6767103241593, 66.38724180739007, 66.08300583029313, 62.75781204342407, 60.50505460973397, 60.125918750839105, 60.24957433187939, 60.437089139924815, 60.34644756307996, 61.66989924632911, 63.19217572783478, 62.43882370222798, 60.76971536537455, 61.712506886942045, 66.12530340277192, 64.55100453091931, 59.41507246362398, 59.610501043268194, 59.81793790382568, 60.55325040975315, 61.09716103209071, 60.79875832443848, 60.21443917121334, 60.160408927543905, 59.877123485168354, 59.42155017183326, 59.25516559687598, 59.707427729816665, 59.23578904905854, 60.2221378244153, 64.28968918118133, 64.24762533881162, 61.060676587488956, 59.877780726951485, 59.29255895501786, 58.767687879088804, 59.18228581396333, 59.224937082117734, 59.11220849878261, 59.42621772162824, 59.56146107638996, 59.82183940357557, 59.437159232750346, 58.91072337351949, 59.14060294400834, 59.07154809830742, 58.601991159092755, 58.7083545383561, 58.79485976556001, 58.395925704851486, 58.59280489999017, 57.60788968150884, 56.59664911186992, 57.30712181967778, 54.85085764954987, 48.97216954114744, 44.97252666798456, 40.22661985811205, 35.36584088850634, 29.433049828430985, 24.52929390018651, 22.45978210901697, 21.922141727089052, 21.818863470430184, 21.909341678886083, 21.92095100264137, 17.293358373509385], "f": [0.0, 0.78125, 1.5625, 2.34375, 3.125, 3.90625, 4.6875, 5.46875, 6.25, 7.03125, 7.8125, 8.59375, 9.375, 10.15625, 10.9375, 11.71875, 12.5, 13.28125, 14.0625, 14.84375, 15.625, 16.40625, 17.1875, 17.96875, 18.75, 19.53125, 20.3125, 21.09375, 21.875, 22.65625, 23.4375, 24.21875, 25.0, 25.78125, 26.5625, 27.34375, 28.125, 28.90625, 29.6875, 30.46875, 31.25, 32.03125, 32.8125, 33.59375, 34.375, 35.15625, 35.9375, 36.71875, 37.5, 38.28125, 39.0625, 39.84375, 40.625, 41.40625, 42.1875, 42.96875, 43.75, 44.53125, 45.3125, 46.09375, 46.875, 47.65625, 48.4375, 49.21875, 50.0, 50.78125, 51.5625, 52.34375, 53.125, 53.90625, 54.6875, 55.46875, 56.25, 57.03125, 57.8125, 58.59375, 59.375, 60.15625, 60.9375, 61.71875, 62.5, 63.28125, 64.0625, 64.84375, 65.625, 66.40625, 67.1875, 67.96875, 68.75, 69.53125, 70.3125, 71.09375, 71.875, 72.65625, 73.4375, 74.21875, 75.0, 75.78125, 76.5625, 77.34375, 78.125, 78.90625, 79.6875, 80.46875, 81.25, 82.03125, 82.8125, 83.59375, 84.375, 85.15625, 85.9375, 86.71875, 87.5, 88.28125, 89.0625, 89.84375, 90.625, 91.40625, 92.1875, 92.96875, 93.75, 94.53125, 95.3125, 96.09375, 96.875, 97.65625, 98.4375, 99.21875, 100.0]}