{"psd": [57.80450606562617, 66.39304926310935, 66.1648941992819, 61.535416027543704, 54.734991134270494, 49.320829198312225, 45.937119770311774, 43.58636109264247, 46.868204996977994, 47.705831452029024, 47.37779242149561, 48.58409016133061, 49.09780122850104, 49.55875037167602, 51.26354955391261, 52.142711936683924, 53.98683050321345, 54.16505630276947, 52.37176204597383, 52.45730787257046, 53.30134006852137, 54.34753900969474, 53.97304194623636, 54.090128579812735, 54.71785666999235, 54.53080447480132, 55.666763592151995, 57.52530488540331, 56.93472797454193, 56.74361905577761, 58.459478563830835, 60.856741014999606, 61.99309416999766, 61.93497262215283, 60.93347832129701, 59.79671663468797, 59.94111769032167, 60.354797475751255, 61.6055562119474, 63.37578470217687, 65.18182199505574, 64.53469102985731, 64.69285829981352, 63.13604243847095, 62.3971057744471, 62.70132468103814, 62.829986573129034, 64.04236991792996, 65.51683815139667, 65.01371488973534, 65.37289023644766, 65.53946956551711, 64.67031514231289, 63.50085341759553, 63.62220343600141, 64.48167825199819, 65.39245000632667, 65.27444070003354, 65.64378913566368, 66.13257585729839, 65.42240846961538, 65.07170310370832, 65.52619310704608, 70.69473694877044, 73.16138063313083, 69.08653891733464, 66.32401460818028, 67.04702651659048, 66.94350427006393, 66.5446802469589, 65.69610083808361, 66.23777831601672, 66.34917867068025, 66.21821612362665, 66.11507961204705, 67.4012393971005, 68.52931065054791, 67.29049334045817, 65.9948328256401, 66.4733603358798, 67.02145281651603, 66.0735575245735, 66.2121903466004, 66.71183050224425, 66.97566146786373, 66.80085051191352, 66.5666704329245, 67.26611897273531, 67.83297852069465, 66.03525484933937, 65.59465141495899, 65.49450659449593, 64.96339354545698, 65.5576669272991, 66.36707396738734, 67.31544335864314, 68.00248215197907, 66.91594311111044, 66.29243886095807, 65.5328344574751, 65.11137920651522, 65.35500983659726, 65.1228501005018, 65.75900006083461, 65.44166679593913, 64.88014588608901, 64.24754135853176, 63.99142602508006, 63.76336367259441, 63.516739086918, 63.19011799425593, 63.441368384651184, 62.7336793283791, 62.366778450681466, 61.13259779743678, 60.885142952848064, 58.41816261233069, 54.195384138700305, 50.38961233780276, 45.716238088300216, 40.37799286076539, 33.94726449011123, 26.718371426149613, 22.954042465644445, 22.118804834459574, 21.776434319899597, 22.207882194603386, 22.013703621726876, 16.54663281512442], "f": [0.0, 0.78125, 1.5625, 2.34375, 3.125, 3.90625, 4.6875, 5.46875, 6.25, 7.03125, 7.8125, 8.59375, 9.375, 10.15625, 10.9375, 11.71875, 12.5, 13.28125, 14.0625, 14.84375, 15.625, 16.40625, 17.1875, 17.96875, 18.75, 19.53125, 20.3125, 21.09375, 21.875, 22.65625, 23.4375, 24.21875, 25.0, 25.78125, 26.5625, 27.34375, 28.125, 28.90625, 29.6875, 30.46875, 31.25, 32.03125, 32.8125, 33.59375, 34.375, 35.15625, 35.9375, 36.71875, 37.5, 38.28125, 39.0625, 39.84375, 40.625, 41.40625, 42.1875, 42.96875, 43.75, 44.53125, 45.3125, 46.09375, 46.875, 47.65625, 48.4375, 49.21875, 50.0, 50.78125, 51.5625, 52.34375, 53.125, 53.90625, 54.6875, 55.46875, 56.25, 57.03125, 57.8125, 58.59375, 59.375, 60.15625, 60.9375, 61.71875, 62.5, 63.28125, 64.0625, 64.84375, 65.625, 66.40625, 67.1875, 67.96875, 68.75, 69.53125, 70.3125, 71.09375, 71.875, 72.65625, 73.4375, 74.21875, 75.0, 75.78125, 76.5625, 77.34375, 78.125, 78.90625, 79.6875, 80.46875, 81.25, 82.03125, 82.8125, 83.59375, 84.375, 85.15625, 85.9375, 86.71875, 87.5, 88.28125, 89.0625, 89.84375, 90.625, 91.40625, 92.1875, 92.96875, 93.75, 94.53125, 95.3125, 96.09375, 96.875, 97.65625, 98.4375, 99.21875, 100.0]}