{"psd": [54.15149358050168, 62.98629541387189, 62.2745322714505, 59.29005219283641, 55.854310260001476, 51.62560054444651, 48.06299041386238, 47.57824464542354, 53.10376879609685, 55.297449037267555, 56.8522177331036, 57.99052769766571, 54.444940476247325, 53.242082929469504, 66.11442211071594, 68.6377670203676, 60.936650715633974, 56.41338561197364, 56.00899804249528, 60.65813238233503, 60.98410220246545, 56.999762781623005, 60.97635443401387, 59.282077718888004, 54.189396740078465, 55.364546232614806, 57.263138951779375, 61.72800039308789, 58.485647173868244, 58.91848503177562, 58.0479636675562, 57.6220539882308, 56.08273399336842, 55.876028836808366, 56.85803293612874, 57.15560123301641, 56.619474085681176, 58.401494004386116, 64.8541109055242, 66.54190411410957, 63.397066832569806, 61.56477751737893, 61.32654982225358, 58.732244470932464, 58.42186417809509, 58.38119725732014, 59.89343019649005, 62.544711342290114, 65.59299259687324, 65.69925446167632, 64.97323435906819, 62.73052205098515, 61.01395851210042, 59.88381090152592, 60.94036723348203, 61.31834690103838, 62.4469705715753, 65.38898383945921, 67.04529667854175, 66.16674502849877, 64.73215501217824, 63.03289221214363, 62.288153272443736, 64.23881781515303, 66.35519803403342, 66.61884544344471, 69.2518900301748, 69.50643970791518, 69.69733355819488, 70.05348407377228, 66.73977595259016, 65.74117265394004, 65.26104702101516, 65.88341693149681, 67.49905888529335, 70.16545677937637, 74.6750484197583, 73.33716883902432, 68.20863252808388, 67.2063744096444, 66.26110399080802, 66.71303396130021, 66.33841629713777, 67.6651501726133, 67.12731917124924, 66.1909647016306, 66.22962822425472, 65.56263469529222, 66.46633519991501, 66.71952655374713, 67.43225773709462, 67.68341131075493, 66.84802015994642, 66.24222786592163, 66.04796995291902, 67.80279419716301, 71.35412612975871, 67.77703053239749, 65.95396686164678, 66.14458345627182, 66.27170119118466, 66.36054692233009, 66.60202549896691, 67.19802751071278, 67.04287834311566, 65.82568303702956, 65.29775494427359, 65.13022293183559, 65.20758933892827, 65.08900442679045, 64.96663428743398, 64.55404517428713, 64.40483212820286, 63.7634070292995, 62.878982928748485, 62.59793989636063, 59.79514236246362, 56.14417630111153, 53.00600291846038, 47.961392833845565, 42.46985127820647, 36.04912358305643, 30.07632518435086, 24.52466375725688, 22.55206894187387, 22.006316312326256, 22.231652078517214, 21.923234254891923, 17.377221558349603], "f": [0.0, 0.78125, 1.5625, 2.34375, 3.125, 3.90625, 4.6875, 5.46875, 6.25, 7.03125, 7.8125, 8.59375, 9.375, 10.15625, 10.9375, 11.71875, 12.5, 13.28125, 14.0625, 14.84375, 15.625, 16.40625, 17.1875, 17.96875, 18.75, 19.53125, 20.3125, 21.09375, 21.875, 22.65625, 23.4375, 24.21875, 25.0, 25.78125, 26.5625, 27.34375, 28.125, 28.90625, 29.6875, 30.46875, 31.25, 32.03125, 32.8125, 33.59375, 34.375, 35.15625, 35.9375, 36.71875, 37.5, 38.28125, 39.0625, 39.84375, 40.625, 41.40625, 42.1875, 42.96875, 43.75, 44.53125, 45.3125, 46.09375, 46.875, 47.65625, 48.4375, 49.21875, 50.0, 50.78125, 51.5625, 52.34375, 53.125, 53.90625, 54.6875, 55.46875, 56.25, 57.03125, 57.8125, 58.59375, 59.375, 60.15625, 60.9375, 61.71875, 62.5, 63.28125, 64.0625, 64.84375, 65.625, 66.40625, 67.1875, 67.96875, 68.75, 69.53125, 70.3125, 71.09375, 71.875, 72.65625, 73.4375, 74.21875, 75.0, 75.78125, 76.5625, 77.34375, 78.125, 78.90625, 79.6875, 80.46875, 81.25, 82.03125, 82.8125, 83.59375, 84.375, 85.15625, 85.9375, 86.71875, 87.5, 88.28125, 89.0625, 89.84375, 90.625, 91.40625, 92.1875, 92.96875, 93.75, 94.53125, 95.3125, 96.09375, 96.875, 97.65625, 98.4375, 99.21875, 100.0]}