{"psd": [56.26131610405735, 65.05005676260151, 64.57858202755556, 61.28446742199084, 56.91988228506322, 52.16617935867717, 48.687579158897485, 49.327640485281286, 50.07727415004588, 52.76132135805014, 53.91315560949896, 55.60923368189127, 58.00234906654688, 56.51350552823486, 56.7044255314508, 56.88236686880671, 55.99797312780755, 55.5925844788515, 59.1573760055822, 62.71440688045225, 58.59121646129764, 54.39205822379922, 55.43687557052651, 56.366828113701175, 57.22625415281964, 56.839082608753635, 57.24195898287516, 60.47680873539587, 59.361201645327526, 58.68808285769496, 59.04662232392163, 59.256686926736826, 59.16197969687236, 59.00110031874534, 58.41588616321811, 57.44596947519052, 58.29840800535954, 59.58418825366408, 61.19455920268743, 60.198184472188146, 59.836105730285325, 59.39186675405048, 59.14647331285203, 59.23823075176073, 59.75205248210674, 60.55170351939555, 61.12549577960718, 61.76939089037748, 61.101405913040445, 61.95668421593165, 62.348350465921115, 62.40870002808264, 61.950532409279845, 61.19897476088451, 61.770319493521285, 62.704967479009994, 63.79693592153895, 64.91401127006206, 64.54274306070499, 64.04630167676135, 64.63306454396329, 64.20834117857795, 65.11584819398125, 64.85121394205984, 64.10471233667184, 64.94115344049354, 65.09883778181985, 63.12304739498564, 63.00534212911412, 62.95294735770132, 63.15309380223419, 64.01688180188276, 64.2356408693255, 64.71658089632852, 64.78995994836677, 67.9558352525911, 74.95103132879285, 73.41187123086245, 66.84931846176137, 66.20208637789955, 65.69841898067979, 64.55926090017816, 63.73146586884626, 63.57905808722266, 63.6723622745092, 63.438910830273294, 63.654603364277726, 63.72907252329618, 63.305645255741815, 62.99802422805926, 62.49387265352789, 61.328399114256264, 62.25311183917226, 62.56314338959864, 63.42024597126616, 64.83256070470064, 63.27621931654876, 61.657374150186435, 61.89360737535371, 62.70281895568934, 63.93256349400306, 62.68409427202762, 62.15853457932241, 61.75219369175547, 61.21323267694279, 60.60853017372891, 61.771157129566454, 61.72311798467963, 61.54045059266082, 61.62579339989547, 61.5171405360553, 60.98652798190527, 60.40447005632157, 59.62568801526733, 59.36032840672459, 58.33762809268515, 55.143458760642915, 51.94131312558159, 47.898185138851886, 43.48456009822285, 38.47790379504427, 32.20439586229159, 26.819005459561108, 23.454871872160815, 21.858945279399933, 22.224874474607738, 22.285042453468442, 21.931504105700025, 16.996661086193456], "f": [0.0, 0.78125, 1.5625, 2.34375, 3.125, 3.90625, 4.6875, 5.46875, 6.25, 7.03125, 7.8125, 8.59375, 9.375, 10.15625, 10.9375, 11.71875, 12.5, 13.28125, 14.0625, 14.84375, 15.625, 16.40625, 17.1875, 17.96875, 18.75, 19.53125, 20.3125, 21.09375, 21.875, 22.65625, 23.4375, 24.21875, 25.0, 25.78125, 26.5625, 27.34375, 28.125, 28.90625, 29.6875, 30.46875, 31.25, 32.03125, 32.8125, 33.59375, 34.375, 35.15625, 35.9375, 36.71875, 37.5, 38.28125, 39.0625, 39.84375, 40.625, 41.40625, 42.1875, 42.96875, 43.75, 44.53125, 45.3125, 46.09375, 46.875, 47.65625, 48.4375, 49.21875, 50.0, 50.78125, 51.5625, 52.34375, 53.125, 53.90625, 54.6875, 55.46875, 56.25, 57.03125, 57.8125, 58.59375, 59.375, 60.15625, 60.9375, 61.71875, 62.5, 63.28125, 64.0625, 64.84375, 65.625, 66.40625, 67.1875, 67.96875, 68.75, 69.53125, 70.3125, 71.09375, 71.875, 72.65625, 73.4375, 74.21875, 75.0, 75.78125, 76.5625, 77.34375, 78.125, 78.90625, 79.6875, 80.46875, 81.25, 82.03125, 82.8125, 83.59375, 84.375, 85.15625, 85.9375, 86.71875, 87.5, 88.28125, 89.0625, 89.84375, 90.625, 91.40625, 92.1875, 92.96875, 93.75, 94.53125, 95.3125, 96.09375, 96.875, 97.65625, 98.4375, 99.21875, 100.0]}