{"psd": [48.28914354009295, 56.61436859286967, 54.586905251113095, 51.62345242384405, 51.67144275518197, 55.463218755236895, 51.47562862476037, 46.44416161057136, 47.20380300936375, 49.38171243440777, 53.11760367605606, 53.64255644690431, 50.63355263360692, 54.00757258990304, 61.08893036929907, 62.2270324040753, 54.88496998759671, 51.31705670817812, 52.89393583331765, 57.5999433065218, 58.415456473797505, 55.29224606378189, 58.25222474729373, 57.3372464904217, 53.718742713578806, 56.236737334883635, 56.647993885963885, 57.53122220625336, 57.78376616699138, 61.36887029887396, 60.680440777668466, 58.855814174397864, 57.33259419665724, 58.56479013254102, 61.46942361059348, 60.61268166615571, 62.82148622235516, 60.81297917785129, 61.940370774855225, 62.6094122788372, 61.78990178747459, 61.120356349737705, 60.77417571128085, 62.52672342341391, 62.810836521897315, 64.01316398909827, 62.46077281974764, 63.31484182680634, 67.4514919644574, 69.22696242704235, 66.37890109160155, 65.96845089656814, 63.70904273810762, 62.778558474630316, 62.33871087326138, 61.21693707273397, 63.40725015579188, 64.78357624407586, 66.97158064756121, 67.5182121852239, 66.84528675440626, 67.79307918868794, 67.19424841192134, 67.0462253657583, 66.49425274487305, 66.05722721312075, 66.98162263136967, 67.76198078092675, 69.7215547304655, 69.51560759195485, 69.10347525472257, 69.81727671833325, 69.15105830478308, 67.91987289644237, 67.59723608628042, 68.41162306994757, 72.97178915360101, 72.52959804777103, 70.20315030115961, 69.78530190235067, 69.60647519570743, 70.41430475744937, 70.56415667226005, 69.76854486661813, 69.11285705388948, 68.18894285436181, 68.70813346205813, 69.29462982188308, 69.93458247606418, 69.6238769037046, 71.0097634383486, 70.75001997168802, 70.5404510189651, 70.18797377171049, 69.28473235383328, 69.5885970375974, 69.7109388643633, 70.46343256599786, 70.65879499222083, 70.94695287857058, 70.37987132343639, 70.42467940772781, 70.32230265788286, 70.13627990339215, 70.23126412297871, 70.08522751542431, 70.88888464539403, 71.32423937159076, 71.37865243935923, 71.63707638257873, 71.42262318707449, 70.91576158862142, 70.4004026772151, 69.74780342243234, 68.08098170992207, 66.93101509781889, 64.85198834604437, 61.54619635157892, 57.82101339134727, 52.857389433974326, 46.504978797548475, 40.05602167900132, 32.58143198548877, 25.067764607269364, 22.50947876509754, 22.205668070502757, 21.933594429489048, 21.982452404998114, 16.923287312267025], "f": [0.0, 0.78125, 1.5625, 2.34375, 3.125, 3.90625, 4.6875, 5.46875, 6.25, 7.03125, 7.8125, 8.59375, 9.375, 10.15625, 10.9375, 11.71875, 12.5, 13.28125, 14.0625, 14.84375, 15.625, 16.40625, 17.1875, 17.96875, 18.75, 19.53125, 20.3125, 21.09375, 21.875, 22.65625, 23.4375, 24.21875, 25.0, 25.78125, 26.5625, 27.34375, 28.125, 28.90625, 29.6875, 30.46875, 31.25, 32.03125, 32.8125, 33.59375, 34.375, 35.15625, 35.9375, 36.71875, 37.5, 38.28125, 39.0625, 39.84375, 40.625, 41.40625, 42.1875, 42.96875, 43.75, 44.53125, 45.3125, 46.09375, 46.875, 47.65625, 48.4375, 49.21875, 50.0, 50.78125, 51.5625, 52.34375, 53.125, 53.90625, 54.6875, 55.46875, 56.25, 57.03125, 57.8125, 58.59375, 59.375, 60.15625, 60.9375, 61.71875, 62.5, 63.28125, 64.0625, 64.84375, 65.625, 66.40625, 67.1875, 67.96875, 68.75, 69.53125, 70.3125, 71.09375, 71.875, 72.65625, 73.4375, 74.21875, 75.0, 75.78125, 76.5625, 77.34375, 78.125, 78.90625, 79.6875, 80.46875, 81.25, 82.03125, 82.8125, 83.59375, 84.375, 85.15625, 85.9375, 86.71875, 87.5, 88.28125, 89.0625, 89.84375, 90.625, 91.40625, 92.1875, 92.96875, 93.75, 94.53125, 95.3125, 96.09375, 96.875, 97.65625, 98.4375, 99.21875, 100.0]}