{"psd": [58.16278392374099, 67.03068807488452, 66.12064673981588, 61.649758027601436, 56.94520900378741, 51.94372231974172, 47.09598803372891, 45.59210998207301, 44.274336233206895, 44.94274930932316, 47.38870791851889, 46.44049096949271, 48.15909330653866, 55.13951336205214, 56.33999472907525, 50.002499081982954, 49.72389007445479, 51.414379827533374, 52.7809141960791, 52.37541245677292, 57.316983459138136, 55.016731754831, 50.58005662740376, 50.82385729523046, 51.77298026042446, 52.35807869989625, 53.91393580287097, 56.268880019924026, 54.82730720653287, 54.69874565221649, 55.705407892241595, 55.53391313029643, 53.6939173085029, 54.10797895277593, 54.41372251091416, 55.36282442878278, 55.80278050766816, 56.79324721753953, 63.59910187034465, 62.767692568280424, 58.678896042823595, 57.948876204212354, 56.73772616618281, 57.2822303028866, 58.34826270141775, 60.04143614538808, 59.565301561458625, 58.19167530365575, 58.00552707882161, 58.56481522168559, 59.981624179619146, 59.73283498149162, 60.09849728553759, 61.035176672849275, 61.5428274862425, 60.83850323375841, 60.484424747924486, 60.466719936791804, 60.30537206201888, 59.84263826488843, 63.13184602814892, 62.45509998399284, 62.21106866849583, 63.6834464955344, 63.44105872088295, 62.260237155505116, 61.76964524420487, 60.999334319277274, 60.95586307169037, 61.004844698418104, 62.54600807858972, 63.00893498901662, 62.33142404682599, 61.460480763853134, 60.34774042311173, 66.6907294288224, 76.37995686252965, 74.76912919361936, 63.62470148997466, 60.86905740978631, 62.55845816774635, 63.189617266735624, 62.18616136067101, 64.77083438430998, 61.0595229797797, 58.928971977460705, 59.83413442514875, 60.134769324044214, 60.08848148192015, 60.37826717424052, 62.18458800233235, 62.394679646787495, 61.697828696549024, 60.74445781078305, 59.75115135199732, 62.10976790969744, 65.63913309167255, 62.04054308920263, 60.329809746814256, 59.72185351691691, 59.97871079374647, 60.1393040675708, 59.99293473762162, 59.817760001776705, 59.802409564339065, 59.80007214756371, 59.591589399651895, 60.07932393188305, 60.06011679564253, 59.53519853566198, 59.670881836249166, 60.14813942306165, 59.59158812181464, 57.48176174370891, 56.06376089236093, 56.020464216165905, 53.0346388099225, 48.82931293744389, 45.28111208331521, 40.54006436651852, 34.52002078298391, 29.6666520756518, 24.874980431674597, 22.468598262975963, 22.154514170022402, 22.14294629388561, 21.86074458591996, 22.243704961526518, 17.19945758251084], "f": [0.0, 0.78125, 1.5625, 2.34375, 3.125, 3.90625, 4.6875, 5.46875, 6.25, 7.03125, 7.8125, 8.59375, 9.375, 10.15625, 10.9375, 11.71875, 12.5, 13.28125, 14.0625, 14.84375, 15.625, 16.40625, 17.1875, 17.96875, 18.75, 19.53125, 20.3125, 21.09375, 21.875, 22.65625, 23.4375, 24.21875, 25.0, 25.78125, 26.5625, 27.34375, 28.125, 28.90625, 29.6875, 30.46875, 31.25, 32.03125, 32.8125, 33.59375, 34.375, 35.15625, 35.9375, 36.71875, 37.5, 38.28125, 39.0625, 39.84375, 40.625, 41.40625, 42.1875, 42.96875, 43.75, 44.53125, 45.3125, 46.09375, 46.875, 47.65625, 48.4375, 49.21875, 50.0, 50.78125, 51.5625, 52.34375, 53.125, 53.90625, 54.6875, 55.46875, 56.25, 57.03125, 57.8125, 58.59375, 59.375, 60.15625, 60.9375, 61.71875, 62.5, 63.28125, 64.0625, 64.84375, 65.625, 66.40625, 67.1875, 67.96875, 68.75, 69.53125, 70.3125, 71.09375, 71.875, 72.65625, 73.4375, 74.21875, 75.0, 75.78125, 76.5625, 77.34375, 78.125, 78.90625, 79.6875, 80.46875, 81.25, 82.03125, 82.8125, 83.59375, 84.375, 85.15625, 85.9375, 86.71875, 87.5, 88.28125, 89.0625, 89.84375, 90.625, 91.40625, 92.1875, 92.96875, 93.75, 94.53125, 95.3125, 96.09375, 96.875, 97.65625, 98.4375, 99.21875, 100.0]}