{"psd": [54.97864538713716, 64.376237335757, 64.34054757577722, 60.69171366575472, 55.843797795247085, 50.50475777070582, 46.500106819791434, 45.438839310134725, 45.22071790666077, 44.88987296183025, 49.30553074185448, 51.678156685571295, 52.61672931798912, 51.679336120870964, 49.68635101818877, 50.02982126797731, 49.95729615141228, 50.83117359114786, 53.93073064867359, 53.73050175822571, 55.408199444259836, 56.97606831228815, 57.77511728211583, 57.141926041080985, 58.56864838076341, 60.421565180783986, 61.39593246572417, 62.05680783340547, 61.89161887789744, 62.388130109566205, 62.54110779209596, 63.36936328911774, 63.969686890361416, 64.38384428601802, 64.49999174939302, 64.0673056837059, 63.94359345236484, 62.402567638460546, 61.54725293048136, 61.80115422628142, 61.199284523195566, 61.653469992466, 63.19010869449383, 63.90991555985881, 64.94718771550176, 65.85760059055237, 65.0198567356268, 65.74470813369555, 66.42500850593171, 67.0195060628422, 67.0661907331143, 66.53933643387168, 65.24509528822989, 64.3794893499882, 64.46958063124833, 65.82740490965273, 66.8275714160127, 67.57144209683946, 68.93501389806354, 69.55519325587193, 68.32968523357964, 67.15641216083553, 66.20859997239624, 66.24809477101915, 66.61504767159096, 67.6166068522478, 67.07914825366437, 65.89336066894586, 66.06400186722479, 66.50414996043045, 66.81583294421446, 67.99161948748002, 69.69330239289096, 69.39286458978793, 69.00894085392937, 70.55004068924399, 73.8677613561384, 72.74764612975487, 70.46074514242348, 69.9794133789918, 69.95354464979943, 69.94205066971307, 70.5122721814384, 71.512072126779, 71.68284557127183, 71.8457711626605, 71.92204450771386, 70.68240771925967, 70.00976890122115, 69.62540172678649, 68.77641851579223, 69.28705980285378, 70.0231760175748, 70.33445079859473, 69.44271845281948, 68.60591523110847, 67.411119344988, 66.85077074128421, 67.62752884781341, 68.00319645688263, 67.92110104811893, 67.2598228751256, 67.15116778369797, 67.05927699488737, 67.22067418626416, 67.04706998329146, 66.45463465780944, 64.76785389644976, 64.17580024848557, 62.65243537172216, 62.45123783069126, 63.52573392562313, 63.30236406752916, 61.44756767104133, 59.906356512030214, 58.406123210213956, 56.23985888493121, 51.65017930859448, 46.658593166323065, 42.387522953481316, 37.868674108700006, 32.780945378689154, 27.103688203974556, 23.155641830266692, 22.233947791700007, 22.122866771176923, 21.533200318234567, 22.050305555692166, 17.261738760886203], "f": [0.0, 0.78125, 1.5625, 2.34375, 3.125, 3.90625, 4.6875, 5.46875, 6.25, 7.03125, 7.8125, 8.59375, 9.375, 10.15625, 10.9375, 11.71875, 12.5, 13.28125, 14.0625, 14.84375, 15.625, 16.40625, 17.1875, 17.96875, 18.75, 19.53125, 20.3125, 21.09375, 21.875, 22.65625, 23.4375, 24.21875, 25.0, 25.78125, 26.5625, 27.34375, 28.125, 28.90625, 29.6875, 30.46875, 31.25, 32.03125, 32.8125, 33.59375, 34.375, 35.15625, 35.9375, 36.71875, 37.5, 38.28125, 39.0625, 39.84375, 40.625, 41.40625, 42.1875, 42.96875, 43.75, 44.53125, 45.3125, 46.09375, 46.875, 47.65625, 48.4375, 49.21875, 50.0, 50.78125, 51.5625, 52.34375, 53.125, 53.90625, 54.6875, 55.46875, 56.25, 57.03125, 57.8125, 58.59375, 59.375, 60.15625, 60.9375, 61.71875, 62.5, 63.28125, 64.0625, 64.84375, 65.625, 66.40625, 67.1875, 67.96875, 68.75, 69.53125, 70.3125, 71.09375, 71.875, 72.65625, 73.4375, 74.21875, 75.0, 75.78125, 76.5625, 77.34375, 78.125, 78.90625, 79.6875, 80.46875, 81.25, 82.03125, 82.8125, 83.59375, 84.375, 85.15625, 85.9375, 86.71875, 87.5, 88.28125, 89.0625, 89.84375, 90.625, 91.40625, 92.1875, 92.96875, 93.75, 94.53125, 95.3125, 96.09375, 96.875, 97.65625, 98.4375, 99.21875, 100.0]}