{"psd": [54.175278080484944, 62.115209102348494, 61.907114063199, 59.58368645817277, 55.40489181401453, 50.42093198186993, 49.456604683885324, 60.75447763858936, 62.197452081457676, 52.708133458596855, 52.49434161453345, 57.808417871259266, 58.5249467266683, 54.933894951637996, 60.04447279159883, 68.57520196870348, 65.8084616716459, 58.12931161910103, 56.27583354954956, 58.67625034873981, 57.52396425973548, 61.10316050777341, 58.63586766921917, 59.268562667170634, 56.95865274009111, 58.522666743113916, 58.37170623180854, 58.064765785681196, 65.20971002784594, 66.58960870806146, 60.229762913856334, 60.70447044162128, 61.06367823681285, 62.76461039541876, 64.34004263378785, 64.53213278824862, 63.304513154505926, 63.80145099415273, 65.21801873507752, 65.10005047034286, 65.74446850306975, 66.85098114380344, 67.54591780650651, 67.75625787578088, 67.22613585160354, 66.73980617867389, 68.03872521656932, 70.72475746243575, 72.06699031736092, 71.18893958059645, 71.8920548705742, 71.61386374756772, 72.42519009079744, 72.30331674611809, 72.7639775308467, 73.9095385943318, 74.63594275269467, 75.97992212021279, 76.49134426686517, 76.1824217789748, 77.18212721522846, 77.75973003566432, 77.57991609991242, 78.00541349260575, 78.62889434520494, 78.1558279625383, 78.12058065726771, 78.24226164456236, 77.62157186573097, 77.96226006999449, 76.44287429390731, 75.18962131428681, 75.31706829927505, 75.05639232771291, 75.11880597400067, 75.33006849917483, 76.10793068894762, 75.91296691696071, 75.26202429726895, 75.4131124148808, 75.90579427834837, 76.97063187106875, 77.40994650400823, 78.40524274491462, 79.00825246711128, 79.74836923986147, 79.41531820146716, 78.67482247118288, 78.14146933189345, 77.32250922591402, 76.78570392933369, 75.26252993431271, 74.3216589040449, 74.03636050409347, 73.4215300849261, 72.82121749346652, 72.3316048253643, 72.13151885779776, 71.69048285641043, 71.35927021548704, 70.98787909421132, 70.62601133467003, 70.3900418183416, 70.36677351938478, 69.62850450344972, 69.72043182394015, 69.29505268758956, 68.34583042661984, 67.83179570946687, 67.64904322486113, 67.27146539245045, 67.0551108746938, 66.74939430624279, 65.54075016551458, 64.29295266623976, 62.878867038027664, 59.69155964223304, 56.42124193172917, 52.75947894662793, 47.857536480359855, 42.5087820931224, 35.32641066908132, 28.129695727618213, 23.73895862861785, 22.15529047180601, 22.087190222773433, 22.153049077099336, 21.970660809654674, 17.480305140543], "f": [0.0, 0.78125, 1.5625, 2.34375, 3.125, 3.90625, 4.6875, 5.46875, 6.25, 7.03125, 7.8125, 8.59375, 9.375, 10.15625, 10.9375, 11.71875, 12.5, 13.28125, 14.0625, 14.84375, 15.625, 16.40625, 17.1875, 17.96875, 18.75, 19.53125, 20.3125, 21.09375, 21.875, 22.65625, 23.4375, 24.21875, 25.0, 25.78125, 26.5625, 27.34375, 28.125, 28.90625, 29.6875, 30.46875, 31.25, 32.03125, 32.8125, 33.59375, 34.375, 35.15625, 35.9375, 36.71875, 37.5, 38.28125, 39.0625, 39.84375, 40.625, 41.40625, 42.1875, 42.96875, 43.75, 44.53125, 45.3125, 46.09375, 46.875, 47.65625, 48.4375, 49.21875, 50.0, 50.78125, 51.5625, 52.34375, 53.125, 53.90625, 54.6875, 55.46875, 56.25, 57.03125, 57.8125, 58.59375, 59.375, 60.15625, 60.9375, 61.71875, 62.5, 63.28125, 64.0625, 64.84375, 65.625, 66.40625, 67.1875, 67.96875, 68.75, 69.53125, 70.3125, 71.09375, 71.875, 72.65625, 73.4375, 74.21875, 75.0, 75.78125, 76.5625, 77.34375, 78.125, 78.90625, 79.6875, 80.46875, 81.25, 82.03125, 82.8125, 83.59375, 84.375, 85.15625, 85.9375, 86.71875, 87.5, 88.28125, 89.0625, 89.84375, 90.625, 91.40625, 92.1875, 92.96875, 93.75, 94.53125, 95.3125, 96.09375, 96.875, 97.65625, 98.4375, 99.21875, 100.0]}