{"psd": [55.02598186416017, 64.38653626371274, 64.61365328100074, 60.845382216559315, 55.859949502528885, 50.13947997474901, 46.36238864027713, 45.87479864967439, 48.855260675750046, 55.23879787359008, 53.88480807307956, 52.25596763535237, 53.633806372999345, 53.4601077034553, 54.937526583160846, 54.72217342270626, 51.41504429992321, 54.13525100597539, 57.38086059774663, 58.01433495032598, 55.342962568648524, 53.707700942415535, 54.02137922208668, 53.943398063480295, 53.21498848815283, 53.316528879829264, 54.56763961930986, 57.510854662138755, 56.87730639239877, 55.5696883899609, 56.28894559259084, 57.404617576722295, 57.52701751443703, 58.06981363540092, 57.58879545185959, 59.03028045566336, 61.89545413215633, 60.92009207431691, 67.00551930667795, 66.18280799670755, 61.29866119124645, 61.10882733905363, 59.413722778022645, 61.1537479299311, 61.429907199287044, 61.77078939422665, 61.745929231828086, 61.94646515955896, 61.571427947884665, 61.08746038817334, 60.73541390605023, 62.091832863637286, 62.93194491970855, 64.23709269074587, 65.84370713555096, 64.31733645696299, 64.70005354108653, 66.0717749833415, 67.06745742437819, 66.66893528371168, 68.27666060696991, 68.65517654615827, 66.81717285413305, 66.44025518819058, 67.11321074770495, 66.40653817810414, 65.99732630482154, 65.29800908715043, 65.1859386120571, 66.06413276154674, 66.08610729284581, 65.0142457802326, 64.97819521330109, 64.97778116250183, 65.90986073167679, 68.80782635698664, 76.53623303583416, 75.15556132333916, 68.07515827211436, 66.73327574533458, 66.65173296190174, 66.59559959488413, 66.26748797699662, 66.56285890759884, 66.53212229993838, 65.87460412054094, 66.1151835587131, 66.54923865888378, 65.10274593139559, 65.51499122341669, 65.72368859525814, 65.1029063797812, 65.1318332092628, 64.85306193073212, 64.64103228328291, 66.20195548571061, 67.65880948178342, 66.33989710703963, 65.07376099578028, 64.37735595023233, 64.67924940356568, 64.57394887353865, 63.80730922314889, 63.3452911274142, 63.088205175484646, 62.727037205326404, 62.626106577934664, 62.795692618810754, 62.596905062354224, 62.094641447898894, 62.3110710595074, 61.72223608523741, 61.049662601008094, 61.36873450687985, 59.53665809693983, 57.313943300018906, 54.92613248429752, 52.477158658321116, 49.093619524832505, 44.16023855924445, 38.08861864624805, 31.720649899963025, 25.919128651751492, 22.238257148245285, 22.08794236456233, 21.99951078311189, 21.763600197658874, 21.769891802026407, 16.43370687227553], "f": [0.0, 0.78125, 1.5625, 2.34375, 3.125, 3.90625, 4.6875, 5.46875, 6.25, 7.03125, 7.8125, 8.59375, 9.375, 10.15625, 10.9375, 11.71875, 12.5, 13.28125, 14.0625, 14.84375, 15.625, 16.40625, 17.1875, 17.96875, 18.75, 19.53125, 20.3125, 21.09375, 21.875, 22.65625, 23.4375, 24.21875, 25.0, 25.78125, 26.5625, 27.34375, 28.125, 28.90625, 29.6875, 30.46875, 31.25, 32.03125, 32.8125, 33.59375, 34.375, 35.15625, 35.9375, 36.71875, 37.5, 38.28125, 39.0625, 39.84375, 40.625, 41.40625, 42.1875, 42.96875, 43.75, 44.53125, 45.3125, 46.09375, 46.875, 47.65625, 48.4375, 49.21875, 50.0, 50.78125, 51.5625, 52.34375, 53.125, 53.90625, 54.6875, 55.46875, 56.25, 57.03125, 57.8125, 58.59375, 59.375, 60.15625, 60.9375, 61.71875, 62.5, 63.28125, 64.0625, 64.84375, 65.625, 66.40625, 67.1875, 67.96875, 68.75, 69.53125, 70.3125, 71.09375, 71.875, 72.65625, 73.4375, 74.21875, 75.0, 75.78125, 76.5625, 77.34375, 78.125, 78.90625, 79.6875, 80.46875, 81.25, 82.03125, 82.8125, 83.59375, 84.375, 85.15625, 85.9375, 86.71875, 87.5, 88.28125, 89.0625, 89.84375, 90.625, 91.40625, 92.1875, 92.96875, 93.75, 94.53125, 95.3125, 96.09375, 96.875, 97.65625, 98.4375, 99.21875, 100.0]}