{"psd": [60.31162394117225, 59.86109920053646, 54.61660338525701, 53.39495606344382, 51.53567003151667, 50.23579080432296, 53.92115283154996, 61.92743247526255, 63.95218499347409, 82.41892608689035, 85.210362544817, 75.66582794405741, 63.9661984957781, 63.18069568733661, 67.28683733534811, 70.07815861077162, 75.35870370541274, 80.95642667116883, 82.30234812790307, 94.4893005710806, 94.3902027546912, 83.45317115172244, 82.25895522131351, 79.52926197804503, 80.50044079193987, 80.09670141530705, 81.26654687284264, 84.27877609818083, 89.38565632739873, 96.70668446733987, 93.72779462131058, 86.7311866436077, 85.13045921937014, 83.78503662917831, 84.99933326544974, 84.63571798914805, 85.2110113946104, 85.42142541605398, 89.12095324522619, 93.51145724143166, 88.84262985986666, 85.4437622075269, 85.62333970457983, 85.5681701195804, 86.91786831702835, 85.51337146445488, 86.62658787603313, 86.86704459301282, 91.36081157360783, 92.69289136568561, 88.64408867343525, 88.03554712481079, 86.6018179172124, 85.62192800990832, 85.21625843162704, 85.32096851152912, 85.87256897357635, 85.9172938531995, 89.01428990295335, 88.63092709340688, 85.58479256724866, 84.9197616176061, 83.93507724637402, 84.3617929971672, 83.68237633817317, 83.91402586484949, 83.8767648283104, 84.55206305553273, 85.94647731840868, 84.84983341480357, 83.75813787891083, 83.70254111658369, 83.81874202291577, 83.50492465622185, 83.56713636303789, 83.09599284951122, 84.39817089663757, 85.20756929097666, 85.40891576668174, 84.80801960113617, 83.92301206096911, 84.17979763821529, 84.96901787029967, 85.04988271396117, 84.91782428983399, 85.27991237893623, 86.20620645335381, 86.69843375559724, 87.02984728421951, 86.59254495233805, 86.20823737037176, 86.358246681733, 86.95599919167182, 87.02157476062737, 87.4801981285279, 88.01422721679356, 87.75083699003221, 87.16624412608229, 87.91800592138985, 87.32245516887605, 87.233179885915, 87.03384205951392, 86.92179881777896, 87.01758327610463, 86.5723872403842, 86.8253284286022, 86.5538929167935, 87.17736183527225, 87.30389410793498, 86.95514006300431, 87.09923390675155, 86.90471350133302, 86.46026017810703, 85.12898752430898, 84.0159803807679, 82.21013871651516, 79.76515202942674, 76.99012220393305, 72.4013517187216, 67.34080847039189, 61.715160852164914, 55.09461091739369, 46.87736478095337, 38.618914203999346, 29.15444644543669, 24.329631116996136, 22.85566646498213, 22.882326731291293, 17.838154774329194], "f": [0.0, 0.78125, 1.5625, 2.34375, 3.125, 3.90625, 4.6875, 5.46875, 6.25, 7.03125, 7.8125, 8.59375, 9.375, 10.15625, 10.9375, 11.71875, 12.5, 13.28125, 14.0625, 14.84375, 15.625, 16.40625, 17.1875, 17.96875, 18.75, 19.53125, 20.3125, 21.09375, 21.875, 22.65625, 23.4375, 24.21875, 25.0, 25.78125, 26.5625, 27.34375, 28.125, 28.90625, 29.6875, 30.46875, 31.25, 32.03125, 32.8125, 33.59375, 34.375, 35.15625, 35.9375, 36.71875, 37.5, 38.28125, 39.0625, 39.84375, 40.625, 41.40625, 42.1875, 42.96875, 43.75, 44.53125, 45.3125, 46.09375, 46.875, 47.65625, 48.4375, 49.21875, 50.0, 50.78125, 51.5625, 52.34375, 53.125, 53.90625, 54.6875, 55.46875, 56.25, 57.03125, 57.8125, 58.59375, 59.375, 60.15625, 60.9375, 61.71875, 62.5, 63.28125, 64.0625, 64.84375, 65.625, 66.40625, 67.1875, 67.96875, 68.75, 69.53125, 70.3125, 71.09375, 71.875, 72.65625, 73.4375, 74.21875, 75.0, 75.78125, 76.5625, 77.34375, 78.125, 78.90625, 79.6875, 80.46875, 81.25, 82.03125, 82.8125, 83.59375, 84.375, 85.15625, 85.9375, 86.71875, 87.5, 88.28125, 89.0625, 89.84375, 90.625, 91.40625, 92.1875, 92.96875, 93.75, 94.53125, 95.3125, 96.09375, 96.875, 97.65625, 98.4375, 99.21875, 100.0]}