{"psd": [56.36166035573444, 64.86176460323748, 64.66333196240626, 61.65030744150585, 56.16560035219035, 51.18575775069886, 47.639604688675156, 47.73764984875817, 47.96521097338015, 47.88245288828561, 51.609093472508185, 53.16787975857429, 51.85319403145867, 54.19359015119278, 55.074990286167775, 57.54726797336686, 57.08381249456798, 55.89205085525214, 56.686325856554134, 55.888766848191, 56.126283933493795, 57.883954681192805, 61.102489495848104, 61.12255752594355, 58.72865543643722, 60.366585950379175, 61.60220387436154, 61.22984243386233, 59.88083671114042, 59.399703330403426, 60.14006096223672, 61.76211667341615, 63.411719093490106, 63.69578935920331, 63.04470105076235, 64.45620375004431, 63.84612185115976, 62.9358021233155, 63.1933928758859, 64.47039734852775, 65.30744853861182, 65.60294753976814, 67.57650597037401, 68.11719121721796, 67.13450533603888, 68.87534926624949, 67.79459833433441, 66.76331247050788, 67.52757803272121, 68.12825539693623, 69.53790172373422, 69.78436486335285, 68.61323469079707, 66.79688281167022, 67.3242068421948, 67.8800605779106, 67.9741984357314, 68.37651135964956, 69.3056866718842, 69.51324509424323, 68.7795517114987, 68.76477293778666, 69.5424491381209, 68.9342861001062, 71.31699780343217, 73.02247374491006, 75.77321802072517, 78.09616121416266, 72.58294103275277, 69.09104381485223, 68.89049642354308, 69.36987014924057, 69.56541846334889, 70.61677974574123, 71.47669567995797, 71.28757260024071, 73.72307331435715, 72.10862359571789, 67.77838303484293, 67.80335437201346, 69.85474650116251, 69.91459552713289, 68.29004345191063, 67.12068482532055, 66.97897205890534, 67.21095483803026, 68.01473921816506, 67.18634507251055, 65.97826273268537, 66.04859290556787, 66.55608239883033, 66.17820327083523, 66.1481367655421, 65.32551222540681, 65.04689759121521, 65.99979342032064, 65.38540989105377, 64.30367068983615, 63.35013331203368, 63.840389439081264, 64.46036308246161, 64.75081483161044, 64.1586051902207, 63.538870732148, 62.54876596952127, 61.65614544198746, 62.1125735044119, 61.74568904828807, 61.85425339191483, 62.22036255420189, 62.01515415627582, 61.217405209585074, 61.063249383321995, 61.35213054968262, 61.358472766136885, 60.55454116860746, 57.484157714539144, 53.53042782209039, 50.289176481311856, 45.99290171089918, 39.97053671588761, 33.516716171359406, 27.52064355343756, 23.347694985191602, 22.099566716457048, 21.751545502764262, 21.861734287612688, 22.387898710799025, 17.668732638646375], "f": [0.0, 0.78125, 1.5625, 2.34375, 3.125, 3.90625, 4.6875, 5.46875, 6.25, 7.03125, 7.8125, 8.59375, 9.375, 10.15625, 10.9375, 11.71875, 12.5, 13.28125, 14.0625, 14.84375, 15.625, 16.40625, 17.1875, 17.96875, 18.75, 19.53125, 20.3125, 21.09375, 21.875, 22.65625, 23.4375, 24.21875, 25.0, 25.78125, 26.5625, 27.34375, 28.125, 28.90625, 29.6875, 30.46875, 31.25, 32.03125, 32.8125, 33.59375, 34.375, 35.15625, 35.9375, 36.71875, 37.5, 38.28125, 39.0625, 39.84375, 40.625, 41.40625, 42.1875, 42.96875, 43.75, 44.53125, 45.3125, 46.09375, 46.875, 47.65625, 48.4375, 49.21875, 50.0, 50.78125, 51.5625, 52.34375, 53.125, 53.90625, 54.6875, 55.46875, 56.25, 57.03125, 57.8125, 58.59375, 59.375, 60.15625, 60.9375, 61.71875, 62.5, 63.28125, 64.0625, 64.84375, 65.625, 66.40625, 67.1875, 67.96875, 68.75, 69.53125, 70.3125, 71.09375, 71.875, 72.65625, 73.4375, 74.21875, 75.0, 75.78125, 76.5625, 77.34375, 78.125, 78.90625, 79.6875, 80.46875, 81.25, 82.03125, 82.8125, 83.59375, 84.375, 85.15625, 85.9375, 86.71875, 87.5, 88.28125, 89.0625, 89.84375, 90.625, 91.40625, 92.1875, 92.96875, 93.75, 94.53125, 95.3125, 96.09375, 96.875, 97.65625, 98.4375, 99.21875, 100.0]}