{"psd": [56.68417497426517, 65.5871423254275, 65.66110568687631, 62.03046818856325, 56.313858928199636, 51.455642921687584, 47.94121234515156, 44.78432409923501, 44.04440694277576, 46.70650630042741, 48.952216158761004, 49.155329007174124, 50.64659180877413, 55.83988094450891, 56.49802949849363, 50.71578741321847, 50.56951041984593, 52.243654429180026, 54.27736095053212, 54.15971098323289, 56.0504837534359, 54.33768662751764, 52.05507222517585, 53.8922468929521, 55.11759125671439, 53.74733837244327, 53.809046103669054, 56.328249489339946, 56.36884948230595, 56.8603367072188, 56.8075012867153, 56.72230453436609, 55.240352043114605, 55.53488096974978, 55.86286940823776, 56.64060438306143, 57.51784649664499, 57.422770571226216, 58.9585790052725, 59.86941940535195, 58.546492897480405, 58.44355484797531, 58.07969659961955, 57.31092657648475, 58.13014777683688, 59.630528478652835, 60.525403837615016, 60.014634069902385, 59.35943971517755, 59.69715630018382, 60.536339251287245, 60.28825729141726, 60.06835168663467, 60.83422752593299, 60.8881116252294, 62.348753231950774, 61.0440576201202, 60.93683852324092, 61.854732511416294, 61.25681962107612, 62.11336244511828, 61.47566292088029, 62.12832705210006, 63.27817141623263, 62.627390673947126, 61.55573073541991, 61.72769045454438, 61.64995478516383, 61.2792823728718, 61.59113531685375, 62.88657103293416, 63.050914575835186, 62.71726813607217, 61.70013596221257, 60.43316036204226, 65.0491127438183, 73.66909148414832, 72.22704438413635, 62.767457637308055, 60.577159566451456, 61.57351376867109, 62.409760207936095, 62.13197366224726, 61.74612116160961, 59.78156672118726, 58.94555644876612, 59.12351009569817, 59.63095819968756, 60.64399688151646, 60.71848078131698, 60.674044299023045, 61.61065171629655, 61.60398930482499, 60.62300578328387, 59.820887185500325, 59.73969584949897, 60.5992521246562, 59.140156356046404, 58.361387633859, 58.54616534826634, 58.53018272445424, 58.86585081390628, 58.26589846853742, 58.8848875371037, 58.6882582829974, 58.444393665574324, 58.25011022104563, 57.807280062094286, 57.95622451904691, 57.790846737868875, 57.90572852830478, 58.36653926707474, 57.75353615585017, 56.21325901741558, 54.995176491130955, 56.80895298332588, 53.55840587568669, 48.27298373280034, 43.71224918999523, 38.488575973078234, 33.540866176003334, 27.876290730887227, 24.106022221021533, 22.19468613426188, 21.95427835031799, 21.76938262415215, 21.92377980792515, 21.364432320808948, 17.37219287020403], "f": [0.0, 0.78125, 1.5625, 2.34375, 3.125, 3.90625, 4.6875, 5.46875, 6.25, 7.03125, 7.8125, 8.59375, 9.375, 10.15625, 10.9375, 11.71875, 12.5, 13.28125, 14.0625, 14.84375, 15.625, 16.40625, 17.1875, 17.96875, 18.75, 19.53125, 20.3125, 21.09375, 21.875, 22.65625, 23.4375, 24.21875, 25.0, 25.78125, 26.5625, 27.34375, 28.125, 28.90625, 29.6875, 30.46875, 31.25, 32.03125, 32.8125, 33.59375, 34.375, 35.15625, 35.9375, 36.71875, 37.5, 38.28125, 39.0625, 39.84375, 40.625, 41.40625, 42.1875, 42.96875, 43.75, 44.53125, 45.3125, 46.09375, 46.875, 47.65625, 48.4375, 49.21875, 50.0, 50.78125, 51.5625, 52.34375, 53.125, 53.90625, 54.6875, 55.46875, 56.25, 57.03125, 57.8125, 58.59375, 59.375, 60.15625, 60.9375, 61.71875, 62.5, 63.28125, 64.0625, 64.84375, 65.625, 66.40625, 67.1875, 67.96875, 68.75, 69.53125, 70.3125, 71.09375, 71.875, 72.65625, 73.4375, 74.21875, 75.0, 75.78125, 76.5625, 77.34375, 78.125, 78.90625, 79.6875, 80.46875, 81.25, 82.03125, 82.8125, 83.59375, 84.375, 85.15625, 85.9375, 86.71875, 87.5, 88.28125, 89.0625, 89.84375, 90.625, 91.40625, 92.1875, 92.96875, 93.75, 94.53125, 95.3125, 96.09375, 96.875, 97.65625, 98.4375, 99.21875, 100.0]}