{"psd": [58.349125512498986, 67.17371671160934, 66.39696541682709, 61.709816253206434, 55.95056742030546, 49.86377439065993, 47.66106055360016, 48.201344437179266, 46.0190270840857, 47.29221483056247, 51.422771163123635, 53.394831863381846, 50.34008763788863, 48.420589445136926, 50.12270580311568, 51.135919255434345, 53.996926254469535, 58.62864551643766, 58.62687174258794, 56.138542206484054, 54.85106035159742, 54.82597602464785, 55.75323615414866, 55.81691135135122, 55.753473755334106, 58.19093735480408, 60.14889590353271, 59.23857773834303, 58.88086291798452, 59.70192112524302, 60.740318308589714, 60.07695305812148, 60.7049342483358, 62.20033196978808, 63.69122534415364, 63.55652945944311, 63.33138821954451, 62.36955094747358, 61.18541891372872, 60.958012373674336, 61.59882882419409, 62.28638055449673, 62.995795369095276, 64.56415888855463, 64.89423563772425, 64.38414608300437, 64.22421636299147, 63.96896561927419, 63.925315090463116, 64.34054843204504, 65.27024172455336, 66.33746016792804, 66.00606381560313, 65.17011083864523, 65.61193671979139, 65.43064242350094, 65.16270815838708, 64.79070829731727, 64.40730595660948, 64.38564486684886, 65.38689509434384, 64.23396420991939, 63.229470180407844, 63.554611016008565, 63.30126120569056, 62.994762028801816, 62.51793899415048, 63.77222584174678, 64.8926383492742, 65.2931182336423, 63.91501902365489, 62.65024847995319, 63.189900746612295, 64.39608357184409, 64.22710255520425, 64.14122225124332, 66.2352243368346, 72.26474906462788, 72.00656901465068, 64.9550677760994, 62.81111742178255, 66.20199676179833, 68.08036357252199, 64.09171555046586, 62.80484805976121, 65.19772484201796, 67.66511406499384, 64.83941233002108, 62.34727789662793, 61.75715038497877, 61.76553041649938, 61.728327757932355, 61.99540312640921, 62.48952952070226, 64.22912303760097, 64.95886234202783, 63.62225293970374, 62.17675962463976, 61.704962309678024, 60.77766853743736, 60.97196781800142, 62.235756554960616, 62.912235776893, 64.34871639058213, 64.14294584652198, 62.874603707351646, 63.0806159907696, 62.183194663692035, 61.2882314694178, 61.93995409144761, 61.37313455271012, 60.299791509816, 60.25538096501343, 58.96135149997516, 57.66598759931166, 55.76364953446006, 53.19492925193487, 50.66931876717911, 47.35778134989108, 42.021630364103345, 35.88703723312075, 30.110545706569994, 24.697520481053424, 22.825723591333286, 21.998959427992865, 22.082720048022388, 22.51377060882181, 22.12746663937985, 16.81012974853379], "f": [0.0, 0.78125, 1.5625, 2.34375, 3.125, 3.90625, 4.6875, 5.46875, 6.25, 7.03125, 7.8125, 8.59375, 9.375, 10.15625, 10.9375, 11.71875, 12.5, 13.28125, 14.0625, 14.84375, 15.625, 16.40625, 17.1875, 17.96875, 18.75, 19.53125, 20.3125, 21.09375, 21.875, 22.65625, 23.4375, 24.21875, 25.0, 25.78125, 26.5625, 27.34375, 28.125, 28.90625, 29.6875, 30.46875, 31.25, 32.03125, 32.8125, 33.59375, 34.375, 35.15625, 35.9375, 36.71875, 37.5, 38.28125, 39.0625, 39.84375, 40.625, 41.40625, 42.1875, 42.96875, 43.75, 44.53125, 45.3125, 46.09375, 46.875, 47.65625, 48.4375, 49.21875, 50.0, 50.78125, 51.5625, 52.34375, 53.125, 53.90625, 54.6875, 55.46875, 56.25, 57.03125, 57.8125, 58.59375, 59.375, 60.15625, 60.9375, 61.71875, 62.5, 63.28125, 64.0625, 64.84375, 65.625, 66.40625, 67.1875, 67.96875, 68.75, 69.53125, 70.3125, 71.09375, 71.875, 72.65625, 73.4375, 74.21875, 75.0, 75.78125, 76.5625, 77.34375, 78.125, 78.90625, 79.6875, 80.46875, 81.25, 82.03125, 82.8125, 83.59375, 84.375, 85.15625, 85.9375, 86.71875, 87.5, 88.28125, 89.0625, 89.84375, 90.625, 91.40625, 92.1875, 92.96875, 93.75, 94.53125, 95.3125, 96.09375, 96.875, 97.65625, 98.4375, 99.21875, 100.0]}