{"psd": [47.56297462792495, 57.08230486075789, 57.038642553034144, 54.73754304491344, 51.557282438595024, 47.90838050787508, 45.35602611060295, 45.10335493028613, 45.58526690676289, 50.489729265211984, 55.3084082239306, 52.23525731542153, 54.92201199533713, 56.992397323215854, 57.66507039030298, 61.46624111718475, 58.04757530524384, 54.73608113176524, 53.788822059784934, 55.03997189627213, 57.159164797626325, 57.48343522091267, 57.58606890175365, 57.66632602838399, 60.57059781205133, 60.014343092483664, 58.23399741198251, 57.6534641185959, 57.86978833037736, 57.551103910454124, 58.82711124735312, 59.30927958657363, 57.55856531170075, 57.962713566348285, 57.3166166810876, 59.23455450313096, 59.96669073862432, 60.285317480212, 60.09670604127508, 59.54115708503303, 59.70448958486731, 61.64792924082495, 59.510883480344546, 58.416089964648094, 58.22597934694989, 57.78077772623311, 59.740726123922926, 59.890886429628274, 62.50894224854369, 64.0110894293564, 64.0739566455616, 64.06800047454286, 64.79651108588693, 64.26756195625971, 64.25052749246898, 64.14787622904765, 63.87687395082891, 64.27993724234466, 62.81089294688739, 63.59761195995925, 65.53453158588343, 67.24928402320266, 67.34487009591706, 66.0678855621473, 66.09954579543762, 66.4774368614768, 66.2575152951461, 65.61607220133085, 66.08248602885661, 66.47316400742044, 67.5377379887308, 70.29233235183126, 69.91609152144412, 66.1119573971056, 65.06672434594884, 65.23727153121308, 70.42482763851629, 69.66326822749544, 65.89778043247094, 66.25144310295285, 65.9456038943075, 67.0756230822589, 67.71480189063594, 66.92325777941502, 66.8032043973834, 70.33800523821826, 69.41847604979102, 65.27888214527714, 63.554767669366385, 63.38973864309662, 64.26203712066831, 64.913927230164, 66.13130837470042, 65.50206777513735, 63.93531703087811, 63.79554925808264, 64.8921356196685, 63.80523305711282, 63.0482918727962, 62.57834454051167, 62.4613540385282, 62.605032124030735, 62.22225678641871, 61.44018428681119, 60.38177756748033, 60.39049934073244, 60.41172407440879, 60.19413389048176, 60.786081158531644, 61.12197664358109, 60.292892704449315, 59.149900910530334, 58.67277208877755, 57.61261042942812, 57.51795910399462, 60.81128826830656, 57.94316527952074, 50.5747030846927, 45.71269987011223, 41.42724930674194, 36.08596198810976, 30.075373049228737, 24.87977357509307, 22.54428682136772, 22.197654365764276, 22.043416701553532, 21.770603669276763, 21.589247231347596, 16.68945969330524], "f": [0.0, 0.78125, 1.5625, 2.34375, 3.125, 3.90625, 4.6875, 5.46875, 6.25, 7.03125, 7.8125, 8.59375, 9.375, 10.15625, 10.9375, 11.71875, 12.5, 13.28125, 14.0625, 14.84375, 15.625, 16.40625, 17.1875, 17.96875, 18.75, 19.53125, 20.3125, 21.09375, 21.875, 22.65625, 23.4375, 24.21875, 25.0, 25.78125, 26.5625, 27.34375, 28.125, 28.90625, 29.6875, 30.46875, 31.25, 32.03125, 32.8125, 33.59375, 34.375, 35.15625, 35.9375, 36.71875, 37.5, 38.28125, 39.0625, 39.84375, 40.625, 41.40625, 42.1875, 42.96875, 43.75, 44.53125, 45.3125, 46.09375, 46.875, 47.65625, 48.4375, 49.21875, 50.0, 50.78125, 51.5625, 52.34375, 53.125, 53.90625, 54.6875, 55.46875, 56.25, 57.03125, 57.8125, 58.59375, 59.375, 60.15625, 60.9375, 61.71875, 62.5, 63.28125, 64.0625, 64.84375, 65.625, 66.40625, 67.1875, 67.96875, 68.75, 69.53125, 70.3125, 71.09375, 71.875, 72.65625, 73.4375, 74.21875, 75.0, 75.78125, 76.5625, 77.34375, 78.125, 78.90625, 79.6875, 80.46875, 81.25, 82.03125, 82.8125, 83.59375, 84.375, 85.15625, 85.9375, 86.71875, 87.5, 88.28125, 89.0625, 89.84375, 90.625, 91.40625, 92.1875, 92.96875, 93.75, 94.53125, 95.3125, 96.09375, 96.875, 97.65625, 98.4375, 99.21875, 100.0]}