{"psd": [57.58221976259169, 66.4117976712306, 66.25538394109972, 63.72899760730928, 59.16476964685558, 54.14993896949713, 53.27400828990173, 58.56638098309397, 59.56556724302197, 66.4269886822083, 72.5115754733986, 76.17361985805098, 70.19819988164326, 62.48451122846619, 65.72056264181836, 67.1477846554134, 64.24528232125279, 62.140524057502454, 64.64761154202763, 65.11888318287481, 66.02925866139253, 68.63951879628164, 69.86838077058151, 69.84256091525184, 70.20515137555329, 72.2163684761862, 73.2477822259454, 76.38918114835003, 79.95965789040156, 76.64323067937886, 77.84412189088057, 77.11582863538493, 76.27066137436792, 78.0807942030641, 76.10939510220283, 77.68044678747587, 76.77463054393483, 76.72632077267684, 76.27845649642752, 75.73271451866061, 75.22905218231438, 75.95056852355663, 77.62747196545008, 78.26717662973871, 76.91843479156272, 78.10499363662557, 78.85156393875545, 79.10835439998442, 79.30016715885729, 80.71126803351403, 80.61744202167478, 80.94175203328402, 79.91425305223129, 79.79426600064278, 79.3936248887419, 79.61748982780117, 79.94503686798478, 80.48646276227261, 81.23763141823007, 81.28896091640826, 80.55581823955185, 80.03557469172387, 79.93467101938323, 80.20555550315277, 80.10663046324754, 79.93634783761814, 79.70652442660624, 78.95674288414125, 77.35187887025758, 77.062918113853, 76.89552272812493, 77.25249840716873, 76.99344268184817, 75.86944401037762, 75.4400712497652, 75.04577411054962, 76.29792040880447, 75.86752723766038, 74.231429303977, 73.73841846597144, 73.29734766596475, 72.87782284306934, 73.4401040310724, 74.0526357244297, 73.63209860910807, 73.6461971826658, 73.25853531683262, 73.81484673147226, 74.14070184140317, 74.4865448075747, 74.27393063599064, 74.79430382334927, 75.46668864703557, 76.38942760969647, 78.16064154193288, 77.1228293979742, 74.80550085857314, 75.15877390418885, 75.39603061385719, 74.87125187178484, 75.16858196658005, 75.75748079341524, 76.38198201340307, 76.03489006355237, 75.56911554201116, 74.90082374412849, 75.01769352220404, 74.73795649891872, 74.79889845336001, 75.18357893321016, 75.4829800087507, 75.03531589280041, 75.4675264931112, 74.55180450313479, 73.06912302571716, 71.7117098320284, 68.92131593694104, 66.00886421233551, 62.27348357865965, 58.068361837702625, 52.31095321148217, 46.090285944821204, 38.9553774496059, 30.14516043416229, 23.748886987523047, 22.312169439565352, 21.904184517985396, 22.20958444597532, 17.668739519915494], "f": [0.0, 0.78125, 1.5625, 2.34375, 3.125, 3.90625, 4.6875, 5.46875, 6.25, 7.03125, 7.8125, 8.59375, 9.375, 10.15625, 10.9375, 11.71875, 12.5, 13.28125, 14.0625, 14.84375, 15.625, 16.40625, 17.1875, 17.96875, 18.75, 19.53125, 20.3125, 21.09375, 21.875, 22.65625, 23.4375, 24.21875, 25.0, 25.78125, 26.5625, 27.34375, 28.125, 28.90625, 29.6875, 30.46875, 31.25, 32.03125, 32.8125, 33.59375, 34.375, 35.15625, 35.9375, 36.71875, 37.5, 38.28125, 39.0625, 39.84375, 40.625, 41.40625, 42.1875, 42.96875, 43.75, 44.53125, 45.3125, 46.09375, 46.875, 47.65625, 48.4375, 49.21875, 50.0, 50.78125, 51.5625, 52.34375, 53.125, 53.90625, 54.6875, 55.46875, 56.25, 57.03125, 57.8125, 58.59375, 59.375, 60.15625, 60.9375, 61.71875, 62.5, 63.28125, 64.0625, 64.84375, 65.625, 66.40625, 67.1875, 67.96875, 68.75, 69.53125, 70.3125, 71.09375, 71.875, 72.65625, 73.4375, 74.21875, 75.0, 75.78125, 76.5625, 77.34375, 78.125, 78.90625, 79.6875, 80.46875, 81.25, 82.03125, 82.8125, 83.59375, 84.375, 85.15625, 85.9375, 86.71875, 87.5, 88.28125, 89.0625, 89.84375, 90.625, 91.40625, 92.1875, 92.96875, 93.75, 94.53125, 95.3125, 96.09375, 96.875, 97.65625, 98.4375, 99.21875, 100.0]}