{"psd": [51.28881481377655, 59.632966518395946, 58.34178913058498, 54.592827145942465, 50.14740342357826, 46.27344830147676, 44.19862588180532, 46.02875348966981, 46.0181561389609, 48.23106957361266, 48.76049620718981, 50.80858701094218, 52.144256285045, 50.2937459615865, 50.28566736762354, 49.66597410899234, 51.86901639973573, 51.61849899659063, 54.21422855902915, 55.088246948605935, 54.65969136028703, 55.35639320314729, 55.38393697422752, 57.328181516784056, 59.23991922059499, 61.12960217176918, 61.93199123352875, 62.15041944940586, 62.35778082509316, 62.74065456449126, 62.67684750665762, 62.725001430436926, 61.552232578026704, 61.20623527129368, 62.346330202384486, 61.82203188543638, 62.946833934547556, 65.02243311802368, 63.982587649487776, 62.73105131755752, 62.98498839161652, 62.22690610064572, 61.15206897086132, 60.694111721700345, 60.74960095393912, 63.11940634109402, 65.40569346874224, 65.45087723983126, 64.00639423118471, 63.377097562946716, 63.655308927252825, 63.158849671495496, 63.58415967158422, 63.98374142082573, 64.58717910497795, 64.85383245480972, 64.81699352613978, 63.542592416992505, 63.12532065493447, 61.79391202671931, 62.62642679044223, 62.38809207740714, 62.212945528645214, 62.637019028823495, 62.90430944670021, 63.136858187536404, 61.536215558963995, 60.649163150126675, 61.71934688429858, 62.4143105641372, 61.277405397889815, 61.81391756795797, 61.838636661034876, 61.23324959125662, 61.39310273106364, 62.09583137579579, 61.42491451797673, 60.68497318098477, 60.0654157199033, 59.67336923022718, 59.90294338710849, 60.331760285217285, 60.70445132130489, 60.444346325207434, 60.05814668080767, 59.91379370878663, 60.0038211987508, 61.00073743436535, 61.70292663963703, 61.02547941097203, 60.469454960970246, 60.80071852278535, 61.58872125548506, 61.46051538754502, 61.767631674910966, 63.03432563667042, 62.81496375963276, 61.83295032291457, 61.895665125763756, 62.344548085629306, 62.511971210913764, 62.25868580073255, 62.36508927290417, 63.565075209103625, 62.91745229382515, 62.11012806956429, 61.438653432117164, 62.06242522191851, 62.358732330848994, 62.163472156624096, 61.89249814176964, 62.29786815170175, 62.40281335009111, 61.6909862185544, 59.701741728822654, 57.52220892623853, 54.607825289138184, 50.98437173174911, 47.508244571871515, 43.3353279611962, 38.93057820959474, 33.30198890455637, 26.220243510020182, 22.54132281296659, 22.048208358150177, 21.874816597938906, 21.90971183867258, 22.052439211095344, 17.350954126009555], "f": [0.0, 0.78125, 1.5625, 2.34375, 3.125, 3.90625, 4.6875, 5.46875, 6.25, 7.03125, 7.8125, 8.59375, 9.375, 10.15625, 10.9375, 11.71875, 12.5, 13.28125, 14.0625, 14.84375, 15.625, 16.40625, 17.1875, 17.96875, 18.75, 19.53125, 20.3125, 21.09375, 21.875, 22.65625, 23.4375, 24.21875, 25.0, 25.78125, 26.5625, 27.34375, 28.125, 28.90625, 29.6875, 30.46875, 31.25, 32.03125, 32.8125, 33.59375, 34.375, 35.15625, 35.9375, 36.71875, 37.5, 38.28125, 39.0625, 39.84375, 40.625, 41.40625, 42.1875, 42.96875, 43.75, 44.53125, 45.3125, 46.09375, 46.875, 47.65625, 48.4375, 49.21875, 50.0, 50.78125, 51.5625, 52.34375, 53.125, 53.90625, 54.6875, 55.46875, 56.25, 57.03125, 57.8125, 58.59375, 59.375, 60.15625, 60.9375, 61.71875, 62.5, 63.28125, 64.0625, 64.84375, 65.625, 66.40625, 67.1875, 67.96875, 68.75, 69.53125, 70.3125, 71.09375, 71.875, 72.65625, 73.4375, 74.21875, 75.0, 75.78125, 76.5625, 77.34375, 78.125, 78.90625, 79.6875, 80.46875, 81.25, 82.03125, 82.8125, 83.59375, 84.375, 85.15625, 85.9375, 86.71875, 87.5, 88.28125, 89.0625, 89.84375, 90.625, 91.40625, 92.1875, 92.96875, 93.75, 94.53125, 95.3125, 96.09375, 96.875, 97.65625, 98.4375, 99.21875, 100.0]}