{"psd": [56.02321136662334, 64.56965708171309, 63.80333129365651, 60.05548937784724, 55.270101857741224, 50.65565852971068, 46.655566070885456, 44.80998330367993, 46.1293461932557, 50.74495263993682, 51.2524787867736, 50.55441038667369, 50.58668668126995, 53.789288719291505, 54.65001137711954, 52.2798562328727, 52.817968774243695, 55.381559234528844, 57.55482446937453, 56.67253042171454, 56.56358902768616, 55.206482776138664, 54.076561875442835, 54.26626938193736, 54.360686185261684, 54.254970753180594, 55.941089317476354, 57.03202552018038, 57.83359643060688, 58.799121785289145, 59.496028805223474, 60.19884080727553, 60.19232046669951, 59.79819204757518, 61.798320400911784, 62.477915743327436, 62.45766433306662, 62.763605499334375, 68.57072261918546, 67.60807476316464, 62.57405552891072, 63.72600385335168, 64.53135436882151, 64.8066856748398, 66.50876598926554, 66.73152688722288, 67.07980634152902, 68.21687181999877, 68.48015592558531, 67.11858122731849, 66.36470954383601, 65.56382621790542, 65.05871644456549, 64.72448793748929, 65.55296507726258, 65.57150726307614, 65.7819565544307, 67.7167380219625, 68.1878682007231, 66.25729758071864, 65.4215211055559, 64.8560144418003, 65.51368296125231, 65.98307411812925, 65.88791078060432, 66.305091347699, 65.36768290762386, 64.58061021370466, 64.0192922950679, 63.908745788320914, 63.85391667663157, 64.35061645121372, 65.19048177385862, 65.19555609643162, 64.94655274042167, 67.55176781685745, 74.68557704012717, 73.21695700468086, 66.87301305137332, 65.41170930788341, 65.9546077742747, 65.21523941960484, 64.89848785289398, 66.83021656349493, 64.98569944686056, 64.2925541357959, 65.15186221025344, 66.23827949139442, 66.00667024824816, 64.67857771351524, 64.36525697170615, 64.52876491557231, 65.14352595980334, 65.90818159366403, 65.86064557148312, 66.3584547883403, 66.96609376784099, 65.22368243313076, 63.44766886142084, 63.43243157780258, 63.26310066651899, 63.084499715120984, 63.58177244918029, 63.60923729225238, 63.758941297678376, 63.55195115106425, 63.650569662172636, 63.82858202889441, 64.67649122112579, 64.6044601637866, 63.493935678143714, 62.40339033872243, 62.149492093184946, 61.76016527467958, 59.589282291040476, 59.7610457310542, 56.9007007057896, 52.9763012493065, 49.43255755855334, 44.3382252380816, 39.04145347086396, 32.816084326946296, 26.055139222345282, 22.987962555471867, 22.210726780262434, 21.50415117277703, 21.64196742470798, 22.160799839424318, 17.553910456795254], "f": [0.0, 0.78125, 1.5625, 2.34375, 3.125, 3.90625, 4.6875, 5.46875, 6.25, 7.03125, 7.8125, 8.59375, 9.375, 10.15625, 10.9375, 11.71875, 12.5, 13.28125, 14.0625, 14.84375, 15.625, 16.40625, 17.1875, 17.96875, 18.75, 19.53125, 20.3125, 21.09375, 21.875, 22.65625, 23.4375, 24.21875, 25.0, 25.78125, 26.5625, 27.34375, 28.125, 28.90625, 29.6875, 30.46875, 31.25, 32.03125, 32.8125, 33.59375, 34.375, 35.15625, 35.9375, 36.71875, 37.5, 38.28125, 39.0625, 39.84375, 40.625, 41.40625, 42.1875, 42.96875, 43.75, 44.53125, 45.3125, 46.09375, 46.875, 47.65625, 48.4375, 49.21875, 50.0, 50.78125, 51.5625, 52.34375, 53.125, 53.90625, 54.6875, 55.46875, 56.25, 57.03125, 57.8125, 58.59375, 59.375, 60.15625, 60.9375, 61.71875, 62.5, 63.28125, 64.0625, 64.84375, 65.625, 66.40625, 67.1875, 67.96875, 68.75, 69.53125, 70.3125, 71.09375, 71.875, 72.65625, 73.4375, 74.21875, 75.0, 75.78125, 76.5625, 77.34375, 78.125, 78.90625, 79.6875, 80.46875, 81.25, 82.03125, 82.8125, 83.59375, 84.375, 85.15625, 85.9375, 86.71875, 87.5, 88.28125, 89.0625, 89.84375, 90.625, 91.40625, 92.1875, 92.96875, 93.75, 94.53125, 95.3125, 96.09375, 96.875, 97.65625, 98.4375, 99.21875, 100.0]}