{"psd": [57.31596647288904, 65.62298850648563, 65.2938956404043, 61.40868106672051, 55.88251808369509, 51.797340351406085, 49.39940298548802, 50.75193588207255, 53.12332760391422, 53.83917443863972, 54.337055024890944, 56.765381900686045, 58.06348458750422, 59.31899978667981, 57.28139003921568, 57.32448015607997, 58.999759139195696, 61.73867247567907, 61.614372111657886, 62.17822077245749, 58.85239378022981, 56.19479810305645, 57.06666681407758, 58.123929699245835, 58.1142038571176, 58.59128966288758, 59.40483775639309, 58.713447138978296, 59.06298856305318, 59.952011560022754, 60.89763679970169, 63.64075268105067, 62.23015770804842, 63.5310009836318, 66.66933132869683, 65.91546548794949, 66.63965570869878, 68.88674494489473, 68.73784523646837, 68.86256557960887, 69.52247273094139, 68.63777635825576, 69.4228866227047, 70.3687308231051, 69.0948285234539, 69.86949100413713, 70.09875728626076, 69.88136102720435, 70.85824651242729, 71.1970075340513, 71.65242473951669, 73.24760367282849, 74.04337478468732, 75.93973465091477, 77.84008148381889, 77.83122283714384, 79.22019434982018, 80.66420147856988, 79.24527261406561, 79.7211524358601, 80.41599477748048, 77.63819637403637, 76.68873158615793, 76.02223964570844, 75.34224818610544, 75.0776271179187, 75.03146380609405, 73.59893834379078, 74.85169778312029, 74.88737278900338, 73.67362336299915, 75.14775495901786, 74.59747576660065, 74.91808785301389, 75.51635848725249, 75.99685236154599, 77.68956778797305, 78.11633356070635, 76.17625737027043, 76.34895586923426, 76.81196131339529, 75.87301863320278, 76.14556800731266, 75.85055067777445, 75.18831635766315, 75.69139408565724, 76.1113930564558, 74.82135747317083, 74.57223759055152, 73.97469020768116, 73.53195240578891, 73.31555058996821, 72.64599754699576, 72.91317189786841, 73.15470322944199, 72.79346641919084, 72.30241179889794, 72.32154631536596, 71.39580831330265, 71.34951292440336, 71.76620778325896, 71.32167951929834, 71.73840351819568, 72.44020504910567, 71.57056212040645, 72.64459544683577, 71.99394558438378, 70.00086204406897, 70.9857305598455, 70.45559878737942, 69.65909257632515, 69.36466546865019, 68.8444386256454, 67.79382052804249, 66.8372471107887, 64.51247148052457, 60.84139151054692, 57.41156358207399, 53.06201258609444, 48.109958736853855, 43.627027036958225, 38.12346520167894, 31.563713943458865, 25.78297922096011, 22.6921187446043, 21.856588151988397, 21.763895335093007, 21.486081167869383, 16.42128859538863], "f": [0.0, 0.78125, 1.5625, 2.34375, 3.125, 3.90625, 4.6875, 5.46875, 6.25, 7.03125, 7.8125, 8.59375, 9.375, 10.15625, 10.9375, 11.71875, 12.5, 13.28125, 14.0625, 14.84375, 15.625, 16.40625, 17.1875, 17.96875, 18.75, 19.53125, 20.3125, 21.09375, 21.875, 22.65625, 23.4375, 24.21875, 25.0, 25.78125, 26.5625, 27.34375, 28.125, 28.90625, 29.6875, 30.46875, 31.25, 32.03125, 32.8125, 33.59375, 34.375, 35.15625, 35.9375, 36.71875, 37.5, 38.28125, 39.0625, 39.84375, 40.625, 41.40625, 42.1875, 42.96875, 43.75, 44.53125, 45.3125, 46.09375, 46.875, 47.65625, 48.4375, 49.21875, 50.0, 50.78125, 51.5625, 52.34375, 53.125, 53.90625, 54.6875, 55.46875, 56.25, 57.03125, 57.8125, 58.59375, 59.375, 60.15625, 60.9375, 61.71875, 62.5, 63.28125, 64.0625, 64.84375, 65.625, 66.40625, 67.1875, 67.96875, 68.75, 69.53125, 70.3125, 71.09375, 71.875, 72.65625, 73.4375, 74.21875, 75.0, 75.78125, 76.5625, 77.34375, 78.125, 78.90625, 79.6875, 80.46875, 81.25, 82.03125, 82.8125, 83.59375, 84.375, 85.15625, 85.9375, 86.71875, 87.5, 88.28125, 89.0625, 89.84375, 90.625, 91.40625, 92.1875, 92.96875, 93.75, 94.53125, 95.3125, 96.09375, 96.875, 97.65625, 98.4375, 99.21875, 100.0]}