{"psd": [57.39045740546766, 66.29665560236771, 66.04046631601203, 61.31091780225513, 54.710279889330316, 49.444598728812856, 45.621012169046196, 44.55790738153624, 48.45114642771985, 49.46869666963386, 47.042355539934306, 48.022529010182765, 48.30150550855673, 50.730408436208734, 52.38598384785555, 51.57838180113471, 54.13172304285125, 54.914888151892555, 54.48291022136093, 52.93183467763673, 52.33131955630029, 52.723687066421554, 52.32878018505036, 53.179358254929184, 53.717567979917916, 53.53192978149944, 56.482951710677945, 59.042745377399335, 57.24610997673696, 55.871356045169236, 57.889243155749725, 59.90188386930481, 60.82007555092494, 61.044231084776534, 60.58595912832055, 59.79247080837922, 59.85827685453813, 59.535875525904096, 61.15692567942708, 64.00882379814539, 65.15951077880713, 62.252418514621255, 62.77470635085406, 63.20837107875196, 63.559287318287204, 63.929751110145446, 62.57907337988122, 63.09423321911769, 64.49791977262547, 64.95982073662856, 65.63416057153883, 66.47548828824928, 64.86073165510757, 64.13176062769134, 64.41176759798954, 65.12361235237583, 65.30774780272664, 65.29567682559046, 65.16265194339982, 65.56027868838362, 65.22110716093626, 64.93492159828398, 65.92750785377537, 70.08951870278506, 71.81824916524234, 68.86042693355822, 66.31166051113348, 66.45087588100364, 66.66057920287611, 66.60248974782674, 66.05756821518543, 66.2540816258688, 67.10779981151626, 67.13128663342518, 66.75440343655148, 67.41266894621083, 68.7709489133328, 67.51151257833902, 65.94710853249171, 66.44219359376075, 66.70255301180491, 67.09998358480375, 67.45151037077787, 67.40453229792918, 67.14672785938893, 66.99672055167557, 67.39617644609761, 67.19451175697066, 67.2513585626377, 66.8286147969061, 66.27804661009196, 67.06418313772686, 67.38675045143364, 67.2012491406872, 66.77353714253856, 67.50223822989096, 67.47824641524738, 66.38522488347408, 66.20276457424652, 66.00963700764726, 65.74767143681831, 65.79003568511622, 66.08284645661311, 65.93644097856928, 65.45372717715159, 64.82616585386177, 64.66917291955504, 64.18368894122396, 64.33488023829013, 63.96393266416045, 63.99264548172589, 63.42433184803965, 63.070338362534066, 62.53015791714258, 61.528471311161084, 60.97043506743795, 59.03596339473272, 53.979710253481066, 50.01392378794543, 45.79026959513381, 40.514587156604556, 33.56900549736166, 26.975925732070905, 23.714621136380863, 22.33625054753835, 21.77975529363904, 22.031649474364183, 22.064758185086394, 17.121107993965943], "f": [0.0, 0.78125, 1.5625, 2.34375, 3.125, 3.90625, 4.6875, 5.46875, 6.25, 7.03125, 7.8125, 8.59375, 9.375, 10.15625, 10.9375, 11.71875, 12.5, 13.28125, 14.0625, 14.84375, 15.625, 16.40625, 17.1875, 17.96875, 18.75, 19.53125, 20.3125, 21.09375, 21.875, 22.65625, 23.4375, 24.21875, 25.0, 25.78125, 26.5625, 27.34375, 28.125, 28.90625, 29.6875, 30.46875, 31.25, 32.03125, 32.8125, 33.59375, 34.375, 35.15625, 35.9375, 36.71875, 37.5, 38.28125, 39.0625, 39.84375, 40.625, 41.40625, 42.1875, 42.96875, 43.75, 44.53125, 45.3125, 46.09375, 46.875, 47.65625, 48.4375, 49.21875, 50.0, 50.78125, 51.5625, 52.34375, 53.125, 53.90625, 54.6875, 55.46875, 56.25, 57.03125, 57.8125, 58.59375, 59.375, 60.15625, 60.9375, 61.71875, 62.5, 63.28125, 64.0625, 64.84375, 65.625, 66.40625, 67.1875, 67.96875, 68.75, 69.53125, 70.3125, 71.09375, 71.875, 72.65625, 73.4375, 74.21875, 75.0, 75.78125, 76.5625, 77.34375, 78.125, 78.90625, 79.6875, 80.46875, 81.25, 82.03125, 82.8125, 83.59375, 84.375, 85.15625, 85.9375, 86.71875, 87.5, 88.28125, 89.0625, 89.84375, 90.625, 91.40625, 92.1875, 92.96875, 93.75, 94.53125, 95.3125, 96.09375, 96.875, 97.65625, 98.4375, 99.21875, 100.0]}