{"psd": [54.63268275835446, 63.3435819084946, 62.78715420043649, 60.34935595711011, 56.85276595270032, 52.62181839045367, 49.5451854030225, 52.55557442284005, 56.888530802412866, 61.816382956299435, 61.48221437541757, 64.91345397513663, 62.85800274911892, 57.89112783922401, 56.4919817933577, 59.59248890379246, 60.234375925343784, 62.14718513290958, 61.71644505339132, 62.116511059784955, 63.57931215246461, 64.46734467766412, 66.71399120046416, 66.84809130104405, 66.6445877629682, 69.15570815724122, 71.22826125201738, 73.23111287430366, 71.89264869722977, 71.88547401103773, 71.74934457351661, 72.74926141663265, 72.93606661576375, 70.88206782225284, 70.28354515567683, 71.01498801814213, 73.75204719395651, 71.67560354356591, 68.48626336709385, 67.36777460026613, 67.58295462194911, 68.03457108876317, 69.07588726051762, 69.3755069850022, 69.75768656495794, 71.1526367439462, 69.669072657535, 67.08065690754844, 66.79134199898274, 65.37978035505046, 65.20374262713104, 66.33361622854083, 66.31401158619263, 66.85744868837781, 67.78391128869517, 67.09793588706219, 65.43703849527378, 67.11048304499826, 66.84009987229271, 64.06294322575972, 64.54514394441765, 64.14917513892475, 64.80769926078958, 65.44616360360925, 64.791345887699, 63.910719496586424, 65.15442774444621, 65.65656178052335, 66.09908356304301, 65.8759696124005, 66.89888513293008, 65.72115752291627, 63.14150006810876, 63.433959542860954, 64.82804902061952, 64.30708476535312, 64.44600734131095, 64.56590956151366, 63.06036329759577, 62.98160124923471, 64.04453256604044, 63.12373905423013, 61.9444962627618, 62.071982200039386, 62.2778113047064, 62.305256600045794, 61.38569907558471, 61.434267469428136, 61.06411979329076, 61.14198931271284, 61.95679639065094, 61.46418504140012, 61.614326662362814, 61.42200356643724, 62.745819519136376, 66.46220095468766, 66.17968253221264, 61.94015846973353, 61.10899823594248, 62.08851097923163, 62.84214380571902, 62.37671985371481, 61.8444529912302, 61.57042935789199, 61.161085568241845, 61.522839926614836, 62.31195817600241, 61.83776572317669, 61.82061868468366, 62.240606235841405, 62.51008830867853, 62.27230366882711, 61.7200743874421, 61.447552113347996, 60.932329210400155, 61.60667263664542, 58.07553354728122, 53.82969252544959, 49.77487994560434, 44.55077876266024, 39.74864958208736, 34.43223158668076, 28.02924207314188, 23.688215213039836, 22.50339885210056, 22.258369096441722, 21.96140545221034, 22.099475365004203, 17.63164495185879], "f": [0.0, 0.78125, 1.5625, 2.34375, 3.125, 3.90625, 4.6875, 5.46875, 6.25, 7.03125, 7.8125, 8.59375, 9.375, 10.15625, 10.9375, 11.71875, 12.5, 13.28125, 14.0625, 14.84375, 15.625, 16.40625, 17.1875, 17.96875, 18.75, 19.53125, 20.3125, 21.09375, 21.875, 22.65625, 23.4375, 24.21875, 25.0, 25.78125, 26.5625, 27.34375, 28.125, 28.90625, 29.6875, 30.46875, 31.25, 32.03125, 32.8125, 33.59375, 34.375, 35.15625, 35.9375, 36.71875, 37.5, 38.28125, 39.0625, 39.84375, 40.625, 41.40625, 42.1875, 42.96875, 43.75, 44.53125, 45.3125, 46.09375, 46.875, 47.65625, 48.4375, 49.21875, 50.0, 50.78125, 51.5625, 52.34375, 53.125, 53.90625, 54.6875, 55.46875, 56.25, 57.03125, 57.8125, 58.59375, 59.375, 60.15625, 60.9375, 61.71875, 62.5, 63.28125, 64.0625, 64.84375, 65.625, 66.40625, 67.1875, 67.96875, 68.75, 69.53125, 70.3125, 71.09375, 71.875, 72.65625, 73.4375, 74.21875, 75.0, 75.78125, 76.5625, 77.34375, 78.125, 78.90625, 79.6875, 80.46875, 81.25, 82.03125, 82.8125, 83.59375, 84.375, 85.15625, 85.9375, 86.71875, 87.5, 88.28125, 89.0625, 89.84375, 90.625, 91.40625, 92.1875, 92.96875, 93.75, 94.53125, 95.3125, 96.09375, 96.875, 97.65625, 98.4375, 99.21875, 100.0]}