{"psd": [56.19990866660852, 65.96446935972874, 65.77899565607693, 61.73602868450339, 56.55919747438201, 51.239104624227984, 47.16997039736533, 46.398238473106716, 51.64343423585075, 51.23138969463153, 46.78716328255311, 58.78447235440403, 67.4213964382149, 64.24994436075664, 54.82091808921481, 54.6945729255509, 56.06065658187971, 55.07350779069981, 54.53874120384407, 53.975800989068496, 57.002654831760594, 58.077952671641484, 60.13411413536826, 59.21148497634427, 59.0007030838398, 60.194515021098674, 61.05812475371172, 59.629169807694055, 59.470987041976045, 59.63046853383253, 61.79176955271554, 62.254042714102454, 62.35205026423395, 63.141604644277, 61.2011693903278, 61.184393020085054, 57.66668765383387, 58.897929108381675, 59.70564400426031, 58.706267568348984, 60.07702200156808, 60.76185236050268, 60.461407183254636, 60.196148906362374, 60.57981949192319, 61.09575408657904, 60.5574022000825, 60.58593914027792, 61.396909592316874, 62.23819017752267, 61.52596103808888, 62.065905417592056, 62.634309022722334, 62.63190528813411, 60.28515555130815, 61.35326720521482, 61.841808648147165, 62.90073312141931, 64.30881911755493, 64.07178188318665, 63.11503448137301, 63.15285518443774, 63.7829243818122, 64.05658312982116, 64.18875775439324, 65.32994495509476, 65.45201275453836, 64.12400167397828, 64.51741043581053, 65.93419310479625, 65.77137228318938, 65.80366350529133, 65.65380058363291, 65.25216508455424, 64.45215086974238, 64.78392212034207, 64.50779468428033, 63.92101694712602, 64.34630330333962, 66.08843098284731, 67.94896014153649, 67.46189832299275, 66.97370683865196, 66.62954460609927, 66.42276342619928, 64.98126732132233, 64.94331585414437, 65.80186654599262, 65.28302315505782, 65.24142965697934, 66.22554299755139, 67.5040008943836, 68.6596026154701, 69.03473036564871, 68.40056829925558, 67.28070001695923, 66.42733786523438, 65.80528371851432, 65.26089138641986, 64.5072052669727, 64.28985956083812, 64.72235019909658, 65.04752534059108, 65.36475743639294, 66.31007102021147, 66.02725615532836, 65.67552633666767, 64.74563734648332, 63.816681247429074, 62.81122782832413, 62.37540925944671, 62.692581826561124, 62.55789496449385, 61.96079226881449, 61.58654721019474, 60.096238111026054, 57.79855884871962, 54.79500083411657, 50.85215194220293, 45.7288224094638, 40.58885507755277, 35.198794260251745, 26.899167784971887, 22.854249840990608, 21.66747905945508, 21.733574174268195, 22.189976874362195, 21.99608174770821, 17.294962289470355], "f": [0.0, 0.78125, 1.5625, 2.34375, 3.125, 3.90625, 4.6875, 5.46875, 6.25, 7.03125, 7.8125, 8.59375, 9.375, 10.15625, 10.9375, 11.71875, 12.5, 13.28125, 14.0625, 14.84375, 15.625, 16.40625, 17.1875, 17.96875, 18.75, 19.53125, 20.3125, 21.09375, 21.875, 22.65625, 23.4375, 24.21875, 25.0, 25.78125, 26.5625, 27.34375, 28.125, 28.90625, 29.6875, 30.46875, 31.25, 32.03125, 32.8125, 33.59375, 34.375, 35.15625, 35.9375, 36.71875, 37.5, 38.28125, 39.0625, 39.84375, 40.625, 41.40625, 42.1875, 42.96875, 43.75, 44.53125, 45.3125, 46.09375, 46.875, 47.65625, 48.4375, 49.21875, 50.0, 50.78125, 51.5625, 52.34375, 53.125, 53.90625, 54.6875, 55.46875, 56.25, 57.03125, 57.8125, 58.59375, 59.375, 60.15625, 60.9375, 61.71875, 62.5, 63.28125, 64.0625, 64.84375, 65.625, 66.40625, 67.1875, 67.96875, 68.75, 69.53125, 70.3125, 71.09375, 71.875, 72.65625, 73.4375, 74.21875, 75.0, 75.78125, 76.5625, 77.34375, 78.125, 78.90625, 79.6875, 80.46875, 81.25, 82.03125, 82.8125, 83.59375, 84.375, 85.15625, 85.9375, 86.71875, 87.5, 88.28125, 89.0625, 89.84375, 90.625, 91.40625, 92.1875, 92.96875, 93.75, 94.53125, 95.3125, 96.09375, 96.875, 97.65625, 98.4375, 99.21875, 100.0]}