{"psd": [56.70386488727311, 65.75767266690362, 65.30000050288328, 61.1033938789258, 55.627640501112275, 50.56376504621519, 46.41615796843183, 45.205561764974405, 45.310788818325506, 47.8719768764277, 49.174565511043575, 49.383728934079905, 47.03961687621005, 47.60122439657867, 48.0192626318777, 47.81264759828892, 50.330799406930566, 54.51954613118826, 54.16971934592429, 54.29297481376344, 56.95969992726033, 58.688204528612864, 58.41575019721961, 58.60185688430079, 61.7830388908473, 64.77282592484356, 66.7389236218489, 67.75180465963739, 67.13486862199173, 66.6255308704048, 66.77887636987091, 66.6386052689782, 66.48853493279682, 65.77423990004507, 65.50535102950775, 64.67627379849381, 64.11790048512808, 63.35822897915372, 63.60091751544198, 62.97888205573752, 62.13469285653965, 63.29884676624715, 64.30517160228784, 64.77055726399279, 64.4794836273021, 64.48590159975534, 64.77825215187335, 64.95286113417224, 63.641895658725275, 63.27199746263027, 64.29681573642821, 64.62511744622078, 63.83663115042053, 64.58002870630155, 65.4766090146352, 65.99135047732646, 65.01778485796423, 64.22386395673011, 63.98725910424918, 63.4051757506202, 62.39007199159126, 61.71896273017616, 61.815003654899925, 62.56188572154543, 61.7306719795313, 61.35136627050946, 61.60391239178436, 62.558082563605446, 62.04903769369264, 61.47977097499327, 61.227573698619935, 61.17788523164456, 61.12440894421776, 61.38629053660285, 61.71479644281484, 62.17843912744812, 63.40802218599883, 63.02023272204396, 61.84185025588188, 60.03462918942858, 60.14769274171592, 60.292868421584885, 60.22192378871371, 59.33165769521875, 59.68133735542179, 59.184003655411075, 59.278629310476205, 58.45064778832375, 57.975630513149945, 57.95773196884219, 57.730037968905435, 57.13831719973285, 57.238580630605824, 57.16955713975966, 57.908806698141156, 57.78731241272951, 58.02242753182512, 57.443551289668875, 56.97344376803776, 57.206021261594245, 57.35511849387002, 58.04264482643737, 57.5231400031555, 57.39332648784321, 56.43158371758035, 56.74999155085368, 57.00751774760347, 57.354970573897816, 56.82307671769956, 56.07575643967172, 55.313820007031005, 55.91214220098239, 54.970118846727594, 54.56052925966931, 53.27474891997308, 51.88470910943381, 49.465230176530916, 46.59860614390358, 43.37342819047122, 38.396814519543405, 32.94979825955189, 27.394510234256146, 23.804443215379308, 22.434846542811236, 21.86657225402297, 21.845143516729593, 22.2339984416411, 21.910461818615453, 17.646718386079247], "f": [0.0, 0.78125, 1.5625, 2.34375, 3.125, 3.90625, 4.6875, 5.46875, 6.25, 7.03125, 7.8125, 8.59375, 9.375, 10.15625, 10.9375, 11.71875, 12.5, 13.28125, 14.0625, 14.84375, 15.625, 16.40625, 17.1875, 17.96875, 18.75, 19.53125, 20.3125, 21.09375, 21.875, 22.65625, 23.4375, 24.21875, 25.0, 25.78125, 26.5625, 27.34375, 28.125, 28.90625, 29.6875, 30.46875, 31.25, 32.03125, 32.8125, 33.59375, 34.375, 35.15625, 35.9375, 36.71875, 37.5, 38.28125, 39.0625, 39.84375, 40.625, 41.40625, 42.1875, 42.96875, 43.75, 44.53125, 45.3125, 46.09375, 46.875, 47.65625, 48.4375, 49.21875, 50.0, 50.78125, 51.5625, 52.34375, 53.125, 53.90625, 54.6875, 55.46875, 56.25, 57.03125, 57.8125, 58.59375, 59.375, 60.15625, 60.9375, 61.71875, 62.5, 63.28125, 64.0625, 64.84375, 65.625, 66.40625, 67.1875, 67.96875, 68.75, 69.53125, 70.3125, 71.09375, 71.875, 72.65625, 73.4375, 74.21875, 75.0, 75.78125, 76.5625, 77.34375, 78.125, 78.90625, 79.6875, 80.46875, 81.25, 82.03125, 82.8125, 83.59375, 84.375, 85.15625, 85.9375, 86.71875, 87.5, 88.28125, 89.0625, 89.84375, 90.625, 91.40625, 92.1875, 92.96875, 93.75, 94.53125, 95.3125, 96.09375, 96.875, 97.65625, 98.4375, 99.21875, 100.0]}