{"psd": [55.51702814531836, 64.98872298355064, 64.16546083692914, 60.2624848312709, 55.52110820536907, 50.2583445744, 47.012724940576824, 46.3454188035083, 46.049428930736546, 52.035733360489516, 53.798024058157175, 53.19940492682625, 52.55400142218753, 53.255408771419894, 53.446560915004284, 54.00649310139616, 54.665751598131905, 54.701312048354794, 57.53272619515127, 58.145456103569714, 57.25557965211721, 56.385669318037955, 55.20061120943309, 54.453545516837366, 54.50836219063657, 54.9247127451276, 56.86014337486843, 58.65640034596463, 60.42018113710068, 61.00557402792775, 60.81940653450212, 60.321002561964846, 59.52738545194454, 59.65362827326843, 60.96455668065768, 61.729166241083206, 62.493374381557764, 65.22526914369237, 70.51256354575108, 69.58653661974247, 64.06806824565172, 64.75622607602317, 64.73654643111433, 65.27190411255081, 66.87676603721587, 67.2410195589592, 68.40067140171067, 69.24780571813277, 69.06763289479773, 67.73532947908666, 67.08190298971567, 66.27271763753122, 65.99900874043915, 66.61844071319003, 67.36641395262554, 67.86195287990257, 67.65265496003926, 68.7745989592572, 69.33088279656515, 67.72575570991799, 66.41628881094422, 66.30182047949599, 65.79171698132514, 66.09309560770215, 67.16150829969544, 67.35160840249966, 66.11345825315668, 65.56659354480514, 65.03864205981361, 65.26825828256767, 65.4109366473144, 65.25949319590956, 66.06098521481371, 66.34886520683902, 66.09699186055292, 69.80658545200433, 78.71801715516138, 76.8778291121105, 68.51583782727712, 66.90149829188181, 67.07005760001041, 65.83292189728732, 65.90331554898584, 67.89843982356709, 66.12883999250805, 66.18062732101271, 67.377504801229, 68.30617607189205, 67.43426714828954, 66.39611490507534, 65.8745219207488, 66.2210652047707, 66.02807948519035, 66.01815546007681, 66.09340749760028, 66.94408544035335, 66.97227267696573, 66.19256111347539, 65.23999641419829, 65.08602829291338, 64.96183089601314, 64.59412552116405, 64.88901035284886, 64.548461597369, 64.54468456998374, 64.80717327150828, 64.25866974653957, 64.11313384403732, 64.0842852427649, 64.41518447107056, 63.98669588418998, 63.260849004677084, 63.067386054219696, 61.87864398377819, 59.9321387931565, 59.15382192221776, 56.55662972028193, 52.600754701735056, 48.844072777401344, 44.507622670446175, 38.86519666832671, 31.939324010514227, 25.959907585788567, 22.839498945381408, 22.082280835398894, 21.909749950532962, 22.137842970939914, 21.744499170003774, 17.137935959173987], "f": [0.0, 0.78125, 1.5625, 2.34375, 3.125, 3.90625, 4.6875, 5.46875, 6.25, 7.03125, 7.8125, 8.59375, 9.375, 10.15625, 10.9375, 11.71875, 12.5, 13.28125, 14.0625, 14.84375, 15.625, 16.40625, 17.1875, 17.96875, 18.75, 19.53125, 20.3125, 21.09375, 21.875, 22.65625, 23.4375, 24.21875, 25.0, 25.78125, 26.5625, 27.34375, 28.125, 28.90625, 29.6875, 30.46875, 31.25, 32.03125, 32.8125, 33.59375, 34.375, 35.15625, 35.9375, 36.71875, 37.5, 38.28125, 39.0625, 39.84375, 40.625, 41.40625, 42.1875, 42.96875, 43.75, 44.53125, 45.3125, 46.09375, 46.875, 47.65625, 48.4375, 49.21875, 50.0, 50.78125, 51.5625, 52.34375, 53.125, 53.90625, 54.6875, 55.46875, 56.25, 57.03125, 57.8125, 58.59375, 59.375, 60.15625, 60.9375, 61.71875, 62.5, 63.28125, 64.0625, 64.84375, 65.625, 66.40625, 67.1875, 67.96875, 68.75, 69.53125, 70.3125, 71.09375, 71.875, 72.65625, 73.4375, 74.21875, 75.0, 75.78125, 76.5625, 77.34375, 78.125, 78.90625, 79.6875, 80.46875, 81.25, 82.03125, 82.8125, 83.59375, 84.375, 85.15625, 85.9375, 86.71875, 87.5, 88.28125, 89.0625, 89.84375, 90.625, 91.40625, 92.1875, 92.96875, 93.75, 94.53125, 95.3125, 96.09375, 96.875, 97.65625, 98.4375, 99.21875, 100.0]}