{"psd": [55.57188179098429, 64.8043043297336, 64.6092811759336, 60.8621983700393, 56.206636797390416, 51.437350180019465, 48.5426376845182, 46.54990750040676, 49.17453298275304, 52.58311932883757, 56.876795483928426, 60.821702718240935, 56.1980867144348, 52.761965940462765, 53.59921824807026, 56.91754721429178, 63.81545226732146, 63.32732889166503, 60.06243152327048, 57.92888188504526, 54.53652025858717, 55.18049655622598, 56.01654300491069, 56.08764497712421, 56.78354972684947, 57.375907198464745, 58.58488965129502, 60.0502703027815, 59.806746219888126, 59.759266274475955, 58.841911398955055, 58.77946266608761, 58.61208010981309, 59.42969508885149, 60.0020032570727, 61.19446614570102, 61.30883789937105, 61.085578049775876, 62.730203632988626, 61.72381357321564, 59.12562548958053, 60.11582336310856, 61.069840186774364, 60.75542586267372, 60.87981632321626, 61.04489104074809, 60.11269757116122, 60.145339411520276, 61.47969927600882, 61.693121483353195, 61.20737111692938, 61.66708805081895, 61.93996798153865, 62.85987799832861, 63.8390258734467, 63.645901584217995, 63.14740693101917, 64.49721999230957, 64.80130258036854, 64.15377339056423, 64.3230416214856, 63.60344508877448, 64.1050184979982, 66.33771967348645, 64.46158570679174, 62.97121816603244, 63.41026744060737, 62.59861941835055, 61.436732420383, 61.60952480538769, 61.93260248313139, 62.11760929773915, 62.695712190775495, 63.11077528203135, 62.91535962279886, 65.32847606580195, 71.49063589439656, 69.99695692369792, 63.45308286270988, 63.520993414063625, 65.07750822347792, 63.66598565722184, 63.14723900484607, 63.80279733259649, 63.34044533462554, 63.02756237318954, 65.48450758395163, 68.72416789398456, 68.53888456418623, 65.33895018570972, 65.13351184924477, 65.46673383776971, 64.99179256962704, 63.3415307477899, 64.85045615102541, 66.26296451188409, 67.09958531214785, 64.76854088815844, 62.818867877771254, 62.60437999831959, 63.51109125425458, 64.94662572507873, 65.49699695871584, 63.71872715136118, 61.751573091938646, 61.52935636624232, 62.843776141151714, 63.00563944824543, 63.19118547459957, 63.7690306026592, 63.610314303162994, 63.32429885549949, 62.63588654324888, 62.8172691176021, 62.33652945939389, 62.61727916042073, 59.67787376897413, 55.45817489134219, 51.618629870418644, 47.129559217459956, 41.9376442459692, 35.694515813866474, 28.343396176729726, 23.147997323434744, 22.28641589021995, 22.12266269041023, 21.94767755797904, 21.859878334782834, 17.032516430227577], "f": [0.0, 0.78125, 1.5625, 2.34375, 3.125, 3.90625, 4.6875, 5.46875, 6.25, 7.03125, 7.8125, 8.59375, 9.375, 10.15625, 10.9375, 11.71875, 12.5, 13.28125, 14.0625, 14.84375, 15.625, 16.40625, 17.1875, 17.96875, 18.75, 19.53125, 20.3125, 21.09375, 21.875, 22.65625, 23.4375, 24.21875, 25.0, 25.78125, 26.5625, 27.34375, 28.125, 28.90625, 29.6875, 30.46875, 31.25, 32.03125, 32.8125, 33.59375, 34.375, 35.15625, 35.9375, 36.71875, 37.5, 38.28125, 39.0625, 39.84375, 40.625, 41.40625, 42.1875, 42.96875, 43.75, 44.53125, 45.3125, 46.09375, 46.875, 47.65625, 48.4375, 49.21875, 50.0, 50.78125, 51.5625, 52.34375, 53.125, 53.90625, 54.6875, 55.46875, 56.25, 57.03125, 57.8125, 58.59375, 59.375, 60.15625, 60.9375, 61.71875, 62.5, 63.28125, 64.0625, 64.84375, 65.625, 66.40625, 67.1875, 67.96875, 68.75, 69.53125, 70.3125, 71.09375, 71.875, 72.65625, 73.4375, 74.21875, 75.0, 75.78125, 76.5625, 77.34375, 78.125, 78.90625, 79.6875, 80.46875, 81.25, 82.03125, 82.8125, 83.59375, 84.375, 85.15625, 85.9375, 86.71875, 87.5, 88.28125, 89.0625, 89.84375, 90.625, 91.40625, 92.1875, 92.96875, 93.75, 94.53125, 95.3125, 96.09375, 96.875, 97.65625, 98.4375, 99.21875, 100.0]}