{"psd": [47.692953539799056, 56.10619303338954, 54.96163490682123, 50.43413324187715, 46.85158069103909, 43.71468322294592, 42.21777392528778, 52.70244517510093, 54.035715836492756, 49.053049218424896, 48.0007854525768, 52.711457142244086, 52.621886229216045, 50.50127055058125, 50.692212557246336, 50.0354308897612, 52.03223204932602, 53.515771746235544, 55.74050110835758, 55.653561896175184, 56.31896530117985, 55.67986001673164, 58.310650636826026, 59.677685442337555, 58.89514481714581, 60.65166156025648, 61.94190422230538, 62.837034512367964, 62.60237150004946, 62.78646068553257, 63.08028904273222, 62.90558377949953, 62.460156757322636, 61.11326817399629, 60.66012144078386, 60.46985200024154, 60.83724270532179, 61.6301876227447, 64.20560737104009, 62.892625212669515, 60.85392535982066, 59.50524908460409, 58.910821526196735, 58.71980560993084, 59.455228123472786, 61.54782578149814, 64.09368066154543, 62.82400302732793, 61.3782023257022, 59.853667378726946, 58.810272837194034, 62.52384264510407, 61.5045074863513, 60.12051971557081, 62.29064054341866, 61.545728127001624, 60.75117744329124, 64.46906414729446, 65.81018916343112, 66.13043823066309, 62.45712093378412, 60.971968437936695, 59.86300148712183, 60.07087716760928, 60.256207814250224, 60.875781724000845, 62.00041804681497, 62.768602652066704, 65.7455446714512, 62.225578763818625, 61.685231456555414, 63.66512644197017, 63.07067064887572, 62.19826455102844, 61.99568278294738, 63.88410974021131, 64.82996248175543, 66.2928820588564, 65.42076042704831, 62.61572331295228, 60.58557900096951, 60.80547537033131, 61.327159961452786, 62.17410613340331, 61.418395973451936, 60.96033839305627, 61.36370608300609, 64.13759595698443, 64.23488494656726, 61.36701127718635, 60.73440269863422, 61.319921606210656, 61.70479735458269, 61.619681058177974, 61.14985533279368, 61.46808497452349, 61.123467917698974, 61.98227133819445, 61.562688577721644, 61.20618828058725, 61.1395134568082, 62.248826411095436, 62.52834266987005, 61.41776579104879, 61.01842469018918, 60.52011565506591, 62.257198450269684, 63.64129386432681, 61.575012123064596, 60.72570983509148, 60.537972121383916, 60.669695207851845, 61.09649089973515, 59.38410805099879, 57.78823384636739, 56.25816497749432, 54.41675496862936, 52.16259465353481, 46.970460245704324, 42.42176938474333, 35.93355265188321, 29.69973500177044, 24.62963994235175, 22.568232894441387, 22.06331399563574, 21.93374300677931, 21.97452481173268, 21.77503628133436, 17.14772433605465], "f": [0.0, 0.78125, 1.5625, 2.34375, 3.125, 3.90625, 4.6875, 5.46875, 6.25, 7.03125, 7.8125, 8.59375, 9.375, 10.15625, 10.9375, 11.71875, 12.5, 13.28125, 14.0625, 14.84375, 15.625, 16.40625, 17.1875, 17.96875, 18.75, 19.53125, 20.3125, 21.09375, 21.875, 22.65625, 23.4375, 24.21875, 25.0, 25.78125, 26.5625, 27.34375, 28.125, 28.90625, 29.6875, 30.46875, 31.25, 32.03125, 32.8125, 33.59375, 34.375, 35.15625, 35.9375, 36.71875, 37.5, 38.28125, 39.0625, 39.84375, 40.625, 41.40625, 42.1875, 42.96875, 43.75, 44.53125, 45.3125, 46.09375, 46.875, 47.65625, 48.4375, 49.21875, 50.0, 50.78125, 51.5625, 52.34375, 53.125, 53.90625, 54.6875, 55.46875, 56.25, 57.03125, 57.8125, 58.59375, 59.375, 60.15625, 60.9375, 61.71875, 62.5, 63.28125, 64.0625, 64.84375, 65.625, 66.40625, 67.1875, 67.96875, 68.75, 69.53125, 70.3125, 71.09375, 71.875, 72.65625, 73.4375, 74.21875, 75.0, 75.78125, 76.5625, 77.34375, 78.125, 78.90625, 79.6875, 80.46875, 81.25, 82.03125, 82.8125, 83.59375, 84.375, 85.15625, 85.9375, 86.71875, 87.5, 88.28125, 89.0625, 89.84375, 90.625, 91.40625, 92.1875, 92.96875, 93.75, 94.53125, 95.3125, 96.09375, 96.875, 97.65625, 98.4375, 99.21875, 100.0]}