{"psd": [52.8014565429508, 61.773377836677696, 61.92876608896362, 57.95635921164069, 53.40263138467567, 49.06567598792296, 45.94152323099021, 45.285509560852134, 47.018962935055164, 51.73427059389329, 57.162795483620556, 60.533894623162155, 57.70361814386763, 56.01480795036396, 54.942970206151955, 51.70208169912183, 52.396848855329985, 56.00433439517174, 56.98238390172351, 58.78640416684874, 56.37662597108302, 55.86866870590798, 55.413785709588616, 54.765398746123964, 58.01601461077401, 60.832951993559234, 60.570772558262966, 60.29863667847313, 63.5519675792069, 62.400646952079335, 62.45259098900527, 64.49403046229263, 62.861042645936884, 64.35868223451426, 64.99121715676057, 64.92698192308316, 65.75413041533818, 68.02768380213013, 67.9986374297005, 65.45433943316542, 65.06189797658644, 64.70950870269165, 64.45975969434645, 65.53251126432559, 65.43943659026436, 63.82392663832128, 65.57176780764874, 67.29157938612504, 66.18655596064174, 64.77949065543571, 63.615026840716816, 64.18593439318838, 64.52096592225332, 63.23257371219414, 64.01188008924592, 65.04493177038951, 67.95910075654805, 67.42555821418763, 66.12516601239517, 64.12808685662712, 63.53799801145648, 62.737305008718764, 62.84063745119053, 62.93026562075424, 62.91958315119041, 63.02719548910148, 62.85002821882374, 62.69739465783022, 62.502128828973056, 63.0222584638711, 62.789912468809625, 62.47303801743756, 61.50737080227235, 60.62857314794536, 60.47860964124113, 61.824224189365744, 62.13356287295628, 62.206290384853624, 62.11317320775481, 61.620059677142, 60.91241425825305, 59.98862117031777, 59.46130742696088, 59.58647333535629, 59.43659778101406, 60.77786205080487, 62.903804059078894, 63.3942973190053, 63.76509141189308, 62.95533613355437, 61.88412211039116, 62.944446774542406, 64.79411746867753, 64.98911780129782, 65.18979877162207, 66.3629949524921, 67.34771331750545, 66.5070553547079, 65.4828614410406, 65.51579611198592, 65.75765783799682, 65.10680034418857, 65.80348783720784, 67.26760770760225, 68.03215633985819, 66.84155812568405, 66.063814923332, 65.30010897447981, 64.74932938841735, 65.27340561232732, 65.05583228621414, 65.17296017721766, 65.11596375142571, 64.18212205829423, 61.89601442043905, 59.600979861539834, 56.962979635632756, 53.82603100194246, 50.210925538198836, 46.03984647871033, 40.82091548769628, 34.991244184690395, 28.1525558198919, 23.269601921562266, 22.521537904303855, 21.698107026319846, 22.109347999150124, 21.6927545276261, 16.809167775354023], "f": [0.0, 0.78125, 1.5625, 2.34375, 3.125, 3.90625, 4.6875, 5.46875, 6.25, 7.03125, 7.8125, 8.59375, 9.375, 10.15625, 10.9375, 11.71875, 12.5, 13.28125, 14.0625, 14.84375, 15.625, 16.40625, 17.1875, 17.96875, 18.75, 19.53125, 20.3125, 21.09375, 21.875, 22.65625, 23.4375, 24.21875, 25.0, 25.78125, 26.5625, 27.34375, 28.125, 28.90625, 29.6875, 30.46875, 31.25, 32.03125, 32.8125, 33.59375, 34.375, 35.15625, 35.9375, 36.71875, 37.5, 38.28125, 39.0625, 39.84375, 40.625, 41.40625, 42.1875, 42.96875, 43.75, 44.53125, 45.3125, 46.09375, 46.875, 47.65625, 48.4375, 49.21875, 50.0, 50.78125, 51.5625, 52.34375, 53.125, 53.90625, 54.6875, 55.46875, 56.25, 57.03125, 57.8125, 58.59375, 59.375, 60.15625, 60.9375, 61.71875, 62.5, 63.28125, 64.0625, 64.84375, 65.625, 66.40625, 67.1875, 67.96875, 68.75, 69.53125, 70.3125, 71.09375, 71.875, 72.65625, 73.4375, 74.21875, 75.0, 75.78125, 76.5625, 77.34375, 78.125, 78.90625, 79.6875, 80.46875, 81.25, 82.03125, 82.8125, 83.59375, 84.375, 85.15625, 85.9375, 86.71875, 87.5, 88.28125, 89.0625, 89.84375, 90.625, 91.40625, 92.1875, 92.96875, 93.75, 94.53125, 95.3125, 96.09375, 96.875, 97.65625, 98.4375, 99.21875, 100.0]}