{"psd": [45.84150756588712, 53.8218425626968, 53.30089180037888, 50.0000155140254, 46.781230375345544, 44.07852773342954, 42.09861441888969, 44.238517710132555, 49.56961350294685, 47.87760973295604, 47.879564700986634, 51.05406234709477, 51.114463163705864, 49.03516882631959, 49.90265266006078, 50.119457943610826, 51.4117233718937, 52.0102532459879, 55.874857225983504, 61.061527169295545, 60.97256911363743, 58.78973448659639, 58.22087482495569, 58.95907126708142, 58.55003259133156, 59.99027452438132, 60.428269417106144, 61.59646494226215, 61.910755376468984, 62.25689870546576, 63.09693170969644, 64.21316352925767, 63.73314528467528, 63.6982315565999, 62.908657640688254, 62.52536542546114, 63.093566131644124, 65.67868696040253, 69.95681456144096, 69.21307010771989, 66.56737470119648, 65.83514267396112, 65.69321793260315, 63.564235041947754, 63.45400676931589, 63.469278907482746, 62.111768684900056, 60.75831194693838, 62.86284799482643, 62.013246404004995, 60.20062559628894, 60.773306202711495, 60.17527477906326, 60.550823481777975, 61.96057651615278, 62.37678804224947, 63.54971531724961, 67.77829922711685, 71.24794855359463, 68.8971129011487, 65.29313977921872, 64.61405691024682, 64.00321253769037, 62.98763439178722, 62.46461727460711, 61.91836140096587, 63.43734806052289, 71.99412117763794, 73.16514995602839, 65.35524754582175, 61.64404897377088, 62.34546860590355, 62.30942249074076, 61.93009531564858, 62.527441911255906, 65.62430800766961, 67.20928496130226, 68.24918527065617, 66.7464563849692, 63.91102199794035, 64.10603717277027, 63.89006783748529, 63.17564655941953, 62.577361569867705, 62.359695788305636, 63.22938355040267, 71.69788182988495, 75.49644353174713, 70.25956644923826, 63.74901820417581, 62.73330824617937, 62.05565160312869, 61.65663050687739, 62.35643520592592, 63.09076392986072, 63.60200437293947, 64.83408139183618, 64.47619887708558, 63.29627416729807, 62.58482400712403, 62.46047932090612, 62.255580505102984, 61.83732841096078, 61.415676276638436, 61.19558593648533, 62.8411703984422, 67.35447972864156, 65.12844493751294, 60.70764094196587, 60.26995603600262, 60.23091965919274, 61.17310074897121, 60.94051928746616, 59.74890777278031, 58.8552631359001, 57.42169101212251, 55.812931020562466, 52.113918371553396, 47.072421138680475, 42.55596415366115, 37.50376223780372, 30.708328264749873, 25.375463433501647, 22.522613251373226, 22.123374463939953, 22.36293692948673, 22.41423038706197, 22.14151342398495, 17.51907805194086], "f": [0.0, 0.78125, 1.5625, 2.34375, 3.125, 3.90625, 4.6875, 5.46875, 6.25, 7.03125, 7.8125, 8.59375, 9.375, 10.15625, 10.9375, 11.71875, 12.5, 13.28125, 14.0625, 14.84375, 15.625, 16.40625, 17.1875, 17.96875, 18.75, 19.53125, 20.3125, 21.09375, 21.875, 22.65625, 23.4375, 24.21875, 25.0, 25.78125, 26.5625, 27.34375, 28.125, 28.90625, 29.6875, 30.46875, 31.25, 32.03125, 32.8125, 33.59375, 34.375, 35.15625, 35.9375, 36.71875, 37.5, 38.28125, 39.0625, 39.84375, 40.625, 41.40625, 42.1875, 42.96875, 43.75, 44.53125, 45.3125, 46.09375, 46.875, 47.65625, 48.4375, 49.21875, 50.0, 50.78125, 51.5625, 52.34375, 53.125, 53.90625, 54.6875, 55.46875, 56.25, 57.03125, 57.8125, 58.59375, 59.375, 60.15625, 60.9375, 61.71875, 62.5, 63.28125, 64.0625, 64.84375, 65.625, 66.40625, 67.1875, 67.96875, 68.75, 69.53125, 70.3125, 71.09375, 71.875, 72.65625, 73.4375, 74.21875, 75.0, 75.78125, 76.5625, 77.34375, 78.125, 78.90625, 79.6875, 80.46875, 81.25, 82.03125, 82.8125, 83.59375, 84.375, 85.15625, 85.9375, 86.71875, 87.5, 88.28125, 89.0625, 89.84375, 90.625, 91.40625, 92.1875, 92.96875, 93.75, 94.53125, 95.3125, 96.09375, 96.875, 97.65625, 98.4375, 99.21875, 100.0]}