{"psd": [54.84859841998429, 63.6281539796617, 63.70546798937419, 60.49088313009, 55.340102587224536, 50.543681481630216, 46.93668972318697, 47.21622134459046, 47.24164078474579, 45.953538717800846, 51.0098461117275, 50.554705130999615, 47.85829402388207, 48.2912360625695, 49.209670303611915, 50.415834350802356, 52.709197916684694, 51.27353645295132, 50.262950242381905, 51.2819360644371, 54.250062902241524, 56.43346192011445, 53.24865324625002, 53.03730695127642, 53.41709466142392, 51.88336082794547, 51.92778475870371, 53.207625154055336, 54.39225354408627, 56.25354929081738, 57.63152856244223, 61.482002152115484, 59.922447859404215, 57.29670636418942, 56.90492439367191, 56.48292077583627, 57.91056624145975, 58.55540418398202, 61.46927765792893, 63.76307516018771, 64.00258165768017, 61.41727483992562, 59.687433866281204, 59.057093298520215, 59.24941737700457, 59.50077187775254, 59.75281142113055, 60.15886246258647, 61.60991501566328, 63.58812007510393, 61.97083043485204, 60.56049614608338, 60.08523481489352, 60.56820641431307, 60.10959523557198, 60.733721334848866, 61.30607022486761, 61.96672003807962, 62.615973389879365, 63.53729029916194, 62.866659629450425, 65.3970960569947, 66.41941980263636, 68.6157003550298, 70.80844639209168, 66.67266455589633, 62.65464346545083, 62.12756600589823, 62.84390062637585, 63.499086213805505, 62.35139602158429, 63.15468012716914, 64.07229926206799, 63.456927737620894, 62.08905457734528, 62.73733762527644, 64.83952072423767, 63.23945201701627, 61.24825780936981, 62.15582838840955, 62.081010148204925, 63.48112578469657, 62.81497957614074, 61.69332915017706, 61.14379641639964, 61.662627119250004, 62.33047968755783, 62.132796574910046, 62.01603216243143, 62.6647054032605, 62.46575135655568, 62.75873693582192, 63.313451794718354, 61.97749705571003, 61.801520423864595, 63.06804952297949, 63.30915741946855, 62.63349340759884, 61.942348979464306, 61.26593761299876, 61.23166883209953, 61.1229587086052, 61.86399487424114, 62.066446070379975, 60.89681815565367, 60.632003332698396, 59.834323741496895, 60.04287833720284, 59.85459158976137, 58.88114886622943, 58.672298653300004, 58.776648630247436, 58.04177947693272, 59.1223001584822, 64.23558765198999, 63.24027431390412, 56.631364735932486, 49.84540992194317, 46.40471073319876, 42.44985050497892, 37.821374188934676, 30.868526525221895, 25.42711411194995, 22.56326149763946, 22.48484561316139, 22.084484654829954, 22.231620652990358, 22.20887157956153, 16.796912846986015], "f": [0.0, 0.78125, 1.5625, 2.34375, 3.125, 3.90625, 4.6875, 5.46875, 6.25, 7.03125, 7.8125, 8.59375, 9.375, 10.15625, 10.9375, 11.71875, 12.5, 13.28125, 14.0625, 14.84375, 15.625, 16.40625, 17.1875, 17.96875, 18.75, 19.53125, 20.3125, 21.09375, 21.875, 22.65625, 23.4375, 24.21875, 25.0, 25.78125, 26.5625, 27.34375, 28.125, 28.90625, 29.6875, 30.46875, 31.25, 32.03125, 32.8125, 33.59375, 34.375, 35.15625, 35.9375, 36.71875, 37.5, 38.28125, 39.0625, 39.84375, 40.625, 41.40625, 42.1875, 42.96875, 43.75, 44.53125, 45.3125, 46.09375, 46.875, 47.65625, 48.4375, 49.21875, 50.0, 50.78125, 51.5625, 52.34375, 53.125, 53.90625, 54.6875, 55.46875, 56.25, 57.03125, 57.8125, 58.59375, 59.375, 60.15625, 60.9375, 61.71875, 62.5, 63.28125, 64.0625, 64.84375, 65.625, 66.40625, 67.1875, 67.96875, 68.75, 69.53125, 70.3125, 71.09375, 71.875, 72.65625, 73.4375, 74.21875, 75.0, 75.78125, 76.5625, 77.34375, 78.125, 78.90625, 79.6875, 80.46875, 81.25, 82.03125, 82.8125, 83.59375, 84.375, 85.15625, 85.9375, 86.71875, 87.5, 88.28125, 89.0625, 89.84375, 90.625, 91.40625, 92.1875, 92.96875, 93.75, 94.53125, 95.3125, 96.09375, 96.875, 97.65625, 98.4375, 99.21875, 100.0]}