{"psd": [54.25355176007567, 63.1012329768717, 62.97886643448937, 59.86021441144164, 55.892456689170714, 50.35207676424907, 46.599272696648896, 45.223783409926256, 49.16390870249327, 50.786611056745095, 60.81377455878605, 66.13491258791248, 61.1644765017907, 58.47705917545141, 55.5664829738214, 52.86783377832851, 55.75633013670786, 58.417343272760746, 58.60494201632402, 56.01926985088048, 54.16145692749754, 55.70249747318953, 58.07488099214437, 55.2558034059334, 53.0846346392766, 57.285809570351134, 62.30315732628078, 61.54398053002573, 58.59479304768118, 57.692237588568645, 59.17870569156237, 61.31212032479739, 61.360456761381606, 61.55555594865294, 60.628735513199814, 61.101206434546846, 60.63855269064469, 60.15276691564164, 61.64863777157918, 60.90497940273164, 60.69784284937821, 61.69409436002735, 64.78700234815783, 63.44095093024123, 61.970496465577405, 61.77175224813922, 63.202532885161524, 62.475839553354284, 62.69990027111935, 64.32819663256859, 63.88206267920255, 63.7176931682069, 63.8770911714295, 64.45631102657755, 65.47848902628859, 67.32708284758164, 67.09412950476008, 67.05033792278857, 66.2775737567988, 66.07317219294764, 69.05412656186897, 67.63838310715992, 64.83198674132898, 66.1459856921331, 65.24460439828565, 63.296258194933195, 64.79037994549812, 65.25493891286966, 65.39343560828874, 64.18179967319699, 67.60333224839435, 70.11695741227109, 66.40252412943087, 64.31343129131304, 63.86953224159789, 64.39632562785305, 66.67409072660745, 66.59069588583662, 64.0504038140498, 65.0389429337441, 64.36905061607489, 63.776746514290465, 64.4609833213788, 66.9217205309628, 66.36073872853818, 65.51969605331891, 67.15300653051177, 65.59835003386618, 63.854025544678656, 63.166705928601736, 63.05772405293276, 63.85441534014547, 64.00638313415377, 63.55325802098636, 62.96408741163319, 63.734012482318214, 64.70931573715265, 64.58656179696865, 63.62463787812845, 63.63043417229065, 63.267674669062835, 64.57792998658475, 64.70621820119868, 63.222304281082856, 63.27809340741476, 63.63529886087321, 64.51235131603798, 63.24780234207823, 62.85872026507918, 62.54648697478917, 62.31383882828717, 62.22357212679847, 61.2643359633531, 60.583393470237695, 60.538552694110635, 59.36923940718644, 57.34799550948324, 54.712545731563, 51.06499010469729, 45.81661897226496, 39.91238608563013, 33.18808666555551, 27.1436271784977, 23.35792211860959, 21.93711858638504, 22.124052165957004, 22.176052953755267, 21.673076895969636, 16.71075337454842], "f": [0.0, 0.78125, 1.5625, 2.34375, 3.125, 3.90625, 4.6875, 5.46875, 6.25, 7.03125, 7.8125, 8.59375, 9.375, 10.15625, 10.9375, 11.71875, 12.5, 13.28125, 14.0625, 14.84375, 15.625, 16.40625, 17.1875, 17.96875, 18.75, 19.53125, 20.3125, 21.09375, 21.875, 22.65625, 23.4375, 24.21875, 25.0, 25.78125, 26.5625, 27.34375, 28.125, 28.90625, 29.6875, 30.46875, 31.25, 32.03125, 32.8125, 33.59375, 34.375, 35.15625, 35.9375, 36.71875, 37.5, 38.28125, 39.0625, 39.84375, 40.625, 41.40625, 42.1875, 42.96875, 43.75, 44.53125, 45.3125, 46.09375, 46.875, 47.65625, 48.4375, 49.21875, 50.0, 50.78125, 51.5625, 52.34375, 53.125, 53.90625, 54.6875, 55.46875, 56.25, 57.03125, 57.8125, 58.59375, 59.375, 60.15625, 60.9375, 61.71875, 62.5, 63.28125, 64.0625, 64.84375, 65.625, 66.40625, 67.1875, 67.96875, 68.75, 69.53125, 70.3125, 71.09375, 71.875, 72.65625, 73.4375, 74.21875, 75.0, 75.78125, 76.5625, 77.34375, 78.125, 78.90625, 79.6875, 80.46875, 81.25, 82.03125, 82.8125, 83.59375, 84.375, 85.15625, 85.9375, 86.71875, 87.5, 88.28125, 89.0625, 89.84375, 90.625, 91.40625, 92.1875, 92.96875, 93.75, 94.53125, 95.3125, 96.09375, 96.875, 97.65625, 98.4375, 99.21875, 100.0]}