{"psd": [50.774384789150126, 59.59627908441587, 58.29822212792387, 55.42762224165527, 51.294099668697925, 47.1233174587918, 45.05203821030668, 47.39526508457875, 49.32593937228516, 52.28735286837949, 53.2638803716348, 55.202052415989414, 56.97694332650372, 54.20508619822762, 53.56906293270689, 51.4886021261069, 52.38785073322339, 54.16591213222525, 55.014715143857906, 56.08840273644151, 56.81471334569813, 58.08934071991587, 58.592659618851926, 60.04327873310464, 62.14938951410062, 64.45260511620062, 65.32423300098216, 65.70671572048633, 65.28899969083417, 65.60700160482165, 66.56020874245299, 67.30770006065757, 65.19850264548256, 64.527550671651, 64.71502635242089, 64.49676378054113, 64.95295037325339, 66.78988042417092, 66.28672641091816, 66.23737851434957, 65.88702525711008, 65.24799638537888, 64.71661021212053, 65.36038358619942, 66.53498666075753, 68.83699179301442, 71.21843440590729, 70.58384998424089, 67.89854902125614, 66.88120975418003, 67.29814514459571, 67.66684397287186, 68.71791540099804, 69.94420649920441, 70.92608736366296, 69.91384037617229, 68.93237604150553, 69.34261077988994, 68.6883358454684, 67.93375285203754, 67.86064138698319, 68.24978077030524, 67.81495005480124, 66.93819333657561, 66.73750938270334, 66.29331283154436, 65.504053833608, 65.25797162692326, 65.84880496457315, 67.40174832974277, 65.28929885242138, 65.20190085575311, 64.41803177582648, 63.89930137728987, 64.08776843993496, 67.14781845189175, 69.09474943836572, 65.45295753813754, 62.35274681152303, 62.12419575253218, 62.26307986743492, 61.86384594734459, 62.24785883400089, 62.76957770588603, 62.37218605515156, 62.364527417233916, 62.6940369947459, 62.89280208291145, 63.56236950824248, 63.229473866752706, 63.408541866901345, 63.9212143671692, 63.87664306263598, 63.5039171293224, 64.17506497046503, 65.4827486626797, 66.38456139983386, 65.35828735928686, 64.71126990348479, 65.24525380740783, 65.43526911242519, 64.7834066463933, 65.67633391603492, 66.03586224242954, 66.01835756888079, 65.47194743490354, 64.90240588745996, 65.05863225563867, 65.08263535883385, 64.87876631640776, 64.42532886182872, 65.11939994117427, 64.96364082685416, 63.666530372322484, 62.05596411510059, 60.502552933426976, 57.51732393286574, 53.94900525521979, 50.57542564866007, 46.243510846890345, 41.47067855271146, 34.889197859501174, 28.088868288938997, 23.299193441891198, 22.295214921853766, 21.866304338024403, 21.94414320815035, 22.11295735440638, 17.321248119983554], "f": [0.0, 0.78125, 1.5625, 2.34375, 3.125, 3.90625, 4.6875, 5.46875, 6.25, 7.03125, 7.8125, 8.59375, 9.375, 10.15625, 10.9375, 11.71875, 12.5, 13.28125, 14.0625, 14.84375, 15.625, 16.40625, 17.1875, 17.96875, 18.75, 19.53125, 20.3125, 21.09375, 21.875, 22.65625, 23.4375, 24.21875, 25.0, 25.78125, 26.5625, 27.34375, 28.125, 28.90625, 29.6875, 30.46875, 31.25, 32.03125, 32.8125, 33.59375, 34.375, 35.15625, 35.9375, 36.71875, 37.5, 38.28125, 39.0625, 39.84375, 40.625, 41.40625, 42.1875, 42.96875, 43.75, 44.53125, 45.3125, 46.09375, 46.875, 47.65625, 48.4375, 49.21875, 50.0, 50.78125, 51.5625, 52.34375, 53.125, 53.90625, 54.6875, 55.46875, 56.25, 57.03125, 57.8125, 58.59375, 59.375, 60.15625, 60.9375, 61.71875, 62.5, 63.28125, 64.0625, 64.84375, 65.625, 66.40625, 67.1875, 67.96875, 68.75, 69.53125, 70.3125, 71.09375, 71.875, 72.65625, 73.4375, 74.21875, 75.0, 75.78125, 76.5625, 77.34375, 78.125, 78.90625, 79.6875, 80.46875, 81.25, 82.03125, 82.8125, 83.59375, 84.375, 85.15625, 85.9375, 86.71875, 87.5, 88.28125, 89.0625, 89.84375, 90.625, 91.40625, 92.1875, 92.96875, 93.75, 94.53125, 95.3125, 96.09375, 96.875, 97.65625, 98.4375, 99.21875, 100.0]}