{"psd": [47.43033898457456, 56.07632058776761, 55.29136104983902, 51.762950854970846, 48.0826567318302, 44.449406490985986, 42.28239334602357, 42.09381440017415, 45.22983743451312, 51.526309652650696, 51.57547214338231, 51.93727662905235, 52.33784849925441, 53.012369385100904, 51.823726788356275, 51.90226383665042, 52.96577405492863, 52.553247417843124, 56.54374793442584, 57.57336333313852, 57.94021572924081, 60.96542629586969, 62.4037706455711, 60.76283963351089, 61.339280123238346, 63.569545631251636, 64.92606763481623, 65.6138254880279, 65.64277711927605, 65.30573799694425, 65.1292928483573, 65.52212679277011, 66.07477994097465, 64.60742094608263, 63.23305956676842, 63.01392204032385, 61.94526579446544, 62.63410862138102, 64.57795728077252, 63.47525341336504, 62.02721570663669, 61.634680652063054, 60.87739417610108, 60.37041162467234, 59.709334261525775, 59.95339165517824, 62.40548941327279, 63.58202499611754, 61.556308701102196, 60.337800352782345, 60.28751925925273, 62.73437264645302, 62.673315535887426, 62.4049773308655, 63.485415124594326, 63.16632667519622, 63.66154805166768, 68.28209949757095, 67.9019715052307, 67.44718273916529, 64.6987091192258, 63.40480118321242, 63.42506314120685, 62.1758139140293, 63.424754427159016, 65.38988639393176, 64.15047604596778, 64.2972493349042, 65.60802668115849, 65.37146506765602, 65.00946885334437, 65.50775534031499, 66.06964746525507, 67.21093951016103, 64.7064259966977, 64.4964597963076, 64.90068214686016, 66.13230606641154, 64.79671768943452, 64.95091080235332, 64.66600423908285, 64.17553016687131, 64.07991890370837, 64.1187872839929, 63.615313214892396, 62.9405204160623, 62.535963690812125, 63.35536224341935, 63.35953749744974, 64.43431625472728, 64.20830469204847, 63.621108148527114, 64.43755941629634, 63.43705849286828, 62.995799648231376, 63.173265435080225, 63.84110228183303, 64.12753950978203, 63.7599244006535, 64.02047691513476, 63.1949448581917, 64.22080544107214, 64.84344755361958, 63.586152719070874, 63.61192374916869, 64.4719250950285, 64.00051098693193, 64.2461216127611, 63.3164854310545, 63.51209616505496, 63.103467968567486, 62.08998917693788, 62.442072087349196, 60.91913018698419, 59.003324943388115, 58.12286535745538, 54.98901873147552, 51.655083180425436, 48.44894116644713, 43.02676431240907, 38.261825729733744, 32.80569141347825, 26.318377595516935, 22.54956416098367, 22.01071922556515, 21.623820207135612, 21.690075481758186, 22.025127617098732, 17.565186272798357], "f": [0.0, 0.78125, 1.5625, 2.34375, 3.125, 3.90625, 4.6875, 5.46875, 6.25, 7.03125, 7.8125, 8.59375, 9.375, 10.15625, 10.9375, 11.71875, 12.5, 13.28125, 14.0625, 14.84375, 15.625, 16.40625, 17.1875, 17.96875, 18.75, 19.53125, 20.3125, 21.09375, 21.875, 22.65625, 23.4375, 24.21875, 25.0, 25.78125, 26.5625, 27.34375, 28.125, 28.90625, 29.6875, 30.46875, 31.25, 32.03125, 32.8125, 33.59375, 34.375, 35.15625, 35.9375, 36.71875, 37.5, 38.28125, 39.0625, 39.84375, 40.625, 41.40625, 42.1875, 42.96875, 43.75, 44.53125, 45.3125, 46.09375, 46.875, 47.65625, 48.4375, 49.21875, 50.0, 50.78125, 51.5625, 52.34375, 53.125, 53.90625, 54.6875, 55.46875, 56.25, 57.03125, 57.8125, 58.59375, 59.375, 60.15625, 60.9375, 61.71875, 62.5, 63.28125, 64.0625, 64.84375, 65.625, 66.40625, 67.1875, 67.96875, 68.75, 69.53125, 70.3125, 71.09375, 71.875, 72.65625, 73.4375, 74.21875, 75.0, 75.78125, 76.5625, 77.34375, 78.125, 78.90625, 79.6875, 80.46875, 81.25, 82.03125, 82.8125, 83.59375, 84.375, 85.15625, 85.9375, 86.71875, 87.5, 88.28125, 89.0625, 89.84375, 90.625, 91.40625, 92.1875, 92.96875, 93.75, 94.53125, 95.3125, 96.09375, 96.875, 97.65625, 98.4375, 99.21875, 100.0]}