{"psd": [55.758690488552, 64.9733986772958, 64.75905022091791, 60.371424733840996, 55.47698379678998, 50.617219545413796, 46.54161654019639, 46.498849443942554, 48.797852835784006, 49.07311507818862, 53.88003853354758, 57.00503655210475, 55.62263302014179, 57.711747278400594, 55.56630460155637, 54.77292171854225, 57.5038122881886, 60.13153263990996, 58.33532068543243, 57.480173160986496, 55.63015427352654, 54.41490249978932, 58.23722772706431, 63.134746566324296, 61.143205554775086, 60.14049904485732, 58.59587236008742, 57.84967984420383, 59.17719568649989, 56.669018352632385, 56.612622011452835, 61.22071412476864, 60.815185888813616, 60.04629644591194, 65.26774925435156, 65.0823240227404, 65.57112888669019, 68.76874901085321, 68.44418774863914, 67.70923010890556, 69.8983204549859, 69.51815872810339, 70.4591093419736, 71.52194720653847, 69.91031818979786, 69.86844663168549, 70.15444801029724, 70.12462451363638, 71.52847741936814, 71.89469958325698, 71.39357521292165, 73.44880070843593, 73.14116856758329, 73.05272234268631, 75.63429898118645, 77.79069325863597, 79.40261880966602, 80.55525928148036, 81.20581420468285, 81.27744663188392, 83.52162486224924, 82.23256944512556, 80.80778160786275, 81.83258609483784, 81.3811419282294, 80.02600263614276, 79.29632315315389, 78.61208698398957, 78.61698580285432, 78.14304006406716, 76.43150894293049, 77.27219065577943, 76.61668642357196, 74.6234059938516, 75.32548510666395, 74.86393876373197, 73.96427642714232, 75.08213692162815, 74.50950398149226, 74.21796696719966, 75.02253411192387, 74.64177877622996, 74.45948015812016, 74.72954558622033, 73.19300590886441, 73.0350861583577, 74.58032192756951, 73.04143224098657, 72.59853723338802, 72.72649056226976, 72.24122674862059, 72.16988747227204, 71.66724704927427, 72.7439510812217, 73.31262631364088, 73.16578474165543, 73.3109398600935, 73.84773123701433, 72.70072541156128, 73.75832822211456, 73.49059708256588, 72.70213381758329, 71.88856811249595, 73.0083601759795, 72.31758077429782, 72.81414357448004, 74.03580061588475, 71.95999437483482, 70.98718033171245, 70.54527900461537, 69.72512691614025, 70.71024487979005, 70.55460470690174, 68.26622195972502, 67.18988817499945, 65.98715038811807, 63.57696207717151, 60.600344252210554, 55.331670356291596, 50.53690231135911, 45.770009760875396, 40.243438617387326, 32.29734533331617, 26.01192146528515, 22.509358195661346, 22.037245303309657, 21.952682830060397, 21.658890608822276, 17.245269941661554], "f": [0.0, 0.78125, 1.5625, 2.34375, 3.125, 3.90625, 4.6875, 5.46875, 6.25, 7.03125, 7.8125, 8.59375, 9.375, 10.15625, 10.9375, 11.71875, 12.5, 13.28125, 14.0625, 14.84375, 15.625, 16.40625, 17.1875, 17.96875, 18.75, 19.53125, 20.3125, 21.09375, 21.875, 22.65625, 23.4375, 24.21875, 25.0, 25.78125, 26.5625, 27.34375, 28.125, 28.90625, 29.6875, 30.46875, 31.25, 32.03125, 32.8125, 33.59375, 34.375, 35.15625, 35.9375, 36.71875, 37.5, 38.28125, 39.0625, 39.84375, 40.625, 41.40625, 42.1875, 42.96875, 43.75, 44.53125, 45.3125, 46.09375, 46.875, 47.65625, 48.4375, 49.21875, 50.0, 50.78125, 51.5625, 52.34375, 53.125, 53.90625, 54.6875, 55.46875, 56.25, 57.03125, 57.8125, 58.59375, 59.375, 60.15625, 60.9375, 61.71875, 62.5, 63.28125, 64.0625, 64.84375, 65.625, 66.40625, 67.1875, 67.96875, 68.75, 69.53125, 70.3125, 71.09375, 71.875, 72.65625, 73.4375, 74.21875, 75.0, 75.78125, 76.5625, 77.34375, 78.125, 78.90625, 79.6875, 80.46875, 81.25, 82.03125, 82.8125, 83.59375, 84.375, 85.15625, 85.9375, 86.71875, 87.5, 88.28125, 89.0625, 89.84375, 90.625, 91.40625, 92.1875, 92.96875, 93.75, 94.53125, 95.3125, 96.09375, 96.875, 97.65625, 98.4375, 99.21875, 100.0]}