{"psd": [53.3656361185587, 61.739712346799045, 60.90359003047397, 58.5116628710736, 55.64213243323175, 52.800831019046946, 50.51938013104636, 48.42933899027066, 44.530568245530546, 43.430230610976395, 50.11103783840231, 54.925939491888265, 59.67412323670712, 60.00866764779892, 56.243762734064234, 52.6371610968839, 51.83359187569354, 53.08704132106836, 53.62290653772041, 54.52646407017879, 57.12984734928426, 60.11181308905983, 61.18415008745685, 60.07322391099022, 60.91723873243015, 64.09219640946262, 65.35021265164029, 64.88106283559824, 64.14138391405258, 62.66329580795939, 62.47991953514189, 61.79775812967793, 63.17993734996192, 64.51473642543301, 61.248791799666066, 59.70138249843671, 59.02762389801396, 58.861204305073386, 62.30393794400883, 61.170400644624685, 57.48453171694464, 56.86707120231105, 56.44720742036717, 57.363019717610555, 58.88013642443408, 59.601332193545915, 59.193547729106946, 57.97126995571601, 57.07524621481436, 57.25762290052052, 57.60539414259056, 58.26566870984925, 58.05840936467017, 58.605188454264514, 59.934079505055024, 59.35263191606601, 59.4125062818412, 61.44648044308774, 61.82508409380695, 63.56270307602585, 65.74919752335354, 63.24853937991997, 61.07789563255647, 61.67310111062903, 63.93476928353854, 65.8975814083961, 65.84431163237271, 62.54085768647385, 63.346360976535465, 63.93259233917953, 63.14189691755147, 62.99328395600659, 62.85533039489464, 62.79871658993815, 64.39456217064067, 69.6391374974196, 78.3128029462618, 76.56734284065183, 66.74986732287282, 66.53165391404573, 66.92473120007234, 66.99338937782314, 66.32076990644484, 66.33401448304649, 64.41752006048057, 63.88413383619042, 64.74708532535259, 64.27026024421822, 64.68870355330517, 66.43726634971253, 71.27802663990245, 77.66302738428828, 80.92545147524288, 81.13371518491667, 79.54249111435098, 75.21809914405283, 69.68575536528945, 67.03375865552032, 65.29215178169578, 64.7382636270722, 65.57415282667465, 67.42568025370846, 68.64468301550752, 67.94633008068439, 67.87814283534307, 68.28370510846396, 68.64233212577739, 69.42469046254499, 69.02689137399291, 67.25506526127685, 65.40276623254823, 64.0679837595328, 63.2684909094014, 64.14082359671501, 64.2552627920481, 61.64817117821218, 57.9207484218876, 54.05917702578455, 50.083319709322794, 45.83362799072908, 40.2574511501221, 34.76094607938424, 27.900261732155663, 23.776946141109615, 22.12852756740887, 21.516589368633085, 21.808719337833097, 21.894871910888224, 16.72418639363106], "f": [0.0, 0.78125, 1.5625, 2.34375, 3.125, 3.90625, 4.6875, 5.46875, 6.25, 7.03125, 7.8125, 8.59375, 9.375, 10.15625, 10.9375, 11.71875, 12.5, 13.28125, 14.0625, 14.84375, 15.625, 16.40625, 17.1875, 17.96875, 18.75, 19.53125, 20.3125, 21.09375, 21.875, 22.65625, 23.4375, 24.21875, 25.0, 25.78125, 26.5625, 27.34375, 28.125, 28.90625, 29.6875, 30.46875, 31.25, 32.03125, 32.8125, 33.59375, 34.375, 35.15625, 35.9375, 36.71875, 37.5, 38.28125, 39.0625, 39.84375, 40.625, 41.40625, 42.1875, 42.96875, 43.75, 44.53125, 45.3125, 46.09375, 46.875, 47.65625, 48.4375, 49.21875, 50.0, 50.78125, 51.5625, 52.34375, 53.125, 53.90625, 54.6875, 55.46875, 56.25, 57.03125, 57.8125, 58.59375, 59.375, 60.15625, 60.9375, 61.71875, 62.5, 63.28125, 64.0625, 64.84375, 65.625, 66.40625, 67.1875, 67.96875, 68.75, 69.53125, 70.3125, 71.09375, 71.875, 72.65625, 73.4375, 74.21875, 75.0, 75.78125, 76.5625, 77.34375, 78.125, 78.90625, 79.6875, 80.46875, 81.25, 82.03125, 82.8125, 83.59375, 84.375, 85.15625, 85.9375, 86.71875, 87.5, 88.28125, 89.0625, 89.84375, 90.625, 91.40625, 92.1875, 92.96875, 93.75, 94.53125, 95.3125, 96.09375, 96.875, 97.65625, 98.4375, 99.21875, 100.0]}