{"psd": [56.159432638395884, 64.82775154478836, 65.02426625519597, 62.038149863477656, 57.26935695903891, 53.67605666660385, 52.2615942516585, 53.11592721731441, 54.81044928569582, 55.646482590976504, 57.36049223464385, 60.07971793660361, 60.00058386573397, 60.6678169168993, 59.43381019323384, 59.13963693302203, 60.34914344942351, 60.23010011524386, 60.66985803678847, 62.970376178397565, 60.15540503039041, 58.69943757350511, 58.70329985907909, 59.52602612124316, 59.85065521111131, 59.86331158530209, 59.02986406679905, 59.97905598402138, 59.10936505221011, 59.90968501385785, 60.30959248979407, 60.41745398790259, 59.736843723748734, 59.93229277458627, 61.18452525473478, 60.71754088896075, 60.8042947815854, 62.4260896859894, 63.04370429143237, 63.530440376393756, 63.45779346730106, 61.929792011302695, 62.70185626884889, 63.324266034159166, 62.61458016341459, 62.87344549212175, 63.50420538776775, 63.54452268962966, 63.89090742876714, 63.96060848838705, 64.9873878108233, 65.4729068048576, 65.83270165998334, 66.12302852135491, 68.05965127003486, 69.34010530883486, 70.27912568432178, 71.49827359159448, 70.01844627528632, 70.0436904536146, 70.50707561315045, 69.01474672329005, 68.56072663859169, 69.21495243753913, 67.5170017110875, 66.70880153369585, 66.95178346336495, 66.10692608887311, 66.38250470525975, 66.16034664508462, 65.57499236486984, 66.89343496582663, 67.16662199112452, 67.1679779177516, 67.73765102371154, 69.90576150873966, 75.34301938652634, 74.35244304091205, 69.57929643363605, 69.22601543753669, 69.16204806854226, 69.00903125894699, 67.4212099673783, 67.65953900621747, 67.1164037070494, 67.14725613998506, 67.68717263175638, 66.23899151088726, 66.1669227205965, 65.4137536078399, 65.00090203568757, 64.95345751387583, 64.66302113198152, 64.34201012047404, 64.35302344393062, 64.47845571614067, 64.45125837213337, 63.81483313670984, 63.45815369991611, 63.46465129051575, 63.718964942549604, 63.028011088222236, 63.80269040328473, 63.77446319220639, 63.00851222569487, 63.97613786967945, 63.70070909250327, 62.1695133190442, 62.62388858536103, 63.173756849549065, 62.63672325884477, 62.54765077443621, 61.90956059482983, 60.52105936499423, 59.665566525745405, 59.18411032541642, 55.843459578500855, 51.26916555514005, 46.81092883131463, 42.16427357665093, 39.14321584785037, 33.80660994786025, 26.357931882499184, 22.960209645441655, 22.079758385204485, 21.838494256369415, 22.165944106520605, 22.015594682635403, 18.011640304824027], "f": [0.0, 0.78125, 1.5625, 2.34375, 3.125, 3.90625, 4.6875, 5.46875, 6.25, 7.03125, 7.8125, 8.59375, 9.375, 10.15625, 10.9375, 11.71875, 12.5, 13.28125, 14.0625, 14.84375, 15.625, 16.40625, 17.1875, 17.96875, 18.75, 19.53125, 20.3125, 21.09375, 21.875, 22.65625, 23.4375, 24.21875, 25.0, 25.78125, 26.5625, 27.34375, 28.125, 28.90625, 29.6875, 30.46875, 31.25, 32.03125, 32.8125, 33.59375, 34.375, 35.15625, 35.9375, 36.71875, 37.5, 38.28125, 39.0625, 39.84375, 40.625, 41.40625, 42.1875, 42.96875, 43.75, 44.53125, 45.3125, 46.09375, 46.875, 47.65625, 48.4375, 49.21875, 50.0, 50.78125, 51.5625, 52.34375, 53.125, 53.90625, 54.6875, 55.46875, 56.25, 57.03125, 57.8125, 58.59375, 59.375, 60.15625, 60.9375, 61.71875, 62.5, 63.28125, 64.0625, 64.84375, 65.625, 66.40625, 67.1875, 67.96875, 68.75, 69.53125, 70.3125, 71.09375, 71.875, 72.65625, 73.4375, 74.21875, 75.0, 75.78125, 76.5625, 77.34375, 78.125, 78.90625, 79.6875, 80.46875, 81.25, 82.03125, 82.8125, 83.59375, 84.375, 85.15625, 85.9375, 86.71875, 87.5, 88.28125, 89.0625, 89.84375, 90.625, 91.40625, 92.1875, 92.96875, 93.75, 94.53125, 95.3125, 96.09375, 96.875, 97.65625, 98.4375, 99.21875, 100.0]}