{"psd": [56.83554605939186, 65.0359716802546, 64.5582650028202, 60.698400789626376, 55.61612789679786, 50.951176721847986, 48.0684517386685, 48.694120137800276, 51.35993540544277, 50.847676353436086, 54.89251757379747, 58.50663880524721, 55.898516722315286, 58.124129458235636, 56.20750870704222, 54.48191365021256, 58.24574481285695, 63.30078546021572, 61.20334028213879, 59.6955821112482, 57.919030876160996, 56.04756644997387, 59.117098810247896, 62.80092073386294, 60.287069266595125, 59.78125358491765, 60.62218106557091, 59.218602422795, 60.705549614047165, 58.5376607460702, 58.297069682379444, 62.97480886576239, 62.97612012704416, 63.90589774348182, 69.50297267196925, 68.83629806589563, 68.61542987456615, 72.14673021590625, 71.6635440970616, 70.5085933007912, 71.95734842595198, 71.9891559715498, 73.06376840520775, 74.41218352578913, 72.68945003926248, 71.93556209953626, 72.59914693375623, 72.08531147984093, 73.3976695336361, 73.50571087250441, 72.89192459232738, 75.46280841902924, 75.77833173790128, 75.69081084164667, 78.5902915588495, 80.04192126062875, 81.42614820615329, 83.07477635904627, 83.69068465927094, 83.75569447871447, 85.11445922033931, 84.33636781116266, 82.95421337617191, 83.76792485009048, 82.79827243511123, 81.73113661206642, 81.7369983498505, 81.15826357281156, 81.19259980259459, 80.23494830119941, 78.39258971565515, 78.55424326436075, 78.05130402101076, 76.53003185388539, 76.99970073554117, 76.20965653498648, 75.12014610227813, 75.85093127976604, 75.67496841477502, 74.88028079416087, 75.9609987324617, 75.49807613965422, 75.66232650161758, 76.32783605775496, 74.84947412515488, 75.08200794806127, 76.97569725303207, 75.74789693676176, 74.1959759551034, 74.26636144975843, 73.40021021508204, 73.16720182539589, 73.04866689418678, 73.03145715685338, 74.18821185256368, 73.57290428639762, 73.71814664904304, 74.15337999883644, 73.09126492048158, 74.25453991451309, 74.34493110986377, 72.89990781935904, 73.12650610011003, 73.7690884880496, 73.23253238073698, 74.37616282670437, 75.56666034876132, 74.22917434292057, 72.4129075195072, 72.72241853917788, 71.08139201797437, 72.30831993737888, 72.90299189877075, 70.35719687061788, 68.82480362599445, 67.14319755915706, 64.932062117682, 61.345446861587654, 56.76233842389438, 51.446290643476644, 46.27136138508373, 40.31852867005568, 33.24748760385917, 26.40489394827432, 22.596882901846058, 22.306267596593003, 21.97005857158533, 21.800819608349524, 17.638326575254386], "f": [0.0, 0.78125, 1.5625, 2.34375, 3.125, 3.90625, 4.6875, 5.46875, 6.25, 7.03125, 7.8125, 8.59375, 9.375, 10.15625, 10.9375, 11.71875, 12.5, 13.28125, 14.0625, 14.84375, 15.625, 16.40625, 17.1875, 17.96875, 18.75, 19.53125, 20.3125, 21.09375, 21.875, 22.65625, 23.4375, 24.21875, 25.0, 25.78125, 26.5625, 27.34375, 28.125, 28.90625, 29.6875, 30.46875, 31.25, 32.03125, 32.8125, 33.59375, 34.375, 35.15625, 35.9375, 36.71875, 37.5, 38.28125, 39.0625, 39.84375, 40.625, 41.40625, 42.1875, 42.96875, 43.75, 44.53125, 45.3125, 46.09375, 46.875, 47.65625, 48.4375, 49.21875, 50.0, 50.78125, 51.5625, 52.34375, 53.125, 53.90625, 54.6875, 55.46875, 56.25, 57.03125, 57.8125, 58.59375, 59.375, 60.15625, 60.9375, 61.71875, 62.5, 63.28125, 64.0625, 64.84375, 65.625, 66.40625, 67.1875, 67.96875, 68.75, 69.53125, 70.3125, 71.09375, 71.875, 72.65625, 73.4375, 74.21875, 75.0, 75.78125, 76.5625, 77.34375, 78.125, 78.90625, 79.6875, 80.46875, 81.25, 82.03125, 82.8125, 83.59375, 84.375, 85.15625, 85.9375, 86.71875, 87.5, 88.28125, 89.0625, 89.84375, 90.625, 91.40625, 92.1875, 92.96875, 93.75, 94.53125, 95.3125, 96.09375, 96.875, 97.65625, 98.4375, 99.21875, 100.0]}