{"psd": [55.80832060079511, 64.82397034698803, 65.07940686958021, 61.6419391168947, 56.03830274289643, 50.93206315757903, 46.8302916368383, 46.76305558100086, 49.525450201379286, 52.67360631053808, 53.726774922576624, 52.33076986300404, 53.80433023504462, 51.30292137885694, 51.12977397184122, 53.83012351491681, 54.26075293040742, 53.2072217604711, 55.042684678293995, 55.2795017320793, 55.412959404135336, 57.382161116054895, 57.36095036554901, 55.880728138230666, 56.84469734174313, 58.65299258958287, 59.360751122850424, 61.12293445906382, 59.733758470038836, 58.605999569327885, 58.834175854254, 59.83932957347954, 61.220832671846225, 61.570731281408015, 61.90179299784229, 62.719099826865246, 63.26752594626636, 62.811628434374285, 62.78745173703647, 62.922473838205434, 62.91120298646243, 63.95759475814053, 64.15118598239081, 64.97447670725707, 67.51614096229778, 70.03133152788519, 69.42351714866065, 69.21777031819421, 70.49840607867284, 70.41037202519274, 70.43723659718164, 70.128863719951, 69.82336106465142, 69.484656470271, 69.78266822692827, 69.69857881624431, 70.48414459926397, 70.14939018615715, 71.1168654831262, 72.31956890664351, 72.62384985046108, 70.83561796059186, 70.40993204404585, 69.90079799190613, 69.14072268793565, 68.84486235132856, 69.18306222580826, 68.88134279865767, 67.31499069024105, 67.33000484481741, 68.82276466429926, 69.88152263672124, 70.72132498384643, 70.55066589626486, 69.84550694712394, 69.99645499436163, 73.80355577673814, 72.34183148133327, 68.8183797289295, 69.14895036055664, 69.28464714392418, 69.38952413225987, 69.3698966859173, 69.18734024982187, 69.25788585243474, 69.82033951504272, 70.01062730140464, 69.85219922303861, 70.47622916073385, 70.59489797300878, 70.45662726198124, 69.78479967458904, 69.55575573237587, 68.8997782507573, 68.84301538178187, 68.46074969926077, 68.98815275520727, 68.12778715529274, 67.59124018775184, 67.39611232741677, 67.46933647443916, 68.3319993363089, 69.70891148010948, 69.88969249182945, 69.66696769391463, 69.5903793749598, 68.44719919847714, 67.13606596053314, 66.83717354301565, 65.01357409020733, 64.59539719845516, 64.94772878597266, 64.38470440865403, 62.758418936399245, 61.39835323459192, 60.966084057608526, 58.210842678568966, 52.83781107271917, 48.282066041031015, 43.70759630999348, 38.21172863397188, 32.18648952109643, 26.859838847727758, 23.02965282184644, 22.035389714000722, 22.318251992438988, 21.715443039729646, 21.70796192852057, 17.23927238405704], "f": [0.0, 0.78125, 1.5625, 2.34375, 3.125, 3.90625, 4.6875, 5.46875, 6.25, 7.03125, 7.8125, 8.59375, 9.375, 10.15625, 10.9375, 11.71875, 12.5, 13.28125, 14.0625, 14.84375, 15.625, 16.40625, 17.1875, 17.96875, 18.75, 19.53125, 20.3125, 21.09375, 21.875, 22.65625, 23.4375, 24.21875, 25.0, 25.78125, 26.5625, 27.34375, 28.125, 28.90625, 29.6875, 30.46875, 31.25, 32.03125, 32.8125, 33.59375, 34.375, 35.15625, 35.9375, 36.71875, 37.5, 38.28125, 39.0625, 39.84375, 40.625, 41.40625, 42.1875, 42.96875, 43.75, 44.53125, 45.3125, 46.09375, 46.875, 47.65625, 48.4375, 49.21875, 50.0, 50.78125, 51.5625, 52.34375, 53.125, 53.90625, 54.6875, 55.46875, 56.25, 57.03125, 57.8125, 58.59375, 59.375, 60.15625, 60.9375, 61.71875, 62.5, 63.28125, 64.0625, 64.84375, 65.625, 66.40625, 67.1875, 67.96875, 68.75, 69.53125, 70.3125, 71.09375, 71.875, 72.65625, 73.4375, 74.21875, 75.0, 75.78125, 76.5625, 77.34375, 78.125, 78.90625, 79.6875, 80.46875, 81.25, 82.03125, 82.8125, 83.59375, 84.375, 85.15625, 85.9375, 86.71875, 87.5, 88.28125, 89.0625, 89.84375, 90.625, 91.40625, 92.1875, 92.96875, 93.75, 94.53125, 95.3125, 96.09375, 96.875, 97.65625, 98.4375, 99.21875, 100.0]}