{"psd": [57.43335434671893, 66.43854235083866, 65.42944133320466, 60.69446892036826, 55.483658321006104, 50.29629893329722, 46.47995098562294, 45.80598090214528, 45.68611576978155, 48.22204080489705, 50.922846831115294, 51.416230230187765, 49.64899882854451, 47.8162958335203, 50.10761434888073, 50.42391243651231, 52.227788522604, 55.317511966557184, 54.374725460543715, 53.91814060714744, 54.56696913606472, 54.41545625441823, 55.78938156965301, 56.59206951657098, 57.65531888359385, 59.41119398348839, 61.10088688881625, 60.3081303974627, 60.18117930796625, 60.79748717352387, 61.32267989851709, 61.99911849258653, 61.77846051159421, 62.879101214019286, 63.60162847012168, 63.01868203150409, 61.93588982825764, 61.395610831667504, 61.123373324875374, 60.492587522020216, 60.909735415581814, 62.90073192855466, 63.7438287483759, 64.06924662527614, 63.70667696348505, 63.65086173142469, 64.07771073823554, 64.42500248061901, 63.64371562117274, 63.287657261653905, 65.30029341574254, 65.31421554709536, 64.1246412589018, 63.9436137804354, 64.42350013899589, 64.892098918128, 63.567144903147124, 63.12895901940507, 63.529023746836934, 63.22567416552723, 63.100113530437824, 62.410203171572896, 62.585562876315144, 62.3982089640798, 62.141087707536286, 61.73015372495768, 61.776758534647385, 62.71287216219089, 63.06434098627413, 62.46187271390579, 62.14546226995405, 62.13032309579158, 62.07098595745619, 62.62973850350392, 62.811150300494646, 62.816387825544034, 63.562366776773096, 65.15244513950024, 64.72878061927018, 61.821606750022546, 60.16293672374418, 60.05597970827456, 59.85763067655071, 59.87169225049933, 61.15853120180703, 60.62374772742329, 61.54829948035523, 60.45203200638291, 59.597215052720216, 58.90275764412519, 58.55430611241377, 58.747615081216004, 58.7074184759428, 58.49108796910046, 59.28836620693538, 59.87336237289445, 59.82869268597142, 59.74277401002614, 59.44621452667899, 59.32223139926377, 59.68811669942613, 59.94516143159737, 59.35461838308109, 59.59192588371217, 59.06205613634292, 58.20752852474157, 58.32385704874398, 58.37251335870994, 58.32099817614239, 58.42944461260786, 58.29817938646261, 57.89816744639807, 57.31707191273786, 56.209158727785336, 55.100984141573896, 53.99088144240574, 51.476793989021346, 48.42354322069605, 45.35943146735484, 39.254770552406356, 33.59378563899786, 28.422906781041778, 24.137562475960355, 22.08184978369428, 21.773923440465733, 21.87862921074595, 21.652322452403915, 22.079746950825946, 17.0371488321961], "f": [0.0, 0.78125, 1.5625, 2.34375, 3.125, 3.90625, 4.6875, 5.46875, 6.25, 7.03125, 7.8125, 8.59375, 9.375, 10.15625, 10.9375, 11.71875, 12.5, 13.28125, 14.0625, 14.84375, 15.625, 16.40625, 17.1875, 17.96875, 18.75, 19.53125, 20.3125, 21.09375, 21.875, 22.65625, 23.4375, 24.21875, 25.0, 25.78125, 26.5625, 27.34375, 28.125, 28.90625, 29.6875, 30.46875, 31.25, 32.03125, 32.8125, 33.59375, 34.375, 35.15625, 35.9375, 36.71875, 37.5, 38.28125, 39.0625, 39.84375, 40.625, 41.40625, 42.1875, 42.96875, 43.75, 44.53125, 45.3125, 46.09375, 46.875, 47.65625, 48.4375, 49.21875, 50.0, 50.78125, 51.5625, 52.34375, 53.125, 53.90625, 54.6875, 55.46875, 56.25, 57.03125, 57.8125, 58.59375, 59.375, 60.15625, 60.9375, 61.71875, 62.5, 63.28125, 64.0625, 64.84375, 65.625, 66.40625, 67.1875, 67.96875, 68.75, 69.53125, 70.3125, 71.09375, 71.875, 72.65625, 73.4375, 74.21875, 75.0, 75.78125, 76.5625, 77.34375, 78.125, 78.90625, 79.6875, 80.46875, 81.25, 82.03125, 82.8125, 83.59375, 84.375, 85.15625, 85.9375, 86.71875, 87.5, 88.28125, 89.0625, 89.84375, 90.625, 91.40625, 92.1875, 92.96875, 93.75, 94.53125, 95.3125, 96.09375, 96.875, 97.65625, 98.4375, 99.21875, 100.0]}