{"psd": [51.408927946414295, 60.02959099459517, 60.72221599255728, 58.964633543691605, 54.84875393833421, 50.889746199763415, 47.467839471874555, 44.39852072259658, 43.63606147669678, 45.459217458598715, 53.35800333886876, 56.52991115421286, 56.6406779117986, 54.701902361078474, 55.66428486808188, 63.46192909813391, 63.82762462584375, 57.665267852164455, 53.79609292756939, 53.46878057357907, 56.11590400385418, 57.816651114144506, 55.908653556310746, 52.70934024025587, 53.09862263901909, 52.78298143939361, 53.50359190722447, 55.03123789755061, 55.46550155016888, 56.10733760623966, 58.05738948433757, 60.81283899052599, 63.05150682774215, 62.72825208915079, 59.522240755353394, 57.06831924577731, 57.211125356926864, 56.89628474117832, 58.95211282992341, 62.74629418714032, 65.77279319290494, 63.05524590528084, 58.619951329401644, 56.76218889060293, 56.33536697706533, 55.98081455383561, 57.69011806369144, 59.92511758658564, 62.97077058698139, 62.904328119487246, 62.0594890641351, 62.766916386703706, 62.110353213938225, 60.558706725924445, 59.48453152397142, 61.74618418535009, 64.68427665035105, 61.67953305733305, 60.21394205067835, 61.87901326426696, 62.43470004200645, 65.21073097332533, 66.69455822926142, 73.00788661561586, 75.98770547800498, 70.3496843576287, 64.33120106589045, 63.976172634953876, 63.55068360095372, 63.52380320516752, 63.26472922876427, 65.11680168966194, 66.7305474955431, 64.56911634910779, 63.685363971028615, 64.44219420211186, 67.7969072220701, 66.77282640136318, 64.85343021670117, 65.3373568315659, 65.99851541824125, 65.92098407550174, 66.24299596638545, 66.19538647546028, 66.17864631705055, 66.07874162081656, 66.1785371486774, 67.45398865498441, 67.66780803707371, 67.08723071741397, 67.20025610144802, 68.4999972283292, 72.43006341805962, 72.42068327791488, 69.34312064905235, 68.32011828479547, 67.92286931686981, 67.29756729138087, 66.87846916152775, 66.9322187384324, 66.6692191307487, 67.33806835978301, 67.08674331201527, 67.108930701419, 66.62966019257983, 66.44838836510934, 66.40007199581576, 65.36615685987212, 65.46932997376109, 65.49936786521351, 65.37509638990166, 64.63063756928962, 63.61106930113142, 62.72691511884866, 61.593982931145305, 60.39030832833718, 58.13122196149994, 53.93015620631168, 50.062950017493435, 45.408849160339045, 39.869844955287434, 33.43589347928251, 26.927226366639236, 23.300835575920054, 22.412699102681863, 21.71093159847366, 22.524157355803585, 21.91732025818365, 17.30829837960463], "f": [0.0, 0.78125, 1.5625, 2.34375, 3.125, 3.90625, 4.6875, 5.46875, 6.25, 7.03125, 7.8125, 8.59375, 9.375, 10.15625, 10.9375, 11.71875, 12.5, 13.28125, 14.0625, 14.84375, 15.625, 16.40625, 17.1875, 17.96875, 18.75, 19.53125, 20.3125, 21.09375, 21.875, 22.65625, 23.4375, 24.21875, 25.0, 25.78125, 26.5625, 27.34375, 28.125, 28.90625, 29.6875, 30.46875, 31.25, 32.03125, 32.8125, 33.59375, 34.375, 35.15625, 35.9375, 36.71875, 37.5, 38.28125, 39.0625, 39.84375, 40.625, 41.40625, 42.1875, 42.96875, 43.75, 44.53125, 45.3125, 46.09375, 46.875, 47.65625, 48.4375, 49.21875, 50.0, 50.78125, 51.5625, 52.34375, 53.125, 53.90625, 54.6875, 55.46875, 56.25, 57.03125, 57.8125, 58.59375, 59.375, 60.15625, 60.9375, 61.71875, 62.5, 63.28125, 64.0625, 64.84375, 65.625, 66.40625, 67.1875, 67.96875, 68.75, 69.53125, 70.3125, 71.09375, 71.875, 72.65625, 73.4375, 74.21875, 75.0, 75.78125, 76.5625, 77.34375, 78.125, 78.90625, 79.6875, 80.46875, 81.25, 82.03125, 82.8125, 83.59375, 84.375, 85.15625, 85.9375, 86.71875, 87.5, 88.28125, 89.0625, 89.84375, 90.625, 91.40625, 92.1875, 92.96875, 93.75, 94.53125, 95.3125, 96.09375, 96.875, 97.65625, 98.4375, 99.21875, 100.0]}