{"psd": [58.13000852778765, 67.26262356223808, 66.4704913809638, 61.4411236860574, 55.324651828053234, 50.15695067001815, 46.64789379272776, 46.74638085297743, 45.98398084051596, 47.732282544260435, 50.74163759663594, 52.95512802217567, 50.61170369082894, 48.72799883978476, 50.45402979325955, 50.911992674855924, 54.76879770617249, 59.08071321466677, 59.43458399115911, 56.773242101262866, 55.7859268932025, 55.56627124001785, 55.561832139477616, 55.93714465802598, 55.80883000170967, 57.851134745531255, 59.68391092499032, 58.46831155573706, 58.318426378877454, 59.0976838865551, 59.421203768370404, 59.27557718074691, 59.652870279828676, 61.55810713733039, 63.61580597713228, 63.236353766480036, 63.53712099426523, 62.72332507023937, 60.51939776168905, 59.92437870280859, 60.618325827270276, 61.93297912907059, 62.294492680435965, 63.266905786739265, 63.25003766236218, 63.47740952288583, 63.856279872625876, 63.2539499139734, 62.76425630789476, 63.47827814189735, 65.6641375095917, 66.44505457435498, 64.93860596778838, 64.91887231061624, 65.39143549872273, 65.14280088941088, 64.22250918389058, 64.23904892918316, 63.679164641939785, 63.53806736861063, 64.61198690823846, 63.87283624341423, 62.7983884773044, 63.038826066875885, 62.41620610285837, 63.321892502008936, 63.09661929070073, 64.05635306866064, 64.99103827676635, 65.48915088865539, 63.22240729876847, 62.37265756447251, 62.97819310528956, 63.68283249870903, 64.16256519138739, 63.65194452470029, 66.69073474525037, 72.29493430064781, 72.09041068743235, 65.02712855744699, 63.002130872482496, 66.86084580119896, 69.4198166373885, 65.44239680321238, 63.66880017190969, 65.30138159704327, 67.4183082472731, 64.87705385052567, 61.83822990654818, 61.63282287579036, 61.76343434078974, 61.514018001639805, 61.68111691554087, 62.713323874846026, 63.864463872558595, 64.75262867408465, 63.38896761965059, 61.93559338380009, 61.401007137486594, 61.130306964656135, 61.69050917916223, 63.060479810651586, 63.45312908021506, 63.92740276887524, 63.1727399783112, 62.93049230281948, 62.285210099998594, 61.38053114456163, 61.76050650963323, 62.53188366910835, 62.21748568428022, 60.99902289930373, 60.27527373165414, 59.40587013735845, 58.070298870920965, 56.49436729552812, 53.793162649223945, 50.806734767505375, 47.95096125539473, 42.65022224520206, 36.565912674798774, 30.71303881224186, 25.497741329505107, 22.412074216131042, 21.88032276799092, 21.98496906516695, 21.692622794141148, 21.784916663687945, 17.365770991870637], "f": [0.0, 0.78125, 1.5625, 2.34375, 3.125, 3.90625, 4.6875, 5.46875, 6.25, 7.03125, 7.8125, 8.59375, 9.375, 10.15625, 10.9375, 11.71875, 12.5, 13.28125, 14.0625, 14.84375, 15.625, 16.40625, 17.1875, 17.96875, 18.75, 19.53125, 20.3125, 21.09375, 21.875, 22.65625, 23.4375, 24.21875, 25.0, 25.78125, 26.5625, 27.34375, 28.125, 28.90625, 29.6875, 30.46875, 31.25, 32.03125, 32.8125, 33.59375, 34.375, 35.15625, 35.9375, 36.71875, 37.5, 38.28125, 39.0625, 39.84375, 40.625, 41.40625, 42.1875, 42.96875, 43.75, 44.53125, 45.3125, 46.09375, 46.875, 47.65625, 48.4375, 49.21875, 50.0, 50.78125, 51.5625, 52.34375, 53.125, 53.90625, 54.6875, 55.46875, 56.25, 57.03125, 57.8125, 58.59375, 59.375, 60.15625, 60.9375, 61.71875, 62.5, 63.28125, 64.0625, 64.84375, 65.625, 66.40625, 67.1875, 67.96875, 68.75, 69.53125, 70.3125, 71.09375, 71.875, 72.65625, 73.4375, 74.21875, 75.0, 75.78125, 76.5625, 77.34375, 78.125, 78.90625, 79.6875, 80.46875, 81.25, 82.03125, 82.8125, 83.59375, 84.375, 85.15625, 85.9375, 86.71875, 87.5, 88.28125, 89.0625, 89.84375, 90.625, 91.40625, 92.1875, 92.96875, 93.75, 94.53125, 95.3125, 96.09375, 96.875, 97.65625, 98.4375, 99.21875, 100.0]}