{"psd": [45.63918384904525, 53.41863014854717, 53.024449343187065, 51.525856400514115, 48.89615301670352, 46.54222286143217, 44.45054847536355, 45.11308685337564, 45.56399747779415, 51.83550739056129, 55.777439617391494, 58.36335514710215, 55.99039483075196, 50.30327052333856, 52.809074089753906, 57.365636400634045, 57.71838723828402, 54.74701352269665, 51.214268124437446, 52.46802741799246, 56.87739710818004, 58.507031135300394, 58.68916623823438, 59.17416190856081, 59.84579780879655, 60.50464765897723, 61.756452871035606, 61.50705320599421, 62.040018108232545, 62.270553430272315, 62.6603932968283, 62.51108140320791, 61.94620510231552, 61.033136138362764, 60.44445132647479, 60.56068970011073, 61.008546985217016, 59.75578597129403, 60.87916373059713, 67.38665731948936, 71.02285209076916, 67.75726311929935, 62.10458832319262, 58.916909131863676, 58.30682868152368, 58.298745318165004, 59.625627158356636, 59.437158791385976, 60.578284074120255, 62.00759967883414, 63.81486406312186, 67.25770309409178, 65.24884859951403, 61.96959885746236, 61.49205014974163, 62.763543121639536, 64.49013215059837, 64.3121596250809, 64.39426476152371, 63.46170301621042, 66.03029399815551, 71.24757388015259, 70.80095421590721, 76.94507155916283, 80.38355604973104, 76.13270802604491, 66.94161194988632, 65.22066016517907, 64.06680017327585, 64.93046423165043, 65.5935615769928, 68.60109764541718, 69.29253057262042, 66.64585028539432, 64.38447780942812, 66.13467504371626, 73.10524345076836, 73.72112343824858, 72.11070016146215, 68.18484333923826, 68.68892231765264, 67.99494531910236, 66.8083071170852, 66.59579046589462, 66.08127610297574, 65.837035124268, 66.21959256725322, 67.5064819081665, 67.25977828029349, 65.86381664866296, 64.87572023200688, 65.1243787597036, 65.88426638377987, 65.7494356551095, 64.90896849957834, 65.48247218971666, 66.7491785961783, 65.50148099995943, 65.00590633783747, 64.73175647307029, 64.62879180847426, 64.52928227386982, 64.62218850304167, 65.17004953186698, 64.84052362408714, 63.47287770241046, 62.8845488344827, 63.1720015424877, 62.602120638643264, 62.551800902860286, 62.5880389672775, 62.81541552131419, 62.03881812119437, 61.44634594465889, 59.49936720791235, 58.247158254207385, 56.582526639004065, 53.616554120089916, 49.64088212980429, 45.36171220858199, 40.41096539733509, 33.672174692072645, 26.616865719748255, 22.97503545945165, 21.92488407710918, 22.288329924372356, 22.19844895606245, 21.771733097978384, 17.101100530136623], "f": [0.0, 0.78125, 1.5625, 2.34375, 3.125, 3.90625, 4.6875, 5.46875, 6.25, 7.03125, 7.8125, 8.59375, 9.375, 10.15625, 10.9375, 11.71875, 12.5, 13.28125, 14.0625, 14.84375, 15.625, 16.40625, 17.1875, 17.96875, 18.75, 19.53125, 20.3125, 21.09375, 21.875, 22.65625, 23.4375, 24.21875, 25.0, 25.78125, 26.5625, 27.34375, 28.125, 28.90625, 29.6875, 30.46875, 31.25, 32.03125, 32.8125, 33.59375, 34.375, 35.15625, 35.9375, 36.71875, 37.5, 38.28125, 39.0625, 39.84375, 40.625, 41.40625, 42.1875, 42.96875, 43.75, 44.53125, 45.3125, 46.09375, 46.875, 47.65625, 48.4375, 49.21875, 50.0, 50.78125, 51.5625, 52.34375, 53.125, 53.90625, 54.6875, 55.46875, 56.25, 57.03125, 57.8125, 58.59375, 59.375, 60.15625, 60.9375, 61.71875, 62.5, 63.28125, 64.0625, 64.84375, 65.625, 66.40625, 67.1875, 67.96875, 68.75, 69.53125, 70.3125, 71.09375, 71.875, 72.65625, 73.4375, 74.21875, 75.0, 75.78125, 76.5625, 77.34375, 78.125, 78.90625, 79.6875, 80.46875, 81.25, 82.03125, 82.8125, 83.59375, 84.375, 85.15625, 85.9375, 86.71875, 87.5, 88.28125, 89.0625, 89.84375, 90.625, 91.40625, 92.1875, 92.96875, 93.75, 94.53125, 95.3125, 96.09375, 96.875, 97.65625, 98.4375, 99.21875, 100.0]}