{"psd": [55.43311507264967, 64.32548656814033, 64.16474698888186, 60.82837318426121, 56.649663409259674, 52.10454073983918, 47.67403903880131, 46.1531480955022, 49.24376196590635, 52.928488086453626, 56.16176444383319, 53.55506958738164, 53.480753884090426, 52.82238550898332, 61.09537900488776, 64.82206088554993, 60.17499474069822, 55.55979990763952, 54.73214497090246, 57.28120550743262, 59.59181386722997, 58.31773907152381, 62.709692652821154, 61.53821034281938, 57.727718303667444, 59.40179609711251, 56.2316990355192, 57.839873667465234, 57.11606696736158, 59.804971606223916, 61.53787023301387, 59.54394554001347, 61.05508763687422, 60.38575343744459, 60.059941659522494, 58.716169281060395, 60.691203143564, 63.73569386653159, 65.8928008944656, 65.95447353689269, 66.4710964303674, 65.53917242274105, 63.15106888644308, 63.14466783428989, 64.86746317241058, 67.25824691324053, 67.30569639319684, 67.63205749527538, 66.9491618867475, 66.17480246145715, 65.8391741615967, 64.59122813078385, 63.1328099483742, 63.86459349634559, 64.74917741287898, 65.72072258643536, 65.95719015031527, 68.1058066151724, 69.60145586422769, 68.97334611708546, 69.57515278140735, 68.13213065199861, 67.7927079559273, 67.19182784860202, 67.6277280908944, 67.20584530391554, 66.15111984203159, 66.65817248679993, 68.4281521975337, 68.95859526706425, 68.12966554459965, 68.00236914938145, 67.11125463539861, 66.06825755769191, 66.98783070271965, 69.84598838494234, 76.5276200517986, 74.9232838811662, 67.61827782081217, 66.68910329329849, 67.25889503339255, 67.4941162169793, 66.51057570032677, 67.08844126005671, 67.3561169466465, 67.35347776160381, 67.7771785313821, 68.01323096842245, 70.91595400682056, 71.92060089956408, 68.49536503443704, 69.05757712134385, 67.92307047251244, 68.1612679690083, 67.09441836923922, 69.23152250451056, 73.54219590020163, 71.85590160421748, 68.4706813391652, 69.33081187562344, 68.14826521429336, 68.61106658343465, 67.32957549039196, 67.63453649419226, 69.05697710365078, 70.76198984399372, 69.81906886695961, 70.28198539408696, 67.31184977745147, 68.04334604686427, 66.74643440619724, 66.02243885168059, 66.52101599379216, 67.29085162375067, 63.94091275374839, 62.69488593043433, 60.311783081924716, 56.18317728062372, 51.045458172203396, 46.25048658023645, 41.245429780253986, 35.10092976853126, 29.352747613176845, 24.006002710761678, 21.983793346505635, 22.18518180679731, 21.940291729380604, 21.442077606548317, 16.081862494578363], "f": [0.0, 0.78125, 1.5625, 2.34375, 3.125, 3.90625, 4.6875, 5.46875, 6.25, 7.03125, 7.8125, 8.59375, 9.375, 10.15625, 10.9375, 11.71875, 12.5, 13.28125, 14.0625, 14.84375, 15.625, 16.40625, 17.1875, 17.96875, 18.75, 19.53125, 20.3125, 21.09375, 21.875, 22.65625, 23.4375, 24.21875, 25.0, 25.78125, 26.5625, 27.34375, 28.125, 28.90625, 29.6875, 30.46875, 31.25, 32.03125, 32.8125, 33.59375, 34.375, 35.15625, 35.9375, 36.71875, 37.5, 38.28125, 39.0625, 39.84375, 40.625, 41.40625, 42.1875, 42.96875, 43.75, 44.53125, 45.3125, 46.09375, 46.875, 47.65625, 48.4375, 49.21875, 50.0, 50.78125, 51.5625, 52.34375, 53.125, 53.90625, 54.6875, 55.46875, 56.25, 57.03125, 57.8125, 58.59375, 59.375, 60.15625, 60.9375, 61.71875, 62.5, 63.28125, 64.0625, 64.84375, 65.625, 66.40625, 67.1875, 67.96875, 68.75, 69.53125, 70.3125, 71.09375, 71.875, 72.65625, 73.4375, 74.21875, 75.0, 75.78125, 76.5625, 77.34375, 78.125, 78.90625, 79.6875, 80.46875, 81.25, 82.03125, 82.8125, 83.59375, 84.375, 85.15625, 85.9375, 86.71875, 87.5, 88.28125, 89.0625, 89.84375, 90.625, 91.40625, 92.1875, 92.96875, 93.75, 94.53125, 95.3125, 96.09375, 96.875, 97.65625, 98.4375, 99.21875, 100.0]}