{"psd": [56.888232755291064, 65.5840712585373, 65.60746684208054, 61.89029237240915, 56.105408905285174, 50.77873477971201, 46.388690904235254, 48.38619158677272, 51.81428160584953, 49.509488805855575, 55.71104879888448, 57.93666875921829, 57.91192626983056, 52.52303795097164, 55.34376095311151, 57.5371526670921, 54.09943783657201, 55.9052123743228, 57.0995591524909, 57.50356463540295, 59.602951533117576, 61.765750399298, 57.42539955768344, 53.669874005856606, 52.8268892620504, 54.80370821213961, 55.252428792412466, 57.570503613783714, 61.22872589091111, 60.860770119193, 58.686467248271654, 59.88526140483131, 61.627879131298336, 59.6868146825306, 59.06645958714105, 58.740209413670435, 57.52495665731079, 58.838990149648936, 62.359915565395696, 63.37844885332585, 62.56605835175808, 62.26792766916535, 63.19982983205816, 66.00303583154465, 64.5205302714348, 62.478970555028646, 63.71251790744081, 64.16128842520612, 64.94158988648553, 65.2392009436418, 64.00246194980839, 65.98180526885714, 66.06435154969888, 66.18538737899937, 67.22197865013234, 66.06098982433319, 64.92975104693086, 65.57918247285274, 68.45278977380991, 69.61549417956272, 66.55967967965718, 64.38685538224487, 65.38646932817333, 65.22414309066161, 64.90838901932287, 64.41549588076305, 64.5158785978759, 64.42387843311062, 63.97645819631955, 63.95386513438421, 63.41741530539069, 62.68262489741025, 63.6794109238958, 65.28600740016637, 65.0705616069993, 66.71727878082208, 72.58971291606834, 71.55071966863173, 66.07989067755088, 64.64430998457387, 63.61161588367053, 64.06854170219208, 62.34018052561032, 61.751825383196454, 62.258940710789645, 63.56274472752189, 65.4196799366367, 64.98537813077871, 63.92120902311423, 63.532652462710296, 63.16495412943068, 62.6332215018487, 62.0025241036073, 61.982529736020155, 62.69431804585857, 62.61044201173516, 62.46855188542575, 63.19081504773404, 63.29569839903969, 62.598998352754165, 62.626411966310314, 62.51999733029141, 62.10244470428862, 62.06271747470041, 62.476366585766606, 63.254482863317364, 63.804817188144355, 64.77359841532237, 65.42498409139905, 65.41159511266895, 64.22783903588308, 64.29697862923028, 62.40638686028559, 61.63909301119156, 60.83153874243993, 59.420000443971915, 56.8713679481981, 53.683499539590976, 50.20349370024785, 45.975430333746, 40.439073058685075, 34.49820132316041, 27.71609621840746, 23.064516092020785, 22.259135777065705, 22.20423865481542, 21.793344891649905, 21.694763689143993, 17.67623362774464], "f": [0.0, 0.78125, 1.5625, 2.34375, 3.125, 3.90625, 4.6875, 5.46875, 6.25, 7.03125, 7.8125, 8.59375, 9.375, 10.15625, 10.9375, 11.71875, 12.5, 13.28125, 14.0625, 14.84375, 15.625, 16.40625, 17.1875, 17.96875, 18.75, 19.53125, 20.3125, 21.09375, 21.875, 22.65625, 23.4375, 24.21875, 25.0, 25.78125, 26.5625, 27.34375, 28.125, 28.90625, 29.6875, 30.46875, 31.25, 32.03125, 32.8125, 33.59375, 34.375, 35.15625, 35.9375, 36.71875, 37.5, 38.28125, 39.0625, 39.84375, 40.625, 41.40625, 42.1875, 42.96875, 43.75, 44.53125, 45.3125, 46.09375, 46.875, 47.65625, 48.4375, 49.21875, 50.0, 50.78125, 51.5625, 52.34375, 53.125, 53.90625, 54.6875, 55.46875, 56.25, 57.03125, 57.8125, 58.59375, 59.375, 60.15625, 60.9375, 61.71875, 62.5, 63.28125, 64.0625, 64.84375, 65.625, 66.40625, 67.1875, 67.96875, 68.75, 69.53125, 70.3125, 71.09375, 71.875, 72.65625, 73.4375, 74.21875, 75.0, 75.78125, 76.5625, 77.34375, 78.125, 78.90625, 79.6875, 80.46875, 81.25, 82.03125, 82.8125, 83.59375, 84.375, 85.15625, 85.9375, 86.71875, 87.5, 88.28125, 89.0625, 89.84375, 90.625, 91.40625, 92.1875, 92.96875, 93.75, 94.53125, 95.3125, 96.09375, 96.875, 97.65625, 98.4375, 99.21875, 100.0]}